anonymous_stack_id,domain,stack_index,sample_type,source_folder,slice_count,image_paths_json,selection_seed,slide_or_specimen_id,patient_id,algorithm_outputs_exposed,consensus_label_exposed
39fbab497887e99b,WBC,22666,primary_unbiased,/mnt/d/New_folder/datasets/WBC_dataset1/22666,10,"[""/mnt/d/New_folder/datasets/WBC_dataset1/22666/22666_0.jpg"", ""/mnt/d/New_folder/datasets/WBC_dataset1/22666/22666_1.jpg"", ""/mnt/d/New_folder/datasets/WBC_dataset1/22666/22666_2.jpg"", ""/mnt/d/New_folder/datasets/WBC_dataset1/22666/22666_3.jpg"", ""/mnt/d/New_folder/datasets/WBC_dataset1/22666/22666_4.jpg"", ""/mnt/d/New_folder/datasets/WBC_dataset1/22666/22666_5.jpg"", ""/mnt/d/New_folder/datasets/WBC_dataset1/22666/22666_6.jpg"", ""/mnt/d/New_folder/datasets/WBC_dataset1/22666/22666_7.jpg"", ""/mnt/d/New_folder/datasets/WBC_dataset1/22666/22666_8.jpg"", ""/mnt/d/New_folder/datasets/WBC_dataset1/22666/22666_9.jpg""]",4524210,WBC_slide_195,not available,False,False
a819ae69e6d73ccc,WBC,16585,disagreement_enriched_qualitative,/mnt/d/New_folder/datasets/WBC_dataset1/16585,10,"[""/mnt/d/New_folder/datasets/WBC_dataset1/16585/16585_0.jpg"", ""/mnt/d/New_folder/datasets/WBC_dataset1/16585/16585_1.jpg"", ""/mnt/d/New_folder/datasets/WBC_dataset1/16585/16585_2.jpg"", ""/mnt/d/New_folder/datasets/WBC_dataset1/16585/16585_3.jpg"", ""/mnt/d/New_folder/datasets/WBC_dataset1/16585/16585_4.jpg"", ""/mnt/d/New_folder/datasets/WBC_dataset1/16585/16585_5.jpg"", ""/mnt/d/New_folder/datasets/WBC_dataset1/16585/16585_6.jpg"", ""/mnt/d/New_folder/datasets/WBC_dataset1/16585/16585_7.jpg"", ""/mnt/d/New_folder/datasets/WBC_dataset1/16585/16585_8.jpg"", ""/mnt/d/New_folder/datasets/WBC_dataset1/16585/16585_9.jpg""]",4524210,WBC_slide_159,not available,False,False
f4947c59c17039da,BMA,19,primary_unbiased,/mnt/d/New_folder/datasets/New folder/bma pbf tfa/bma_imgs/pos004_3,14,"[""/mnt/d/New_folder/datasets/New folder/bma pbf tfa/bma_imgs/pos004_3/pos004_3_page_1.png"", ""/mnt/d/New_folder/datasets/New folder/bma pbf tfa/bma_imgs/pos004_3/pos004_3_page_2.png"", ""/mnt/d/New_folder/datasets/New folder/bma pbf tfa/bma_imgs/pos004_3/pos004_3_page_3.png"", ""/mnt/d/New_folder/datasets/New folder/bma pbf tfa/bma_imgs/pos004_3/pos004_3_page_4.png"", ""/mnt/d/New_folder/datasets/New folder/bma pbf tfa/bma_imgs/pos004_3/pos004_3_page_5.png"", ""/mnt/d/New_folder/datasets/New folder/bma pbf tfa/bma_imgs/pos004_3/pos004_3_page_6.png"", ""/mnt/d/New_folder/datasets/New folder/bma pbf tfa/bma_imgs/pos004_3/pos004_3_page_7.png"", ""/mnt/d/New_folder/datasets/New folder/bma pbf tfa/bma_imgs/pos004_3/pos004_3_page_8.png"", ""/mnt/d/New_folder/datasets/New folder/bma pbf tfa/bma_imgs/pos004_3/pos004_3_page_9.png"", ""/mnt/d/New_folder/datasets/New folder/bma pbf tfa/bma_imgs/pos004_3/pos004_3_page_10.png"", ""/mnt/d/New_folder/datasets/New folder/bma pbf tfa/bma_imgs/pos004_3/pos004_3_page_11.png"", ""/mnt/d/New_folder/datasets/New folder/bma pbf tfa/bma_imgs/pos004_3/pos004_3_page_12.png"", ""/mnt/d/New_folder/datasets/New folder/bma pbf tfa/bma_imgs/pos004_3/pos004_3_page_13.png"", ""/mnt/d/New_folder/datasets/New folder/bma pbf tfa/bma_imgs/pos004_3/pos004_3_page_14.png""]",4524210,not available,not available,False,False
8f4e6d6cb5c38535,PBS,41,disagreement_enriched_qualitative,/mnt/d/New_folder/datasets/New folder/bma pbf tfa/pbs_imgs/FieldPos363_Cam01_RGB_MB,15,"[""/mnt/d/New_folder/datasets/New folder/bma pbf tfa/pbs_imgs/FieldPos363_Cam01_RGB_MB/FieldPos363_Cam01_RGB_MB_page_1.png"", ""/mnt/d/New_folder/datasets/New folder/bma pbf tfa/pbs_imgs/FieldPos363_Cam01_RGB_MB/FieldPos363_Cam01_RGB_MB_page_2.png"", ""/mnt/d/New_folder/datasets/New folder/bma pbf tfa/pbs_imgs/FieldPos363_Cam01_RGB_MB/FieldPos363_Cam01_RGB_MB_page_3.png"", ""/mnt/d/New_folder/datasets/New folder/bma pbf tfa/pbs_imgs/FieldPos363_Cam01_RGB_MB/FieldPos363_Cam01_RGB_MB_page_4.png"", ""/mnt/d/New_folder/datasets/New folder/bma pbf tfa/pbs_imgs/FieldPos363_Cam01_RGB_MB/FieldPos363_Cam01_RGB_MB_page_5.png"", ""/mnt/d/New_folder/datasets/New folder/bma pbf tfa/pbs_imgs/FieldPos363_Cam01_RGB_MB/FieldPos363_Cam01_RGB_MB_page_6.png"", ""/mnt/d/New_folder/datasets/New folder/bma pbf tfa/pbs_imgs/FieldPos363_Cam01_RGB_MB/FieldPos363_Cam01_RGB_MB_page_7.png"", ""/mnt/d/New_folder/datasets/New folder/bma pbf tfa/pbs_imgs/FieldPos363_Cam01_RGB_MB/FieldPos363_Cam01_RGB_MB_page_8.png"", ""/mnt/d/New_folder/datasets/New folder/bma pbf tfa/pbs_imgs/FieldPos363_Cam01_RGB_MB/FieldPos363_Cam01_RGB_MB_page_9.png"", ""/mnt/d/New_folder/datasets/New folder/bma pbf tfa/pbs_imgs/FieldPos363_Cam01_RGB_MB/FieldPos363_Cam01_RGB_MB_page_10.png"", ""/mnt/d/New_folder/datasets/New folder/bma pbf tfa/pbs_imgs/FieldPos363_Cam01_RGB_MB/FieldPos363_Cam01_RGB_MB_page_11.png"", ""/mnt/d/New_folder/datasets/New folder/bma pbf tfa/pbs_imgs/FieldPos363_Cam01_RGB_MB/FieldPos363_Cam01_RGB_MB_page_12.png"", ""/mnt/d/New_folder/datasets/New folder/bma pbf tfa/pbs_imgs/FieldPos363_Cam01_RGB_MB/FieldPos363_Cam01_RGB_MB_page_13.png"", ""/mnt/d/New_folder/datasets/New folder/bma pbf tfa/pbs_imgs/FieldPos363_Cam01_RGB_MB/FieldPos363_Cam01_RGB_MB_page_14.png"", ""/mnt/d/New_folder/datasets/New folder/bma pbf tfa/pbs_imgs/FieldPos363_Cam01_RGB_MB/FieldPos363_Cam01_RGB_MB_page_15.png""]",4524210,not available,not available,False,False
5648e60ac77fda90,BMA,36,primary_unbiased,/mnt/d/New_folder/datasets/New folder/bma pbf tfa/bma_imgs/pos009_0,14,"[""/mnt/d/New_folder/datasets/New folder/bma pbf tfa/bma_imgs/pos009_0/pos009_0_page_1.png"", ""/mnt/d/New_folder/datasets/New folder/bma pbf tfa/bma_imgs/pos009_0/pos009_0_page_2.png"", ""/mnt/d/New_folder/datasets/New folder/bma pbf tfa/bma_imgs/pos009_0/pos009_0_page_3.png"", ""/mnt/d/New_folder/datasets/New folder/bma pbf tfa/bma_imgs/pos009_0/pos009_0_page_4.png"", ""/mnt/d/New_folder/datasets/New folder/bma pbf tfa/bma_imgs/pos009_0/pos009_0_page_5.png"", ""/mnt/d/New_folder/datasets/New folder/bma pbf tfa/bma_imgs/pos009_0/pos009_0_page_6.png"", ""/mnt/d/New_folder/datasets/New folder/bma pbf tfa/bma_imgs/pos009_0/pos009_0_page_7.png"", ""/mnt/d/New_folder/datasets/New folder/bma pbf tfa/bma_imgs/pos009_0/pos009_0_page_8.png"", ""/mnt/d/New_folder/datasets/New folder/bma pbf tfa/bma_imgs/pos009_0/pos009_0_page_9.png"", ""/mnt/d/New_folder/datasets/New folder/bma pbf tfa/bma_imgs/pos009_0/pos009_0_page_10.png"", ""/mnt/d/New_folder/datasets/New folder/bma pbf tfa/bma_imgs/pos009_0/pos009_0_page_11.png"", ""/mnt/d/New_folder/datasets/New folder/bma pbf tfa/bma_imgs/pos009_0/pos009_0_page_12.png"", ""/mnt/d/New_folder/datasets/New folder/bma pbf tfa/bma_imgs/pos009_0/pos009_0_page_13.png"", ""/mnt/d/New_folder/datasets/New folder/bma pbf tfa/bma_imgs/pos009_0/pos009_0_page_14.png""]",4524210,not available,not available,False,False
9ec9ac6d68b13c51,WBC,12106,primary_unbiased,/mnt/d/New_folder/datasets/WBC_dataset1/12106,10,"[""/mnt/d/New_folder/datasets/WBC_dataset1/12106/12106_0.jpg"", ""/mnt/d/New_folder/datasets/WBC_dataset1/12106/12106_1.jpg"", ""/mnt/d/New_folder/datasets/WBC_dataset1/12106/12106_2.jpg"", ""/mnt/d/New_folder/datasets/WBC_dataset1/12106/12106_3.jpg"", ""/mnt/d/New_folder/datasets/WBC_dataset1/12106/12106_4.jpg"", ""/mnt/d/New_folder/datasets/WBC_dataset1/12106/12106_5.jpg"", ""/mnt/d/New_folder/datasets/WBC_dataset1/12106/12106_6.jpg"", ""/mnt/d/New_folder/datasets/WBC_dataset1/12106/12106_7.jpg"", ""/mnt/d/New_folder/datasets/WBC_dataset1/12106/12106_8.jpg"", ""/mnt/d/New_folder/datasets/WBC_dataset1/12106/12106_9.jpg""]",4524210,WBC_slide_113,not available,False,False
ac78c6e4dcf43c90,TBF,85,primary_unbiased,/mnt/d/New_folder/datasets/New folder/bma pbf tfa/tbf_imgs/FieldPos038 (2),14,"[""/mnt/d/New_folder/datasets/New folder/bma pbf tfa/tbf_imgs/FieldPos038 (2)/FieldPos038 (2)_page_1.png"", ""/mnt/d/New_folder/datasets/New folder/bma pbf tfa/tbf_imgs/FieldPos038 (2)/FieldPos038 (2)_page_2.png"", ""/mnt/d/New_folder/datasets/New folder/bma pbf tfa/tbf_imgs/FieldPos038 (2)/FieldPos038 (2)_page_3.png"", ""/mnt/d/New_folder/datasets/New folder/bma pbf tfa/tbf_imgs/FieldPos038 (2)/FieldPos038 (2)_page_4.png"", ""/mnt/d/New_folder/datasets/New folder/bma pbf tfa/tbf_imgs/FieldPos038 (2)/FieldPos038 (2)_page_5.png"", ""/mnt/d/New_folder/datasets/New folder/bma pbf tfa/tbf_imgs/FieldPos038 (2)/FieldPos038 (2)_page_6.png"", ""/mnt/d/New_folder/datasets/New folder/bma pbf tfa/tbf_imgs/FieldPos038 (2)/FieldPos038 (2)_page_7.png"", ""/mnt/d/New_folder/datasets/New folder/bma pbf tfa/tbf_imgs/FieldPos038 (2)/FieldPos038 (2)_page_8.png"", ""/mnt/d/New_folder/datasets/New folder/bma pbf tfa/tbf_imgs/FieldPos038 (2)/FieldPos038 (2)_page_9.png"", ""/mnt/d/New_folder/datasets/New folder/bma pbf tfa/tbf_imgs/FieldPos038 (2)/FieldPos038 (2)_page_10.png"", ""/mnt/d/New_folder/datasets/New folder/bma pbf tfa/tbf_imgs/FieldPos038 (2)/FieldPos038 (2)_page_11.png"", ""/mnt/d/New_folder/datasets/New folder/bma pbf tfa/tbf_imgs/FieldPos038 (2)/FieldPos038 (2)_page_12.png"", ""/mnt/d/New_folder/datasets/New folder/bma pbf tfa/tbf_imgs/FieldPos038 (2)/FieldPos038 (2)_page_13.png"", ""/mnt/d/New_folder/datasets/New folder/bma pbf tfa/tbf_imgs/FieldPos038 (2)/FieldPos038 (2)_page_14.png""]",4524210,not available,not available,False,False
b6eb989d3655f4c1,TBI,17,primary_unbiased,/mnt/d/New_folder/datasets/New folder/TBSI/folders/HL8,10,"[""/mnt/d/New_folder/datasets/New folder/TBSI/folders/HL8/HL8 (1).JPG"", ""/mnt/d/New_folder/datasets/New folder/TBSI/folders/HL8/HL8 (2).JPG"", ""/mnt/d/New_folder/datasets/New folder/TBSI/folders/HL8/HL8 (3).JPG"", ""/mnt/d/New_folder/datasets/New folder/TBSI/folders/HL8/HL8 (4).JPG"", ""/mnt/d/New_folder/datasets/New folder/TBSI/folders/HL8/HL8 (5).JPG"", ""/mnt/d/New_folder/datasets/New folder/TBSI/folders/HL8/HL8 (6).JPG"", ""/mnt/d/New_folder/datasets/New folder/TBSI/folders/HL8/HL8 (7).JPG"", ""/mnt/d/New_folder/datasets/New folder/TBSI/folders/HL8/HL8 (8).JPG"", ""/mnt/d/New_folder/datasets/New folder/TBSI/folders/HL8/HL8 (9).JPG"", ""/mnt/d/New_folder/datasets/New folder/TBSI/folders/HL8/HL8 (10).JPG""]",4524210,not available,not available,False,False
d0996bab9d8779df,WBC,5314,disagreement_enriched_qualitative,/mnt/d/New_folder/datasets/WBC_dataset1/5314,10,"[""/mnt/d/New_folder/datasets/WBC_dataset1/5314/5314_0.jpg"", ""/mnt/d/New_folder/datasets/WBC_dataset1/5314/5314_1.jpg"", ""/mnt/d/New_folder/datasets/WBC_dataset1/5314/5314_2.jpg"", ""/mnt/d/New_folder/datasets/WBC_dataset1/5314/5314_3.jpg"", ""/mnt/d/New_folder/datasets/WBC_dataset1/5314/5314_4.jpg"", ""/mnt/d/New_folder/datasets/WBC_dataset1/5314/5314_5.jpg"", ""/mnt/d/New_folder/datasets/WBC_dataset1/5314/5314_6.jpg"", ""/mnt/d/New_folder/datasets/WBC_dataset1/5314/5314_7.jpg"", ""/mnt/d/New_folder/datasets/WBC_dataset1/5314/5314_8.jpg"", ""/mnt/d/New_folder/datasets/WBC_dataset1/5314/5314_9.jpg""]",4524210,WBC_slide_23,not available,False,False
76ece06831d8f332,WBC,12388,primary_unbiased,/mnt/d/New_folder/datasets/WBC_dataset1/12388,10,"[""/mnt/d/New_folder/datasets/WBC_dataset1/12388/12388_0.jpg"", ""/mnt/d/New_folder/datasets/WBC_dataset1/12388/12388_1.jpg"", ""/mnt/d/New_folder/datasets/WBC_dataset1/12388/12388_2.jpg"", ""/mnt/d/New_folder/datasets/WBC_dataset1/12388/12388_3.jpg"", ""/mnt/d/New_folder/datasets/WBC_dataset1/12388/12388_4.jpg"", ""/mnt/d/New_folder/datasets/WBC_dataset1/12388/12388_5.jpg"", ""/mnt/d/New_folder/datasets/WBC_dataset1/12388/12388_6.jpg"", ""/mnt/d/New_folder/datasets/WBC_dataset1/12388/12388_7.jpg"", ""/mnt/d/New_folder/datasets/WBC_dataset1/12388/12388_8.jpg"", ""/mnt/d/New_folder/datasets/WBC_dataset1/12388/12388_9.jpg""]",4524210,WBC_slide_140,not available,False,False
f925c5d07241ca22,WBC,10194,primary_unbiased,/mnt/d/New_folder/datasets/WBC_dataset1/10194,10,"[""/mnt/d/New_folder/datasets/WBC_dataset1/10194/10194_0.jpg"", ""/mnt/d/New_folder/datasets/WBC_dataset1/10194/10194_1.jpg"", ""/mnt/d/New_folder/datasets/WBC_dataset1/10194/10194_2.jpg"", ""/mnt/d/New_folder/datasets/WBC_dataset1/10194/10194_3.jpg"", ""/mnt/d/New_folder/datasets/WBC_dataset1/10194/10194_4.jpg"", ""/mnt/d/New_folder/datasets/WBC_dataset1/10194/10194_5.jpg"", ""/mnt/d/New_folder/datasets/WBC_dataset1/10194/10194_6.jpg"", ""/mnt/d/New_folder/datasets/WBC_dataset1/10194/10194_7.jpg"", ""/mnt/d/New_folder/datasets/WBC_dataset1/10194/10194_8.jpg"", ""/mnt/d/New_folder/datasets/WBC_dataset1/10194/10194_9.jpg""]",4524210,WBC_slide_55,not available,False,False
d78045a320d6f52c,WBC,2253,primary_unbiased,/mnt/d/New_folder/datasets/WBC_dataset1/2253,10,"[""/mnt/d/New_folder/datasets/WBC_dataset1/2253/2253_0.jpg"", ""/mnt/d/New_folder/datasets/WBC_dataset1/2253/2253_1.jpg"", ""/mnt/d/New_folder/datasets/WBC_dataset1/2253/2253_2.jpg"", ""/mnt/d/New_folder/datasets/WBC_dataset1/2253/2253_3.jpg"", ""/mnt/d/New_folder/datasets/WBC_dataset1/2253/2253_4.jpg"", ""/mnt/d/New_folder/datasets/WBC_dataset1/2253/2253_5.jpg"", ""/mnt/d/New_folder/datasets/WBC_dataset1/2253/2253_6.jpg"", ""/mnt/d/New_folder/datasets/WBC_dataset1/2253/2253_7.jpg"", ""/mnt/d/New_folder/datasets/WBC_dataset1/2253/2253_8.jpg"", ""/mnt/d/New_folder/datasets/WBC_dataset1/2253/2253_9.jpg""]",4524210,WBC_slide_11,not available,False,False
0fd7a034382e5f81,BMA,35,primary_unbiased,/mnt/d/New_folder/datasets/New folder/bma pbf tfa/bma_imgs/pos008_3,14,"[""/mnt/d/New_folder/datasets/New folder/bma pbf tfa/bma_imgs/pos008_3/pos008_3_page_1.png"", ""/mnt/d/New_folder/datasets/New folder/bma pbf tfa/bma_imgs/pos008_3/pos008_3_page_2.png"", ""/mnt/d/New_folder/datasets/New folder/bma pbf tfa/bma_imgs/pos008_3/pos008_3_page_3.png"", ""/mnt/d/New_folder/datasets/New folder/bma pbf tfa/bma_imgs/pos008_3/pos008_3_page_4.png"", ""/mnt/d/New_folder/datasets/New folder/bma pbf tfa/bma_imgs/pos008_3/pos008_3_page_5.png"", ""/mnt/d/New_folder/datasets/New folder/bma pbf tfa/bma_imgs/pos008_3/pos008_3_page_6.png"", ""/mnt/d/New_folder/datasets/New folder/bma pbf tfa/bma_imgs/pos008_3/pos008_3_page_7.png"", ""/mnt/d/New_folder/datasets/New folder/bma pbf tfa/bma_imgs/pos008_3/pos008_3_page_8.png"", ""/mnt/d/New_folder/datasets/New folder/bma pbf tfa/bma_imgs/pos008_3/pos008_3_page_9.png"", ""/mnt/d/New_folder/datasets/New folder/bma pbf tfa/bma_imgs/pos008_3/pos008_3_page_10.png"", ""/mnt/d/New_folder/datasets/New folder/bma pbf tfa/bma_imgs/pos008_3/pos008_3_page_11.png"", ""/mnt/d/New_folder/datasets/New folder/bma pbf tfa/bma_imgs/pos008_3/pos008_3_page_12.png"", ""/mnt/d/New_folder/datasets/New folder/bma pbf tfa/bma_imgs/pos008_3/pos008_3_page_13.png"", ""/mnt/d/New_folder/datasets/New folder/bma pbf tfa/bma_imgs/pos008_3/pos008_3_page_14.png""]",4524210,not available,not available,False,False
a9dca311545654f8,WBC,20524,primary_unbiased,/mnt/d/New_folder/datasets/WBC_dataset1/20524,10,"[""/mnt/d/New_folder/datasets/WBC_dataset1/20524/20524_0.jpg"", ""/mnt/d/New_folder/datasets/WBC_dataset1/20524/20524_1.jpg"", ""/mnt/d/New_folder/datasets/WBC_dataset1/20524/20524_2.jpg"", ""/mnt/d/New_folder/datasets/WBC_dataset1/20524/20524_3.jpg"", ""/mnt/d/New_folder/datasets/WBC_dataset1/20524/20524_4.jpg"", ""/mnt/d/New_folder/datasets/WBC_dataset1/20524/20524_5.jpg"", ""/mnt/d/New_folder/datasets/WBC_dataset1/20524/20524_6.jpg"", ""/mnt/d/New_folder/datasets/WBC_dataset1/20524/20524_7.jpg"", ""/mnt/d/New_folder/datasets/WBC_dataset1/20524/20524_8.jpg"", ""/mnt/d/New_folder/datasets/WBC_dataset1/20524/20524_9.jpg""]",4524210,WBC_slide_182,not available,False,False
1abc663a2d6e33ef,PBS,41,primary_unbiased,/mnt/d/New_folder/datasets/New folder/bma pbf tfa/pbs_imgs/FieldPos363_Cam01_RGB_MB,15,"[""/mnt/d/New_folder/datasets/New folder/bma pbf tfa/pbs_imgs/FieldPos363_Cam01_RGB_MB/FieldPos363_Cam01_RGB_MB_page_1.png"", ""/mnt/d/New_folder/datasets/New folder/bma pbf tfa/pbs_imgs/FieldPos363_Cam01_RGB_MB/FieldPos363_Cam01_RGB_MB_page_2.png"", ""/mnt/d/New_folder/datasets/New folder/bma pbf tfa/pbs_imgs/FieldPos363_Cam01_RGB_MB/FieldPos363_Cam01_RGB_MB_page_3.png"", ""/mnt/d/New_folder/datasets/New folder/bma pbf tfa/pbs_imgs/FieldPos363_Cam01_RGB_MB/FieldPos363_Cam01_RGB_MB_page_4.png"", ""/mnt/d/New_folder/datasets/New folder/bma pbf tfa/pbs_imgs/FieldPos363_Cam01_RGB_MB/FieldPos363_Cam01_RGB_MB_page_5.png"", ""/mnt/d/New_folder/datasets/New folder/bma pbf tfa/pbs_imgs/FieldPos363_Cam01_RGB_MB/FieldPos363_Cam01_RGB_MB_page_6.png"", ""/mnt/d/New_folder/datasets/New folder/bma pbf tfa/pbs_imgs/FieldPos363_Cam01_RGB_MB/FieldPos363_Cam01_RGB_MB_page_7.png"", ""/mnt/d/New_folder/datasets/New folder/bma pbf tfa/pbs_imgs/FieldPos363_Cam01_RGB_MB/FieldPos363_Cam01_RGB_MB_page_8.png"", ""/mnt/d/New_folder/datasets/New folder/bma pbf tfa/pbs_imgs/FieldPos363_Cam01_RGB_MB/FieldPos363_Cam01_RGB_MB_page_9.png"", ""/mnt/d/New_folder/datasets/New folder/bma pbf tfa/pbs_imgs/FieldPos363_Cam01_RGB_MB/FieldPos363_Cam01_RGB_MB_page_10.png"", ""/mnt/d/New_folder/datasets/New folder/bma pbf tfa/pbs_imgs/FieldPos363_Cam01_RGB_MB/FieldPos363_Cam01_RGB_MB_page_11.png"", ""/mnt/d/New_folder/datasets/New folder/bma pbf tfa/pbs_imgs/FieldPos363_Cam01_RGB_MB/FieldPos363_Cam01_RGB_MB_page_12.png"", ""/mnt/d/New_folder/datasets/New folder/bma pbf tfa/pbs_imgs/FieldPos363_Cam01_RGB_MB/FieldPos363_Cam01_RGB_MB_page_13.png"", ""/mnt/d/New_folder/datasets/New folder/bma pbf tfa/pbs_imgs/FieldPos363_Cam01_RGB_MB/FieldPos363_Cam01_RGB_MB_page_14.png"", ""/mnt/d/New_folder/datasets/New folder/bma pbf tfa/pbs_imgs/FieldPos363_Cam01_RGB_MB/FieldPos363_Cam01_RGB_MB_page_15.png""]",4524210,not available,not available,False,False
47ff34e3a7cc9910,TBI,20,primary_unbiased,/mnt/d/New_folder/datasets/New folder/TBSI/folders/LH1,10,"[""/mnt/d/New_folder/datasets/New folder/TBSI/folders/LH1/LH1 (1).JPG"", ""/mnt/d/New_folder/datasets/New folder/TBSI/folders/LH1/LH1 (2).JPG"", ""/mnt/d/New_folder/datasets/New folder/TBSI/folders/LH1/LH1 (3).JPG"", ""/mnt/d/New_folder/datasets/New folder/TBSI/folders/LH1/LH1 (4).JPG"", ""/mnt/d/New_folder/datasets/New folder/TBSI/folders/LH1/LH1 (5).JPG"", ""/mnt/d/New_folder/datasets/New folder/TBSI/folders/LH1/LH1 (6).JPG"", ""/mnt/d/New_folder/datasets/New folder/TBSI/folders/LH1/LH1 (7).JPG"", ""/mnt/d/New_folder/datasets/New folder/TBSI/folders/LH1/LH1 (8).JPG"", ""/mnt/d/New_folder/datasets/New folder/TBSI/folders/LH1/LH1 (9).JPG"", ""/mnt/d/New_folder/datasets/New folder/TBSI/folders/LH1/LH1 (10).JPG""]",4524210,not available,not available,False,False
6c7b6ea940cf8838,TBF,146,primary_unbiased,/mnt/d/New_folder/datasets/New folder/bma pbf tfa/tbf_imgs/FieldPos090,14,"[""/mnt/d/New_folder/datasets/New folder/bma pbf tfa/tbf_imgs/FieldPos090/FieldPos090_page_1.png"", ""/mnt/d/New_folder/datasets/New folder/bma pbf tfa/tbf_imgs/FieldPos090/FieldPos090_page_2.png"", ""/mnt/d/New_folder/datasets/New folder/bma pbf tfa/tbf_imgs/FieldPos090/FieldPos090_page_3.png"", ""/mnt/d/New_folder/datasets/New folder/bma pbf tfa/tbf_imgs/FieldPos090/FieldPos090_page_4.png"", ""/mnt/d/New_folder/datasets/New folder/bma pbf tfa/tbf_imgs/FieldPos090/FieldPos090_page_5.png"", ""/mnt/d/New_folder/datasets/New folder/bma pbf tfa/tbf_imgs/FieldPos090/FieldPos090_page_6.png"", ""/mnt/d/New_folder/datasets/New folder/bma pbf tfa/tbf_imgs/FieldPos090/FieldPos090_page_7.png"", ""/mnt/d/New_folder/datasets/New folder/bma pbf tfa/tbf_imgs/FieldPos090/FieldPos090_page_8.png"", ""/mnt/d/New_folder/datasets/New folder/bma pbf tfa/tbf_imgs/FieldPos090/FieldPos090_page_9.png"", ""/mnt/d/New_folder/datasets/New folder/bma pbf tfa/tbf_imgs/FieldPos090/FieldPos090_page_10.png"", ""/mnt/d/New_folder/datasets/New folder/bma pbf tfa/tbf_imgs/FieldPos090/FieldPos090_page_11.png"", ""/mnt/d/New_folder/datasets/New folder/bma pbf tfa/tbf_imgs/FieldPos090/FieldPos090_page_12.png"", ""/mnt/d/New_folder/datasets/New folder/bma pbf tfa/tbf_imgs/FieldPos090/FieldPos090_page_13.png"", ""/mnt/d/New_folder/datasets/New folder/bma pbf tfa/tbf_imgs/FieldPos090/FieldPos090_page_14.png""]",4524210,not available,not available,False,False
34f8c90917c2f4de,PBS,0,primary_unbiased,/mnt/d/New_folder/datasets/New folder/bma pbf tfa/pbs_imgs/FieldPos001_Cam01_RGB_MB,9,"[""/mnt/d/New_folder/datasets/New folder/bma pbf tfa/pbs_imgs/FieldPos001_Cam01_RGB_MB/FieldPos001_Cam01_RGB_MB_page_1.png"", ""/mnt/d/New_folder/datasets/New folder/bma pbf tfa/pbs_imgs/FieldPos001_Cam01_RGB_MB/FieldPos001_Cam01_RGB_MB_page_2.png"", ""/mnt/d/New_folder/datasets/New folder/bma pbf tfa/pbs_imgs/FieldPos001_Cam01_RGB_MB/FieldPos001_Cam01_RGB_MB_page_3.png"", ""/mnt/d/New_folder/datasets/New folder/bma pbf tfa/pbs_imgs/FieldPos001_Cam01_RGB_MB/FieldPos001_Cam01_RGB_MB_page_4.png"", ""/mnt/d/New_folder/datasets/New folder/bma pbf tfa/pbs_imgs/FieldPos001_Cam01_RGB_MB/FieldPos001_Cam01_RGB_MB_page_5.png"", ""/mnt/d/New_folder/datasets/New folder/bma pbf tfa/pbs_imgs/FieldPos001_Cam01_RGB_MB/FieldPos001_Cam01_RGB_MB_page_6.png"", ""/mnt/d/New_folder/datasets/New folder/bma pbf tfa/pbs_imgs/FieldPos001_Cam01_RGB_MB/FieldPos001_Cam01_RGB_MB_page_7.png"", ""/mnt/d/New_folder/datasets/New folder/bma pbf tfa/pbs_imgs/FieldPos001_Cam01_RGB_MB/FieldPos001_Cam01_RGB_MB_page_8.png"", ""/mnt/d/New_folder/datasets/New folder/bma pbf tfa/pbs_imgs/FieldPos001_Cam01_RGB_MB/FieldPos001_Cam01_RGB_MB_page_9.png""]",4524210,not available,not available,False,False
2f796521e5e6c62e,PBS,8,primary_unbiased,/mnt/d/New_folder/datasets/New folder/bma pbf tfa/pbs_imgs/FieldPos206_Cam01_RGB_MB,9,"[""/mnt/d/New_folder/datasets/New folder/bma pbf tfa/pbs_imgs/FieldPos206_Cam01_RGB_MB/FieldPos206_Cam01_RGB_MB_page_1.png"", ""/mnt/d/New_folder/datasets/New folder/bma pbf tfa/pbs_imgs/FieldPos206_Cam01_RGB_MB/FieldPos206_Cam01_RGB_MB_page_2.png"", ""/mnt/d/New_folder/datasets/New folder/bma pbf tfa/pbs_imgs/FieldPos206_Cam01_RGB_MB/FieldPos206_Cam01_RGB_MB_page_3.png"", ""/mnt/d/New_folder/datasets/New folder/bma pbf tfa/pbs_imgs/FieldPos206_Cam01_RGB_MB/FieldPos206_Cam01_RGB_MB_page_4.png"", ""/mnt/d/New_folder/datasets/New folder/bma pbf tfa/pbs_imgs/FieldPos206_Cam01_RGB_MB/FieldPos206_Cam01_RGB_MB_page_5.png"", ""/mnt/d/New_folder/datasets/New folder/bma pbf tfa/pbs_imgs/FieldPos206_Cam01_RGB_MB/FieldPos206_Cam01_RGB_MB_page_6.png"", ""/mnt/d/New_folder/datasets/New folder/bma pbf tfa/pbs_imgs/FieldPos206_Cam01_RGB_MB/FieldPos206_Cam01_RGB_MB_page_7.png"", ""/mnt/d/New_folder/datasets/New folder/bma pbf tfa/pbs_imgs/FieldPos206_Cam01_RGB_MB/FieldPos206_Cam01_RGB_MB_page_8.png"", ""/mnt/d/New_folder/datasets/New folder/bma pbf tfa/pbs_imgs/FieldPos206_Cam01_RGB_MB/FieldPos206_Cam01_RGB_MB_page_9.png""]",4524210,not available,not available,False,False
fc4feb63f46a13cf,PBS,46,primary_unbiased,/mnt/d/New_folder/datasets/New folder/bma pbf tfa/pbs_imgs/FieldPos386_Cam01_RGB_MB,15,"[""/mnt/d/New_folder/datasets/New folder/bma pbf tfa/pbs_imgs/FieldPos386_Cam01_RGB_MB/FieldPos386_Cam01_RGB_MB_page_1.png"", ""/mnt/d/New_folder/datasets/New folder/bma pbf tfa/pbs_imgs/FieldPos386_Cam01_RGB_MB/FieldPos386_Cam01_RGB_MB_page_2.png"", ""/mnt/d/New_folder/datasets/New folder/bma pbf tfa/pbs_imgs/FieldPos386_Cam01_RGB_MB/FieldPos386_Cam01_RGB_MB_page_3.png"", ""/mnt/d/New_folder/datasets/New folder/bma pbf tfa/pbs_imgs/FieldPos386_Cam01_RGB_MB/FieldPos386_Cam01_RGB_MB_page_4.png"", ""/mnt/d/New_folder/datasets/New folder/bma pbf tfa/pbs_imgs/FieldPos386_Cam01_RGB_MB/FieldPos386_Cam01_RGB_MB_page_5.png"", ""/mnt/d/New_folder/datasets/New folder/bma pbf tfa/pbs_imgs/FieldPos386_Cam01_RGB_MB/FieldPos386_Cam01_RGB_MB_page_6.png"", ""/mnt/d/New_folder/datasets/New folder/bma pbf tfa/pbs_imgs/FieldPos386_Cam01_RGB_MB/FieldPos386_Cam01_RGB_MB_page_7.png"", ""/mnt/d/New_folder/datasets/New folder/bma pbf tfa/pbs_imgs/FieldPos386_Cam01_RGB_MB/FieldPos386_Cam01_RGB_MB_page_8.png"", ""/mnt/d/New_folder/datasets/New folder/bma pbf tfa/pbs_imgs/FieldPos386_Cam01_RGB_MB/FieldPos386_Cam01_RGB_MB_page_9.png"", ""/mnt/d/New_folder/datasets/New folder/bma pbf tfa/pbs_imgs/FieldPos386_Cam01_RGB_MB/FieldPos386_Cam01_RGB_MB_page_10.png"", ""/mnt/d/New_folder/datasets/New folder/bma pbf tfa/pbs_imgs/FieldPos386_Cam01_RGB_MB/FieldPos386_Cam01_RGB_MB_page_11.png"", ""/mnt/d/New_folder/datasets/New folder/bma pbf tfa/pbs_imgs/FieldPos386_Cam01_RGB_MB/FieldPos386_Cam01_RGB_MB_page_12.png"", ""/mnt/d/New_folder/datasets/New folder/bma pbf tfa/pbs_imgs/FieldPos386_Cam01_RGB_MB/FieldPos386_Cam01_RGB_MB_page_13.png"", ""/mnt/d/New_folder/datasets/New folder/bma pbf tfa/pbs_imgs/FieldPos386_Cam01_RGB_MB/FieldPos386_Cam01_RGB_MB_page_14.png"", ""/mnt/d/New_folder/datasets/New folder/bma pbf tfa/pbs_imgs/FieldPos386_Cam01_RGB_MB/FieldPos386_Cam01_RGB_MB_page_15.png""]",4524210,not available,not available,False,False
4d0d49b11f20dd7e,TBI,24,primary_unbiased,/mnt/d/New_folder/datasets/New folder/TBSI/folders/LH5,10,"[""/mnt/d/New_folder/datasets/New folder/TBSI/folders/LH5/LH5 (1).JPG"", ""/mnt/d/New_folder/datasets/New folder/TBSI/folders/LH5/LH5 (2).JPG"", ""/mnt/d/New_folder/datasets/New folder/TBSI/folders/LH5/LH5 (3).JPG"", ""/mnt/d/New_folder/datasets/New folder/TBSI/folders/LH5/LH5 (4).JPG"", ""/mnt/d/New_folder/datasets/New folder/TBSI/folders/LH5/LH5 (5).JPG"", ""/mnt/d/New_folder/datasets/New folder/TBSI/folders/LH5/LH5 (6).JPG"", ""/mnt/d/New_folder/datasets/New folder/TBSI/folders/LH5/LH5 (7).JPG"", ""/mnt/d/New_folder/datasets/New folder/TBSI/folders/LH5/LH5 (8).JPG"", ""/mnt/d/New_folder/datasets/New folder/TBSI/folders/LH5/LH5 (9).JPG"", ""/mnt/d/New_folder/datasets/New folder/TBSI/folders/LH5/LH5 (10).JPG""]",4524210,not available,not available,False,False
9f450f9a9484c644,BMA,2,primary_unbiased,/mnt/d/New_folder/datasets/New folder/bma pbf tfa/bma_imgs/pos000_2,14,"[""/mnt/d/New_folder/datasets/New folder/bma pbf tfa/bma_imgs/pos000_2/pos000_2_page_1.png"", ""/mnt/d/New_folder/datasets/New folder/bma pbf tfa/bma_imgs/pos000_2/pos000_2_page_2.png"", ""/mnt/d/New_folder/datasets/New folder/bma pbf tfa/bma_imgs/pos000_2/pos000_2_page_3.png"", ""/mnt/d/New_folder/datasets/New folder/bma pbf tfa/bma_imgs/pos000_2/pos000_2_page_4.png"", ""/mnt/d/New_folder/datasets/New folder/bma pbf tfa/bma_imgs/pos000_2/pos000_2_page_5.png"", ""/mnt/d/New_folder/datasets/New folder/bma pbf tfa/bma_imgs/pos000_2/pos000_2_page_6.png"", ""/mnt/d/New_folder/datasets/New folder/bma pbf tfa/bma_imgs/pos000_2/pos000_2_page_7.png"", ""/mnt/d/New_folder/datasets/New folder/bma pbf tfa/bma_imgs/pos000_2/pos000_2_page_8.png"", ""/mnt/d/New_folder/datasets/New folder/bma pbf tfa/bma_imgs/pos000_2/pos000_2_page_9.png"", ""/mnt/d/New_folder/datasets/New folder/bma pbf tfa/bma_imgs/pos000_2/pos000_2_page_10.png"", ""/mnt/d/New_folder/datasets/New folder/bma pbf tfa/bma_imgs/pos000_2/pos000_2_page_11.png"", ""/mnt/d/New_folder/datasets/New folder/bma pbf tfa/bma_imgs/pos000_2/pos000_2_page_12.png"", ""/mnt/d/New_folder/datasets/New folder/bma pbf tfa/bma_imgs/pos000_2/pos000_2_page_13.png"", ""/mnt/d/New_folder/datasets/New folder/bma pbf tfa/bma_imgs/pos000_2/pos000_2_page_14.png""]",4524210,not available,not available,False,False
34ef88bd8a4b3f62,TBF,99,primary_unbiased,/mnt/d/New_folder/datasets/New folder/bma pbf tfa/tbf_imgs/FieldPos048,14,"[""/mnt/d/New_folder/datasets/New folder/bma pbf tfa/tbf_imgs/FieldPos048/FieldPos048_page_1.png"", ""/mnt/d/New_folder/datasets/New folder/bma pbf tfa/tbf_imgs/FieldPos048/FieldPos048_page_2.png"", ""/mnt/d/New_folder/datasets/New folder/bma pbf tfa/tbf_imgs/FieldPos048/FieldPos048_page_3.png"", ""/mnt/d/New_folder/datasets/New folder/bma pbf tfa/tbf_imgs/FieldPos048/FieldPos048_page_4.png"", ""/mnt/d/New_folder/datasets/New folder/bma pbf tfa/tbf_imgs/FieldPos048/FieldPos048_page_5.png"", ""/mnt/d/New_folder/datasets/New folder/bma pbf tfa/tbf_imgs/FieldPos048/FieldPos048_page_6.png"", ""/mnt/d/New_folder/datasets/New folder/bma pbf tfa/tbf_imgs/FieldPos048/FieldPos048_page_7.png"", ""/mnt/d/New_folder/datasets/New folder/bma pbf tfa/tbf_imgs/FieldPos048/FieldPos048_page_8.png"", ""/mnt/d/New_folder/datasets/New folder/bma pbf tfa/tbf_imgs/FieldPos048/FieldPos048_page_9.png"", ""/mnt/d/New_folder/datasets/New folder/bma pbf tfa/tbf_imgs/FieldPos048/FieldPos048_page_10.png"", ""/mnt/d/New_folder/datasets/New folder/bma pbf tfa/tbf_imgs/FieldPos048/FieldPos048_page_11.png"", ""/mnt/d/New_folder/datasets/New folder/bma pbf tfa/tbf_imgs/FieldPos048/FieldPos048_page_12.png"", ""/mnt/d/New_folder/datasets/New folder/bma pbf tfa/tbf_imgs/FieldPos048/FieldPos048_page_13.png"", ""/mnt/d/New_folder/datasets/New folder/bma pbf tfa/tbf_imgs/FieldPos048/FieldPos048_page_14.png""]",4524210,not available,not available,False,False
0696ffe40ae58580,WBC,12527,primary_unbiased,/mnt/d/New_folder/datasets/WBC_dataset1/12527,10,"[""/mnt/d/New_folder/datasets/WBC_dataset1/12527/12527_0.jpg"", ""/mnt/d/New_folder/datasets/WBC_dataset1/12527/12527_1.jpg"", ""/mnt/d/New_folder/datasets/WBC_dataset1/12527/12527_2.jpg"", ""/mnt/d/New_folder/datasets/WBC_dataset1/12527/12527_3.jpg"", ""/mnt/d/New_folder/datasets/WBC_dataset1/12527/12527_4.jpg"", ""/mnt/d/New_folder/datasets/WBC_dataset1/12527/12527_5.jpg"", ""/mnt/d/New_folder/datasets/WBC_dataset1/12527/12527_6.jpg"", ""/mnt/d/New_folder/datasets/WBC_dataset1/12527/12527_7.jpg"", ""/mnt/d/New_folder/datasets/WBC_dataset1/12527/12527_8.jpg"", ""/mnt/d/New_folder/datasets/WBC_dataset1/12527/12527_9.jpg""]",4524210,WBC_slide_150,not available,False,False
940ba271415ac1c1,WBC,19747,primary_unbiased,/mnt/d/New_folder/datasets/WBC_dataset1/19747,10,"[""/mnt/d/New_folder/datasets/WBC_dataset1/19747/19747_0.jpg"", ""/mnt/d/New_folder/datasets/WBC_dataset1/19747/19747_1.jpg"", ""/mnt/d/New_folder/datasets/WBC_dataset1/19747/19747_2.jpg"", ""/mnt/d/New_folder/datasets/WBC_dataset1/19747/19747_3.jpg"", ""/mnt/d/New_folder/datasets/WBC_dataset1/19747/19747_4.jpg"", ""/mnt/d/New_folder/datasets/WBC_dataset1/19747/19747_5.jpg"", ""/mnt/d/New_folder/datasets/WBC_dataset1/19747/19747_6.jpg"", ""/mnt/d/New_folder/datasets/WBC_dataset1/19747/19747_7.jpg"", ""/mnt/d/New_folder/datasets/WBC_dataset1/19747/19747_8.jpg"", ""/mnt/d/New_folder/datasets/WBC_dataset1/19747/19747_9.jpg""]",4524210,WBC_slide_178,not available,False,False
2687d725434278ff,PBS,74,disagreement_enriched_qualitative,/mnt/d/New_folder/datasets/New folder/bma pbf tfa/pbs_imgs/FieldPos470_Cam01_RGB_MB,15,"[""/mnt/d/New_folder/datasets/New folder/bma pbf tfa/pbs_imgs/FieldPos470_Cam01_RGB_MB/FieldPos470_Cam01_RGB_MB_page_1.png"", ""/mnt/d/New_folder/datasets/New folder/bma pbf tfa/pbs_imgs/FieldPos470_Cam01_RGB_MB/FieldPos470_Cam01_RGB_MB_page_2.png"", ""/mnt/d/New_folder/datasets/New folder/bma pbf tfa/pbs_imgs/FieldPos470_Cam01_RGB_MB/FieldPos470_Cam01_RGB_MB_page_3.png"", ""/mnt/d/New_folder/datasets/New folder/bma pbf tfa/pbs_imgs/FieldPos470_Cam01_RGB_MB/FieldPos470_Cam01_RGB_MB_page_4.png"", ""/mnt/d/New_folder/datasets/New folder/bma pbf tfa/pbs_imgs/FieldPos470_Cam01_RGB_MB/FieldPos470_Cam01_RGB_MB_page_5.png"", ""/mnt/d/New_folder/datasets/New folder/bma pbf tfa/pbs_imgs/FieldPos470_Cam01_RGB_MB/FieldPos470_Cam01_RGB_MB_page_6.png"", ""/mnt/d/New_folder/datasets/New folder/bma pbf tfa/pbs_imgs/FieldPos470_Cam01_RGB_MB/FieldPos470_Cam01_RGB_MB_page_7.png"", ""/mnt/d/New_folder/datasets/New folder/bma pbf tfa/pbs_imgs/FieldPos470_Cam01_RGB_MB/FieldPos470_Cam01_RGB_MB_page_8.png"", ""/mnt/d/New_folder/datasets/New folder/bma pbf tfa/pbs_imgs/FieldPos470_Cam01_RGB_MB/FieldPos470_Cam01_RGB_MB_page_9.png"", ""/mnt/d/New_folder/datasets/New folder/bma pbf tfa/pbs_imgs/FieldPos470_Cam01_RGB_MB/FieldPos470_Cam01_RGB_MB_page_10.png"", ""/mnt/d/New_folder/datasets/New folder/bma pbf tfa/pbs_imgs/FieldPos470_Cam01_RGB_MB/FieldPos470_Cam01_RGB_MB_page_11.png"", ""/mnt/d/New_folder/datasets/New folder/bma pbf tfa/pbs_imgs/FieldPos470_Cam01_RGB_MB/FieldPos470_Cam01_RGB_MB_page_12.png"", ""/mnt/d/New_folder/datasets/New folder/bma pbf tfa/pbs_imgs/FieldPos470_Cam01_RGB_MB/FieldPos470_Cam01_RGB_MB_page_13.png"", ""/mnt/d/New_folder/datasets/New folder/bma pbf tfa/pbs_imgs/FieldPos470_Cam01_RGB_MB/FieldPos470_Cam01_RGB_MB_page_14.png"", ""/mnt/d/New_folder/datasets/New folder/bma pbf tfa/pbs_imgs/FieldPos470_Cam01_RGB_MB/FieldPos470_Cam01_RGB_MB_page_15.png""]",4524210,not available,not available,False,False
5b1acba13fff8b62,PBS,49,primary_unbiased,/mnt/d/New_folder/datasets/New folder/bma pbf tfa/pbs_imgs/FieldPos404_Cam01_RGB_MB,15,"[""/mnt/d/New_folder/datasets/New folder/bma pbf tfa/pbs_imgs/FieldPos404_Cam01_RGB_MB/FieldPos404_Cam01_RGB_MB_page_1.png"", ""/mnt/d/New_folder/datasets/New folder/bma pbf tfa/pbs_imgs/FieldPos404_Cam01_RGB_MB/FieldPos404_Cam01_RGB_MB_page_2.png"", ""/mnt/d/New_folder/datasets/New folder/bma pbf tfa/pbs_imgs/FieldPos404_Cam01_RGB_MB/FieldPos404_Cam01_RGB_MB_page_3.png"", ""/mnt/d/New_folder/datasets/New folder/bma pbf tfa/pbs_imgs/FieldPos404_Cam01_RGB_MB/FieldPos404_Cam01_RGB_MB_page_4.png"", ""/mnt/d/New_folder/datasets/New folder/bma pbf tfa/pbs_imgs/FieldPos404_Cam01_RGB_MB/FieldPos404_Cam01_RGB_MB_page_5.png"", ""/mnt/d/New_folder/datasets/New folder/bma pbf tfa/pbs_imgs/FieldPos404_Cam01_RGB_MB/FieldPos404_Cam01_RGB_MB_page_6.png"", ""/mnt/d/New_folder/datasets/New folder/bma pbf tfa/pbs_imgs/FieldPos404_Cam01_RGB_MB/FieldPos404_Cam01_RGB_MB_page_7.png"", ""/mnt/d/New_folder/datasets/New folder/bma pbf tfa/pbs_imgs/FieldPos404_Cam01_RGB_MB/FieldPos404_Cam01_RGB_MB_page_8.png"", ""/mnt/d/New_folder/datasets/New folder/bma pbf tfa/pbs_imgs/FieldPos404_Cam01_RGB_MB/FieldPos404_Cam01_RGB_MB_page_9.png"", ""/mnt/d/New_folder/datasets/New folder/bma pbf tfa/pbs_imgs/FieldPos404_Cam01_RGB_MB/FieldPos404_Cam01_RGB_MB_page_10.png"", ""/mnt/d/New_folder/datasets/New folder/bma pbf tfa/pbs_imgs/FieldPos404_Cam01_RGB_MB/FieldPos404_Cam01_RGB_MB_page_11.png"", ""/mnt/d/New_folder/datasets/New folder/bma pbf tfa/pbs_imgs/FieldPos404_Cam01_RGB_MB/FieldPos404_Cam01_RGB_MB_page_12.png"", ""/mnt/d/New_folder/datasets/New folder/bma pbf tfa/pbs_imgs/FieldPos404_Cam01_RGB_MB/FieldPos404_Cam01_RGB_MB_page_13.png"", ""/mnt/d/New_folder/datasets/New folder/bma pbf tfa/pbs_imgs/FieldPos404_Cam01_RGB_MB/FieldPos404_Cam01_RGB_MB_page_14.png"", ""/mnt/d/New_folder/datasets/New folder/bma pbf tfa/pbs_imgs/FieldPos404_Cam01_RGB_MB/FieldPos404_Cam01_RGB_MB_page_15.png""]",4524210,not available,not available,False,False
024911349ea501b7,TBI,2,primary_unbiased,/mnt/d/New_folder/datasets/New folder/TBSI/folders/HH3,10,"[""/mnt/d/New_folder/datasets/New folder/TBSI/folders/HH3/HH3 (1).JPG"", ""/mnt/d/New_folder/datasets/New folder/TBSI/folders/HH3/HH3 (2).JPG"", ""/mnt/d/New_folder/datasets/New folder/TBSI/folders/HH3/HH3 (3).JPG"", ""/mnt/d/New_folder/datasets/New folder/TBSI/folders/HH3/HH3 (4).JPG"", ""/mnt/d/New_folder/datasets/New folder/TBSI/folders/HH3/HH3 (5).JPG"", ""/mnt/d/New_folder/datasets/New folder/TBSI/folders/HH3/HH3 (6).JPG"", ""/mnt/d/New_folder/datasets/New folder/TBSI/folders/HH3/HH3 (7).JPG"", ""/mnt/d/New_folder/datasets/New folder/TBSI/folders/HH3/HH3 (8).JPG"", ""/mnt/d/New_folder/datasets/New folder/TBSI/folders/HH3/HH3 (9).JPG"", ""/mnt/d/New_folder/datasets/New folder/TBSI/folders/HH3/HH3 (10).JPG""]",4524210,not available,not available,False,False
3abd15fa9be032a1,TBF,136,primary_unbiased,/mnt/d/New_folder/datasets/New folder/bma pbf tfa/tbf_imgs/FieldPos081,14,"[""/mnt/d/New_folder/datasets/New folder/bma pbf tfa/tbf_imgs/FieldPos081/FieldPos081_page_1.png"", ""/mnt/d/New_folder/datasets/New folder/bma pbf tfa/tbf_imgs/FieldPos081/FieldPos081_page_2.png"", ""/mnt/d/New_folder/datasets/New folder/bma pbf tfa/tbf_imgs/FieldPos081/FieldPos081_page_3.png"", ""/mnt/d/New_folder/datasets/New folder/bma pbf tfa/tbf_imgs/FieldPos081/FieldPos081_page_4.png"", ""/mnt/d/New_folder/datasets/New folder/bma pbf tfa/tbf_imgs/FieldPos081/FieldPos081_page_5.png"", ""/mnt/d/New_folder/datasets/New folder/bma pbf tfa/tbf_imgs/FieldPos081/FieldPos081_page_6.png"", ""/mnt/d/New_folder/datasets/New folder/bma pbf tfa/tbf_imgs/FieldPos081/FieldPos081_page_7.png"", ""/mnt/d/New_folder/datasets/New folder/bma pbf tfa/tbf_imgs/FieldPos081/FieldPos081_page_8.png"", ""/mnt/d/New_folder/datasets/New folder/bma pbf tfa/tbf_imgs/FieldPos081/FieldPos081_page_9.png"", ""/mnt/d/New_folder/datasets/New folder/bma pbf tfa/tbf_imgs/FieldPos081/FieldPos081_page_10.png"", ""/mnt/d/New_folder/datasets/New folder/bma pbf tfa/tbf_imgs/FieldPos081/FieldPos081_page_11.png"", ""/mnt/d/New_folder/datasets/New folder/bma pbf tfa/tbf_imgs/FieldPos081/FieldPos081_page_12.png"", ""/mnt/d/New_folder/datasets/New folder/bma pbf tfa/tbf_imgs/FieldPos081/FieldPos081_page_13.png"", ""/mnt/d/New_folder/datasets/New folder/bma pbf tfa/tbf_imgs/FieldPos081/FieldPos081_page_14.png""]",4524210,not available,not available,False,False
6148a59ecb834e6b,TBF,181,primary_unbiased,/mnt/d/New_folder/datasets/New folder/bma pbf tfa/tbf_imgs/FieldPos299,14,"[""/mnt/d/New_folder/datasets/New folder/bma pbf tfa/tbf_imgs/FieldPos299/FieldPos299_page_1.png"", ""/mnt/d/New_folder/datasets/New folder/bma pbf tfa/tbf_imgs/FieldPos299/FieldPos299_page_2.png"", ""/mnt/d/New_folder/datasets/New folder/bma pbf tfa/tbf_imgs/FieldPos299/FieldPos299_page_3.png"", ""/mnt/d/New_folder/datasets/New folder/bma pbf tfa/tbf_imgs/FieldPos299/FieldPos299_page_4.png"", ""/mnt/d/New_folder/datasets/New folder/bma pbf tfa/tbf_imgs/FieldPos299/FieldPos299_page_5.png"", ""/mnt/d/New_folder/datasets/New folder/bma pbf tfa/tbf_imgs/FieldPos299/FieldPos299_page_6.png"", ""/mnt/d/New_folder/datasets/New folder/bma pbf tfa/tbf_imgs/FieldPos299/FieldPos299_page_7.png"", ""/mnt/d/New_folder/datasets/New folder/bma pbf tfa/tbf_imgs/FieldPos299/FieldPos299_page_8.png"", ""/mnt/d/New_folder/datasets/New folder/bma pbf tfa/tbf_imgs/FieldPos299/FieldPos299_page_9.png"", ""/mnt/d/New_folder/datasets/New folder/bma pbf tfa/tbf_imgs/FieldPos299/FieldPos299_page_10.png"", ""/mnt/d/New_folder/datasets/New folder/bma pbf tfa/tbf_imgs/FieldPos299/FieldPos299_page_11.png"", ""/mnt/d/New_folder/datasets/New folder/bma pbf tfa/tbf_imgs/FieldPos299/FieldPos299_page_12.png"", ""/mnt/d/New_folder/datasets/New folder/bma pbf tfa/tbf_imgs/FieldPos299/FieldPos299_page_13.png"", ""/mnt/d/New_folder/datasets/New folder/bma pbf tfa/tbf_imgs/FieldPos299/FieldPos299_page_14.png""]",4524210,not available,not available,False,False
ec5b35899d90498b,TBI,26,primary_unbiased,/mnt/d/New_folder/datasets/New folder/TBSI/folders/LH7,10,"[""/mnt/d/New_folder/datasets/New folder/TBSI/folders/LH7/LH7 (1).JPG"", ""/mnt/d/New_folder/datasets/New folder/TBSI/folders/LH7/LH7 (2).JPG"", ""/mnt/d/New_folder/datasets/New folder/TBSI/folders/LH7/LH7 (3).JPG"", ""/mnt/d/New_folder/datasets/New folder/TBSI/folders/LH7/LH7 (4).JPG"", ""/mnt/d/New_folder/datasets/New folder/TBSI/folders/LH7/LH7 (5).JPG"", ""/mnt/d/New_folder/datasets/New folder/TBSI/folders/LH7/LH7 (6).JPG"", ""/mnt/d/New_folder/datasets/New folder/TBSI/folders/LH7/LH7 (7).JPG"", ""/mnt/d/New_folder/datasets/New folder/TBSI/folders/LH7/LH7 (8).JPG"", ""/mnt/d/New_folder/datasets/New folder/TBSI/folders/LH7/LH7 (9).JPG"", ""/mnt/d/New_folder/datasets/New folder/TBSI/folders/LH7/LH7 (10).JPG""]",4524210,not available,not available,False,False
15a271d9a6d81b9f,WBC,12802,disagreement_enriched_qualitative,/mnt/d/New_folder/datasets/WBC_dataset1/12802,10,"[""/mnt/d/New_folder/datasets/WBC_dataset1/12802/12802_0.jpg"", ""/mnt/d/New_folder/datasets/WBC_dataset1/12802/12802_1.jpg"", ""/mnt/d/New_folder/datasets/WBC_dataset1/12802/12802_2.jpg"", ""/mnt/d/New_folder/datasets/WBC_dataset1/12802/12802_3.jpg"", ""/mnt/d/New_folder/datasets/WBC_dataset1/12802/12802_4.jpg"", ""/mnt/d/New_folder/datasets/WBC_dataset1/12802/12802_5.jpg"", ""/mnt/d/New_folder/datasets/WBC_dataset1/12802/12802_6.jpg"", ""/mnt/d/New_folder/datasets/WBC_dataset1/12802/12802_7.jpg"", ""/mnt/d/New_folder/datasets/WBC_dataset1/12802/12802_8.jpg"", ""/mnt/d/New_folder/datasets/WBC_dataset1/12802/12802_9.jpg""]",4524210,WBC_slide_152,not available,False,False
9d0e3a0476987051,WBC,3943,disagreement_enriched_qualitative,/mnt/d/New_folder/datasets/WBC_dataset1/3943,10,"[""/mnt/d/New_folder/datasets/WBC_dataset1/3943/3943_0.jpg"", ""/mnt/d/New_folder/datasets/WBC_dataset1/3943/3943_1.jpg"", ""/mnt/d/New_folder/datasets/WBC_dataset1/3943/3943_2.jpg"", ""/mnt/d/New_folder/datasets/WBC_dataset1/3943/3943_3.jpg"", ""/mnt/d/New_folder/datasets/WBC_dataset1/3943/3943_4.jpg"", ""/mnt/d/New_folder/datasets/WBC_dataset1/3943/3943_5.jpg"", ""/mnt/d/New_folder/datasets/WBC_dataset1/3943/3943_6.jpg"", ""/mnt/d/New_folder/datasets/WBC_dataset1/3943/3943_7.jpg"", ""/mnt/d/New_folder/datasets/WBC_dataset1/3943/3943_8.jpg"", ""/mnt/d/New_folder/datasets/WBC_dataset1/3943/3943_9.jpg""]",4524210,WBC_slide_19,not available,False,False
643633fe261d4477,PBS,42,primary_unbiased,/mnt/d/New_folder/datasets/New folder/bma pbf tfa/pbs_imgs/FieldPos374_Cam01_RGB_MB,15,"[""/mnt/d/New_folder/datasets/New folder/bma pbf tfa/pbs_imgs/FieldPos374_Cam01_RGB_MB/FieldPos374_Cam01_RGB_MB_page_1.png"", ""/mnt/d/New_folder/datasets/New folder/bma pbf tfa/pbs_imgs/FieldPos374_Cam01_RGB_MB/FieldPos374_Cam01_RGB_MB_page_2.png"", ""/mnt/d/New_folder/datasets/New folder/bma pbf tfa/pbs_imgs/FieldPos374_Cam01_RGB_MB/FieldPos374_Cam01_RGB_MB_page_3.png"", ""/mnt/d/New_folder/datasets/New folder/bma pbf tfa/pbs_imgs/FieldPos374_Cam01_RGB_MB/FieldPos374_Cam01_RGB_MB_page_4.png"", ""/mnt/d/New_folder/datasets/New folder/bma pbf tfa/pbs_imgs/FieldPos374_Cam01_RGB_MB/FieldPos374_Cam01_RGB_MB_page_5.png"", ""/mnt/d/New_folder/datasets/New folder/bma pbf tfa/pbs_imgs/FieldPos374_Cam01_RGB_MB/FieldPos374_Cam01_RGB_MB_page_6.png"", ""/mnt/d/New_folder/datasets/New folder/bma pbf tfa/pbs_imgs/FieldPos374_Cam01_RGB_MB/FieldPos374_Cam01_RGB_MB_page_7.png"", ""/mnt/d/New_folder/datasets/New folder/bma pbf tfa/pbs_imgs/FieldPos374_Cam01_RGB_MB/FieldPos374_Cam01_RGB_MB_page_8.png"", ""/mnt/d/New_folder/datasets/New folder/bma pbf tfa/pbs_imgs/FieldPos374_Cam01_RGB_MB/FieldPos374_Cam01_RGB_MB_page_9.png"", ""/mnt/d/New_folder/datasets/New folder/bma pbf tfa/pbs_imgs/FieldPos374_Cam01_RGB_MB/FieldPos374_Cam01_RGB_MB_page_10.png"", ""/mnt/d/New_folder/datasets/New folder/bma pbf tfa/pbs_imgs/FieldPos374_Cam01_RGB_MB/FieldPos374_Cam01_RGB_MB_page_11.png"", ""/mnt/d/New_folder/datasets/New folder/bma pbf tfa/pbs_imgs/FieldPos374_Cam01_RGB_MB/FieldPos374_Cam01_RGB_MB_page_12.png"", ""/mnt/d/New_folder/datasets/New folder/bma pbf tfa/pbs_imgs/FieldPos374_Cam01_RGB_MB/FieldPos374_Cam01_RGB_MB_page_13.png"", ""/mnt/d/New_folder/datasets/New folder/bma pbf tfa/pbs_imgs/FieldPos374_Cam01_RGB_MB/FieldPos374_Cam01_RGB_MB_page_14.png"", ""/mnt/d/New_folder/datasets/New folder/bma pbf tfa/pbs_imgs/FieldPos374_Cam01_RGB_MB/FieldPos374_Cam01_RGB_MB_page_15.png""]",4524210,not available,not available,False,False
778a12b48b08de61,TBI,6,primary_unbiased,/mnt/d/New_folder/datasets/New folder/TBSI/folders/HH7,10,"[""/mnt/d/New_folder/datasets/New folder/TBSI/folders/HH7/HH7 (1).JPG"", ""/mnt/d/New_folder/datasets/New folder/TBSI/folders/HH7/HH7 (2).JPG"", ""/mnt/d/New_folder/datasets/New folder/TBSI/folders/HH7/HH7 (3).JPG"", ""/mnt/d/New_folder/datasets/New folder/TBSI/folders/HH7/HH7 (4).JPG"", ""/mnt/d/New_folder/datasets/New folder/TBSI/folders/HH7/HH7 (5).JPG"", ""/mnt/d/New_folder/datasets/New folder/TBSI/folders/HH7/HH7 (6).JPG"", ""/mnt/d/New_folder/datasets/New folder/TBSI/folders/HH7/HH7 (7).JPG"", ""/mnt/d/New_folder/datasets/New folder/TBSI/folders/HH7/HH7 (8).JPG"", ""/mnt/d/New_folder/datasets/New folder/TBSI/folders/HH7/HH7 (9).JPG"", ""/mnt/d/New_folder/datasets/New folder/TBSI/folders/HH7/HH7 (10).JPG""]",4524210,not available,not available,False,False
67c2210920edbc61,TBI,3,primary_unbiased,/mnt/d/New_folder/datasets/New folder/TBSI/folders/HH4,10,"[""/mnt/d/New_folder/datasets/New folder/TBSI/folders/HH4/HH4 (1).JPG"", ""/mnt/d/New_folder/datasets/New folder/TBSI/folders/HH4/HH4 (2).JPG"", ""/mnt/d/New_folder/datasets/New folder/TBSI/folders/HH4/HH4 (3).JPG"", ""/mnt/d/New_folder/datasets/New folder/TBSI/folders/HH4/HH4 (4).JPG"", ""/mnt/d/New_folder/datasets/New folder/TBSI/folders/HH4/HH4 (5).JPG"", ""/mnt/d/New_folder/datasets/New folder/TBSI/folders/HH4/HH4 (6).JPG"", ""/mnt/d/New_folder/datasets/New folder/TBSI/folders/HH4/HH4 (7).JPG"", ""/mnt/d/New_folder/datasets/New folder/TBSI/folders/HH4/HH4 (8).JPG"", ""/mnt/d/New_folder/datasets/New folder/TBSI/folders/HH4/HH4 (9).JPG"", ""/mnt/d/New_folder/datasets/New folder/TBSI/folders/HH4/HH4 (10).JPG""]",4524210,not available,not available,False,False
c95494cab7e3c850,TBF,116,primary_unbiased,/mnt/d/New_folder/datasets/New folder/bma pbf tfa/tbf_imgs/FieldPos062 (2),14,"[""/mnt/d/New_folder/datasets/New folder/bma pbf tfa/tbf_imgs/FieldPos062 (2)/FieldPos062 (2)_page_1.png"", ""/mnt/d/New_folder/datasets/New folder/bma pbf tfa/tbf_imgs/FieldPos062 (2)/FieldPos062 (2)_page_2.png"", ""/mnt/d/New_folder/datasets/New folder/bma pbf tfa/tbf_imgs/FieldPos062 (2)/FieldPos062 (2)_page_3.png"", ""/mnt/d/New_folder/datasets/New folder/bma pbf tfa/tbf_imgs/FieldPos062 (2)/FieldPos062 (2)_page_4.png"", ""/mnt/d/New_folder/datasets/New folder/bma pbf tfa/tbf_imgs/FieldPos062 (2)/FieldPos062 (2)_page_5.png"", ""/mnt/d/New_folder/datasets/New folder/bma pbf tfa/tbf_imgs/FieldPos062 (2)/FieldPos062 (2)_page_6.png"", ""/mnt/d/New_folder/datasets/New folder/bma pbf tfa/tbf_imgs/FieldPos062 (2)/FieldPos062 (2)_page_7.png"", ""/mnt/d/New_folder/datasets/New folder/bma pbf tfa/tbf_imgs/FieldPos062 (2)/FieldPos062 (2)_page_8.png"", ""/mnt/d/New_folder/datasets/New folder/bma pbf tfa/tbf_imgs/FieldPos062 (2)/FieldPos062 (2)_page_9.png"", ""/mnt/d/New_folder/datasets/New folder/bma pbf tfa/tbf_imgs/FieldPos062 (2)/FieldPos062 (2)_page_10.png"", ""/mnt/d/New_folder/datasets/New folder/bma pbf tfa/tbf_imgs/FieldPos062 (2)/FieldPos062 (2)_page_11.png"", ""/mnt/d/New_folder/datasets/New folder/bma pbf tfa/tbf_imgs/FieldPos062 (2)/FieldPos062 (2)_page_12.png"", ""/mnt/d/New_folder/datasets/New folder/bma pbf tfa/tbf_imgs/FieldPos062 (2)/FieldPos062 (2)_page_13.png"", ""/mnt/d/New_folder/datasets/New folder/bma pbf tfa/tbf_imgs/FieldPos062 (2)/FieldPos062 (2)_page_14.png""]",4524210,not available,not available,False,False
4d42301448194410,PBS,63,disagreement_enriched_qualitative,/mnt/d/New_folder/datasets/New folder/bma pbf tfa/pbs_imgs/FieldPos435_Cam01_RGB_MB,15,"[""/mnt/d/New_folder/datasets/New folder/bma pbf tfa/pbs_imgs/FieldPos435_Cam01_RGB_MB/FieldPos435_Cam01_RGB_MB_page_1.png"", ""/mnt/d/New_folder/datasets/New folder/bma pbf tfa/pbs_imgs/FieldPos435_Cam01_RGB_MB/FieldPos435_Cam01_RGB_MB_page_2.png"", ""/mnt/d/New_folder/datasets/New folder/bma pbf tfa/pbs_imgs/FieldPos435_Cam01_RGB_MB/FieldPos435_Cam01_RGB_MB_page_3.png"", ""/mnt/d/New_folder/datasets/New folder/bma pbf tfa/pbs_imgs/FieldPos435_Cam01_RGB_MB/FieldPos435_Cam01_RGB_MB_page_4.png"", ""/mnt/d/New_folder/datasets/New folder/bma pbf tfa/pbs_imgs/FieldPos435_Cam01_RGB_MB/FieldPos435_Cam01_RGB_MB_page_5.png"", ""/mnt/d/New_folder/datasets/New folder/bma pbf tfa/pbs_imgs/FieldPos435_Cam01_RGB_MB/FieldPos435_Cam01_RGB_MB_page_6.png"", ""/mnt/d/New_folder/datasets/New folder/bma pbf tfa/pbs_imgs/FieldPos435_Cam01_RGB_MB/FieldPos435_Cam01_RGB_MB_page_7.png"", ""/mnt/d/New_folder/datasets/New folder/bma pbf tfa/pbs_imgs/FieldPos435_Cam01_RGB_MB/FieldPos435_Cam01_RGB_MB_page_8.png"", ""/mnt/d/New_folder/datasets/New folder/bma pbf tfa/pbs_imgs/FieldPos435_Cam01_RGB_MB/FieldPos435_Cam01_RGB_MB_page_9.png"", ""/mnt/d/New_folder/datasets/New folder/bma pbf tfa/pbs_imgs/FieldPos435_Cam01_RGB_MB/FieldPos435_Cam01_RGB_MB_page_10.png"", ""/mnt/d/New_folder/datasets/New folder/bma pbf tfa/pbs_imgs/FieldPos435_Cam01_RGB_MB/FieldPos435_Cam01_RGB_MB_page_11.png"", ""/mnt/d/New_folder/datasets/New folder/bma pbf tfa/pbs_imgs/FieldPos435_Cam01_RGB_MB/FieldPos435_Cam01_RGB_MB_page_12.png"", ""/mnt/d/New_folder/datasets/New folder/bma pbf tfa/pbs_imgs/FieldPos435_Cam01_RGB_MB/FieldPos435_Cam01_RGB_MB_page_13.png"", ""/mnt/d/New_folder/datasets/New folder/bma pbf tfa/pbs_imgs/FieldPos435_Cam01_RGB_MB/FieldPos435_Cam01_RGB_MB_page_14.png"", ""/mnt/d/New_folder/datasets/New folder/bma pbf tfa/pbs_imgs/FieldPos435_Cam01_RGB_MB/FieldPos435_Cam01_RGB_MB_page_15.png""]",4524210,not available,not available,False,False
0596af08b3365eaa,TBI,9,primary_unbiased,/mnt/d/New_folder/datasets/New folder/TBSI/folders/HH10,10,"[""/mnt/d/New_folder/datasets/New folder/TBSI/folders/HH10/HH10 (1).JPG"", ""/mnt/d/New_folder/datasets/New folder/TBSI/folders/HH10/HH10 (2).JPG"", ""/mnt/d/New_folder/datasets/New folder/TBSI/folders/HH10/HH10 (3).JPG"", ""/mnt/d/New_folder/datasets/New folder/TBSI/folders/HH10/HH10 (4).JPG"", ""/mnt/d/New_folder/datasets/New folder/TBSI/folders/HH10/HH10 (5).JPG"", ""/mnt/d/New_folder/datasets/New folder/TBSI/folders/HH10/HH10 (6).JPG"", ""/mnt/d/New_folder/datasets/New folder/TBSI/folders/HH10/HH10 (7).JPG"", ""/mnt/d/New_folder/datasets/New folder/TBSI/folders/HH10/HH10 (8).JPG"", ""/mnt/d/New_folder/datasets/New folder/TBSI/folders/HH10/HH10 (9).JPG"", ""/mnt/d/New_folder/datasets/New folder/TBSI/folders/HH10/HH10 (10).JPG""]",4524210,not available,not available,False,False
482b12823f11ee1b,PBS,68,primary_unbiased,/mnt/d/New_folder/datasets/New folder/bma pbf tfa/pbs_imgs/FieldPos449_Cam01_RGB_MB,15,"[""/mnt/d/New_folder/datasets/New folder/bma pbf tfa/pbs_imgs/FieldPos449_Cam01_RGB_MB/FieldPos449_Cam01_RGB_MB_page_1.png"", ""/mnt/d/New_folder/datasets/New folder/bma pbf tfa/pbs_imgs/FieldPos449_Cam01_RGB_MB/FieldPos449_Cam01_RGB_MB_page_2.png"", ""/mnt/d/New_folder/datasets/New folder/bma pbf tfa/pbs_imgs/FieldPos449_Cam01_RGB_MB/FieldPos449_Cam01_RGB_MB_page_3.png"", ""/mnt/d/New_folder/datasets/New folder/bma pbf tfa/pbs_imgs/FieldPos449_Cam01_RGB_MB/FieldPos449_Cam01_RGB_MB_page_4.png"", ""/mnt/d/New_folder/datasets/New folder/bma pbf tfa/pbs_imgs/FieldPos449_Cam01_RGB_MB/FieldPos449_Cam01_RGB_MB_page_5.png"", ""/mnt/d/New_folder/datasets/New folder/bma pbf tfa/pbs_imgs/FieldPos449_Cam01_RGB_MB/FieldPos449_Cam01_RGB_MB_page_6.png"", ""/mnt/d/New_folder/datasets/New folder/bma pbf tfa/pbs_imgs/FieldPos449_Cam01_RGB_MB/FieldPos449_Cam01_RGB_MB_page_7.png"", ""/mnt/d/New_folder/datasets/New folder/bma pbf tfa/pbs_imgs/FieldPos449_Cam01_RGB_MB/FieldPos449_Cam01_RGB_MB_page_8.png"", ""/mnt/d/New_folder/datasets/New folder/bma pbf tfa/pbs_imgs/FieldPos449_Cam01_RGB_MB/FieldPos449_Cam01_RGB_MB_page_9.png"", ""/mnt/d/New_folder/datasets/New folder/bma pbf tfa/pbs_imgs/FieldPos449_Cam01_RGB_MB/FieldPos449_Cam01_RGB_MB_page_10.png"", ""/mnt/d/New_folder/datasets/New folder/bma pbf tfa/pbs_imgs/FieldPos449_Cam01_RGB_MB/FieldPos449_Cam01_RGB_MB_page_11.png"", ""/mnt/d/New_folder/datasets/New folder/bma pbf tfa/pbs_imgs/FieldPos449_Cam01_RGB_MB/FieldPos449_Cam01_RGB_MB_page_12.png"", ""/mnt/d/New_folder/datasets/New folder/bma pbf tfa/pbs_imgs/FieldPos449_Cam01_RGB_MB/FieldPos449_Cam01_RGB_MB_page_13.png"", ""/mnt/d/New_folder/datasets/New folder/bma pbf tfa/pbs_imgs/FieldPos449_Cam01_RGB_MB/FieldPos449_Cam01_RGB_MB_page_14.png"", ""/mnt/d/New_folder/datasets/New folder/bma pbf tfa/pbs_imgs/FieldPos449_Cam01_RGB_MB/FieldPos449_Cam01_RGB_MB_page_15.png""]",4524210,not available,not available,False,False
0a443c42842d9509,BMA,16,primary_unbiased,/mnt/d/New_folder/datasets/New folder/bma pbf tfa/bma_imgs/pos004_0,14,"[""/mnt/d/New_folder/datasets/New folder/bma pbf tfa/bma_imgs/pos004_0/pos004_0_page_1.png"", ""/mnt/d/New_folder/datasets/New folder/bma pbf tfa/bma_imgs/pos004_0/pos004_0_page_2.png"", ""/mnt/d/New_folder/datasets/New folder/bma pbf tfa/bma_imgs/pos004_0/pos004_0_page_3.png"", ""/mnt/d/New_folder/datasets/New folder/bma pbf tfa/bma_imgs/pos004_0/pos004_0_page_4.png"", ""/mnt/d/New_folder/datasets/New folder/bma pbf tfa/bma_imgs/pos004_0/pos004_0_page_5.png"", ""/mnt/d/New_folder/datasets/New folder/bma pbf tfa/bma_imgs/pos004_0/pos004_0_page_6.png"", ""/mnt/d/New_folder/datasets/New folder/bma pbf tfa/bma_imgs/pos004_0/pos004_0_page_7.png"", ""/mnt/d/New_folder/datasets/New folder/bma pbf tfa/bma_imgs/pos004_0/pos004_0_page_8.png"", ""/mnt/d/New_folder/datasets/New folder/bma pbf tfa/bma_imgs/pos004_0/pos004_0_page_9.png"", ""/mnt/d/New_folder/datasets/New folder/bma pbf tfa/bma_imgs/pos004_0/pos004_0_page_10.png"", ""/mnt/d/New_folder/datasets/New folder/bma pbf tfa/bma_imgs/pos004_0/pos004_0_page_11.png"", ""/mnt/d/New_folder/datasets/New folder/bma pbf tfa/bma_imgs/pos004_0/pos004_0_page_12.png"", ""/mnt/d/New_folder/datasets/New folder/bma pbf tfa/bma_imgs/pos004_0/pos004_0_page_13.png"", ""/mnt/d/New_folder/datasets/New folder/bma pbf tfa/bma_imgs/pos004_0/pos004_0_page_14.png""]",4524210,not available,not available,False,False
7f5591aeb98214f8,PBS,17,disagreement_enriched_qualitative,/mnt/d/New_folder/datasets/New folder/bma pbf tfa/pbs_imgs/FieldPos237_Cam01_RGB_MB,9,"[""/mnt/d/New_folder/datasets/New folder/bma pbf tfa/pbs_imgs/FieldPos237_Cam01_RGB_MB/FieldPos237_Cam01_RGB_MB_page_1.png"", ""/mnt/d/New_folder/datasets/New folder/bma pbf tfa/pbs_imgs/FieldPos237_Cam01_RGB_MB/FieldPos237_Cam01_RGB_MB_page_2.png"", ""/mnt/d/New_folder/datasets/New folder/bma pbf tfa/pbs_imgs/FieldPos237_Cam01_RGB_MB/FieldPos237_Cam01_RGB_MB_page_3.png"", ""/mnt/d/New_folder/datasets/New folder/bma pbf tfa/pbs_imgs/FieldPos237_Cam01_RGB_MB/FieldPos237_Cam01_RGB_MB_page_4.png"", ""/mnt/d/New_folder/datasets/New folder/bma pbf tfa/pbs_imgs/FieldPos237_Cam01_RGB_MB/FieldPos237_Cam01_RGB_MB_page_5.png"", ""/mnt/d/New_folder/datasets/New folder/bma pbf tfa/pbs_imgs/FieldPos237_Cam01_RGB_MB/FieldPos237_Cam01_RGB_MB_page_6.png"", ""/mnt/d/New_folder/datasets/New folder/bma pbf tfa/pbs_imgs/FieldPos237_Cam01_RGB_MB/FieldPos237_Cam01_RGB_MB_page_7.png"", ""/mnt/d/New_folder/datasets/New folder/bma pbf tfa/pbs_imgs/FieldPos237_Cam01_RGB_MB/FieldPos237_Cam01_RGB_MB_page_8.png"", ""/mnt/d/New_folder/datasets/New folder/bma pbf tfa/pbs_imgs/FieldPos237_Cam01_RGB_MB/FieldPos237_Cam01_RGB_MB_page_9.png""]",4524210,not available,not available,False,False
b159216ec8acfdb4,WBC,697,primary_unbiased,/mnt/d/New_folder/datasets/WBC_dataset1/697,10,"[""/mnt/d/New_folder/datasets/WBC_dataset1/697/697_0.jpg"", ""/mnt/d/New_folder/datasets/WBC_dataset1/697/697_1.jpg"", ""/mnt/d/New_folder/datasets/WBC_dataset1/697/697_2.jpg"", ""/mnt/d/New_folder/datasets/WBC_dataset1/697/697_3.jpg"", ""/mnt/d/New_folder/datasets/WBC_dataset1/697/697_4.jpg"", ""/mnt/d/New_folder/datasets/WBC_dataset1/697/697_5.jpg"", ""/mnt/d/New_folder/datasets/WBC_dataset1/697/697_6.jpg"", ""/mnt/d/New_folder/datasets/WBC_dataset1/697/697_7.jpg"", ""/mnt/d/New_folder/datasets/WBC_dataset1/697/697_8.jpg"", ""/mnt/d/New_folder/datasets/WBC_dataset1/697/697_9.jpg""]",4524210,WBC_slide_3,not available,False,False
ad20f6d59fa8c9ec,PBS,49,disagreement_enriched_qualitative,/mnt/d/New_folder/datasets/New folder/bma pbf tfa/pbs_imgs/FieldPos404_Cam01_RGB_MB,15,"[""/mnt/d/New_folder/datasets/New folder/bma pbf tfa/pbs_imgs/FieldPos404_Cam01_RGB_MB/FieldPos404_Cam01_RGB_MB_page_1.png"", ""/mnt/d/New_folder/datasets/New folder/bma pbf tfa/pbs_imgs/FieldPos404_Cam01_RGB_MB/FieldPos404_Cam01_RGB_MB_page_2.png"", ""/mnt/d/New_folder/datasets/New folder/bma pbf tfa/pbs_imgs/FieldPos404_Cam01_RGB_MB/FieldPos404_Cam01_RGB_MB_page_3.png"", ""/mnt/d/New_folder/datasets/New folder/bma pbf tfa/pbs_imgs/FieldPos404_Cam01_RGB_MB/FieldPos404_Cam01_RGB_MB_page_4.png"", ""/mnt/d/New_folder/datasets/New folder/bma pbf tfa/pbs_imgs/FieldPos404_Cam01_RGB_MB/FieldPos404_Cam01_RGB_MB_page_5.png"", ""/mnt/d/New_folder/datasets/New folder/bma pbf tfa/pbs_imgs/FieldPos404_Cam01_RGB_MB/FieldPos404_Cam01_RGB_MB_page_6.png"", ""/mnt/d/New_folder/datasets/New folder/bma pbf tfa/pbs_imgs/FieldPos404_Cam01_RGB_MB/FieldPos404_Cam01_RGB_MB_page_7.png"", ""/mnt/d/New_folder/datasets/New folder/bma pbf tfa/pbs_imgs/FieldPos404_Cam01_RGB_MB/FieldPos404_Cam01_RGB_MB_page_8.png"", ""/mnt/d/New_folder/datasets/New folder/bma pbf tfa/pbs_imgs/FieldPos404_Cam01_RGB_MB/FieldPos404_Cam01_RGB_MB_page_9.png"", ""/mnt/d/New_folder/datasets/New folder/bma pbf tfa/pbs_imgs/FieldPos404_Cam01_RGB_MB/FieldPos404_Cam01_RGB_MB_page_10.png"", ""/mnt/d/New_folder/datasets/New folder/bma pbf tfa/pbs_imgs/FieldPos404_Cam01_RGB_MB/FieldPos404_Cam01_RGB_MB_page_11.png"", ""/mnt/d/New_folder/datasets/New folder/bma pbf tfa/pbs_imgs/FieldPos404_Cam01_RGB_MB/FieldPos404_Cam01_RGB_MB_page_12.png"", ""/mnt/d/New_folder/datasets/New folder/bma pbf tfa/pbs_imgs/FieldPos404_Cam01_RGB_MB/FieldPos404_Cam01_RGB_MB_page_13.png"", ""/mnt/d/New_folder/datasets/New folder/bma pbf tfa/pbs_imgs/FieldPos404_Cam01_RGB_MB/FieldPos404_Cam01_RGB_MB_page_14.png"", ""/mnt/d/New_folder/datasets/New folder/bma pbf tfa/pbs_imgs/FieldPos404_Cam01_RGB_MB/FieldPos404_Cam01_RGB_MB_page_15.png""]",4524210,not available,not available,False,False
e8c5ed3c20367bb0,PBS,13,primary_unbiased,/mnt/d/New_folder/datasets/New folder/bma pbf tfa/pbs_imgs/FieldPos218_Cam01_RGB_MB,9,"[""/mnt/d/New_folder/datasets/New folder/bma pbf tfa/pbs_imgs/FieldPos218_Cam01_RGB_MB/FieldPos218_Cam01_RGB_MB_page_1.png"", ""/mnt/d/New_folder/datasets/New folder/bma pbf tfa/pbs_imgs/FieldPos218_Cam01_RGB_MB/FieldPos218_Cam01_RGB_MB_page_2.png"", ""/mnt/d/New_folder/datasets/New folder/bma pbf tfa/pbs_imgs/FieldPos218_Cam01_RGB_MB/FieldPos218_Cam01_RGB_MB_page_3.png"", ""/mnt/d/New_folder/datasets/New folder/bma pbf tfa/pbs_imgs/FieldPos218_Cam01_RGB_MB/FieldPos218_Cam01_RGB_MB_page_4.png"", ""/mnt/d/New_folder/datasets/New folder/bma pbf tfa/pbs_imgs/FieldPos218_Cam01_RGB_MB/FieldPos218_Cam01_RGB_MB_page_5.png"", ""/mnt/d/New_folder/datasets/New folder/bma pbf tfa/pbs_imgs/FieldPos218_Cam01_RGB_MB/FieldPos218_Cam01_RGB_MB_page_6.png"", ""/mnt/d/New_folder/datasets/New folder/bma pbf tfa/pbs_imgs/FieldPos218_Cam01_RGB_MB/FieldPos218_Cam01_RGB_MB_page_7.png"", ""/mnt/d/New_folder/datasets/New folder/bma pbf tfa/pbs_imgs/FieldPos218_Cam01_RGB_MB/FieldPos218_Cam01_RGB_MB_page_8.png"", ""/mnt/d/New_folder/datasets/New folder/bma pbf tfa/pbs_imgs/FieldPos218_Cam01_RGB_MB/FieldPos218_Cam01_RGB_MB_page_9.png""]",4524210,not available,not available,False,False
470062ff5e7fe3b6,BMA,11,primary_unbiased,/mnt/d/New_folder/datasets/New folder/bma pbf tfa/bma_imgs/pos002_3,14,"[""/mnt/d/New_folder/datasets/New folder/bma pbf tfa/bma_imgs/pos002_3/pos002_3_page_1.png"", ""/mnt/d/New_folder/datasets/New folder/bma pbf tfa/bma_imgs/pos002_3/pos002_3_page_2.png"", ""/mnt/d/New_folder/datasets/New folder/bma pbf tfa/bma_imgs/pos002_3/pos002_3_page_3.png"", ""/mnt/d/New_folder/datasets/New folder/bma pbf tfa/bma_imgs/pos002_3/pos002_3_page_4.png"", ""/mnt/d/New_folder/datasets/New folder/bma pbf tfa/bma_imgs/pos002_3/pos002_3_page_5.png"", ""/mnt/d/New_folder/datasets/New folder/bma pbf tfa/bma_imgs/pos002_3/pos002_3_page_6.png"", ""/mnt/d/New_folder/datasets/New folder/bma pbf tfa/bma_imgs/pos002_3/pos002_3_page_7.png"", ""/mnt/d/New_folder/datasets/New folder/bma pbf tfa/bma_imgs/pos002_3/pos002_3_page_8.png"", ""/mnt/d/New_folder/datasets/New folder/bma pbf tfa/bma_imgs/pos002_3/pos002_3_page_9.png"", ""/mnt/d/New_folder/datasets/New folder/bma pbf tfa/bma_imgs/pos002_3/pos002_3_page_10.png"", ""/mnt/d/New_folder/datasets/New folder/bma pbf tfa/bma_imgs/pos002_3/pos002_3_page_11.png"", ""/mnt/d/New_folder/datasets/New folder/bma pbf tfa/bma_imgs/pos002_3/pos002_3_page_12.png"", ""/mnt/d/New_folder/datasets/New folder/bma pbf tfa/bma_imgs/pos002_3/pos002_3_page_13.png"", ""/mnt/d/New_folder/datasets/New folder/bma pbf tfa/bma_imgs/pos002_3/pos002_3_page_14.png""]",4524210,not available,not available,False,False
7cedb8fdd0d2e9ae,TBF,29,disagreement_enriched_qualitative,/mnt/d/New_folder/datasets/New folder/bma pbf tfa/tbf_imgs/FieldPos005,14,"[""/mnt/d/New_folder/datasets/New folder/bma pbf tfa/tbf_imgs/FieldPos005/FieldPos005_page_1.png"", ""/mnt/d/New_folder/datasets/New folder/bma pbf tfa/tbf_imgs/FieldPos005/FieldPos005_page_2.png"", ""/mnt/d/New_folder/datasets/New folder/bma pbf tfa/tbf_imgs/FieldPos005/FieldPos005_page_3.png"", ""/mnt/d/New_folder/datasets/New folder/bma pbf tfa/tbf_imgs/FieldPos005/FieldPos005_page_4.png"", ""/mnt/d/New_folder/datasets/New folder/bma pbf tfa/tbf_imgs/FieldPos005/FieldPos005_page_5.png"", ""/mnt/d/New_folder/datasets/New folder/bma pbf tfa/tbf_imgs/FieldPos005/FieldPos005_page_6.png"", ""/mnt/d/New_folder/datasets/New folder/bma pbf tfa/tbf_imgs/FieldPos005/FieldPos005_page_7.png"", ""/mnt/d/New_folder/datasets/New folder/bma pbf tfa/tbf_imgs/FieldPos005/FieldPos005_page_8.png"", ""/mnt/d/New_folder/datasets/New folder/bma pbf tfa/tbf_imgs/FieldPos005/FieldPos005_page_9.png"", ""/mnt/d/New_folder/datasets/New folder/bma pbf tfa/tbf_imgs/FieldPos005/FieldPos005_page_10.png"", ""/mnt/d/New_folder/datasets/New folder/bma pbf tfa/tbf_imgs/FieldPos005/FieldPos005_page_11.png"", ""/mnt/d/New_folder/datasets/New folder/bma pbf tfa/tbf_imgs/FieldPos005/FieldPos005_page_12.png"", ""/mnt/d/New_folder/datasets/New folder/bma pbf tfa/tbf_imgs/FieldPos005/FieldPos005_page_13.png"", ""/mnt/d/New_folder/datasets/New folder/bma pbf tfa/tbf_imgs/FieldPos005/FieldPos005_page_14.png""]",4524210,not available,not available,False,False
528934017db150be,PBS,21,primary_unbiased,/mnt/d/New_folder/datasets/New folder/bma pbf tfa/pbs_imgs/FieldPos255_Cam01_RGB_MB,9,"[""/mnt/d/New_folder/datasets/New folder/bma pbf tfa/pbs_imgs/FieldPos255_Cam01_RGB_MB/FieldPos255_Cam01_RGB_MB_page_1.png"", ""/mnt/d/New_folder/datasets/New folder/bma pbf tfa/pbs_imgs/FieldPos255_Cam01_RGB_MB/FieldPos255_Cam01_RGB_MB_page_2.png"", ""/mnt/d/New_folder/datasets/New folder/bma pbf tfa/pbs_imgs/FieldPos255_Cam01_RGB_MB/FieldPos255_Cam01_RGB_MB_page_3.png"", ""/mnt/d/New_folder/datasets/New folder/bma pbf tfa/pbs_imgs/FieldPos255_Cam01_RGB_MB/FieldPos255_Cam01_RGB_MB_page_4.png"", ""/mnt/d/New_folder/datasets/New folder/bma pbf tfa/pbs_imgs/FieldPos255_Cam01_RGB_MB/FieldPos255_Cam01_RGB_MB_page_5.png"", ""/mnt/d/New_folder/datasets/New folder/bma pbf tfa/pbs_imgs/FieldPos255_Cam01_RGB_MB/FieldPos255_Cam01_RGB_MB_page_6.png"", ""/mnt/d/New_folder/datasets/New folder/bma pbf tfa/pbs_imgs/FieldPos255_Cam01_RGB_MB/FieldPos255_Cam01_RGB_MB_page_7.png"", ""/mnt/d/New_folder/datasets/New folder/bma pbf tfa/pbs_imgs/FieldPos255_Cam01_RGB_MB/FieldPos255_Cam01_RGB_MB_page_8.png"", ""/mnt/d/New_folder/datasets/New folder/bma pbf tfa/pbs_imgs/FieldPos255_Cam01_RGB_MB/FieldPos255_Cam01_RGB_MB_page_9.png""]",4524210,not available,not available,False,False
e43b9f16436c6c10,TBF,55,disagreement_enriched_qualitative,/mnt/d/New_folder/datasets/New folder/bma pbf tfa/tbf_imgs/FieldPos017,14,"[""/mnt/d/New_folder/datasets/New folder/bma pbf tfa/tbf_imgs/FieldPos017/FieldPos017_page_1.png"", ""/mnt/d/New_folder/datasets/New folder/bma pbf tfa/tbf_imgs/FieldPos017/FieldPos017_page_2.png"", ""/mnt/d/New_folder/datasets/New folder/bma pbf tfa/tbf_imgs/FieldPos017/FieldPos017_page_3.png"", ""/mnt/d/New_folder/datasets/New folder/bma pbf tfa/tbf_imgs/FieldPos017/FieldPos017_page_4.png"", ""/mnt/d/New_folder/datasets/New folder/bma pbf tfa/tbf_imgs/FieldPos017/FieldPos017_page_5.png"", ""/mnt/d/New_folder/datasets/New folder/bma pbf tfa/tbf_imgs/FieldPos017/FieldPos017_page_6.png"", ""/mnt/d/New_folder/datasets/New folder/bma pbf tfa/tbf_imgs/FieldPos017/FieldPos017_page_7.png"", ""/mnt/d/New_folder/datasets/New folder/bma pbf tfa/tbf_imgs/FieldPos017/FieldPos017_page_8.png"", ""/mnt/d/New_folder/datasets/New folder/bma pbf tfa/tbf_imgs/FieldPos017/FieldPos017_page_9.png"", ""/mnt/d/New_folder/datasets/New folder/bma pbf tfa/tbf_imgs/FieldPos017/FieldPos017_page_10.png"", ""/mnt/d/New_folder/datasets/New folder/bma pbf tfa/tbf_imgs/FieldPos017/FieldPos017_page_11.png"", ""/mnt/d/New_folder/datasets/New folder/bma pbf tfa/tbf_imgs/FieldPos017/FieldPos017_page_12.png"", ""/mnt/d/New_folder/datasets/New folder/bma pbf tfa/tbf_imgs/FieldPos017/FieldPos017_page_13.png"", ""/mnt/d/New_folder/datasets/New folder/bma pbf tfa/tbf_imgs/FieldPos017/FieldPos017_page_14.png""]",4524210,not available,not available,False,False
daae2b8e8841d57e,BMA,3,disagreement_enriched_qualitative,/mnt/d/New_folder/datasets/New folder/bma pbf tfa/bma_imgs/pos000_3,14,"[""/mnt/d/New_folder/datasets/New folder/bma pbf tfa/bma_imgs/pos000_3/pos000_3_page_1.png"", ""/mnt/d/New_folder/datasets/New folder/bma pbf tfa/bma_imgs/pos000_3/pos000_3_page_2.png"", ""/mnt/d/New_folder/datasets/New folder/bma pbf tfa/bma_imgs/pos000_3/pos000_3_page_3.png"", ""/mnt/d/New_folder/datasets/New folder/bma pbf tfa/bma_imgs/pos000_3/pos000_3_page_4.png"", ""/mnt/d/New_folder/datasets/New folder/bma pbf tfa/bma_imgs/pos000_3/pos000_3_page_5.png"", ""/mnt/d/New_folder/datasets/New folder/bma pbf tfa/bma_imgs/pos000_3/pos000_3_page_6.png"", ""/mnt/d/New_folder/datasets/New folder/bma pbf tfa/bma_imgs/pos000_3/pos000_3_page_7.png"", ""/mnt/d/New_folder/datasets/New folder/bma pbf tfa/bma_imgs/pos000_3/pos000_3_page_8.png"", ""/mnt/d/New_folder/datasets/New folder/bma pbf tfa/bma_imgs/pos000_3/pos000_3_page_9.png"", ""/mnt/d/New_folder/datasets/New folder/bma pbf tfa/bma_imgs/pos000_3/pos000_3_page_10.png"", ""/mnt/d/New_folder/datasets/New folder/bma pbf tfa/bma_imgs/pos000_3/pos000_3_page_11.png"", ""/mnt/d/New_folder/datasets/New folder/bma pbf tfa/bma_imgs/pos000_3/pos000_3_page_12.png"", ""/mnt/d/New_folder/datasets/New folder/bma pbf tfa/bma_imgs/pos000_3/pos000_3_page_13.png"", ""/mnt/d/New_folder/datasets/New folder/bma pbf tfa/bma_imgs/pos000_3/pos000_3_page_14.png""]",4524210,not available,not available,False,False
b0c371562b676413,TBF,157,primary_unbiased,/mnt/d/New_folder/datasets/New folder/bma pbf tfa/tbf_imgs/FieldPos100,14,"[""/mnt/d/New_folder/datasets/New folder/bma pbf tfa/tbf_imgs/FieldPos100/FieldPos100_page_1.png"", ""/mnt/d/New_folder/datasets/New folder/bma pbf tfa/tbf_imgs/FieldPos100/FieldPos100_page_2.png"", ""/mnt/d/New_folder/datasets/New folder/bma pbf tfa/tbf_imgs/FieldPos100/FieldPos100_page_3.png"", ""/mnt/d/New_folder/datasets/New folder/bma pbf tfa/tbf_imgs/FieldPos100/FieldPos100_page_4.png"", ""/mnt/d/New_folder/datasets/New folder/bma pbf tfa/tbf_imgs/FieldPos100/FieldPos100_page_5.png"", ""/mnt/d/New_folder/datasets/New folder/bma pbf tfa/tbf_imgs/FieldPos100/FieldPos100_page_6.png"", ""/mnt/d/New_folder/datasets/New folder/bma pbf tfa/tbf_imgs/FieldPos100/FieldPos100_page_7.png"", ""/mnt/d/New_folder/datasets/New folder/bma pbf tfa/tbf_imgs/FieldPos100/FieldPos100_page_8.png"", ""/mnt/d/New_folder/datasets/New folder/bma pbf tfa/tbf_imgs/FieldPos100/FieldPos100_page_9.png"", ""/mnt/d/New_folder/datasets/New folder/bma pbf tfa/tbf_imgs/FieldPos100/FieldPos100_page_10.png"", ""/mnt/d/New_folder/datasets/New folder/bma pbf tfa/tbf_imgs/FieldPos100/FieldPos100_page_11.png"", ""/mnt/d/New_folder/datasets/New folder/bma pbf tfa/tbf_imgs/FieldPos100/FieldPos100_page_12.png"", ""/mnt/d/New_folder/datasets/New folder/bma pbf tfa/tbf_imgs/FieldPos100/FieldPos100_page_13.png"", ""/mnt/d/New_folder/datasets/New folder/bma pbf tfa/tbf_imgs/FieldPos100/FieldPos100_page_14.png""]",4524210,not available,not available,False,False
e6e2f373568a2eef,BMA,37,primary_unbiased,/mnt/d/New_folder/datasets/New folder/bma pbf tfa/bma_imgs/pos009_1,14,"[""/mnt/d/New_folder/datasets/New folder/bma pbf tfa/bma_imgs/pos009_1/pos009_1_page_1.png"", ""/mnt/d/New_folder/datasets/New folder/bma pbf tfa/bma_imgs/pos009_1/pos009_1_page_2.png"", ""/mnt/d/New_folder/datasets/New folder/bma pbf tfa/bma_imgs/pos009_1/pos009_1_page_3.png"", ""/mnt/d/New_folder/datasets/New folder/bma pbf tfa/bma_imgs/pos009_1/pos009_1_page_4.png"", ""/mnt/d/New_folder/datasets/New folder/bma pbf tfa/bma_imgs/pos009_1/pos009_1_page_5.png"", ""/mnt/d/New_folder/datasets/New folder/bma pbf tfa/bma_imgs/pos009_1/pos009_1_page_6.png"", ""/mnt/d/New_folder/datasets/New folder/bma pbf tfa/bma_imgs/pos009_1/pos009_1_page_7.png"", ""/mnt/d/New_folder/datasets/New folder/bma pbf tfa/bma_imgs/pos009_1/pos009_1_page_8.png"", ""/mnt/d/New_folder/datasets/New folder/bma pbf tfa/bma_imgs/pos009_1/pos009_1_page_9.png"", ""/mnt/d/New_folder/datasets/New folder/bma pbf tfa/bma_imgs/pos009_1/pos009_1_page_10.png"", ""/mnt/d/New_folder/datasets/New folder/bma pbf tfa/bma_imgs/pos009_1/pos009_1_page_11.png"", ""/mnt/d/New_folder/datasets/New folder/bma pbf tfa/bma_imgs/pos009_1/pos009_1_page_12.png"", ""/mnt/d/New_folder/datasets/New folder/bma pbf tfa/bma_imgs/pos009_1/pos009_1_page_13.png"", ""/mnt/d/New_folder/datasets/New folder/bma pbf tfa/bma_imgs/pos009_1/pos009_1_page_14.png""]",4524210,not available,not available,False,False
7db236e8d77e9b8e,PBS,21,disagreement_enriched_qualitative,/mnt/d/New_folder/datasets/New folder/bma pbf tfa/pbs_imgs/FieldPos255_Cam01_RGB_MB,9,"[""/mnt/d/New_folder/datasets/New folder/bma pbf tfa/pbs_imgs/FieldPos255_Cam01_RGB_MB/FieldPos255_Cam01_RGB_MB_page_1.png"", ""/mnt/d/New_folder/datasets/New folder/bma pbf tfa/pbs_imgs/FieldPos255_Cam01_RGB_MB/FieldPos255_Cam01_RGB_MB_page_2.png"", ""/mnt/d/New_folder/datasets/New folder/bma pbf tfa/pbs_imgs/FieldPos255_Cam01_RGB_MB/FieldPos255_Cam01_RGB_MB_page_3.png"", ""/mnt/d/New_folder/datasets/New folder/bma pbf tfa/pbs_imgs/FieldPos255_Cam01_RGB_MB/FieldPos255_Cam01_RGB_MB_page_4.png"", ""/mnt/d/New_folder/datasets/New folder/bma pbf tfa/pbs_imgs/FieldPos255_Cam01_RGB_MB/FieldPos255_Cam01_RGB_MB_page_5.png"", ""/mnt/d/New_folder/datasets/New folder/bma pbf tfa/pbs_imgs/FieldPos255_Cam01_RGB_MB/FieldPos255_Cam01_RGB_MB_page_6.png"", ""/mnt/d/New_folder/datasets/New folder/bma pbf tfa/pbs_imgs/FieldPos255_Cam01_RGB_MB/FieldPos255_Cam01_RGB_MB_page_7.png"", ""/mnt/d/New_folder/datasets/New folder/bma pbf tfa/pbs_imgs/FieldPos255_Cam01_RGB_MB/FieldPos255_Cam01_RGB_MB_page_8.png"", ""/mnt/d/New_folder/datasets/New folder/bma pbf tfa/pbs_imgs/FieldPos255_Cam01_RGB_MB/FieldPos255_Cam01_RGB_MB_page_9.png""]",4524210,not available,not available,False,False
ada84b83bca1f1b0,TBF,76,primary_unbiased,/mnt/d/New_folder/datasets/New folder/bma pbf tfa/tbf_imgs/FieldPos032,14,"[""/mnt/d/New_folder/datasets/New folder/bma pbf tfa/tbf_imgs/FieldPos032/FieldPos032_page_1.png"", ""/mnt/d/New_folder/datasets/New folder/bma pbf tfa/tbf_imgs/FieldPos032/FieldPos032_page_2.png"", ""/mnt/d/New_folder/datasets/New folder/bma pbf tfa/tbf_imgs/FieldPos032/FieldPos032_page_3.png"", ""/mnt/d/New_folder/datasets/New folder/bma pbf tfa/tbf_imgs/FieldPos032/FieldPos032_page_4.png"", ""/mnt/d/New_folder/datasets/New folder/bma pbf tfa/tbf_imgs/FieldPos032/FieldPos032_page_5.png"", ""/mnt/d/New_folder/datasets/New folder/bma pbf tfa/tbf_imgs/FieldPos032/FieldPos032_page_6.png"", ""/mnt/d/New_folder/datasets/New folder/bma pbf tfa/tbf_imgs/FieldPos032/FieldPos032_page_7.png"", ""/mnt/d/New_folder/datasets/New folder/bma pbf tfa/tbf_imgs/FieldPos032/FieldPos032_page_8.png"", ""/mnt/d/New_folder/datasets/New folder/bma pbf tfa/tbf_imgs/FieldPos032/FieldPos032_page_9.png"", ""/mnt/d/New_folder/datasets/New folder/bma pbf tfa/tbf_imgs/FieldPos032/FieldPos032_page_10.png"", ""/mnt/d/New_folder/datasets/New folder/bma pbf tfa/tbf_imgs/FieldPos032/FieldPos032_page_11.png"", ""/mnt/d/New_folder/datasets/New folder/bma pbf tfa/tbf_imgs/FieldPos032/FieldPos032_page_12.png"", ""/mnt/d/New_folder/datasets/New folder/bma pbf tfa/tbf_imgs/FieldPos032/FieldPos032_page_13.png"", ""/mnt/d/New_folder/datasets/New folder/bma pbf tfa/tbf_imgs/FieldPos032/FieldPos032_page_14.png""]",4524210,not available,not available,False,False
b2e0b4c3c2fd9408,TBI,14,primary_unbiased,/mnt/d/New_folder/datasets/New folder/TBSI/folders/HL5,10,"[""/mnt/d/New_folder/datasets/New folder/TBSI/folders/HL5/HL5 (1).JPG"", ""/mnt/d/New_folder/datasets/New folder/TBSI/folders/HL5/HL5 (2).JPG"", ""/mnt/d/New_folder/datasets/New folder/TBSI/folders/HL5/HL5 (3).JPG"", ""/mnt/d/New_folder/datasets/New folder/TBSI/folders/HL5/HL5 (4).JPG"", ""/mnt/d/New_folder/datasets/New folder/TBSI/folders/HL5/HL5 (5).JPG"", ""/mnt/d/New_folder/datasets/New folder/TBSI/folders/HL5/HL5 (6).JPG"", ""/mnt/d/New_folder/datasets/New folder/TBSI/folders/HL5/HL5 (7).JPG"", ""/mnt/d/New_folder/datasets/New folder/TBSI/folders/HL5/HL5 (8).JPG"", ""/mnt/d/New_folder/datasets/New folder/TBSI/folders/HL5/HL5 (9).JPG"", ""/mnt/d/New_folder/datasets/New folder/TBSI/folders/HL5/HL5 (10).JPG""]",4524210,not available,not available,False,False
e809bbc713724987,PBS,40,primary_unbiased,/mnt/d/New_folder/datasets/New folder/bma pbf tfa/pbs_imgs/FieldPos362_Cam01_RGB_MB,15,"[""/mnt/d/New_folder/datasets/New folder/bma pbf tfa/pbs_imgs/FieldPos362_Cam01_RGB_MB/FieldPos362_Cam01_RGB_MB_page_1.png"", ""/mnt/d/New_folder/datasets/New folder/bma pbf tfa/pbs_imgs/FieldPos362_Cam01_RGB_MB/FieldPos362_Cam01_RGB_MB_page_2.png"", ""/mnt/d/New_folder/datasets/New folder/bma pbf tfa/pbs_imgs/FieldPos362_Cam01_RGB_MB/FieldPos362_Cam01_RGB_MB_page_3.png"", ""/mnt/d/New_folder/datasets/New folder/bma pbf tfa/pbs_imgs/FieldPos362_Cam01_RGB_MB/FieldPos362_Cam01_RGB_MB_page_4.png"", ""/mnt/d/New_folder/datasets/New folder/bma pbf tfa/pbs_imgs/FieldPos362_Cam01_RGB_MB/FieldPos362_Cam01_RGB_MB_page_5.png"", ""/mnt/d/New_folder/datasets/New folder/bma pbf tfa/pbs_imgs/FieldPos362_Cam01_RGB_MB/FieldPos362_Cam01_RGB_MB_page_6.png"", ""/mnt/d/New_folder/datasets/New folder/bma pbf tfa/pbs_imgs/FieldPos362_Cam01_RGB_MB/FieldPos362_Cam01_RGB_MB_page_7.png"", ""/mnt/d/New_folder/datasets/New folder/bma pbf tfa/pbs_imgs/FieldPos362_Cam01_RGB_MB/FieldPos362_Cam01_RGB_MB_page_8.png"", ""/mnt/d/New_folder/datasets/New folder/bma pbf tfa/pbs_imgs/FieldPos362_Cam01_RGB_MB/FieldPos362_Cam01_RGB_MB_page_9.png"", ""/mnt/d/New_folder/datasets/New folder/bma pbf tfa/pbs_imgs/FieldPos362_Cam01_RGB_MB/FieldPos362_Cam01_RGB_MB_page_10.png"", ""/mnt/d/New_folder/datasets/New folder/bma pbf tfa/pbs_imgs/FieldPos362_Cam01_RGB_MB/FieldPos362_Cam01_RGB_MB_page_11.png"", ""/mnt/d/New_folder/datasets/New folder/bma pbf tfa/pbs_imgs/FieldPos362_Cam01_RGB_MB/FieldPos362_Cam01_RGB_MB_page_12.png"", ""/mnt/d/New_folder/datasets/New folder/bma pbf tfa/pbs_imgs/FieldPos362_Cam01_RGB_MB/FieldPos362_Cam01_RGB_MB_page_13.png"", ""/mnt/d/New_folder/datasets/New folder/bma pbf tfa/pbs_imgs/FieldPos362_Cam01_RGB_MB/FieldPos362_Cam01_RGB_MB_page_14.png"", ""/mnt/d/New_folder/datasets/New folder/bma pbf tfa/pbs_imgs/FieldPos362_Cam01_RGB_MB/FieldPos362_Cam01_RGB_MB_page_15.png""]",4524210,not available,not available,False,False
e5ad4ae8b87411eb,TBI,21,primary_unbiased,/mnt/d/New_folder/datasets/New folder/TBSI/folders/LH2,10,"[""/mnt/d/New_folder/datasets/New folder/TBSI/folders/LH2/LH2 (1).JPG"", ""/mnt/d/New_folder/datasets/New folder/TBSI/folders/LH2/LH2 (2).JPG"", ""/mnt/d/New_folder/datasets/New folder/TBSI/folders/LH2/LH2 (3).JPG"", ""/mnt/d/New_folder/datasets/New folder/TBSI/folders/LH2/LH2 (4).JPG"", ""/mnt/d/New_folder/datasets/New folder/TBSI/folders/LH2/LH2 (5).JPG"", ""/mnt/d/New_folder/datasets/New folder/TBSI/folders/LH2/LH2 (6).JPG"", ""/mnt/d/New_folder/datasets/New folder/TBSI/folders/LH2/LH2 (7).JPG"", ""/mnt/d/New_folder/datasets/New folder/TBSI/folders/LH2/LH2 (8).JPG"", ""/mnt/d/New_folder/datasets/New folder/TBSI/folders/LH2/LH2 (9).JPG"", ""/mnt/d/New_folder/datasets/New folder/TBSI/folders/LH2/LH2 (10).JPG""]",4524210,not available,not available,False,False
40151ff40a2f7258,WBC,2132,primary_unbiased,/mnt/d/New_folder/datasets/WBC_dataset1/2132,10,"[""/mnt/d/New_folder/datasets/WBC_dataset1/2132/2132_0.jpg"", ""/mnt/d/New_folder/datasets/WBC_dataset1/2132/2132_1.jpg"", ""/mnt/d/New_folder/datasets/WBC_dataset1/2132/2132_2.jpg"", ""/mnt/d/New_folder/datasets/WBC_dataset1/2132/2132_3.jpg"", ""/mnt/d/New_folder/datasets/WBC_dataset1/2132/2132_4.jpg"", ""/mnt/d/New_folder/datasets/WBC_dataset1/2132/2132_5.jpg"", ""/mnt/d/New_folder/datasets/WBC_dataset1/2132/2132_6.jpg"", ""/mnt/d/New_folder/datasets/WBC_dataset1/2132/2132_7.jpg"", ""/mnt/d/New_folder/datasets/WBC_dataset1/2132/2132_8.jpg"", ""/mnt/d/New_folder/datasets/WBC_dataset1/2132/2132_9.jpg""]",4524210,WBC_slide_9,not available,False,False
70ce47a5d7c2d40e,BMA,15,primary_unbiased,/mnt/d/New_folder/datasets/New folder/bma pbf tfa/bma_imgs/pos003_3,14,"[""/mnt/d/New_folder/datasets/New folder/bma pbf tfa/bma_imgs/pos003_3/pos003_3_page_1.png"", ""/mnt/d/New_folder/datasets/New folder/bma pbf tfa/bma_imgs/pos003_3/pos003_3_page_2.png"", ""/mnt/d/New_folder/datasets/New folder/bma pbf tfa/bma_imgs/pos003_3/pos003_3_page_3.png"", ""/mnt/d/New_folder/datasets/New folder/bma pbf tfa/bma_imgs/pos003_3/pos003_3_page_4.png"", ""/mnt/d/New_folder/datasets/New folder/bma pbf tfa/bma_imgs/pos003_3/pos003_3_page_5.png"", ""/mnt/d/New_folder/datasets/New folder/bma pbf tfa/bma_imgs/pos003_3/pos003_3_page_6.png"", ""/mnt/d/New_folder/datasets/New folder/bma pbf tfa/bma_imgs/pos003_3/pos003_3_page_7.png"", ""/mnt/d/New_folder/datasets/New folder/bma pbf tfa/bma_imgs/pos003_3/pos003_3_page_8.png"", ""/mnt/d/New_folder/datasets/New folder/bma pbf tfa/bma_imgs/pos003_3/pos003_3_page_9.png"", ""/mnt/d/New_folder/datasets/New folder/bma pbf tfa/bma_imgs/pos003_3/pos003_3_page_10.png"", ""/mnt/d/New_folder/datasets/New folder/bma pbf tfa/bma_imgs/pos003_3/pos003_3_page_11.png"", ""/mnt/d/New_folder/datasets/New folder/bma pbf tfa/bma_imgs/pos003_3/pos003_3_page_12.png"", ""/mnt/d/New_folder/datasets/New folder/bma pbf tfa/bma_imgs/pos003_3/pos003_3_page_13.png"", ""/mnt/d/New_folder/datasets/New folder/bma pbf tfa/bma_imgs/pos003_3/pos003_3_page_14.png""]",4524210,not available,not available,False,False
fb9a68fc5b6d8f4a,PBS,43,primary_unbiased,/mnt/d/New_folder/datasets/New folder/bma pbf tfa/pbs_imgs/FieldPos375_Cam01_RGB_MB,15,"[""/mnt/d/New_folder/datasets/New folder/bma pbf tfa/pbs_imgs/FieldPos375_Cam01_RGB_MB/FieldPos375_Cam01_RGB_MB_page_1.png"", ""/mnt/d/New_folder/datasets/New folder/bma pbf tfa/pbs_imgs/FieldPos375_Cam01_RGB_MB/FieldPos375_Cam01_RGB_MB_page_2.png"", ""/mnt/d/New_folder/datasets/New folder/bma pbf tfa/pbs_imgs/FieldPos375_Cam01_RGB_MB/FieldPos375_Cam01_RGB_MB_page_3.png"", ""/mnt/d/New_folder/datasets/New folder/bma pbf tfa/pbs_imgs/FieldPos375_Cam01_RGB_MB/FieldPos375_Cam01_RGB_MB_page_4.png"", ""/mnt/d/New_folder/datasets/New folder/bma pbf tfa/pbs_imgs/FieldPos375_Cam01_RGB_MB/FieldPos375_Cam01_RGB_MB_page_5.png"", ""/mnt/d/New_folder/datasets/New folder/bma pbf tfa/pbs_imgs/FieldPos375_Cam01_RGB_MB/FieldPos375_Cam01_RGB_MB_page_6.png"", ""/mnt/d/New_folder/datasets/New folder/bma pbf tfa/pbs_imgs/FieldPos375_Cam01_RGB_MB/FieldPos375_Cam01_RGB_MB_page_7.png"", ""/mnt/d/New_folder/datasets/New folder/bma pbf tfa/pbs_imgs/FieldPos375_Cam01_RGB_MB/FieldPos375_Cam01_RGB_MB_page_8.png"", ""/mnt/d/New_folder/datasets/New folder/bma pbf tfa/pbs_imgs/FieldPos375_Cam01_RGB_MB/FieldPos375_Cam01_RGB_MB_page_9.png"", ""/mnt/d/New_folder/datasets/New folder/bma pbf tfa/pbs_imgs/FieldPos375_Cam01_RGB_MB/FieldPos375_Cam01_RGB_MB_page_10.png"", ""/mnt/d/New_folder/datasets/New folder/bma pbf tfa/pbs_imgs/FieldPos375_Cam01_RGB_MB/FieldPos375_Cam01_RGB_MB_page_11.png"", ""/mnt/d/New_folder/datasets/New folder/bma pbf tfa/pbs_imgs/FieldPos375_Cam01_RGB_MB/FieldPos375_Cam01_RGB_MB_page_12.png"", ""/mnt/d/New_folder/datasets/New folder/bma pbf tfa/pbs_imgs/FieldPos375_Cam01_RGB_MB/FieldPos375_Cam01_RGB_MB_page_13.png"", ""/mnt/d/New_folder/datasets/New folder/bma pbf tfa/pbs_imgs/FieldPos375_Cam01_RGB_MB/FieldPos375_Cam01_RGB_MB_page_14.png"", ""/mnt/d/New_folder/datasets/New folder/bma pbf tfa/pbs_imgs/FieldPos375_Cam01_RGB_MB/FieldPos375_Cam01_RGB_MB_page_15.png""]",4524210,not available,not available,False,False
bbe7364ba583c38f,WBC,12465,primary_unbiased,/mnt/d/New_folder/datasets/WBC_dataset1/12465,10,"[""/mnt/d/New_folder/datasets/WBC_dataset1/12465/12465_0.jpg"", ""/mnt/d/New_folder/datasets/WBC_dataset1/12465/12465_1.jpg"", ""/mnt/d/New_folder/datasets/WBC_dataset1/12465/12465_2.jpg"", ""/mnt/d/New_folder/datasets/WBC_dataset1/12465/12465_3.jpg"", ""/mnt/d/New_folder/datasets/WBC_dataset1/12465/12465_4.jpg"", ""/mnt/d/New_folder/datasets/WBC_dataset1/12465/12465_5.jpg"", ""/mnt/d/New_folder/datasets/WBC_dataset1/12465/12465_6.jpg"", ""/mnt/d/New_folder/datasets/WBC_dataset1/12465/12465_7.jpg"", ""/mnt/d/New_folder/datasets/WBC_dataset1/12465/12465_8.jpg"", ""/mnt/d/New_folder/datasets/WBC_dataset1/12465/12465_9.jpg""]",4524210,WBC_slide_147,not available,False,False
49292a66b1ad0e6d,TBI,15,primary_unbiased,/mnt/d/New_folder/datasets/New folder/TBSI/folders/HL6,10,"[""/mnt/d/New_folder/datasets/New folder/TBSI/folders/HL6/HL6 (1).JPG"", ""/mnt/d/New_folder/datasets/New folder/TBSI/folders/HL6/HL6 (2).JPG"", ""/mnt/d/New_folder/datasets/New folder/TBSI/folders/HL6/HL6 (3).JPG"", ""/mnt/d/New_folder/datasets/New folder/TBSI/folders/HL6/HL6 (4).JPG"", ""/mnt/d/New_folder/datasets/New folder/TBSI/folders/HL6/HL6 (5).JPG"", ""/mnt/d/New_folder/datasets/New folder/TBSI/folders/HL6/HL6 (6).JPG"", ""/mnt/d/New_folder/datasets/New folder/TBSI/folders/HL6/HL6 (7).JPG"", ""/mnt/d/New_folder/datasets/New folder/TBSI/folders/HL6/HL6 (8).JPG"", ""/mnt/d/New_folder/datasets/New folder/TBSI/folders/HL6/HL6 (9).JPG"", ""/mnt/d/New_folder/datasets/New folder/TBSI/folders/HL6/HL6 (10).JPG""]",4524210,not available,not available,False,False
d811d5f1df4cf813,TBF,102,disagreement_enriched_qualitative,/mnt/d/New_folder/datasets/New folder/bma pbf tfa/tbf_imgs/FieldPos051,14,"[""/mnt/d/New_folder/datasets/New folder/bma pbf tfa/tbf_imgs/FieldPos051/FieldPos051_page_1.png"", ""/mnt/d/New_folder/datasets/New folder/bma pbf tfa/tbf_imgs/FieldPos051/FieldPos051_page_2.png"", ""/mnt/d/New_folder/datasets/New folder/bma pbf tfa/tbf_imgs/FieldPos051/FieldPos051_page_3.png"", ""/mnt/d/New_folder/datasets/New folder/bma pbf tfa/tbf_imgs/FieldPos051/FieldPos051_page_4.png"", ""/mnt/d/New_folder/datasets/New folder/bma pbf tfa/tbf_imgs/FieldPos051/FieldPos051_page_5.png"", ""/mnt/d/New_folder/datasets/New folder/bma pbf tfa/tbf_imgs/FieldPos051/FieldPos051_page_6.png"", ""/mnt/d/New_folder/datasets/New folder/bma pbf tfa/tbf_imgs/FieldPos051/FieldPos051_page_7.png"", ""/mnt/d/New_folder/datasets/New folder/bma pbf tfa/tbf_imgs/FieldPos051/FieldPos051_page_8.png"", ""/mnt/d/New_folder/datasets/New folder/bma pbf tfa/tbf_imgs/FieldPos051/FieldPos051_page_9.png"", ""/mnt/d/New_folder/datasets/New folder/bma pbf tfa/tbf_imgs/FieldPos051/FieldPos051_page_10.png"", ""/mnt/d/New_folder/datasets/New folder/bma pbf tfa/tbf_imgs/FieldPos051/FieldPos051_page_11.png"", ""/mnt/d/New_folder/datasets/New folder/bma pbf tfa/tbf_imgs/FieldPos051/FieldPos051_page_12.png"", ""/mnt/d/New_folder/datasets/New folder/bma pbf tfa/tbf_imgs/FieldPos051/FieldPos051_page_13.png"", ""/mnt/d/New_folder/datasets/New folder/bma pbf tfa/tbf_imgs/FieldPos051/FieldPos051_page_14.png""]",4524210,not available,not available,False,False
b5f1a6be6d77ca84,BMA,22,primary_unbiased,/mnt/d/New_folder/datasets/New folder/bma pbf tfa/bma_imgs/pos005_2,14,"[""/mnt/d/New_folder/datasets/New folder/bma pbf tfa/bma_imgs/pos005_2/pos005_2_page_1.png"", ""/mnt/d/New_folder/datasets/New folder/bma pbf tfa/bma_imgs/pos005_2/pos005_2_page_2.png"", ""/mnt/d/New_folder/datasets/New folder/bma pbf tfa/bma_imgs/pos005_2/pos005_2_page_3.png"", ""/mnt/d/New_folder/datasets/New folder/bma pbf tfa/bma_imgs/pos005_2/pos005_2_page_4.png"", ""/mnt/d/New_folder/datasets/New folder/bma pbf tfa/bma_imgs/pos005_2/pos005_2_page_5.png"", ""/mnt/d/New_folder/datasets/New folder/bma pbf tfa/bma_imgs/pos005_2/pos005_2_page_6.png"", ""/mnt/d/New_folder/datasets/New folder/bma pbf tfa/bma_imgs/pos005_2/pos005_2_page_7.png"", ""/mnt/d/New_folder/datasets/New folder/bma pbf tfa/bma_imgs/pos005_2/pos005_2_page_8.png"", ""/mnt/d/New_folder/datasets/New folder/bma pbf tfa/bma_imgs/pos005_2/pos005_2_page_9.png"", ""/mnt/d/New_folder/datasets/New folder/bma pbf tfa/bma_imgs/pos005_2/pos005_2_page_10.png"", ""/mnt/d/New_folder/datasets/New folder/bma pbf tfa/bma_imgs/pos005_2/pos005_2_page_11.png"", ""/mnt/d/New_folder/datasets/New folder/bma pbf tfa/bma_imgs/pos005_2/pos005_2_page_12.png"", ""/mnt/d/New_folder/datasets/New folder/bma pbf tfa/bma_imgs/pos005_2/pos005_2_page_13.png"", ""/mnt/d/New_folder/datasets/New folder/bma pbf tfa/bma_imgs/pos005_2/pos005_2_page_14.png""]",4524210,not available,not available,False,False
dc1c4478bb27b35c,TBI,13,primary_unbiased,/mnt/d/New_folder/datasets/New folder/TBSI/folders/HL4,10,"[""/mnt/d/New_folder/datasets/New folder/TBSI/folders/HL4/HL4 (1).JPG"", ""/mnt/d/New_folder/datasets/New folder/TBSI/folders/HL4/HL4 (2).JPG"", ""/mnt/d/New_folder/datasets/New folder/TBSI/folders/HL4/HL4 (3).JPG"", ""/mnt/d/New_folder/datasets/New folder/TBSI/folders/HL4/HL4 (4).JPG"", ""/mnt/d/New_folder/datasets/New folder/TBSI/folders/HL4/HL4 (5).JPG"", ""/mnt/d/New_folder/datasets/New folder/TBSI/folders/HL4/HL4 (6).JPG"", ""/mnt/d/New_folder/datasets/New folder/TBSI/folders/HL4/HL4 (7).JPG"", ""/mnt/d/New_folder/datasets/New folder/TBSI/folders/HL4/HL4 (8).JPG"", ""/mnt/d/New_folder/datasets/New folder/TBSI/folders/HL4/HL4 (9).JPG"", ""/mnt/d/New_folder/datasets/New folder/TBSI/folders/HL4/HL4 (10).JPG""]",4524210,not available,not available,False,False
6f2f06b457fbfb59,WBC,12218,primary_unbiased,/mnt/d/New_folder/datasets/WBC_dataset1/12218,10,"[""/mnt/d/New_folder/datasets/WBC_dataset1/12218/12218_0.jpg"", ""/mnt/d/New_folder/datasets/WBC_dataset1/12218/12218_1.jpg"", ""/mnt/d/New_folder/datasets/WBC_dataset1/12218/12218_2.jpg"", ""/mnt/d/New_folder/datasets/WBC_dataset1/12218/12218_3.jpg"", ""/mnt/d/New_folder/datasets/WBC_dataset1/12218/12218_4.jpg"", ""/mnt/d/New_folder/datasets/WBC_dataset1/12218/12218_5.jpg"", ""/mnt/d/New_folder/datasets/WBC_dataset1/12218/12218_6.jpg"", ""/mnt/d/New_folder/datasets/WBC_dataset1/12218/12218_7.jpg"", ""/mnt/d/New_folder/datasets/WBC_dataset1/12218/12218_8.jpg"", ""/mnt/d/New_folder/datasets/WBC_dataset1/12218/12218_9.jpg""]",4524210,WBC_slide_122,not available,False,False
a026671c437fedf8,WBC,23475,primary_unbiased,/mnt/d/New_folder/datasets/WBC_dataset1/23475,10,"[""/mnt/d/New_folder/datasets/WBC_dataset1/23475/23475_0.jpg"", ""/mnt/d/New_folder/datasets/WBC_dataset1/23475/23475_1.jpg"", ""/mnt/d/New_folder/datasets/WBC_dataset1/23475/23475_2.jpg"", ""/mnt/d/New_folder/datasets/WBC_dataset1/23475/23475_3.jpg"", ""/mnt/d/New_folder/datasets/WBC_dataset1/23475/23475_4.jpg"", ""/mnt/d/New_folder/datasets/WBC_dataset1/23475/23475_5.jpg"", ""/mnt/d/New_folder/datasets/WBC_dataset1/23475/23475_6.jpg"", ""/mnt/d/New_folder/datasets/WBC_dataset1/23475/23475_7.jpg"", ""/mnt/d/New_folder/datasets/WBC_dataset1/23475/23475_8.jpg"", ""/mnt/d/New_folder/datasets/WBC_dataset1/23475/23475_9.jpg""]",4524210,WBC_slide_200,not available,False,False
0a2c0d9bed0ca5f4,TBF,45,disagreement_enriched_qualitative,/mnt/d/New_folder/datasets/New folder/bma pbf tfa/tbf_imgs/FieldPos012,14,"[""/mnt/d/New_folder/datasets/New folder/bma pbf tfa/tbf_imgs/FieldPos012/FieldPos012_page_1.png"", ""/mnt/d/New_folder/datasets/New folder/bma pbf tfa/tbf_imgs/FieldPos012/FieldPos012_page_2.png"", ""/mnt/d/New_folder/datasets/New folder/bma pbf tfa/tbf_imgs/FieldPos012/FieldPos012_page_3.png"", ""/mnt/d/New_folder/datasets/New folder/bma pbf tfa/tbf_imgs/FieldPos012/FieldPos012_page_4.png"", ""/mnt/d/New_folder/datasets/New folder/bma pbf tfa/tbf_imgs/FieldPos012/FieldPos012_page_5.png"", ""/mnt/d/New_folder/datasets/New folder/bma pbf tfa/tbf_imgs/FieldPos012/FieldPos012_page_6.png"", ""/mnt/d/New_folder/datasets/New folder/bma pbf tfa/tbf_imgs/FieldPos012/FieldPos012_page_7.png"", ""/mnt/d/New_folder/datasets/New folder/bma pbf tfa/tbf_imgs/FieldPos012/FieldPos012_page_8.png"", ""/mnt/d/New_folder/datasets/New folder/bma pbf tfa/tbf_imgs/FieldPos012/FieldPos012_page_9.png"", ""/mnt/d/New_folder/datasets/New folder/bma pbf tfa/tbf_imgs/FieldPos012/FieldPos012_page_10.png"", ""/mnt/d/New_folder/datasets/New folder/bma pbf tfa/tbf_imgs/FieldPos012/FieldPos012_page_11.png"", ""/mnt/d/New_folder/datasets/New folder/bma pbf tfa/tbf_imgs/FieldPos012/FieldPos012_page_12.png"", ""/mnt/d/New_folder/datasets/New folder/bma pbf tfa/tbf_imgs/FieldPos012/FieldPos012_page_13.png"", ""/mnt/d/New_folder/datasets/New folder/bma pbf tfa/tbf_imgs/FieldPos012/FieldPos012_page_14.png""]",4524210,not available,not available,False,False
b43f31421cdde3b2,TBI,0,primary_unbiased,/mnt/d/New_folder/datasets/New folder/TBSI/folders/HH1,10,"[""/mnt/d/New_folder/datasets/New folder/TBSI/folders/HH1/HH1 (1).JPG"", ""/mnt/d/New_folder/datasets/New folder/TBSI/folders/HH1/HH1 (2).JPG"", ""/mnt/d/New_folder/datasets/New folder/TBSI/folders/HH1/HH1 (3).JPG"", ""/mnt/d/New_folder/datasets/New folder/TBSI/folders/HH1/HH1 (4).JPG"", ""/mnt/d/New_folder/datasets/New folder/TBSI/folders/HH1/HH1 (5).JPG"", ""/mnt/d/New_folder/datasets/New folder/TBSI/folders/HH1/HH1 (6).JPG"", ""/mnt/d/New_folder/datasets/New folder/TBSI/folders/HH1/HH1 (7).JPG"", ""/mnt/d/New_folder/datasets/New folder/TBSI/folders/HH1/HH1 (8).JPG"", ""/mnt/d/New_folder/datasets/New folder/TBSI/folders/HH1/HH1 (9).JPG"", ""/mnt/d/New_folder/datasets/New folder/TBSI/folders/HH1/HH1 (10).JPG""]",4524210,not available,not available,False,False
81f977702c657e55,BMA,27,primary_unbiased,/mnt/d/New_folder/datasets/New folder/bma pbf tfa/bma_imgs/pos006_3,14,"[""/mnt/d/New_folder/datasets/New folder/bma pbf tfa/bma_imgs/pos006_3/pos006_3_page_1.png"", ""/mnt/d/New_folder/datasets/New folder/bma pbf tfa/bma_imgs/pos006_3/pos006_3_page_2.png"", ""/mnt/d/New_folder/datasets/New folder/bma pbf tfa/bma_imgs/pos006_3/pos006_3_page_3.png"", ""/mnt/d/New_folder/datasets/New folder/bma pbf tfa/bma_imgs/pos006_3/pos006_3_page_4.png"", ""/mnt/d/New_folder/datasets/New folder/bma pbf tfa/bma_imgs/pos006_3/pos006_3_page_5.png"", ""/mnt/d/New_folder/datasets/New folder/bma pbf tfa/bma_imgs/pos006_3/pos006_3_page_6.png"", ""/mnt/d/New_folder/datasets/New folder/bma pbf tfa/bma_imgs/pos006_3/pos006_3_page_7.png"", ""/mnt/d/New_folder/datasets/New folder/bma pbf tfa/bma_imgs/pos006_3/pos006_3_page_8.png"", ""/mnt/d/New_folder/datasets/New folder/bma pbf tfa/bma_imgs/pos006_3/pos006_3_page_9.png"", ""/mnt/d/New_folder/datasets/New folder/bma pbf tfa/bma_imgs/pos006_3/pos006_3_page_10.png"", ""/mnt/d/New_folder/datasets/New folder/bma pbf tfa/bma_imgs/pos006_3/pos006_3_page_11.png"", ""/mnt/d/New_folder/datasets/New folder/bma pbf tfa/bma_imgs/pos006_3/pos006_3_page_12.png"", ""/mnt/d/New_folder/datasets/New folder/bma pbf tfa/bma_imgs/pos006_3/pos006_3_page_13.png"", ""/mnt/d/New_folder/datasets/New folder/bma pbf tfa/bma_imgs/pos006_3/pos006_3_page_14.png""]",4524210,not available,not available,False,False
f6cd230c70c6b249,BMA,26,disagreement_enriched_qualitative,/mnt/d/New_folder/datasets/New folder/bma pbf tfa/bma_imgs/pos006_2,14,"[""/mnt/d/New_folder/datasets/New folder/bma pbf tfa/bma_imgs/pos006_2/pos006_2_page_1.png"", ""/mnt/d/New_folder/datasets/New folder/bma pbf tfa/bma_imgs/pos006_2/pos006_2_page_2.png"", ""/mnt/d/New_folder/datasets/New folder/bma pbf tfa/bma_imgs/pos006_2/pos006_2_page_3.png"", ""/mnt/d/New_folder/datasets/New folder/bma pbf tfa/bma_imgs/pos006_2/pos006_2_page_4.png"", ""/mnt/d/New_folder/datasets/New folder/bma pbf tfa/bma_imgs/pos006_2/pos006_2_page_5.png"", ""/mnt/d/New_folder/datasets/New folder/bma pbf tfa/bma_imgs/pos006_2/pos006_2_page_6.png"", ""/mnt/d/New_folder/datasets/New folder/bma pbf tfa/bma_imgs/pos006_2/pos006_2_page_7.png"", ""/mnt/d/New_folder/datasets/New folder/bma pbf tfa/bma_imgs/pos006_2/pos006_2_page_8.png"", ""/mnt/d/New_folder/datasets/New folder/bma pbf tfa/bma_imgs/pos006_2/pos006_2_page_9.png"", ""/mnt/d/New_folder/datasets/New folder/bma pbf tfa/bma_imgs/pos006_2/pos006_2_page_10.png"", ""/mnt/d/New_folder/datasets/New folder/bma pbf tfa/bma_imgs/pos006_2/pos006_2_page_11.png"", ""/mnt/d/New_folder/datasets/New folder/bma pbf tfa/bma_imgs/pos006_2/pos006_2_page_12.png"", ""/mnt/d/New_folder/datasets/New folder/bma pbf tfa/bma_imgs/pos006_2/pos006_2_page_13.png"", ""/mnt/d/New_folder/datasets/New folder/bma pbf tfa/bma_imgs/pos006_2/pos006_2_page_14.png""]",4524210,not available,not available,False,False
8f8caf72066490cd,TBF,37,primary_unbiased,/mnt/d/New_folder/datasets/New folder/bma pbf tfa/tbf_imgs/FieldPos008 (2),14,"[""/mnt/d/New_folder/datasets/New folder/bma pbf tfa/tbf_imgs/FieldPos008 (2)/FieldPos008 (2)_page_1.png"", ""/mnt/d/New_folder/datasets/New folder/bma pbf tfa/tbf_imgs/FieldPos008 (2)/FieldPos008 (2)_page_2.png"", ""/mnt/d/New_folder/datasets/New folder/bma pbf tfa/tbf_imgs/FieldPos008 (2)/FieldPos008 (2)_page_3.png"", ""/mnt/d/New_folder/datasets/New folder/bma pbf tfa/tbf_imgs/FieldPos008 (2)/FieldPos008 (2)_page_4.png"", ""/mnt/d/New_folder/datasets/New folder/bma pbf tfa/tbf_imgs/FieldPos008 (2)/FieldPos008 (2)_page_5.png"", ""/mnt/d/New_folder/datasets/New folder/bma pbf tfa/tbf_imgs/FieldPos008 (2)/FieldPos008 (2)_page_6.png"", ""/mnt/d/New_folder/datasets/New folder/bma pbf tfa/tbf_imgs/FieldPos008 (2)/FieldPos008 (2)_page_7.png"", ""/mnt/d/New_folder/datasets/New folder/bma pbf tfa/tbf_imgs/FieldPos008 (2)/FieldPos008 (2)_page_8.png"", ""/mnt/d/New_folder/datasets/New folder/bma pbf tfa/tbf_imgs/FieldPos008 (2)/FieldPos008 (2)_page_9.png"", ""/mnt/d/New_folder/datasets/New folder/bma pbf tfa/tbf_imgs/FieldPos008 (2)/FieldPos008 (2)_page_10.png"", ""/mnt/d/New_folder/datasets/New folder/bma pbf tfa/tbf_imgs/FieldPos008 (2)/FieldPos008 (2)_page_11.png"", ""/mnt/d/New_folder/datasets/New folder/bma pbf tfa/tbf_imgs/FieldPos008 (2)/FieldPos008 (2)_page_12.png"", ""/mnt/d/New_folder/datasets/New folder/bma pbf tfa/tbf_imgs/FieldPos008 (2)/FieldPos008 (2)_page_13.png"", ""/mnt/d/New_folder/datasets/New folder/bma pbf tfa/tbf_imgs/FieldPos008 (2)/FieldPos008 (2)_page_14.png""]",4524210,not available,not available,False,False
542956bf1123d998,PBS,54,disagreement_enriched_qualitative,/mnt/d/New_folder/datasets/New folder/bma pbf tfa/pbs_imgs/FieldPos414_Cam01_RGB_MB,15,"[""/mnt/d/New_folder/datasets/New folder/bma pbf tfa/pbs_imgs/FieldPos414_Cam01_RGB_MB/FieldPos414_Cam01_RGB_MB_page_1.png"", ""/mnt/d/New_folder/datasets/New folder/bma pbf tfa/pbs_imgs/FieldPos414_Cam01_RGB_MB/FieldPos414_Cam01_RGB_MB_page_2.png"", ""/mnt/d/New_folder/datasets/New folder/bma pbf tfa/pbs_imgs/FieldPos414_Cam01_RGB_MB/FieldPos414_Cam01_RGB_MB_page_3.png"", ""/mnt/d/New_folder/datasets/New folder/bma pbf tfa/pbs_imgs/FieldPos414_Cam01_RGB_MB/FieldPos414_Cam01_RGB_MB_page_4.png"", ""/mnt/d/New_folder/datasets/New folder/bma pbf tfa/pbs_imgs/FieldPos414_Cam01_RGB_MB/FieldPos414_Cam01_RGB_MB_page_5.png"", ""/mnt/d/New_folder/datasets/New folder/bma pbf tfa/pbs_imgs/FieldPos414_Cam01_RGB_MB/FieldPos414_Cam01_RGB_MB_page_6.png"", ""/mnt/d/New_folder/datasets/New folder/bma pbf tfa/pbs_imgs/FieldPos414_Cam01_RGB_MB/FieldPos414_Cam01_RGB_MB_page_7.png"", ""/mnt/d/New_folder/datasets/New folder/bma pbf tfa/pbs_imgs/FieldPos414_Cam01_RGB_MB/FieldPos414_Cam01_RGB_MB_page_8.png"", ""/mnt/d/New_folder/datasets/New folder/bma pbf tfa/pbs_imgs/FieldPos414_Cam01_RGB_MB/FieldPos414_Cam01_RGB_MB_page_9.png"", ""/mnt/d/New_folder/datasets/New folder/bma pbf tfa/pbs_imgs/FieldPos414_Cam01_RGB_MB/FieldPos414_Cam01_RGB_MB_page_10.png"", ""/mnt/d/New_folder/datasets/New folder/bma pbf tfa/pbs_imgs/FieldPos414_Cam01_RGB_MB/FieldPos414_Cam01_RGB_MB_page_11.png"", ""/mnt/d/New_folder/datasets/New folder/bma pbf tfa/pbs_imgs/FieldPos414_Cam01_RGB_MB/FieldPos414_Cam01_RGB_MB_page_12.png"", ""/mnt/d/New_folder/datasets/New folder/bma pbf tfa/pbs_imgs/FieldPos414_Cam01_RGB_MB/FieldPos414_Cam01_RGB_MB_page_13.png"", ""/mnt/d/New_folder/datasets/New folder/bma pbf tfa/pbs_imgs/FieldPos414_Cam01_RGB_MB/FieldPos414_Cam01_RGB_MB_page_14.png"", ""/mnt/d/New_folder/datasets/New folder/bma pbf tfa/pbs_imgs/FieldPos414_Cam01_RGB_MB/FieldPos414_Cam01_RGB_MB_page_15.png""]",4524210,not available,not available,False,False
cdf8875e18978fdd,WBC,24776,primary_unbiased,/mnt/d/New_folder/datasets/WBC_dataset1/24776,10,"[""/mnt/d/New_folder/datasets/WBC_dataset1/24776/24776_0.jpg"", ""/mnt/d/New_folder/datasets/WBC_dataset1/24776/24776_1.jpg"", ""/mnt/d/New_folder/datasets/WBC_dataset1/24776/24776_2.jpg"", ""/mnt/d/New_folder/datasets/WBC_dataset1/24776/24776_3.jpg"", ""/mnt/d/New_folder/datasets/WBC_dataset1/24776/24776_4.jpg"", ""/mnt/d/New_folder/datasets/WBC_dataset1/24776/24776_5.jpg"", ""/mnt/d/New_folder/datasets/WBC_dataset1/24776/24776_6.jpg"", ""/mnt/d/New_folder/datasets/WBC_dataset1/24776/24776_7.jpg"", ""/mnt/d/New_folder/datasets/WBC_dataset1/24776/24776_8.jpg"", ""/mnt/d/New_folder/datasets/WBC_dataset1/24776/24776_9.jpg""]",4524210,WBC_slide_208,not available,False,False
c7119e9271631914,PBS,62,primary_unbiased,/mnt/d/New_folder/datasets/New folder/bma pbf tfa/pbs_imgs/FieldPos434_Cam01_RGB_MB,15,"[""/mnt/d/New_folder/datasets/New folder/bma pbf tfa/pbs_imgs/FieldPos434_Cam01_RGB_MB/FieldPos434_Cam01_RGB_MB_page_1.png"", ""/mnt/d/New_folder/datasets/New folder/bma pbf tfa/pbs_imgs/FieldPos434_Cam01_RGB_MB/FieldPos434_Cam01_RGB_MB_page_2.png"", ""/mnt/d/New_folder/datasets/New folder/bma pbf tfa/pbs_imgs/FieldPos434_Cam01_RGB_MB/FieldPos434_Cam01_RGB_MB_page_3.png"", ""/mnt/d/New_folder/datasets/New folder/bma pbf tfa/pbs_imgs/FieldPos434_Cam01_RGB_MB/FieldPos434_Cam01_RGB_MB_page_4.png"", ""/mnt/d/New_folder/datasets/New folder/bma pbf tfa/pbs_imgs/FieldPos434_Cam01_RGB_MB/FieldPos434_Cam01_RGB_MB_page_5.png"", ""/mnt/d/New_folder/datasets/New folder/bma pbf tfa/pbs_imgs/FieldPos434_Cam01_RGB_MB/FieldPos434_Cam01_RGB_MB_page_6.png"", ""/mnt/d/New_folder/datasets/New folder/bma pbf tfa/pbs_imgs/FieldPos434_Cam01_RGB_MB/FieldPos434_Cam01_RGB_MB_page_7.png"", ""/mnt/d/New_folder/datasets/New folder/bma pbf tfa/pbs_imgs/FieldPos434_Cam01_RGB_MB/FieldPos434_Cam01_RGB_MB_page_8.png"", ""/mnt/d/New_folder/datasets/New folder/bma pbf tfa/pbs_imgs/FieldPos434_Cam01_RGB_MB/FieldPos434_Cam01_RGB_MB_page_9.png"", ""/mnt/d/New_folder/datasets/New folder/bma pbf tfa/pbs_imgs/FieldPos434_Cam01_RGB_MB/FieldPos434_Cam01_RGB_MB_page_10.png"", ""/mnt/d/New_folder/datasets/New folder/bma pbf tfa/pbs_imgs/FieldPos434_Cam01_RGB_MB/FieldPos434_Cam01_RGB_MB_page_11.png"", ""/mnt/d/New_folder/datasets/New folder/bma pbf tfa/pbs_imgs/FieldPos434_Cam01_RGB_MB/FieldPos434_Cam01_RGB_MB_page_12.png"", ""/mnt/d/New_folder/datasets/New folder/bma pbf tfa/pbs_imgs/FieldPos434_Cam01_RGB_MB/FieldPos434_Cam01_RGB_MB_page_13.png"", ""/mnt/d/New_folder/datasets/New folder/bma pbf tfa/pbs_imgs/FieldPos434_Cam01_RGB_MB/FieldPos434_Cam01_RGB_MB_page_14.png"", ""/mnt/d/New_folder/datasets/New folder/bma pbf tfa/pbs_imgs/FieldPos434_Cam01_RGB_MB/FieldPos434_Cam01_RGB_MB_page_15.png""]",4524210,not available,not available,False,False
ecd45de3850d42d9,TBF,113,primary_unbiased,/mnt/d/New_folder/datasets/New folder/bma pbf tfa/tbf_imgs/FieldPos060,14,"[""/mnt/d/New_folder/datasets/New folder/bma pbf tfa/tbf_imgs/FieldPos060/FieldPos060_page_1.png"", ""/mnt/d/New_folder/datasets/New folder/bma pbf tfa/tbf_imgs/FieldPos060/FieldPos060_page_2.png"", ""/mnt/d/New_folder/datasets/New folder/bma pbf tfa/tbf_imgs/FieldPos060/FieldPos060_page_3.png"", ""/mnt/d/New_folder/datasets/New folder/bma pbf tfa/tbf_imgs/FieldPos060/FieldPos060_page_4.png"", ""/mnt/d/New_folder/datasets/New folder/bma pbf tfa/tbf_imgs/FieldPos060/FieldPos060_page_5.png"", ""/mnt/d/New_folder/datasets/New folder/bma pbf tfa/tbf_imgs/FieldPos060/FieldPos060_page_6.png"", ""/mnt/d/New_folder/datasets/New folder/bma pbf tfa/tbf_imgs/FieldPos060/FieldPos060_page_7.png"", ""/mnt/d/New_folder/datasets/New folder/bma pbf tfa/tbf_imgs/FieldPos060/FieldPos060_page_8.png"", ""/mnt/d/New_folder/datasets/New folder/bma pbf tfa/tbf_imgs/FieldPos060/FieldPos060_page_9.png"", ""/mnt/d/New_folder/datasets/New folder/bma pbf tfa/tbf_imgs/FieldPos060/FieldPos060_page_10.png"", ""/mnt/d/New_folder/datasets/New folder/bma pbf tfa/tbf_imgs/FieldPos060/FieldPos060_page_11.png"", ""/mnt/d/New_folder/datasets/New folder/bma pbf tfa/tbf_imgs/FieldPos060/FieldPos060_page_12.png"", ""/mnt/d/New_folder/datasets/New folder/bma pbf tfa/tbf_imgs/FieldPos060/FieldPos060_page_13.png"", ""/mnt/d/New_folder/datasets/New folder/bma pbf tfa/tbf_imgs/FieldPos060/FieldPos060_page_14.png""]",4524210,not available,not available,False,False
ff332215cd0d9c23,PBS,3,primary_unbiased,/mnt/d/New_folder/datasets/New folder/bma pbf tfa/pbs_imgs/FieldPos100_Cam01_RGB_MB,15,"[""/mnt/d/New_folder/datasets/New folder/bma pbf tfa/pbs_imgs/FieldPos100_Cam01_RGB_MB/FieldPos100_Cam01_RGB_MB_page_1.png"", ""/mnt/d/New_folder/datasets/New folder/bma pbf tfa/pbs_imgs/FieldPos100_Cam01_RGB_MB/FieldPos100_Cam01_RGB_MB_page_2.png"", ""/mnt/d/New_folder/datasets/New folder/bma pbf tfa/pbs_imgs/FieldPos100_Cam01_RGB_MB/FieldPos100_Cam01_RGB_MB_page_3.png"", ""/mnt/d/New_folder/datasets/New folder/bma pbf tfa/pbs_imgs/FieldPos100_Cam01_RGB_MB/FieldPos100_Cam01_RGB_MB_page_4.png"", ""/mnt/d/New_folder/datasets/New folder/bma pbf tfa/pbs_imgs/FieldPos100_Cam01_RGB_MB/FieldPos100_Cam01_RGB_MB_page_5.png"", ""/mnt/d/New_folder/datasets/New folder/bma pbf tfa/pbs_imgs/FieldPos100_Cam01_RGB_MB/FieldPos100_Cam01_RGB_MB_page_6.png"", ""/mnt/d/New_folder/datasets/New folder/bma pbf tfa/pbs_imgs/FieldPos100_Cam01_RGB_MB/FieldPos100_Cam01_RGB_MB_page_7.png"", ""/mnt/d/New_folder/datasets/New folder/bma pbf tfa/pbs_imgs/FieldPos100_Cam01_RGB_MB/FieldPos100_Cam01_RGB_MB_page_8.png"", ""/mnt/d/New_folder/datasets/New folder/bma pbf tfa/pbs_imgs/FieldPos100_Cam01_RGB_MB/FieldPos100_Cam01_RGB_MB_page_9.png"", ""/mnt/d/New_folder/datasets/New folder/bma pbf tfa/pbs_imgs/FieldPos100_Cam01_RGB_MB/FieldPos100_Cam01_RGB_MB_page_10.png"", ""/mnt/d/New_folder/datasets/New folder/bma pbf tfa/pbs_imgs/FieldPos100_Cam01_RGB_MB/FieldPos100_Cam01_RGB_MB_page_11.png"", ""/mnt/d/New_folder/datasets/New folder/bma pbf tfa/pbs_imgs/FieldPos100_Cam01_RGB_MB/FieldPos100_Cam01_RGB_MB_page_12.png"", ""/mnt/d/New_folder/datasets/New folder/bma pbf tfa/pbs_imgs/FieldPos100_Cam01_RGB_MB/FieldPos100_Cam01_RGB_MB_page_13.png"", ""/mnt/d/New_folder/datasets/New folder/bma pbf tfa/pbs_imgs/FieldPos100_Cam01_RGB_MB/FieldPos100_Cam01_RGB_MB_page_14.png"", ""/mnt/d/New_folder/datasets/New folder/bma pbf tfa/pbs_imgs/FieldPos100_Cam01_RGB_MB/FieldPos100_Cam01_RGB_MB_page_15.png""]",4524210,not available,not available,False,False
e326827ec514c23d,WBC,5797,primary_unbiased,/mnt/d/New_folder/datasets/WBC_dataset1/5797,10,"[""/mnt/d/New_folder/datasets/WBC_dataset1/5797/5797_0.jpg"", ""/mnt/d/New_folder/datasets/WBC_dataset1/5797/5797_1.jpg"", ""/mnt/d/New_folder/datasets/WBC_dataset1/5797/5797_2.jpg"", ""/mnt/d/New_folder/datasets/WBC_dataset1/5797/5797_3.jpg"", ""/mnt/d/New_folder/datasets/WBC_dataset1/5797/5797_4.jpg"", ""/mnt/d/New_folder/datasets/WBC_dataset1/5797/5797_5.jpg"", ""/mnt/d/New_folder/datasets/WBC_dataset1/5797/5797_6.jpg"", ""/mnt/d/New_folder/datasets/WBC_dataset1/5797/5797_7.jpg"", ""/mnt/d/New_folder/datasets/WBC_dataset1/5797/5797_8.jpg"", ""/mnt/d/New_folder/datasets/WBC_dataset1/5797/5797_9.jpg""]",4524210,WBC_slide_28,not available,False,False
5636442722089996,TBF,158,primary_unbiased,/mnt/d/New_folder/datasets/New folder/bma pbf tfa/tbf_imgs/FieldPos101,14,"[""/mnt/d/New_folder/datasets/New folder/bma pbf tfa/tbf_imgs/FieldPos101/FieldPos101_page_1.png"", ""/mnt/d/New_folder/datasets/New folder/bma pbf tfa/tbf_imgs/FieldPos101/FieldPos101_page_2.png"", ""/mnt/d/New_folder/datasets/New folder/bma pbf tfa/tbf_imgs/FieldPos101/FieldPos101_page_3.png"", ""/mnt/d/New_folder/datasets/New folder/bma pbf tfa/tbf_imgs/FieldPos101/FieldPos101_page_4.png"", ""/mnt/d/New_folder/datasets/New folder/bma pbf tfa/tbf_imgs/FieldPos101/FieldPos101_page_5.png"", ""/mnt/d/New_folder/datasets/New folder/bma pbf tfa/tbf_imgs/FieldPos101/FieldPos101_page_6.png"", ""/mnt/d/New_folder/datasets/New folder/bma pbf tfa/tbf_imgs/FieldPos101/FieldPos101_page_7.png"", ""/mnt/d/New_folder/datasets/New folder/bma pbf tfa/tbf_imgs/FieldPos101/FieldPos101_page_8.png"", ""/mnt/d/New_folder/datasets/New folder/bma pbf tfa/tbf_imgs/FieldPos101/FieldPos101_page_9.png"", ""/mnt/d/New_folder/datasets/New folder/bma pbf tfa/tbf_imgs/FieldPos101/FieldPos101_page_10.png"", ""/mnt/d/New_folder/datasets/New folder/bma pbf tfa/tbf_imgs/FieldPos101/FieldPos101_page_11.png"", ""/mnt/d/New_folder/datasets/New folder/bma pbf tfa/tbf_imgs/FieldPos101/FieldPos101_page_12.png"", ""/mnt/d/New_folder/datasets/New folder/bma pbf tfa/tbf_imgs/FieldPos101/FieldPos101_page_13.png"", ""/mnt/d/New_folder/datasets/New folder/bma pbf tfa/tbf_imgs/FieldPos101/FieldPos101_page_14.png""]",4524210,not available,not available,False,False
7335d2cab8cbd3b0,WBC,14229,primary_unbiased,/mnt/d/New_folder/datasets/WBC_dataset1/14229,10,"[""/mnt/d/New_folder/datasets/WBC_dataset1/14229/14229_0.jpg"", ""/mnt/d/New_folder/datasets/WBC_dataset1/14229/14229_1.jpg"", ""/mnt/d/New_folder/datasets/WBC_dataset1/14229/14229_2.jpg"", ""/mnt/d/New_folder/datasets/WBC_dataset1/14229/14229_3.jpg"", ""/mnt/d/New_folder/datasets/WBC_dataset1/14229/14229_4.jpg"", ""/mnt/d/New_folder/datasets/WBC_dataset1/14229/14229_5.jpg"", ""/mnt/d/New_folder/datasets/WBC_dataset1/14229/14229_6.jpg"", ""/mnt/d/New_folder/datasets/WBC_dataset1/14229/14229_7.jpg"", ""/mnt/d/New_folder/datasets/WBC_dataset1/14229/14229_8.jpg"", ""/mnt/d/New_folder/datasets/WBC_dataset1/14229/14229_9.jpg""]",4524210,WBC_slide_155,not available,False,False
7e84f6d0a7f7bfce,TBI,19,primary_unbiased,/mnt/d/New_folder/datasets/New folder/TBSI/folders/HL10,10,"[""/mnt/d/New_folder/datasets/New folder/TBSI/folders/HL10/HL10 (1).JPG"", ""/mnt/d/New_folder/datasets/New folder/TBSI/folders/HL10/HL10 (2).JPG"", ""/mnt/d/New_folder/datasets/New folder/TBSI/folders/HL10/HL10 (3).JPG"", ""/mnt/d/New_folder/datasets/New folder/TBSI/folders/HL10/HL10 (4).JPG"", ""/mnt/d/New_folder/datasets/New folder/TBSI/folders/HL10/HL10 (5).JPG"", ""/mnt/d/New_folder/datasets/New folder/TBSI/folders/HL10/HL10 (6).JPG"", ""/mnt/d/New_folder/datasets/New folder/TBSI/folders/HL10/HL10 (7).JPG"", ""/mnt/d/New_folder/datasets/New folder/TBSI/folders/HL10/HL10 (8).JPG"", ""/mnt/d/New_folder/datasets/New folder/TBSI/folders/HL10/HL10 (9).JPG"", ""/mnt/d/New_folder/datasets/New folder/TBSI/folders/HL10/HL10 (10).JPG""]",4524210,not available,not available,False,False
0b4680e4f9c7d28b,WBC,23116,primary_unbiased,/mnt/d/New_folder/datasets/WBC_dataset1/23116,10,"[""/mnt/d/New_folder/datasets/WBC_dataset1/23116/23116_0.jpg"", ""/mnt/d/New_folder/datasets/WBC_dataset1/23116/23116_1.jpg"", ""/mnt/d/New_folder/datasets/WBC_dataset1/23116/23116_2.jpg"", ""/mnt/d/New_folder/datasets/WBC_dataset1/23116/23116_3.jpg"", ""/mnt/d/New_folder/datasets/WBC_dataset1/23116/23116_4.jpg"", ""/mnt/d/New_folder/datasets/WBC_dataset1/23116/23116_5.jpg"", ""/mnt/d/New_folder/datasets/WBC_dataset1/23116/23116_6.jpg"", ""/mnt/d/New_folder/datasets/WBC_dataset1/23116/23116_7.jpg"", ""/mnt/d/New_folder/datasets/WBC_dataset1/23116/23116_8.jpg"", ""/mnt/d/New_folder/datasets/WBC_dataset1/23116/23116_9.jpg""]",4524210,WBC_slide_198,not available,False,False
3c868fba7c75f23d,TBI,7,primary_unbiased,/mnt/d/New_folder/datasets/New folder/TBSI/folders/HH8,10,"[""/mnt/d/New_folder/datasets/New folder/TBSI/folders/HH8/HH8 (1).JPG"", ""/mnt/d/New_folder/datasets/New folder/TBSI/folders/HH8/HH8 (2).JPG"", ""/mnt/d/New_folder/datasets/New folder/TBSI/folders/HH8/HH8 (3).JPG"", ""/mnt/d/New_folder/datasets/New folder/TBSI/folders/HH8/HH8 (4).JPG"", ""/mnt/d/New_folder/datasets/New folder/TBSI/folders/HH8/HH8 (5).JPG"", ""/mnt/d/New_folder/datasets/New folder/TBSI/folders/HH8/HH8 (6).JPG"", ""/mnt/d/New_folder/datasets/New folder/TBSI/folders/HH8/HH8 (7).JPG"", ""/mnt/d/New_folder/datasets/New folder/TBSI/folders/HH8/HH8 (8).JPG"", ""/mnt/d/New_folder/datasets/New folder/TBSI/folders/HH8/HH8 (9).JPG"", ""/mnt/d/New_folder/datasets/New folder/TBSI/folders/HH8/HH8 (10).JPG""]",4524210,not available,not available,False,False
2f14717fc710031e,WBC,17704,primary_unbiased,/mnt/d/New_folder/datasets/WBC_dataset1/17704,10,"[""/mnt/d/New_folder/datasets/WBC_dataset1/17704/17704_0.jpg"", ""/mnt/d/New_folder/datasets/WBC_dataset1/17704/17704_1.jpg"", ""/mnt/d/New_folder/datasets/WBC_dataset1/17704/17704_2.jpg"", ""/mnt/d/New_folder/datasets/WBC_dataset1/17704/17704_3.jpg"", ""/mnt/d/New_folder/datasets/WBC_dataset1/17704/17704_4.jpg"", ""/mnt/d/New_folder/datasets/WBC_dataset1/17704/17704_5.jpg"", ""/mnt/d/New_folder/datasets/WBC_dataset1/17704/17704_6.jpg"", ""/mnt/d/New_folder/datasets/WBC_dataset1/17704/17704_7.jpg"", ""/mnt/d/New_folder/datasets/WBC_dataset1/17704/17704_8.jpg"", ""/mnt/d/New_folder/datasets/WBC_dataset1/17704/17704_9.jpg""]",4524210,WBC_slide_166,not available,False,False
67c6875c99ca8350,TBI,22,primary_unbiased,/mnt/d/New_folder/datasets/New folder/TBSI/folders/LH3,10,"[""/mnt/d/New_folder/datasets/New folder/TBSI/folders/LH3/LH3 (1).JPG"", ""/mnt/d/New_folder/datasets/New folder/TBSI/folders/LH3/LH3 (2).JPG"", ""/mnt/d/New_folder/datasets/New folder/TBSI/folders/LH3/LH3 (3).JPG"", ""/mnt/d/New_folder/datasets/New folder/TBSI/folders/LH3/LH3 (4).JPG"", ""/mnt/d/New_folder/datasets/New folder/TBSI/folders/LH3/LH3 (5).JPG"", ""/mnt/d/New_folder/datasets/New folder/TBSI/folders/LH3/LH3 (6).JPG"", ""/mnt/d/New_folder/datasets/New folder/TBSI/folders/LH3/LH3 (7).JPG"", ""/mnt/d/New_folder/datasets/New folder/TBSI/folders/LH3/LH3 (8).JPG"", ""/mnt/d/New_folder/datasets/New folder/TBSI/folders/LH3/LH3 (9).JPG"", ""/mnt/d/New_folder/datasets/New folder/TBSI/folders/LH3/LH3 (10).JPG""]",4524210,not available,not available,False,False
7578a54c9be91b72,TBF,36,primary_unbiased,/mnt/d/New_folder/datasets/New folder/bma pbf tfa/tbf_imgs/FieldPos008,14,"[""/mnt/d/New_folder/datasets/New folder/bma pbf tfa/tbf_imgs/FieldPos008/FieldPos008_page_1.png"", ""/mnt/d/New_folder/datasets/New folder/bma pbf tfa/tbf_imgs/FieldPos008/FieldPos008_page_2.png"", ""/mnt/d/New_folder/datasets/New folder/bma pbf tfa/tbf_imgs/FieldPos008/FieldPos008_page_3.png"", ""/mnt/d/New_folder/datasets/New folder/bma pbf tfa/tbf_imgs/FieldPos008/FieldPos008_page_4.png"", ""/mnt/d/New_folder/datasets/New folder/bma pbf tfa/tbf_imgs/FieldPos008/FieldPos008_page_5.png"", ""/mnt/d/New_folder/datasets/New folder/bma pbf tfa/tbf_imgs/FieldPos008/FieldPos008_page_6.png"", ""/mnt/d/New_folder/datasets/New folder/bma pbf tfa/tbf_imgs/FieldPos008/FieldPos008_page_7.png"", ""/mnt/d/New_folder/datasets/New folder/bma pbf tfa/tbf_imgs/FieldPos008/FieldPos008_page_8.png"", ""/mnt/d/New_folder/datasets/New folder/bma pbf tfa/tbf_imgs/FieldPos008/FieldPos008_page_9.png"", ""/mnt/d/New_folder/datasets/New folder/bma pbf tfa/tbf_imgs/FieldPos008/FieldPos008_page_10.png"", ""/mnt/d/New_folder/datasets/New folder/bma pbf tfa/tbf_imgs/FieldPos008/FieldPos008_page_11.png"", ""/mnt/d/New_folder/datasets/New folder/bma pbf tfa/tbf_imgs/FieldPos008/FieldPos008_page_12.png"", ""/mnt/d/New_folder/datasets/New folder/bma pbf tfa/tbf_imgs/FieldPos008/FieldPos008_page_13.png"", ""/mnt/d/New_folder/datasets/New folder/bma pbf tfa/tbf_imgs/FieldPos008/FieldPos008_page_14.png""]",4524210,not available,not available,False,False
074112573997f554,TBI,28,primary_unbiased,/mnt/d/New_folder/datasets/New folder/TBSI/folders/LH9,10,"[""/mnt/d/New_folder/datasets/New folder/TBSI/folders/LH9/LH9 (1).JPG"", ""/mnt/d/New_folder/datasets/New folder/TBSI/folders/LH9/LH9 (2).JPG"", ""/mnt/d/New_folder/datasets/New folder/TBSI/folders/LH9/LH9 (3).JPG"", ""/mnt/d/New_folder/datasets/New folder/TBSI/folders/LH9/LH9 (4).JPG"", ""/mnt/d/New_folder/datasets/New folder/TBSI/folders/LH9/LH9 (5).JPG"", ""/mnt/d/New_folder/datasets/New folder/TBSI/folders/LH9/LH9 (6).JPG"", ""/mnt/d/New_folder/datasets/New folder/TBSI/folders/LH9/LH9 (7).JPG"", ""/mnt/d/New_folder/datasets/New folder/TBSI/folders/LH9/LH9 (8).JPG"", ""/mnt/d/New_folder/datasets/New folder/TBSI/folders/LH9/LH9 (9).JPG"", ""/mnt/d/New_folder/datasets/New folder/TBSI/folders/LH9/LH9 (10).JPG""]",4524210,not available,not available,False,False
7e4b45f359ddba29,TBF,45,primary_unbiased,/mnt/d/New_folder/datasets/New folder/bma pbf tfa/tbf_imgs/FieldPos012,14,"[""/mnt/d/New_folder/datasets/New folder/bma pbf tfa/tbf_imgs/FieldPos012/FieldPos012_page_1.png"", ""/mnt/d/New_folder/datasets/New folder/bma pbf tfa/tbf_imgs/FieldPos012/FieldPos012_page_2.png"", ""/mnt/d/New_folder/datasets/New folder/bma pbf tfa/tbf_imgs/FieldPos012/FieldPos012_page_3.png"", ""/mnt/d/New_folder/datasets/New folder/bma pbf tfa/tbf_imgs/FieldPos012/FieldPos012_page_4.png"", ""/mnt/d/New_folder/datasets/New folder/bma pbf tfa/tbf_imgs/FieldPos012/FieldPos012_page_5.png"", ""/mnt/d/New_folder/datasets/New folder/bma pbf tfa/tbf_imgs/FieldPos012/FieldPos012_page_6.png"", ""/mnt/d/New_folder/datasets/New folder/bma pbf tfa/tbf_imgs/FieldPos012/FieldPos012_page_7.png"", ""/mnt/d/New_folder/datasets/New folder/bma pbf tfa/tbf_imgs/FieldPos012/FieldPos012_page_8.png"", ""/mnt/d/New_folder/datasets/New folder/bma pbf tfa/tbf_imgs/FieldPos012/FieldPos012_page_9.png"", ""/mnt/d/New_folder/datasets/New folder/bma pbf tfa/tbf_imgs/FieldPos012/FieldPos012_page_10.png"", ""/mnt/d/New_folder/datasets/New folder/bma pbf tfa/tbf_imgs/FieldPos012/FieldPos012_page_11.png"", ""/mnt/d/New_folder/datasets/New folder/bma pbf tfa/tbf_imgs/FieldPos012/FieldPos012_page_12.png"", ""/mnt/d/New_folder/datasets/New folder/bma pbf tfa/tbf_imgs/FieldPos012/FieldPos012_page_13.png"", ""/mnt/d/New_folder/datasets/New folder/bma pbf tfa/tbf_imgs/FieldPos012/FieldPos012_page_14.png""]",4524210,not available,not available,False,False
e94896cc99c36ae5,BMA,25,primary_unbiased,/mnt/d/New_folder/datasets/New folder/bma pbf tfa/bma_imgs/pos006_1,14,"[""/mnt/d/New_folder/datasets/New folder/bma pbf tfa/bma_imgs/pos006_1/pos006_1_page_1.png"", ""/mnt/d/New_folder/datasets/New folder/bma pbf tfa/bma_imgs/pos006_1/pos006_1_page_2.png"", ""/mnt/d/New_folder/datasets/New folder/bma pbf tfa/bma_imgs/pos006_1/pos006_1_page_3.png"", ""/mnt/d/New_folder/datasets/New folder/bma pbf tfa/bma_imgs/pos006_1/pos006_1_page_4.png"", ""/mnt/d/New_folder/datasets/New folder/bma pbf tfa/bma_imgs/pos006_1/pos006_1_page_5.png"", ""/mnt/d/New_folder/datasets/New folder/bma pbf tfa/bma_imgs/pos006_1/pos006_1_page_6.png"", ""/mnt/d/New_folder/datasets/New folder/bma pbf tfa/bma_imgs/pos006_1/pos006_1_page_7.png"", ""/mnt/d/New_folder/datasets/New folder/bma pbf tfa/bma_imgs/pos006_1/pos006_1_page_8.png"", ""/mnt/d/New_folder/datasets/New folder/bma pbf tfa/bma_imgs/pos006_1/pos006_1_page_9.png"", ""/mnt/d/New_folder/datasets/New folder/bma pbf tfa/bma_imgs/pos006_1/pos006_1_page_10.png"", ""/mnt/d/New_folder/datasets/New folder/bma pbf tfa/bma_imgs/pos006_1/pos006_1_page_11.png"", ""/mnt/d/New_folder/datasets/New folder/bma pbf tfa/bma_imgs/pos006_1/pos006_1_page_12.png"", ""/mnt/d/New_folder/datasets/New folder/bma pbf tfa/bma_imgs/pos006_1/pos006_1_page_13.png"", ""/mnt/d/New_folder/datasets/New folder/bma pbf tfa/bma_imgs/pos006_1/pos006_1_page_14.png""]",4524210,not available,not available,False,False
ba5d21070af61487,TBF,6,disagreement_enriched_qualitative,/mnt/d/New_folder/datasets/New folder/bma pbf tfa/tbf_imgs/FieldPos001,14,"[""/mnt/d/New_folder/datasets/New folder/bma pbf tfa/tbf_imgs/FieldPos001/FieldPos001_page_1.png"", ""/mnt/d/New_folder/datasets/New folder/bma pbf tfa/tbf_imgs/FieldPos001/FieldPos001_page_2.png"", ""/mnt/d/New_folder/datasets/New folder/bma pbf tfa/tbf_imgs/FieldPos001/FieldPos001_page_3.png"", ""/mnt/d/New_folder/datasets/New folder/bma pbf tfa/tbf_imgs/FieldPos001/FieldPos001_page_4.png"", ""/mnt/d/New_folder/datasets/New folder/bma pbf tfa/tbf_imgs/FieldPos001/FieldPos001_page_5.png"", ""/mnt/d/New_folder/datasets/New folder/bma pbf tfa/tbf_imgs/FieldPos001/FieldPos001_page_6.png"", ""/mnt/d/New_folder/datasets/New folder/bma pbf tfa/tbf_imgs/FieldPos001/FieldPos001_page_7.png"", ""/mnt/d/New_folder/datasets/New folder/bma pbf tfa/tbf_imgs/FieldPos001/FieldPos001_page_8.png"", ""/mnt/d/New_folder/datasets/New folder/bma pbf tfa/tbf_imgs/FieldPos001/FieldPos001_page_9.png"", ""/mnt/d/New_folder/datasets/New folder/bma pbf tfa/tbf_imgs/FieldPos001/FieldPos001_page_10.png"", ""/mnt/d/New_folder/datasets/New folder/bma pbf tfa/tbf_imgs/FieldPos001/FieldPos001_page_11.png"", ""/mnt/d/New_folder/datasets/New folder/bma pbf tfa/tbf_imgs/FieldPos001/FieldPos001_page_12.png"", ""/mnt/d/New_folder/datasets/New folder/bma pbf tfa/tbf_imgs/FieldPos001/FieldPos001_page_13.png"", ""/mnt/d/New_folder/datasets/New folder/bma pbf tfa/tbf_imgs/FieldPos001/FieldPos001_page_14.png""]",4524210,not available,not available,False,False
ea6b34b89c2487ed,TBF,179,primary_unbiased,/mnt/d/New_folder/datasets/New folder/bma pbf tfa/tbf_imgs/FieldPos208,14,"[""/mnt/d/New_folder/datasets/New folder/bma pbf tfa/tbf_imgs/FieldPos208/FieldPos208_page_1.png"", ""/mnt/d/New_folder/datasets/New folder/bma pbf tfa/tbf_imgs/FieldPos208/FieldPos208_page_2.png"", ""/mnt/d/New_folder/datasets/New folder/bma pbf tfa/tbf_imgs/FieldPos208/FieldPos208_page_3.png"", ""/mnt/d/New_folder/datasets/New folder/bma pbf tfa/tbf_imgs/FieldPos208/FieldPos208_page_4.png"", ""/mnt/d/New_folder/datasets/New folder/bma pbf tfa/tbf_imgs/FieldPos208/FieldPos208_page_5.png"", ""/mnt/d/New_folder/datasets/New folder/bma pbf tfa/tbf_imgs/FieldPos208/FieldPos208_page_6.png"", ""/mnt/d/New_folder/datasets/New folder/bma pbf tfa/tbf_imgs/FieldPos208/FieldPos208_page_7.png"", ""/mnt/d/New_folder/datasets/New folder/bma pbf tfa/tbf_imgs/FieldPos208/FieldPos208_page_8.png"", ""/mnt/d/New_folder/datasets/New folder/bma pbf tfa/tbf_imgs/FieldPos208/FieldPos208_page_9.png"", ""/mnt/d/New_folder/datasets/New folder/bma pbf tfa/tbf_imgs/FieldPos208/FieldPos208_page_10.png"", ""/mnt/d/New_folder/datasets/New folder/bma pbf tfa/tbf_imgs/FieldPos208/FieldPos208_page_11.png"", ""/mnt/d/New_folder/datasets/New folder/bma pbf tfa/tbf_imgs/FieldPos208/FieldPos208_page_12.png"", ""/mnt/d/New_folder/datasets/New folder/bma pbf tfa/tbf_imgs/FieldPos208/FieldPos208_page_13.png"", ""/mnt/d/New_folder/datasets/New folder/bma pbf tfa/tbf_imgs/FieldPos208/FieldPos208_page_14.png""]",4524210,not available,not available,False,False
94ec86e861bd5a13,WBC,9020,primary_unbiased,/mnt/d/New_folder/datasets/WBC_dataset1/9020,10,"[""/mnt/d/New_folder/datasets/WBC_dataset1/9020/9020_0.jpg"", ""/mnt/d/New_folder/datasets/WBC_dataset1/9020/9020_1.jpg"", ""/mnt/d/New_folder/datasets/WBC_dataset1/9020/9020_2.jpg"", ""/mnt/d/New_folder/datasets/WBC_dataset1/9020/9020_3.jpg"", ""/mnt/d/New_folder/datasets/WBC_dataset1/9020/9020_4.jpg"", ""/mnt/d/New_folder/datasets/WBC_dataset1/9020/9020_5.jpg"", ""/mnt/d/New_folder/datasets/WBC_dataset1/9020/9020_6.jpg"", ""/mnt/d/New_folder/datasets/WBC_dataset1/9020/9020_7.jpg"", ""/mnt/d/New_folder/datasets/WBC_dataset1/9020/9020_8.jpg"", ""/mnt/d/New_folder/datasets/WBC_dataset1/9020/9020_9.jpg""]",4524210,WBC_slide_49,not available,False,False
5372faffe0470118,WBC,16633,disagreement_enriched_qualitative,/mnt/d/New_folder/datasets/WBC_dataset1/16633,10,"[""/mnt/d/New_folder/datasets/WBC_dataset1/16633/16633_0.jpg"", ""/mnt/d/New_folder/datasets/WBC_dataset1/16633/16633_1.jpg"", ""/mnt/d/New_folder/datasets/WBC_dataset1/16633/16633_2.jpg"", ""/mnt/d/New_folder/datasets/WBC_dataset1/16633/16633_3.jpg"", ""/mnt/d/New_folder/datasets/WBC_dataset1/16633/16633_4.jpg"", ""/mnt/d/New_folder/datasets/WBC_dataset1/16633/16633_5.jpg"", ""/mnt/d/New_folder/datasets/WBC_dataset1/16633/16633_6.jpg"", ""/mnt/d/New_folder/datasets/WBC_dataset1/16633/16633_7.jpg"", ""/mnt/d/New_folder/datasets/WBC_dataset1/16633/16633_8.jpg"", ""/mnt/d/New_folder/datasets/WBC_dataset1/16633/16633_9.jpg""]",4524210,WBC_slide_159,not available,False,False
9795af71396fb86b,TBF,151,primary_unbiased,/mnt/d/New_folder/datasets/New folder/bma pbf tfa/tbf_imgs/FieldPos094,14,"[""/mnt/d/New_folder/datasets/New folder/bma pbf tfa/tbf_imgs/FieldPos094/FieldPos094_page_1.png"", ""/mnt/d/New_folder/datasets/New folder/bma pbf tfa/tbf_imgs/FieldPos094/FieldPos094_page_2.png"", ""/mnt/d/New_folder/datasets/New folder/bma pbf tfa/tbf_imgs/FieldPos094/FieldPos094_page_3.png"", ""/mnt/d/New_folder/datasets/New folder/bma pbf tfa/tbf_imgs/FieldPos094/FieldPos094_page_4.png"", ""/mnt/d/New_folder/datasets/New folder/bma pbf tfa/tbf_imgs/FieldPos094/FieldPos094_page_5.png"", ""/mnt/d/New_folder/datasets/New folder/bma pbf tfa/tbf_imgs/FieldPos094/FieldPos094_page_6.png"", ""/mnt/d/New_folder/datasets/New folder/bma pbf tfa/tbf_imgs/FieldPos094/FieldPos094_page_7.png"", ""/mnt/d/New_folder/datasets/New folder/bma pbf tfa/tbf_imgs/FieldPos094/FieldPos094_page_8.png"", ""/mnt/d/New_folder/datasets/New folder/bma pbf tfa/tbf_imgs/FieldPos094/FieldPos094_page_9.png"", ""/mnt/d/New_folder/datasets/New folder/bma pbf tfa/tbf_imgs/FieldPos094/FieldPos094_page_10.png"", ""/mnt/d/New_folder/datasets/New folder/bma pbf tfa/tbf_imgs/FieldPos094/FieldPos094_page_11.png"", ""/mnt/d/New_folder/datasets/New folder/bma pbf tfa/tbf_imgs/FieldPos094/FieldPos094_page_12.png"", ""/mnt/d/New_folder/datasets/New folder/bma pbf tfa/tbf_imgs/FieldPos094/FieldPos094_page_13.png"", ""/mnt/d/New_folder/datasets/New folder/bma pbf tfa/tbf_imgs/FieldPos094/FieldPos094_page_14.png""]",4524210,not available,not available,False,False
96fcffeb57e5d15c,TBI,10,primary_unbiased,/mnt/d/New_folder/datasets/New folder/TBSI/folders/HL1,10,"[""/mnt/d/New_folder/datasets/New folder/TBSI/folders/HL1/HL1 (1).JPG"", ""/mnt/d/New_folder/datasets/New folder/TBSI/folders/HL1/HL1 (2).JPG"", ""/mnt/d/New_folder/datasets/New folder/TBSI/folders/HL1/HL1 (3).JPG"", ""/mnt/d/New_folder/datasets/New folder/TBSI/folders/HL1/HL1 (4).JPG"", ""/mnt/d/New_folder/datasets/New folder/TBSI/folders/HL1/HL1 (5).JPG"", ""/mnt/d/New_folder/datasets/New folder/TBSI/folders/HL1/HL1 (6).JPG"", ""/mnt/d/New_folder/datasets/New folder/TBSI/folders/HL1/HL1 (7).JPG"", ""/mnt/d/New_folder/datasets/New folder/TBSI/folders/HL1/HL1 (8).JPG"", ""/mnt/d/New_folder/datasets/New folder/TBSI/folders/HL1/HL1 (9).JPG"", ""/mnt/d/New_folder/datasets/New folder/TBSI/folders/HL1/HL1 (10).JPG""]",4524210,not available,not available,False,False
e85e6a52d96cc103,BMA,10,primary_unbiased,/mnt/d/New_folder/datasets/New folder/bma pbf tfa/bma_imgs/pos002_2,14,"[""/mnt/d/New_folder/datasets/New folder/bma pbf tfa/bma_imgs/pos002_2/pos002_2_page_1.png"", ""/mnt/d/New_folder/datasets/New folder/bma pbf tfa/bma_imgs/pos002_2/pos002_2_page_2.png"", ""/mnt/d/New_folder/datasets/New folder/bma pbf tfa/bma_imgs/pos002_2/pos002_2_page_3.png"", ""/mnt/d/New_folder/datasets/New folder/bma pbf tfa/bma_imgs/pos002_2/pos002_2_page_4.png"", ""/mnt/d/New_folder/datasets/New folder/bma pbf tfa/bma_imgs/pos002_2/pos002_2_page_5.png"", ""/mnt/d/New_folder/datasets/New folder/bma pbf tfa/bma_imgs/pos002_2/pos002_2_page_6.png"", ""/mnt/d/New_folder/datasets/New folder/bma pbf tfa/bma_imgs/pos002_2/pos002_2_page_7.png"", ""/mnt/d/New_folder/datasets/New folder/bma pbf tfa/bma_imgs/pos002_2/pos002_2_page_8.png"", ""/mnt/d/New_folder/datasets/New folder/bma pbf tfa/bma_imgs/pos002_2/pos002_2_page_9.png"", ""/mnt/d/New_folder/datasets/New folder/bma pbf tfa/bma_imgs/pos002_2/pos002_2_page_10.png"", ""/mnt/d/New_folder/datasets/New folder/bma pbf tfa/bma_imgs/pos002_2/pos002_2_page_11.png"", ""/mnt/d/New_folder/datasets/New folder/bma pbf tfa/bma_imgs/pos002_2/pos002_2_page_12.png"", ""/mnt/d/New_folder/datasets/New folder/bma pbf tfa/bma_imgs/pos002_2/pos002_2_page_13.png"", ""/mnt/d/New_folder/datasets/New folder/bma pbf tfa/bma_imgs/pos002_2/pos002_2_page_14.png""]",4524210,not available,not available,False,False
0575261f9a1247d4,WBC,16768,primary_unbiased,/mnt/d/New_folder/datasets/WBC_dataset1/16768,10,"[""/mnt/d/New_folder/datasets/WBC_dataset1/16768/16768_0.jpg"", ""/mnt/d/New_folder/datasets/WBC_dataset1/16768/16768_1.jpg"", ""/mnt/d/New_folder/datasets/WBC_dataset1/16768/16768_2.jpg"", ""/mnt/d/New_folder/datasets/WBC_dataset1/16768/16768_3.jpg"", ""/mnt/d/New_folder/datasets/WBC_dataset1/16768/16768_4.jpg"", ""/mnt/d/New_folder/datasets/WBC_dataset1/16768/16768_5.jpg"", ""/mnt/d/New_folder/datasets/WBC_dataset1/16768/16768_6.jpg"", ""/mnt/d/New_folder/datasets/WBC_dataset1/16768/16768_7.jpg"", ""/mnt/d/New_folder/datasets/WBC_dataset1/16768/16768_8.jpg"", ""/mnt/d/New_folder/datasets/WBC_dataset1/16768/16768_9.jpg""]",4524210,WBC_slide_161,not available,False,False
5fe9d397569339fb,TBF,79,primary_unbiased,/mnt/d/New_folder/datasets/New folder/bma pbf tfa/tbf_imgs/FieldPos034,14,"[""/mnt/d/New_folder/datasets/New folder/bma pbf tfa/tbf_imgs/FieldPos034/FieldPos034_page_1.png"", ""/mnt/d/New_folder/datasets/New folder/bma pbf tfa/tbf_imgs/FieldPos034/FieldPos034_page_2.png"", ""/mnt/d/New_folder/datasets/New folder/bma pbf tfa/tbf_imgs/FieldPos034/FieldPos034_page_3.png"", ""/mnt/d/New_folder/datasets/New folder/bma pbf tfa/tbf_imgs/FieldPos034/FieldPos034_page_4.png"", ""/mnt/d/New_folder/datasets/New folder/bma pbf tfa/tbf_imgs/FieldPos034/FieldPos034_page_5.png"", ""/mnt/d/New_folder/datasets/New folder/bma pbf tfa/tbf_imgs/FieldPos034/FieldPos034_page_6.png"", ""/mnt/d/New_folder/datasets/New folder/bma pbf tfa/tbf_imgs/FieldPos034/FieldPos034_page_7.png"", ""/mnt/d/New_folder/datasets/New folder/bma pbf tfa/tbf_imgs/FieldPos034/FieldPos034_page_8.png"", ""/mnt/d/New_folder/datasets/New folder/bma pbf tfa/tbf_imgs/FieldPos034/FieldPos034_page_9.png"", ""/mnt/d/New_folder/datasets/New folder/bma pbf tfa/tbf_imgs/FieldPos034/FieldPos034_page_10.png"", ""/mnt/d/New_folder/datasets/New folder/bma pbf tfa/tbf_imgs/FieldPos034/FieldPos034_page_11.png"", ""/mnt/d/New_folder/datasets/New folder/bma pbf tfa/tbf_imgs/FieldPos034/FieldPos034_page_12.png"", ""/mnt/d/New_folder/datasets/New folder/bma pbf tfa/tbf_imgs/FieldPos034/FieldPos034_page_13.png"", ""/mnt/d/New_folder/datasets/New folder/bma pbf tfa/tbf_imgs/FieldPos034/FieldPos034_page_14.png""]",4524210,not available,not available,False,False
f7ba9b3fb239e8dd,WBC,10840,primary_unbiased,/mnt/d/New_folder/datasets/WBC_dataset1/10840,10,"[""/mnt/d/New_folder/datasets/WBC_dataset1/10840/10840_0.jpg"", ""/mnt/d/New_folder/datasets/WBC_dataset1/10840/10840_1.jpg"", ""/mnt/d/New_folder/datasets/WBC_dataset1/10840/10840_2.jpg"", ""/mnt/d/New_folder/datasets/WBC_dataset1/10840/10840_3.jpg"", ""/mnt/d/New_folder/datasets/WBC_dataset1/10840/10840_4.jpg"", ""/mnt/d/New_folder/datasets/WBC_dataset1/10840/10840_5.jpg"", ""/mnt/d/New_folder/datasets/WBC_dataset1/10840/10840_6.jpg"", ""/mnt/d/New_folder/datasets/WBC_dataset1/10840/10840_7.jpg"", ""/mnt/d/New_folder/datasets/WBC_dataset1/10840/10840_8.jpg"", ""/mnt/d/New_folder/datasets/WBC_dataset1/10840/10840_9.jpg""]",4524210,WBC_slide_59,not available,False,False
36e4237c0b7454c3,WBC,21372,primary_unbiased,/mnt/d/New_folder/datasets/WBC_dataset1/21372,10,"[""/mnt/d/New_folder/datasets/WBC_dataset1/21372/21372_0.jpg"", ""/mnt/d/New_folder/datasets/WBC_dataset1/21372/21372_1.jpg"", ""/mnt/d/New_folder/datasets/WBC_dataset1/21372/21372_2.jpg"", ""/mnt/d/New_folder/datasets/WBC_dataset1/21372/21372_3.jpg"", ""/mnt/d/New_folder/datasets/WBC_dataset1/21372/21372_4.jpg"", ""/mnt/d/New_folder/datasets/WBC_dataset1/21372/21372_5.jpg"", ""/mnt/d/New_folder/datasets/WBC_dataset1/21372/21372_6.jpg"", ""/mnt/d/New_folder/datasets/WBC_dataset1/21372/21372_7.jpg"", ""/mnt/d/New_folder/datasets/WBC_dataset1/21372/21372_8.jpg"", ""/mnt/d/New_folder/datasets/WBC_dataset1/21372/21372_9.jpg""]",4524210,WBC_slide_185,not available,False,False
5da4f578a441f116,BMA,17,primary_unbiased,/mnt/d/New_folder/datasets/New folder/bma pbf tfa/bma_imgs/pos004_1,14,"[""/mnt/d/New_folder/datasets/New folder/bma pbf tfa/bma_imgs/pos004_1/pos004_1_page_1.png"", ""/mnt/d/New_folder/datasets/New folder/bma pbf tfa/bma_imgs/pos004_1/pos004_1_page_2.png"", ""/mnt/d/New_folder/datasets/New folder/bma pbf tfa/bma_imgs/pos004_1/pos004_1_page_3.png"", ""/mnt/d/New_folder/datasets/New folder/bma pbf tfa/bma_imgs/pos004_1/pos004_1_page_4.png"", ""/mnt/d/New_folder/datasets/New folder/bma pbf tfa/bma_imgs/pos004_1/pos004_1_page_5.png"", ""/mnt/d/New_folder/datasets/New folder/bma pbf tfa/bma_imgs/pos004_1/pos004_1_page_6.png"", ""/mnt/d/New_folder/datasets/New folder/bma pbf tfa/bma_imgs/pos004_1/pos004_1_page_7.png"", ""/mnt/d/New_folder/datasets/New folder/bma pbf tfa/bma_imgs/pos004_1/pos004_1_page_8.png"", ""/mnt/d/New_folder/datasets/New folder/bma pbf tfa/bma_imgs/pos004_1/pos004_1_page_9.png"", ""/mnt/d/New_folder/datasets/New folder/bma pbf tfa/bma_imgs/pos004_1/pos004_1_page_10.png"", ""/mnt/d/New_folder/datasets/New folder/bma pbf tfa/bma_imgs/pos004_1/pos004_1_page_11.png"", ""/mnt/d/New_folder/datasets/New folder/bma pbf tfa/bma_imgs/pos004_1/pos004_1_page_12.png"", ""/mnt/d/New_folder/datasets/New folder/bma pbf tfa/bma_imgs/pos004_1/pos004_1_page_13.png"", ""/mnt/d/New_folder/datasets/New folder/bma pbf tfa/bma_imgs/pos004_1/pos004_1_page_14.png""]",4524210,not available,not available,False,False
276de9c41acecbdf,WBC,8484,primary_unbiased,/mnt/d/New_folder/datasets/WBC_dataset1/8484,10,"[""/mnt/d/New_folder/datasets/WBC_dataset1/8484/8484_0.jpg"", ""/mnt/d/New_folder/datasets/WBC_dataset1/8484/8484_1.jpg"", ""/mnt/d/New_folder/datasets/WBC_dataset1/8484/8484_2.jpg"", ""/mnt/d/New_folder/datasets/WBC_dataset1/8484/8484_3.jpg"", ""/mnt/d/New_folder/datasets/WBC_dataset1/8484/8484_4.jpg"", ""/mnt/d/New_folder/datasets/WBC_dataset1/8484/8484_5.jpg"", ""/mnt/d/New_folder/datasets/WBC_dataset1/8484/8484_6.jpg"", ""/mnt/d/New_folder/datasets/WBC_dataset1/8484/8484_7.jpg"", ""/mnt/d/New_folder/datasets/WBC_dataset1/8484/8484_8.jpg"", ""/mnt/d/New_folder/datasets/WBC_dataset1/8484/8484_9.jpg""]",4524210,WBC_slide_45,not available,False,False
78ca4e51ffaabfb0,TBF,142,primary_unbiased,/mnt/d/New_folder/datasets/New folder/bma pbf tfa/tbf_imgs/FieldPos086 (2),14,"[""/mnt/d/New_folder/datasets/New folder/bma pbf tfa/tbf_imgs/FieldPos086 (2)/FieldPos086 (2)_page_1.png"", ""/mnt/d/New_folder/datasets/New folder/bma pbf tfa/tbf_imgs/FieldPos086 (2)/FieldPos086 (2)_page_2.png"", ""/mnt/d/New_folder/datasets/New folder/bma pbf tfa/tbf_imgs/FieldPos086 (2)/FieldPos086 (2)_page_3.png"", ""/mnt/d/New_folder/datasets/New folder/bma pbf tfa/tbf_imgs/FieldPos086 (2)/FieldPos086 (2)_page_4.png"", ""/mnt/d/New_folder/datasets/New folder/bma pbf tfa/tbf_imgs/FieldPos086 (2)/FieldPos086 (2)_page_5.png"", ""/mnt/d/New_folder/datasets/New folder/bma pbf tfa/tbf_imgs/FieldPos086 (2)/FieldPos086 (2)_page_6.png"", ""/mnt/d/New_folder/datasets/New folder/bma pbf tfa/tbf_imgs/FieldPos086 (2)/FieldPos086 (2)_page_7.png"", ""/mnt/d/New_folder/datasets/New folder/bma pbf tfa/tbf_imgs/FieldPos086 (2)/FieldPos086 (2)_page_8.png"", ""/mnt/d/New_folder/datasets/New folder/bma pbf tfa/tbf_imgs/FieldPos086 (2)/FieldPos086 (2)_page_9.png"", ""/mnt/d/New_folder/datasets/New folder/bma pbf tfa/tbf_imgs/FieldPos086 (2)/FieldPos086 (2)_page_10.png"", ""/mnt/d/New_folder/datasets/New folder/bma pbf tfa/tbf_imgs/FieldPos086 (2)/FieldPos086 (2)_page_11.png"", ""/mnt/d/New_folder/datasets/New folder/bma pbf tfa/tbf_imgs/FieldPos086 (2)/FieldPos086 (2)_page_12.png"", ""/mnt/d/New_folder/datasets/New folder/bma pbf tfa/tbf_imgs/FieldPos086 (2)/FieldPos086 (2)_page_13.png"", ""/mnt/d/New_folder/datasets/New folder/bma pbf tfa/tbf_imgs/FieldPos086 (2)/FieldPos086 (2)_page_14.png""]",4524210,not available,not available,False,False
2c848435c4086211,BMA,7,primary_unbiased,/mnt/d/New_folder/datasets/New folder/bma pbf tfa/bma_imgs/pos001_3,14,"[""/mnt/d/New_folder/datasets/New folder/bma pbf tfa/bma_imgs/pos001_3/pos001_3_page_1.png"", ""/mnt/d/New_folder/datasets/New folder/bma pbf tfa/bma_imgs/pos001_3/pos001_3_page_2.png"", ""/mnt/d/New_folder/datasets/New folder/bma pbf tfa/bma_imgs/pos001_3/pos001_3_page_3.png"", ""/mnt/d/New_folder/datasets/New folder/bma pbf tfa/bma_imgs/pos001_3/pos001_3_page_4.png"", ""/mnt/d/New_folder/datasets/New folder/bma pbf tfa/bma_imgs/pos001_3/pos001_3_page_5.png"", ""/mnt/d/New_folder/datasets/New folder/bma pbf tfa/bma_imgs/pos001_3/pos001_3_page_6.png"", ""/mnt/d/New_folder/datasets/New folder/bma pbf tfa/bma_imgs/pos001_3/pos001_3_page_7.png"", ""/mnt/d/New_folder/datasets/New folder/bma pbf tfa/bma_imgs/pos001_3/pos001_3_page_8.png"", ""/mnt/d/New_folder/datasets/New folder/bma pbf tfa/bma_imgs/pos001_3/pos001_3_page_9.png"", ""/mnt/d/New_folder/datasets/New folder/bma pbf tfa/bma_imgs/pos001_3/pos001_3_page_10.png"", ""/mnt/d/New_folder/datasets/New folder/bma pbf tfa/bma_imgs/pos001_3/pos001_3_page_11.png"", ""/mnt/d/New_folder/datasets/New folder/bma pbf tfa/bma_imgs/pos001_3/pos001_3_page_12.png"", ""/mnt/d/New_folder/datasets/New folder/bma pbf tfa/bma_imgs/pos001_3/pos001_3_page_13.png"", ""/mnt/d/New_folder/datasets/New folder/bma pbf tfa/bma_imgs/pos001_3/pos001_3_page_14.png""]",4524210,not available,not available,False,False
1d937c40393a866b,TBF,117,primary_unbiased,/mnt/d/New_folder/datasets/New folder/bma pbf tfa/tbf_imgs/FieldPos063,14,"[""/mnt/d/New_folder/datasets/New folder/bma pbf tfa/tbf_imgs/FieldPos063/FieldPos063_page_1.png"", ""/mnt/d/New_folder/datasets/New folder/bma pbf tfa/tbf_imgs/FieldPos063/FieldPos063_page_2.png"", ""/mnt/d/New_folder/datasets/New folder/bma pbf tfa/tbf_imgs/FieldPos063/FieldPos063_page_3.png"", ""/mnt/d/New_folder/datasets/New folder/bma pbf tfa/tbf_imgs/FieldPos063/FieldPos063_page_4.png"", ""/mnt/d/New_folder/datasets/New folder/bma pbf tfa/tbf_imgs/FieldPos063/FieldPos063_page_5.png"", ""/mnt/d/New_folder/datasets/New folder/bma pbf tfa/tbf_imgs/FieldPos063/FieldPos063_page_6.png"", ""/mnt/d/New_folder/datasets/New folder/bma pbf tfa/tbf_imgs/FieldPos063/FieldPos063_page_7.png"", ""/mnt/d/New_folder/datasets/New folder/bma pbf tfa/tbf_imgs/FieldPos063/FieldPos063_page_8.png"", ""/mnt/d/New_folder/datasets/New folder/bma pbf tfa/tbf_imgs/FieldPos063/FieldPos063_page_9.png"", ""/mnt/d/New_folder/datasets/New folder/bma pbf tfa/tbf_imgs/FieldPos063/FieldPos063_page_10.png"", ""/mnt/d/New_folder/datasets/New folder/bma pbf tfa/tbf_imgs/FieldPos063/FieldPos063_page_11.png"", ""/mnt/d/New_folder/datasets/New folder/bma pbf tfa/tbf_imgs/FieldPos063/FieldPos063_page_12.png"", ""/mnt/d/New_folder/datasets/New folder/bma pbf tfa/tbf_imgs/FieldPos063/FieldPos063_page_13.png"", ""/mnt/d/New_folder/datasets/New folder/bma pbf tfa/tbf_imgs/FieldPos063/FieldPos063_page_14.png""]",4524210,not available,not available,False,False
9b3ff0b7c8dcd02f,TBI,1,primary_unbiased,/mnt/d/New_folder/datasets/New folder/TBSI/folders/HH2,10,"[""/mnt/d/New_folder/datasets/New folder/TBSI/folders/HH2/HH2 (1).JPG"", ""/mnt/d/New_folder/datasets/New folder/TBSI/folders/HH2/HH2 (2).JPG"", ""/mnt/d/New_folder/datasets/New folder/TBSI/folders/HH2/HH2 (3).JPG"", ""/mnt/d/New_folder/datasets/New folder/TBSI/folders/HH2/HH2 (4).JPG"", ""/mnt/d/New_folder/datasets/New folder/TBSI/folders/HH2/HH2 (5).JPG"", ""/mnt/d/New_folder/datasets/New folder/TBSI/folders/HH2/HH2 (6).JPG"", ""/mnt/d/New_folder/datasets/New folder/TBSI/folders/HH2/HH2 (7).JPG"", ""/mnt/d/New_folder/datasets/New folder/TBSI/folders/HH2/HH2 (8).JPG"", ""/mnt/d/New_folder/datasets/New folder/TBSI/folders/HH2/HH2 (9).JPG"", ""/mnt/d/New_folder/datasets/New folder/TBSI/folders/HH2/HH2 (10).JPG""]",4524210,not available,not available,False,False
870fd718da547841,WBC,25016,primary_unbiased,/mnt/d/New_folder/datasets/WBC_dataset1/25016,10,"[""/mnt/d/New_folder/datasets/WBC_dataset1/25016/25016_0.jpg"", ""/mnt/d/New_folder/datasets/WBC_dataset1/25016/25016_1.jpg"", ""/mnt/d/New_folder/datasets/WBC_dataset1/25016/25016_2.jpg"", ""/mnt/d/New_folder/datasets/WBC_dataset1/25016/25016_3.jpg"", ""/mnt/d/New_folder/datasets/WBC_dataset1/25016/25016_4.jpg"", ""/mnt/d/New_folder/datasets/WBC_dataset1/25016/25016_5.jpg"", ""/mnt/d/New_folder/datasets/WBC_dataset1/25016/25016_6.jpg"", ""/mnt/d/New_folder/datasets/WBC_dataset1/25016/25016_7.jpg"", ""/mnt/d/New_folder/datasets/WBC_dataset1/25016/25016_8.jpg"", ""/mnt/d/New_folder/datasets/WBC_dataset1/25016/25016_9.jpg""]",4524210,WBC_slide_209,not available,False,False
da9e8509619b4e9b,BMA,33,primary_unbiased,/mnt/d/New_folder/datasets/New folder/bma pbf tfa/bma_imgs/pos008_1,14,"[""/mnt/d/New_folder/datasets/New folder/bma pbf tfa/bma_imgs/pos008_1/pos008_1_page_1.png"", ""/mnt/d/New_folder/datasets/New folder/bma pbf tfa/bma_imgs/pos008_1/pos008_1_page_2.png"", ""/mnt/d/New_folder/datasets/New folder/bma pbf tfa/bma_imgs/pos008_1/pos008_1_page_3.png"", ""/mnt/d/New_folder/datasets/New folder/bma pbf tfa/bma_imgs/pos008_1/pos008_1_page_4.png"", ""/mnt/d/New_folder/datasets/New folder/bma pbf tfa/bma_imgs/pos008_1/pos008_1_page_5.png"", ""/mnt/d/New_folder/datasets/New folder/bma pbf tfa/bma_imgs/pos008_1/pos008_1_page_6.png"", ""/mnt/d/New_folder/datasets/New folder/bma pbf tfa/bma_imgs/pos008_1/pos008_1_page_7.png"", ""/mnt/d/New_folder/datasets/New folder/bma pbf tfa/bma_imgs/pos008_1/pos008_1_page_8.png"", ""/mnt/d/New_folder/datasets/New folder/bma pbf tfa/bma_imgs/pos008_1/pos008_1_page_9.png"", ""/mnt/d/New_folder/datasets/New folder/bma pbf tfa/bma_imgs/pos008_1/pos008_1_page_10.png"", ""/mnt/d/New_folder/datasets/New folder/bma pbf tfa/bma_imgs/pos008_1/pos008_1_page_11.png"", ""/mnt/d/New_folder/datasets/New folder/bma pbf tfa/bma_imgs/pos008_1/pos008_1_page_12.png"", ""/mnt/d/New_folder/datasets/New folder/bma pbf tfa/bma_imgs/pos008_1/pos008_1_page_13.png"", ""/mnt/d/New_folder/datasets/New folder/bma pbf tfa/bma_imgs/pos008_1/pos008_1_page_14.png""]",4524210,not available,not available,False,False
4d19038f98dfa441,WBC,5906,disagreement_enriched_qualitative,/mnt/d/New_folder/datasets/WBC_dataset1/5906,10,"[""/mnt/d/New_folder/datasets/WBC_dataset1/5906/5906_0.jpg"", ""/mnt/d/New_folder/datasets/WBC_dataset1/5906/5906_1.jpg"", ""/mnt/d/New_folder/datasets/WBC_dataset1/5906/5906_2.jpg"", ""/mnt/d/New_folder/datasets/WBC_dataset1/5906/5906_3.jpg"", ""/mnt/d/New_folder/datasets/WBC_dataset1/5906/5906_4.jpg"", ""/mnt/d/New_folder/datasets/WBC_dataset1/5906/5906_5.jpg"", ""/mnt/d/New_folder/datasets/WBC_dataset1/5906/5906_6.jpg"", ""/mnt/d/New_folder/datasets/WBC_dataset1/5906/5906_7.jpg"", ""/mnt/d/New_folder/datasets/WBC_dataset1/5906/5906_8.jpg"", ""/mnt/d/New_folder/datasets/WBC_dataset1/5906/5906_9.jpg""]",4524210,WBC_slide_29,not available,False,False
8085f43338214994,TBI,4,primary_unbiased,/mnt/d/New_folder/datasets/New folder/TBSI/folders/HH5,10,"[""/mnt/d/New_folder/datasets/New folder/TBSI/folders/HH5/HH5 (1).JPG"", ""/mnt/d/New_folder/datasets/New folder/TBSI/folders/HH5/HH5 (2).JPG"", ""/mnt/d/New_folder/datasets/New folder/TBSI/folders/HH5/HH5 (3).JPG"", ""/mnt/d/New_folder/datasets/New folder/TBSI/folders/HH5/HH5 (4).JPG"", ""/mnt/d/New_folder/datasets/New folder/TBSI/folders/HH5/HH5 (5).JPG"", ""/mnt/d/New_folder/datasets/New folder/TBSI/folders/HH5/HH5 (6).JPG"", ""/mnt/d/New_folder/datasets/New folder/TBSI/folders/HH5/HH5 (7).JPG"", ""/mnt/d/New_folder/datasets/New folder/TBSI/folders/HH5/HH5 (8).JPG"", ""/mnt/d/New_folder/datasets/New folder/TBSI/folders/HH5/HH5 (9).JPG"", ""/mnt/d/New_folder/datasets/New folder/TBSI/folders/HH5/HH5 (10).JPG""]",4524210,not available,not available,False,False
217f54d9c6554496,WBC,7163,primary_unbiased,/mnt/d/New_folder/datasets/WBC_dataset1/7163,10,"[""/mnt/d/New_folder/datasets/WBC_dataset1/7163/7163_0.jpg"", ""/mnt/d/New_folder/datasets/WBC_dataset1/7163/7163_1.jpg"", ""/mnt/d/New_folder/datasets/WBC_dataset1/7163/7163_2.jpg"", ""/mnt/d/New_folder/datasets/WBC_dataset1/7163/7163_3.jpg"", ""/mnt/d/New_folder/datasets/WBC_dataset1/7163/7163_4.jpg"", ""/mnt/d/New_folder/datasets/WBC_dataset1/7163/7163_5.jpg"", ""/mnt/d/New_folder/datasets/WBC_dataset1/7163/7163_6.jpg"", ""/mnt/d/New_folder/datasets/WBC_dataset1/7163/7163_7.jpg"", ""/mnt/d/New_folder/datasets/WBC_dataset1/7163/7163_8.jpg"", ""/mnt/d/New_folder/datasets/WBC_dataset1/7163/7163_9.jpg""]",4524210,WBC_slide_37,not available,False,False
3491fcdb3f2ba730,TBF,61,primary_unbiased,/mnt/d/New_folder/datasets/New folder/bma pbf tfa/tbf_imgs/FieldPos019 (2),14,"[""/mnt/d/New_folder/datasets/New folder/bma pbf tfa/tbf_imgs/FieldPos019 (2)/FieldPos019 (2)_page_1.png"", ""/mnt/d/New_folder/datasets/New folder/bma pbf tfa/tbf_imgs/FieldPos019 (2)/FieldPos019 (2)_page_2.png"", ""/mnt/d/New_folder/datasets/New folder/bma pbf tfa/tbf_imgs/FieldPos019 (2)/FieldPos019 (2)_page_3.png"", ""/mnt/d/New_folder/datasets/New folder/bma pbf tfa/tbf_imgs/FieldPos019 (2)/FieldPos019 (2)_page_4.png"", ""/mnt/d/New_folder/datasets/New folder/bma pbf tfa/tbf_imgs/FieldPos019 (2)/FieldPos019 (2)_page_5.png"", ""/mnt/d/New_folder/datasets/New folder/bma pbf tfa/tbf_imgs/FieldPos019 (2)/FieldPos019 (2)_page_6.png"", ""/mnt/d/New_folder/datasets/New folder/bma pbf tfa/tbf_imgs/FieldPos019 (2)/FieldPos019 (2)_page_7.png"", ""/mnt/d/New_folder/datasets/New folder/bma pbf tfa/tbf_imgs/FieldPos019 (2)/FieldPos019 (2)_page_8.png"", ""/mnt/d/New_folder/datasets/New folder/bma pbf tfa/tbf_imgs/FieldPos019 (2)/FieldPos019 (2)_page_9.png"", ""/mnt/d/New_folder/datasets/New folder/bma pbf tfa/tbf_imgs/FieldPos019 (2)/FieldPos019 (2)_page_10.png"", ""/mnt/d/New_folder/datasets/New folder/bma pbf tfa/tbf_imgs/FieldPos019 (2)/FieldPos019 (2)_page_11.png"", ""/mnt/d/New_folder/datasets/New folder/bma pbf tfa/tbf_imgs/FieldPos019 (2)/FieldPos019 (2)_page_12.png"", ""/mnt/d/New_folder/datasets/New folder/bma pbf tfa/tbf_imgs/FieldPos019 (2)/FieldPos019 (2)_page_13.png"", ""/mnt/d/New_folder/datasets/New folder/bma pbf tfa/tbf_imgs/FieldPos019 (2)/FieldPos019 (2)_page_14.png""]",4524210,not available,not available,False,False
eddb83cbc345c2b1,TBF,49,disagreement_enriched_qualitative,/mnt/d/New_folder/datasets/New folder/bma pbf tfa/tbf_imgs/FieldPos014,14,"[""/mnt/d/New_folder/datasets/New folder/bma pbf tfa/tbf_imgs/FieldPos014/FieldPos014_page_1.png"", ""/mnt/d/New_folder/datasets/New folder/bma pbf tfa/tbf_imgs/FieldPos014/FieldPos014_page_2.png"", ""/mnt/d/New_folder/datasets/New folder/bma pbf tfa/tbf_imgs/FieldPos014/FieldPos014_page_3.png"", ""/mnt/d/New_folder/datasets/New folder/bma pbf tfa/tbf_imgs/FieldPos014/FieldPos014_page_4.png"", ""/mnt/d/New_folder/datasets/New folder/bma pbf tfa/tbf_imgs/FieldPos014/FieldPos014_page_5.png"", ""/mnt/d/New_folder/datasets/New folder/bma pbf tfa/tbf_imgs/FieldPos014/FieldPos014_page_6.png"", ""/mnt/d/New_folder/datasets/New folder/bma pbf tfa/tbf_imgs/FieldPos014/FieldPos014_page_7.png"", ""/mnt/d/New_folder/datasets/New folder/bma pbf tfa/tbf_imgs/FieldPos014/FieldPos014_page_8.png"", ""/mnt/d/New_folder/datasets/New folder/bma pbf tfa/tbf_imgs/FieldPos014/FieldPos014_page_9.png"", ""/mnt/d/New_folder/datasets/New folder/bma pbf tfa/tbf_imgs/FieldPos014/FieldPos014_page_10.png"", ""/mnt/d/New_folder/datasets/New folder/bma pbf tfa/tbf_imgs/FieldPos014/FieldPos014_page_11.png"", ""/mnt/d/New_folder/datasets/New folder/bma pbf tfa/tbf_imgs/FieldPos014/FieldPos014_page_12.png"", ""/mnt/d/New_folder/datasets/New folder/bma pbf tfa/tbf_imgs/FieldPos014/FieldPos014_page_13.png"", ""/mnt/d/New_folder/datasets/New folder/bma pbf tfa/tbf_imgs/FieldPos014/FieldPos014_page_14.png""]",4524210,not available,not available,False,False
95ba91f2c40b5973,TBI,25,primary_unbiased,/mnt/d/New_folder/datasets/New folder/TBSI/folders/LH6,10,"[""/mnt/d/New_folder/datasets/New folder/TBSI/folders/LH6/LH6 (1).JPG"", ""/mnt/d/New_folder/datasets/New folder/TBSI/folders/LH6/LH6 (2).JPG"", ""/mnt/d/New_folder/datasets/New folder/TBSI/folders/LH6/LH6 (3).JPG"", ""/mnt/d/New_folder/datasets/New folder/TBSI/folders/LH6/LH6 (4).JPG"", ""/mnt/d/New_folder/datasets/New folder/TBSI/folders/LH6/LH6 (5).JPG"", ""/mnt/d/New_folder/datasets/New folder/TBSI/folders/LH6/LH6 (6).JPG"", ""/mnt/d/New_folder/datasets/New folder/TBSI/folders/LH6/LH6 (7).JPG"", ""/mnt/d/New_folder/datasets/New folder/TBSI/folders/LH6/LH6 (8).JPG"", ""/mnt/d/New_folder/datasets/New folder/TBSI/folders/LH6/LH6 (9).JPG"", ""/mnt/d/New_folder/datasets/New folder/TBSI/folders/LH6/LH6 (10).JPG""]",4524210,not available,not available,False,False
057818fa4b81bc83,PBS,17,primary_unbiased,/mnt/d/New_folder/datasets/New folder/bma pbf tfa/pbs_imgs/FieldPos237_Cam01_RGB_MB,9,"[""/mnt/d/New_folder/datasets/New folder/bma pbf tfa/pbs_imgs/FieldPos237_Cam01_RGB_MB/FieldPos237_Cam01_RGB_MB_page_1.png"", ""/mnt/d/New_folder/datasets/New folder/bma pbf tfa/pbs_imgs/FieldPos237_Cam01_RGB_MB/FieldPos237_Cam01_RGB_MB_page_2.png"", ""/mnt/d/New_folder/datasets/New folder/bma pbf tfa/pbs_imgs/FieldPos237_Cam01_RGB_MB/FieldPos237_Cam01_RGB_MB_page_3.png"", ""/mnt/d/New_folder/datasets/New folder/bma pbf tfa/pbs_imgs/FieldPos237_Cam01_RGB_MB/FieldPos237_Cam01_RGB_MB_page_4.png"", ""/mnt/d/New_folder/datasets/New folder/bma pbf tfa/pbs_imgs/FieldPos237_Cam01_RGB_MB/FieldPos237_Cam01_RGB_MB_page_5.png"", ""/mnt/d/New_folder/datasets/New folder/bma pbf tfa/pbs_imgs/FieldPos237_Cam01_RGB_MB/FieldPos237_Cam01_RGB_MB_page_6.png"", ""/mnt/d/New_folder/datasets/New folder/bma pbf tfa/pbs_imgs/FieldPos237_Cam01_RGB_MB/FieldPos237_Cam01_RGB_MB_page_7.png"", ""/mnt/d/New_folder/datasets/New folder/bma pbf tfa/pbs_imgs/FieldPos237_Cam01_RGB_MB/FieldPos237_Cam01_RGB_MB_page_8.png"", ""/mnt/d/New_folder/datasets/New folder/bma pbf tfa/pbs_imgs/FieldPos237_Cam01_RGB_MB/FieldPos237_Cam01_RGB_MB_page_9.png""]",4524210,not available,not available,False,False
94400e115e1553e3,PBS,75,primary_unbiased,/mnt/d/New_folder/datasets/New folder/bma pbf tfa/pbs_imgs/FieldPos471_Cam01_RGB_MB,15,"[""/mnt/d/New_folder/datasets/New folder/bma pbf tfa/pbs_imgs/FieldPos471_Cam01_RGB_MB/FieldPos471_Cam01_RGB_MB_page_1.png"", ""/mnt/d/New_folder/datasets/New folder/bma pbf tfa/pbs_imgs/FieldPos471_Cam01_RGB_MB/FieldPos471_Cam01_RGB_MB_page_2.png"", ""/mnt/d/New_folder/datasets/New folder/bma pbf tfa/pbs_imgs/FieldPos471_Cam01_RGB_MB/FieldPos471_Cam01_RGB_MB_page_3.png"", ""/mnt/d/New_folder/datasets/New folder/bma pbf tfa/pbs_imgs/FieldPos471_Cam01_RGB_MB/FieldPos471_Cam01_RGB_MB_page_4.png"", ""/mnt/d/New_folder/datasets/New folder/bma pbf tfa/pbs_imgs/FieldPos471_Cam01_RGB_MB/FieldPos471_Cam01_RGB_MB_page_5.png"", ""/mnt/d/New_folder/datasets/New folder/bma pbf tfa/pbs_imgs/FieldPos471_Cam01_RGB_MB/FieldPos471_Cam01_RGB_MB_page_6.png"", ""/mnt/d/New_folder/datasets/New folder/bma pbf tfa/pbs_imgs/FieldPos471_Cam01_RGB_MB/FieldPos471_Cam01_RGB_MB_page_7.png"", ""/mnt/d/New_folder/datasets/New folder/bma pbf tfa/pbs_imgs/FieldPos471_Cam01_RGB_MB/FieldPos471_Cam01_RGB_MB_page_8.png"", ""/mnt/d/New_folder/datasets/New folder/bma pbf tfa/pbs_imgs/FieldPos471_Cam01_RGB_MB/FieldPos471_Cam01_RGB_MB_page_9.png"", ""/mnt/d/New_folder/datasets/New folder/bma pbf tfa/pbs_imgs/FieldPos471_Cam01_RGB_MB/FieldPos471_Cam01_RGB_MB_page_10.png"", ""/mnt/d/New_folder/datasets/New folder/bma pbf tfa/pbs_imgs/FieldPos471_Cam01_RGB_MB/FieldPos471_Cam01_RGB_MB_page_11.png"", ""/mnt/d/New_folder/datasets/New folder/bma pbf tfa/pbs_imgs/FieldPos471_Cam01_RGB_MB/FieldPos471_Cam01_RGB_MB_page_12.png"", ""/mnt/d/New_folder/datasets/New folder/bma pbf tfa/pbs_imgs/FieldPos471_Cam01_RGB_MB/FieldPos471_Cam01_RGB_MB_page_13.png"", ""/mnt/d/New_folder/datasets/New folder/bma pbf tfa/pbs_imgs/FieldPos471_Cam01_RGB_MB/FieldPos471_Cam01_RGB_MB_page_14.png"", ""/mnt/d/New_folder/datasets/New folder/bma pbf tfa/pbs_imgs/FieldPos471_Cam01_RGB_MB/FieldPos471_Cam01_RGB_MB_page_15.png""]",4524210,not available,not available,False,False
dc7d08c6cc681181,PBS,27,primary_unbiased,/mnt/d/New_folder/datasets/New folder/bma pbf tfa/pbs_imgs/FieldPos298_Cam01_RGB_MB,15,"[""/mnt/d/New_folder/datasets/New folder/bma pbf tfa/pbs_imgs/FieldPos298_Cam01_RGB_MB/FieldPos298_Cam01_RGB_MB_page_1.png"", ""/mnt/d/New_folder/datasets/New folder/bma pbf tfa/pbs_imgs/FieldPos298_Cam01_RGB_MB/FieldPos298_Cam01_RGB_MB_page_2.png"", ""/mnt/d/New_folder/datasets/New folder/bma pbf tfa/pbs_imgs/FieldPos298_Cam01_RGB_MB/FieldPos298_Cam01_RGB_MB_page_3.png"", ""/mnt/d/New_folder/datasets/New folder/bma pbf tfa/pbs_imgs/FieldPos298_Cam01_RGB_MB/FieldPos298_Cam01_RGB_MB_page_4.png"", ""/mnt/d/New_folder/datasets/New folder/bma pbf tfa/pbs_imgs/FieldPos298_Cam01_RGB_MB/FieldPos298_Cam01_RGB_MB_page_5.png"", ""/mnt/d/New_folder/datasets/New folder/bma pbf tfa/pbs_imgs/FieldPos298_Cam01_RGB_MB/FieldPos298_Cam01_RGB_MB_page_6.png"", ""/mnt/d/New_folder/datasets/New folder/bma pbf tfa/pbs_imgs/FieldPos298_Cam01_RGB_MB/FieldPos298_Cam01_RGB_MB_page_7.png"", ""/mnt/d/New_folder/datasets/New folder/bma pbf tfa/pbs_imgs/FieldPos298_Cam01_RGB_MB/FieldPos298_Cam01_RGB_MB_page_8.png"", ""/mnt/d/New_folder/datasets/New folder/bma pbf tfa/pbs_imgs/FieldPos298_Cam01_RGB_MB/FieldPos298_Cam01_RGB_MB_page_9.png"", ""/mnt/d/New_folder/datasets/New folder/bma pbf tfa/pbs_imgs/FieldPos298_Cam01_RGB_MB/FieldPos298_Cam01_RGB_MB_page_10.png"", ""/mnt/d/New_folder/datasets/New folder/bma pbf tfa/pbs_imgs/FieldPos298_Cam01_RGB_MB/FieldPos298_Cam01_RGB_MB_page_11.png"", ""/mnt/d/New_folder/datasets/New folder/bma pbf tfa/pbs_imgs/FieldPos298_Cam01_RGB_MB/FieldPos298_Cam01_RGB_MB_page_12.png"", ""/mnt/d/New_folder/datasets/New folder/bma pbf tfa/pbs_imgs/FieldPos298_Cam01_RGB_MB/FieldPos298_Cam01_RGB_MB_page_13.png"", ""/mnt/d/New_folder/datasets/New folder/bma pbf tfa/pbs_imgs/FieldPos298_Cam01_RGB_MB/FieldPos298_Cam01_RGB_MB_page_14.png"", ""/mnt/d/New_folder/datasets/New folder/bma pbf tfa/pbs_imgs/FieldPos298_Cam01_RGB_MB/FieldPos298_Cam01_RGB_MB_page_15.png""]",4524210,not available,not available,False,False
aa13fc533d82c144,BMA,29,primary_unbiased,/mnt/d/New_folder/datasets/New folder/bma pbf tfa/bma_imgs/pos007_1,14,"[""/mnt/d/New_folder/datasets/New folder/bma pbf tfa/bma_imgs/pos007_1/pos007_1_page_1.png"", ""/mnt/d/New_folder/datasets/New folder/bma pbf tfa/bma_imgs/pos007_1/pos007_1_page_2.png"", ""/mnt/d/New_folder/datasets/New folder/bma pbf tfa/bma_imgs/pos007_1/pos007_1_page_3.png"", ""/mnt/d/New_folder/datasets/New folder/bma pbf tfa/bma_imgs/pos007_1/pos007_1_page_4.png"", ""/mnt/d/New_folder/datasets/New folder/bma pbf tfa/bma_imgs/pos007_1/pos007_1_page_5.png"", ""/mnt/d/New_folder/datasets/New folder/bma pbf tfa/bma_imgs/pos007_1/pos007_1_page_6.png"", ""/mnt/d/New_folder/datasets/New folder/bma pbf tfa/bma_imgs/pos007_1/pos007_1_page_7.png"", ""/mnt/d/New_folder/datasets/New folder/bma pbf tfa/bma_imgs/pos007_1/pos007_1_page_8.png"", ""/mnt/d/New_folder/datasets/New folder/bma pbf tfa/bma_imgs/pos007_1/pos007_1_page_9.png"", ""/mnt/d/New_folder/datasets/New folder/bma pbf tfa/bma_imgs/pos007_1/pos007_1_page_10.png"", ""/mnt/d/New_folder/datasets/New folder/bma pbf tfa/bma_imgs/pos007_1/pos007_1_page_11.png"", ""/mnt/d/New_folder/datasets/New folder/bma pbf tfa/bma_imgs/pos007_1/pos007_1_page_12.png"", ""/mnt/d/New_folder/datasets/New folder/bma pbf tfa/bma_imgs/pos007_1/pos007_1_page_13.png"", ""/mnt/d/New_folder/datasets/New folder/bma pbf tfa/bma_imgs/pos007_1/pos007_1_page_14.png""]",4524210,not available,not available,False,False
f285f31300744be7,TBI,18,primary_unbiased,/mnt/d/New_folder/datasets/New folder/TBSI/folders/HL9,10,"[""/mnt/d/New_folder/datasets/New folder/TBSI/folders/HL9/HL9 (1).JPG"", ""/mnt/d/New_folder/datasets/New folder/TBSI/folders/HL9/HL9 (2).JPG"", ""/mnt/d/New_folder/datasets/New folder/TBSI/folders/HL9/HL9 (3).JPG"", ""/mnt/d/New_folder/datasets/New folder/TBSI/folders/HL9/HL9 (4).JPG"", ""/mnt/d/New_folder/datasets/New folder/TBSI/folders/HL9/HL9 (5).JPG"", ""/mnt/d/New_folder/datasets/New folder/TBSI/folders/HL9/HL9 (6).JPG"", ""/mnt/d/New_folder/datasets/New folder/TBSI/folders/HL9/HL9 (7).JPG"", ""/mnt/d/New_folder/datasets/New folder/TBSI/folders/HL9/HL9 (8).JPG"", ""/mnt/d/New_folder/datasets/New folder/TBSI/folders/HL9/HL9 (9).JPG"", ""/mnt/d/New_folder/datasets/New folder/TBSI/folders/HL9/HL9 (10).JPG""]",4524210,not available,not available,False,False
247960367c3eb4fc,TBI,11,primary_unbiased,/mnt/d/New_folder/datasets/New folder/TBSI/folders/HL2,10,"[""/mnt/d/New_folder/datasets/New folder/TBSI/folders/HL2/HL2 (1).JPG"", ""/mnt/d/New_folder/datasets/New folder/TBSI/folders/HL2/HL2 (2).JPG"", ""/mnt/d/New_folder/datasets/New folder/TBSI/folders/HL2/HL2 (3).JPG"", ""/mnt/d/New_folder/datasets/New folder/TBSI/folders/HL2/HL2 (4).JPG"", ""/mnt/d/New_folder/datasets/New folder/TBSI/folders/HL2/HL2 (5).JPG"", ""/mnt/d/New_folder/datasets/New folder/TBSI/folders/HL2/HL2 (6).JPG"", ""/mnt/d/New_folder/datasets/New folder/TBSI/folders/HL2/HL2 (7).JPG"", ""/mnt/d/New_folder/datasets/New folder/TBSI/folders/HL2/HL2 (8).JPG"", ""/mnt/d/New_folder/datasets/New folder/TBSI/folders/HL2/HL2 (9).JPG"", ""/mnt/d/New_folder/datasets/New folder/TBSI/folders/HL2/HL2 (10).JPG""]",4524210,not available,not available,False,False
c9f02e09d7f283c5,PBS,50,primary_unbiased,/mnt/d/New_folder/datasets/New folder/bma pbf tfa/pbs_imgs/FieldPos409_Cam01_RGB_MB,15,"[""/mnt/d/New_folder/datasets/New folder/bma pbf tfa/pbs_imgs/FieldPos409_Cam01_RGB_MB/FieldPos409_Cam01_RGB_MB_page_1.png"", ""/mnt/d/New_folder/datasets/New folder/bma pbf tfa/pbs_imgs/FieldPos409_Cam01_RGB_MB/FieldPos409_Cam01_RGB_MB_page_2.png"", ""/mnt/d/New_folder/datasets/New folder/bma pbf tfa/pbs_imgs/FieldPos409_Cam01_RGB_MB/FieldPos409_Cam01_RGB_MB_page_3.png"", ""/mnt/d/New_folder/datasets/New folder/bma pbf tfa/pbs_imgs/FieldPos409_Cam01_RGB_MB/FieldPos409_Cam01_RGB_MB_page_4.png"", ""/mnt/d/New_folder/datasets/New folder/bma pbf tfa/pbs_imgs/FieldPos409_Cam01_RGB_MB/FieldPos409_Cam01_RGB_MB_page_5.png"", ""/mnt/d/New_folder/datasets/New folder/bma pbf tfa/pbs_imgs/FieldPos409_Cam01_RGB_MB/FieldPos409_Cam01_RGB_MB_page_6.png"", ""/mnt/d/New_folder/datasets/New folder/bma pbf tfa/pbs_imgs/FieldPos409_Cam01_RGB_MB/FieldPos409_Cam01_RGB_MB_page_7.png"", ""/mnt/d/New_folder/datasets/New folder/bma pbf tfa/pbs_imgs/FieldPos409_Cam01_RGB_MB/FieldPos409_Cam01_RGB_MB_page_8.png"", ""/mnt/d/New_folder/datasets/New folder/bma pbf tfa/pbs_imgs/FieldPos409_Cam01_RGB_MB/FieldPos409_Cam01_RGB_MB_page_9.png"", ""/mnt/d/New_folder/datasets/New folder/bma pbf tfa/pbs_imgs/FieldPos409_Cam01_RGB_MB/FieldPos409_Cam01_RGB_MB_page_10.png"", ""/mnt/d/New_folder/datasets/New folder/bma pbf tfa/pbs_imgs/FieldPos409_Cam01_RGB_MB/FieldPos409_Cam01_RGB_MB_page_11.png"", ""/mnt/d/New_folder/datasets/New folder/bma pbf tfa/pbs_imgs/FieldPos409_Cam01_RGB_MB/FieldPos409_Cam01_RGB_MB_page_12.png"", ""/mnt/d/New_folder/datasets/New folder/bma pbf tfa/pbs_imgs/FieldPos409_Cam01_RGB_MB/FieldPos409_Cam01_RGB_MB_page_13.png"", ""/mnt/d/New_folder/datasets/New folder/bma pbf tfa/pbs_imgs/FieldPos409_Cam01_RGB_MB/FieldPos409_Cam01_RGB_MB_page_14.png"", ""/mnt/d/New_folder/datasets/New folder/bma pbf tfa/pbs_imgs/FieldPos409_Cam01_RGB_MB/FieldPos409_Cam01_RGB_MB_page_15.png""]",4524210,not available,not available,False,False
5322b0ebd5cdecfe,TBI,23,primary_unbiased,/mnt/d/New_folder/datasets/New folder/TBSI/folders/LH4,10,"[""/mnt/d/New_folder/datasets/New folder/TBSI/folders/LH4/LH4 (1).JPG"", ""/mnt/d/New_folder/datasets/New folder/TBSI/folders/LH4/LH4 (2).JPG"", ""/mnt/d/New_folder/datasets/New folder/TBSI/folders/LH4/LH4 (3).JPG"", ""/mnt/d/New_folder/datasets/New folder/TBSI/folders/LH4/LH4 (4).JPG"", ""/mnt/d/New_folder/datasets/New folder/TBSI/folders/LH4/LH4 (5).JPG"", ""/mnt/d/New_folder/datasets/New folder/TBSI/folders/LH4/LH4 (6).JPG"", ""/mnt/d/New_folder/datasets/New folder/TBSI/folders/LH4/LH4 (7).JPG"", ""/mnt/d/New_folder/datasets/New folder/TBSI/folders/LH4/LH4 (8).JPG"", ""/mnt/d/New_folder/datasets/New folder/TBSI/folders/LH4/LH4 (9).JPG"", ""/mnt/d/New_folder/datasets/New folder/TBSI/folders/LH4/LH4 (10).JPG""]",4524210,not available,not available,False,False
fd7f7308e9305a84,PBS,2,disagreement_enriched_qualitative,/mnt/d/New_folder/datasets/New folder/bma pbf tfa/pbs_imgs/FieldPos085_Cam01_RGB_MB,9,"[""/mnt/d/New_folder/datasets/New folder/bma pbf tfa/pbs_imgs/FieldPos085_Cam01_RGB_MB/FieldPos085_Cam01_RGB_MB_page_1.png"", ""/mnt/d/New_folder/datasets/New folder/bma pbf tfa/pbs_imgs/FieldPos085_Cam01_RGB_MB/FieldPos085_Cam01_RGB_MB_page_2.png"", ""/mnt/d/New_folder/datasets/New folder/bma pbf tfa/pbs_imgs/FieldPos085_Cam01_RGB_MB/FieldPos085_Cam01_RGB_MB_page_3.png"", ""/mnt/d/New_folder/datasets/New folder/bma pbf tfa/pbs_imgs/FieldPos085_Cam01_RGB_MB/FieldPos085_Cam01_RGB_MB_page_4.png"", ""/mnt/d/New_folder/datasets/New folder/bma pbf tfa/pbs_imgs/FieldPos085_Cam01_RGB_MB/FieldPos085_Cam01_RGB_MB_page_5.png"", ""/mnt/d/New_folder/datasets/New folder/bma pbf tfa/pbs_imgs/FieldPos085_Cam01_RGB_MB/FieldPos085_Cam01_RGB_MB_page_6.png"", ""/mnt/d/New_folder/datasets/New folder/bma pbf tfa/pbs_imgs/FieldPos085_Cam01_RGB_MB/FieldPos085_Cam01_RGB_MB_page_7.png"", ""/mnt/d/New_folder/datasets/New folder/bma pbf tfa/pbs_imgs/FieldPos085_Cam01_RGB_MB/FieldPos085_Cam01_RGB_MB_page_8.png"", ""/mnt/d/New_folder/datasets/New folder/bma pbf tfa/pbs_imgs/FieldPos085_Cam01_RGB_MB/FieldPos085_Cam01_RGB_MB_page_9.png""]",4524210,not available,not available,False,False
3753ee5c592e583c,TBI,29,primary_unbiased,/mnt/d/New_folder/datasets/New folder/TBSI/folders/LH10,10,"[""/mnt/d/New_folder/datasets/New folder/TBSI/folders/LH10/LH10 (1).JPG"", ""/mnt/d/New_folder/datasets/New folder/TBSI/folders/LH10/LH10 (2).JPG"", ""/mnt/d/New_folder/datasets/New folder/TBSI/folders/LH10/LH10 (3).JPG"", ""/mnt/d/New_folder/datasets/New folder/TBSI/folders/LH10/LH10 (4).JPG"", ""/mnt/d/New_folder/datasets/New folder/TBSI/folders/LH10/LH10 (5).JPG"", ""/mnt/d/New_folder/datasets/New folder/TBSI/folders/LH10/LH10 (6).JPG"", ""/mnt/d/New_folder/datasets/New folder/TBSI/folders/LH10/LH10 (7).JPG"", ""/mnt/d/New_folder/datasets/New folder/TBSI/folders/LH10/LH10 (8).JPG"", ""/mnt/d/New_folder/datasets/New folder/TBSI/folders/LH10/LH10 (9).JPG"", ""/mnt/d/New_folder/datasets/New folder/TBSI/folders/LH10/LH10 (10).JPG""]",4524210,not available,not available,False,False
6896e3210c5368e5,BMA,6,primary_unbiased,/mnt/d/New_folder/datasets/New folder/bma pbf tfa/bma_imgs/pos001_2,14,"[""/mnt/d/New_folder/datasets/New folder/bma pbf tfa/bma_imgs/pos001_2/pos001_2_page_1.png"", ""/mnt/d/New_folder/datasets/New folder/bma pbf tfa/bma_imgs/pos001_2/pos001_2_page_2.png"", ""/mnt/d/New_folder/datasets/New folder/bma pbf tfa/bma_imgs/pos001_2/pos001_2_page_3.png"", ""/mnt/d/New_folder/datasets/New folder/bma pbf tfa/bma_imgs/pos001_2/pos001_2_page_4.png"", ""/mnt/d/New_folder/datasets/New folder/bma pbf tfa/bma_imgs/pos001_2/pos001_2_page_5.png"", ""/mnt/d/New_folder/datasets/New folder/bma pbf tfa/bma_imgs/pos001_2/pos001_2_page_6.png"", ""/mnt/d/New_folder/datasets/New folder/bma pbf tfa/bma_imgs/pos001_2/pos001_2_page_7.png"", ""/mnt/d/New_folder/datasets/New folder/bma pbf tfa/bma_imgs/pos001_2/pos001_2_page_8.png"", ""/mnt/d/New_folder/datasets/New folder/bma pbf tfa/bma_imgs/pos001_2/pos001_2_page_9.png"", ""/mnt/d/New_folder/datasets/New folder/bma pbf tfa/bma_imgs/pos001_2/pos001_2_page_10.png"", ""/mnt/d/New_folder/datasets/New folder/bma pbf tfa/bma_imgs/pos001_2/pos001_2_page_11.png"", ""/mnt/d/New_folder/datasets/New folder/bma pbf tfa/bma_imgs/pos001_2/pos001_2_page_12.png"", ""/mnt/d/New_folder/datasets/New folder/bma pbf tfa/bma_imgs/pos001_2/pos001_2_page_13.png"", ""/mnt/d/New_folder/datasets/New folder/bma pbf tfa/bma_imgs/pos001_2/pos001_2_page_14.png""]",4524210,not available,not available,False,False
fe5929ed83197f6a,BMA,9,primary_unbiased,/mnt/d/New_folder/datasets/New folder/bma pbf tfa/bma_imgs/pos002_1,14,"[""/mnt/d/New_folder/datasets/New folder/bma pbf tfa/bma_imgs/pos002_1/pos002_1_page_1.png"", ""/mnt/d/New_folder/datasets/New folder/bma pbf tfa/bma_imgs/pos002_1/pos002_1_page_2.png"", ""/mnt/d/New_folder/datasets/New folder/bma pbf tfa/bma_imgs/pos002_1/pos002_1_page_3.png"", ""/mnt/d/New_folder/datasets/New folder/bma pbf tfa/bma_imgs/pos002_1/pos002_1_page_4.png"", ""/mnt/d/New_folder/datasets/New folder/bma pbf tfa/bma_imgs/pos002_1/pos002_1_page_5.png"", ""/mnt/d/New_folder/datasets/New folder/bma pbf tfa/bma_imgs/pos002_1/pos002_1_page_6.png"", ""/mnt/d/New_folder/datasets/New folder/bma pbf tfa/bma_imgs/pos002_1/pos002_1_page_7.png"", ""/mnt/d/New_folder/datasets/New folder/bma pbf tfa/bma_imgs/pos002_1/pos002_1_page_8.png"", ""/mnt/d/New_folder/datasets/New folder/bma pbf tfa/bma_imgs/pos002_1/pos002_1_page_9.png"", ""/mnt/d/New_folder/datasets/New folder/bma pbf tfa/bma_imgs/pos002_1/pos002_1_page_10.png"", ""/mnt/d/New_folder/datasets/New folder/bma pbf tfa/bma_imgs/pos002_1/pos002_1_page_11.png"", ""/mnt/d/New_folder/datasets/New folder/bma pbf tfa/bma_imgs/pos002_1/pos002_1_page_12.png"", ""/mnt/d/New_folder/datasets/New folder/bma pbf tfa/bma_imgs/pos002_1/pos002_1_page_13.png"", ""/mnt/d/New_folder/datasets/New folder/bma pbf tfa/bma_imgs/pos002_1/pos002_1_page_14.png""]",4524210,not available,not available,False,False
48cf74e3f15bb7bf,WBC,16496,disagreement_enriched_qualitative,/mnt/d/New_folder/datasets/WBC_dataset1/16496,10,"[""/mnt/d/New_folder/datasets/WBC_dataset1/16496/16496_0.jpg"", ""/mnt/d/New_folder/datasets/WBC_dataset1/16496/16496_1.jpg"", ""/mnt/d/New_folder/datasets/WBC_dataset1/16496/16496_2.jpg"", ""/mnt/d/New_folder/datasets/WBC_dataset1/16496/16496_3.jpg"", ""/mnt/d/New_folder/datasets/WBC_dataset1/16496/16496_4.jpg"", ""/mnt/d/New_folder/datasets/WBC_dataset1/16496/16496_5.jpg"", ""/mnt/d/New_folder/datasets/WBC_dataset1/16496/16496_6.jpg"", ""/mnt/d/New_folder/datasets/WBC_dataset1/16496/16496_7.jpg"", ""/mnt/d/New_folder/datasets/WBC_dataset1/16496/16496_8.jpg"", ""/mnt/d/New_folder/datasets/WBC_dataset1/16496/16496_9.jpg""]",4524210,WBC_slide_159,not available,False,False
2d36de8702b8b3b8,BMA,18,primary_unbiased,/mnt/d/New_folder/datasets/New folder/bma pbf tfa/bma_imgs/pos004_2,14,"[""/mnt/d/New_folder/datasets/New folder/bma pbf tfa/bma_imgs/pos004_2/pos004_2_page_1.png"", ""/mnt/d/New_folder/datasets/New folder/bma pbf tfa/bma_imgs/pos004_2/pos004_2_page_2.png"", ""/mnt/d/New_folder/datasets/New folder/bma pbf tfa/bma_imgs/pos004_2/pos004_2_page_3.png"", ""/mnt/d/New_folder/datasets/New folder/bma pbf tfa/bma_imgs/pos004_2/pos004_2_page_4.png"", ""/mnt/d/New_folder/datasets/New folder/bma pbf tfa/bma_imgs/pos004_2/pos004_2_page_5.png"", ""/mnt/d/New_folder/datasets/New folder/bma pbf tfa/bma_imgs/pos004_2/pos004_2_page_6.png"", ""/mnt/d/New_folder/datasets/New folder/bma pbf tfa/bma_imgs/pos004_2/pos004_2_page_7.png"", ""/mnt/d/New_folder/datasets/New folder/bma pbf tfa/bma_imgs/pos004_2/pos004_2_page_8.png"", ""/mnt/d/New_folder/datasets/New folder/bma pbf tfa/bma_imgs/pos004_2/pos004_2_page_9.png"", ""/mnt/d/New_folder/datasets/New folder/bma pbf tfa/bma_imgs/pos004_2/pos004_2_page_10.png"", ""/mnt/d/New_folder/datasets/New folder/bma pbf tfa/bma_imgs/pos004_2/pos004_2_page_11.png"", ""/mnt/d/New_folder/datasets/New folder/bma pbf tfa/bma_imgs/pos004_2/pos004_2_page_12.png"", ""/mnt/d/New_folder/datasets/New folder/bma pbf tfa/bma_imgs/pos004_2/pos004_2_page_13.png"", ""/mnt/d/New_folder/datasets/New folder/bma pbf tfa/bma_imgs/pos004_2/pos004_2_page_14.png""]",4524210,not available,not available,False,False
fa2f7f1ca84e2592,BMA,26,primary_unbiased,/mnt/d/New_folder/datasets/New folder/bma pbf tfa/bma_imgs/pos006_2,14,"[""/mnt/d/New_folder/datasets/New folder/bma pbf tfa/bma_imgs/pos006_2/pos006_2_page_1.png"", ""/mnt/d/New_folder/datasets/New folder/bma pbf tfa/bma_imgs/pos006_2/pos006_2_page_2.png"", ""/mnt/d/New_folder/datasets/New folder/bma pbf tfa/bma_imgs/pos006_2/pos006_2_page_3.png"", ""/mnt/d/New_folder/datasets/New folder/bma pbf tfa/bma_imgs/pos006_2/pos006_2_page_4.png"", ""/mnt/d/New_folder/datasets/New folder/bma pbf tfa/bma_imgs/pos006_2/pos006_2_page_5.png"", ""/mnt/d/New_folder/datasets/New folder/bma pbf tfa/bma_imgs/pos006_2/pos006_2_page_6.png"", ""/mnt/d/New_folder/datasets/New folder/bma pbf tfa/bma_imgs/pos006_2/pos006_2_page_7.png"", ""/mnt/d/New_folder/datasets/New folder/bma pbf tfa/bma_imgs/pos006_2/pos006_2_page_8.png"", ""/mnt/d/New_folder/datasets/New folder/bma pbf tfa/bma_imgs/pos006_2/pos006_2_page_9.png"", ""/mnt/d/New_folder/datasets/New folder/bma pbf tfa/bma_imgs/pos006_2/pos006_2_page_10.png"", ""/mnt/d/New_folder/datasets/New folder/bma pbf tfa/bma_imgs/pos006_2/pos006_2_page_11.png"", ""/mnt/d/New_folder/datasets/New folder/bma pbf tfa/bma_imgs/pos006_2/pos006_2_page_12.png"", ""/mnt/d/New_folder/datasets/New folder/bma pbf tfa/bma_imgs/pos006_2/pos006_2_page_13.png"", ""/mnt/d/New_folder/datasets/New folder/bma pbf tfa/bma_imgs/pos006_2/pos006_2_page_14.png""]",4524210,not available,not available,False,False
663771d9be8d05b3,BMA,14,primary_unbiased,/mnt/d/New_folder/datasets/New folder/bma pbf tfa/bma_imgs/pos003_2,14,"[""/mnt/d/New_folder/datasets/New folder/bma pbf tfa/bma_imgs/pos003_2/pos003_2_page_1.png"", ""/mnt/d/New_folder/datasets/New folder/bma pbf tfa/bma_imgs/pos003_2/pos003_2_page_2.png"", ""/mnt/d/New_folder/datasets/New folder/bma pbf tfa/bma_imgs/pos003_2/pos003_2_page_3.png"", ""/mnt/d/New_folder/datasets/New folder/bma pbf tfa/bma_imgs/pos003_2/pos003_2_page_4.png"", ""/mnt/d/New_folder/datasets/New folder/bma pbf tfa/bma_imgs/pos003_2/pos003_2_page_5.png"", ""/mnt/d/New_folder/datasets/New folder/bma pbf tfa/bma_imgs/pos003_2/pos003_2_page_6.png"", ""/mnt/d/New_folder/datasets/New folder/bma pbf tfa/bma_imgs/pos003_2/pos003_2_page_7.png"", ""/mnt/d/New_folder/datasets/New folder/bma pbf tfa/bma_imgs/pos003_2/pos003_2_page_8.png"", ""/mnt/d/New_folder/datasets/New folder/bma pbf tfa/bma_imgs/pos003_2/pos003_2_page_9.png"", ""/mnt/d/New_folder/datasets/New folder/bma pbf tfa/bma_imgs/pos003_2/pos003_2_page_10.png"", ""/mnt/d/New_folder/datasets/New folder/bma pbf tfa/bma_imgs/pos003_2/pos003_2_page_11.png"", ""/mnt/d/New_folder/datasets/New folder/bma pbf tfa/bma_imgs/pos003_2/pos003_2_page_12.png"", ""/mnt/d/New_folder/datasets/New folder/bma pbf tfa/bma_imgs/pos003_2/pos003_2_page_13.png"", ""/mnt/d/New_folder/datasets/New folder/bma pbf tfa/bma_imgs/pos003_2/pos003_2_page_14.png""]",4524210,not available,not available,False,False
df2c648a3be97318,PBS,9,primary_unbiased,/mnt/d/New_folder/datasets/New folder/bma pbf tfa/pbs_imgs/FieldPos207_Cam01_RGB_MB,9,"[""/mnt/d/New_folder/datasets/New folder/bma pbf tfa/pbs_imgs/FieldPos207_Cam01_RGB_MB/FieldPos207_Cam01_RGB_MB_page_1.png"", ""/mnt/d/New_folder/datasets/New folder/bma pbf tfa/pbs_imgs/FieldPos207_Cam01_RGB_MB/FieldPos207_Cam01_RGB_MB_page_2.png"", ""/mnt/d/New_folder/datasets/New folder/bma pbf tfa/pbs_imgs/FieldPos207_Cam01_RGB_MB/FieldPos207_Cam01_RGB_MB_page_3.png"", ""/mnt/d/New_folder/datasets/New folder/bma pbf tfa/pbs_imgs/FieldPos207_Cam01_RGB_MB/FieldPos207_Cam01_RGB_MB_page_4.png"", ""/mnt/d/New_folder/datasets/New folder/bma pbf tfa/pbs_imgs/FieldPos207_Cam01_RGB_MB/FieldPos207_Cam01_RGB_MB_page_5.png"", ""/mnt/d/New_folder/datasets/New folder/bma pbf tfa/pbs_imgs/FieldPos207_Cam01_RGB_MB/FieldPos207_Cam01_RGB_MB_page_6.png"", ""/mnt/d/New_folder/datasets/New folder/bma pbf tfa/pbs_imgs/FieldPos207_Cam01_RGB_MB/FieldPos207_Cam01_RGB_MB_page_7.png"", ""/mnt/d/New_folder/datasets/New folder/bma pbf tfa/pbs_imgs/FieldPos207_Cam01_RGB_MB/FieldPos207_Cam01_RGB_MB_page_8.png"", ""/mnt/d/New_folder/datasets/New folder/bma pbf tfa/pbs_imgs/FieldPos207_Cam01_RGB_MB/FieldPos207_Cam01_RGB_MB_page_9.png""]",4524210,not available,not available,False,False
1d23b1a45251e01c,PBS,30,primary_unbiased,/mnt/d/New_folder/datasets/New folder/bma pbf tfa/pbs_imgs/FieldPos317_Cam01_RGB_MB,15,"[""/mnt/d/New_folder/datasets/New folder/bma pbf tfa/pbs_imgs/FieldPos317_Cam01_RGB_MB/FieldPos317_Cam01_RGB_MB_page_1.png"", ""/mnt/d/New_folder/datasets/New folder/bma pbf tfa/pbs_imgs/FieldPos317_Cam01_RGB_MB/FieldPos317_Cam01_RGB_MB_page_2.png"", ""/mnt/d/New_folder/datasets/New folder/bma pbf tfa/pbs_imgs/FieldPos317_Cam01_RGB_MB/FieldPos317_Cam01_RGB_MB_page_3.png"", ""/mnt/d/New_folder/datasets/New folder/bma pbf tfa/pbs_imgs/FieldPos317_Cam01_RGB_MB/FieldPos317_Cam01_RGB_MB_page_4.png"", ""/mnt/d/New_folder/datasets/New folder/bma pbf tfa/pbs_imgs/FieldPos317_Cam01_RGB_MB/FieldPos317_Cam01_RGB_MB_page_5.png"", ""/mnt/d/New_folder/datasets/New folder/bma pbf tfa/pbs_imgs/FieldPos317_Cam01_RGB_MB/FieldPos317_Cam01_RGB_MB_page_6.png"", ""/mnt/d/New_folder/datasets/New folder/bma pbf tfa/pbs_imgs/FieldPos317_Cam01_RGB_MB/FieldPos317_Cam01_RGB_MB_page_7.png"", ""/mnt/d/New_folder/datasets/New folder/bma pbf tfa/pbs_imgs/FieldPos317_Cam01_RGB_MB/FieldPos317_Cam01_RGB_MB_page_8.png"", ""/mnt/d/New_folder/datasets/New folder/bma pbf tfa/pbs_imgs/FieldPos317_Cam01_RGB_MB/FieldPos317_Cam01_RGB_MB_page_9.png"", ""/mnt/d/New_folder/datasets/New folder/bma pbf tfa/pbs_imgs/FieldPos317_Cam01_RGB_MB/FieldPos317_Cam01_RGB_MB_page_10.png"", ""/mnt/d/New_folder/datasets/New folder/bma pbf tfa/pbs_imgs/FieldPos317_Cam01_RGB_MB/FieldPos317_Cam01_RGB_MB_page_11.png"", ""/mnt/d/New_folder/datasets/New folder/bma pbf tfa/pbs_imgs/FieldPos317_Cam01_RGB_MB/FieldPos317_Cam01_RGB_MB_page_12.png"", ""/mnt/d/New_folder/datasets/New folder/bma pbf tfa/pbs_imgs/FieldPos317_Cam01_RGB_MB/FieldPos317_Cam01_RGB_MB_page_13.png"", ""/mnt/d/New_folder/datasets/New folder/bma pbf tfa/pbs_imgs/FieldPos317_Cam01_RGB_MB/FieldPos317_Cam01_RGB_MB_page_14.png"", ""/mnt/d/New_folder/datasets/New folder/bma pbf tfa/pbs_imgs/FieldPos317_Cam01_RGB_MB/FieldPos317_Cam01_RGB_MB_page_15.png""]",4524210,not available,not available,False,False
1f547f386ba3edbb,TBI,16,primary_unbiased,/mnt/d/New_folder/datasets/New folder/TBSI/folders/HL7,10,"[""/mnt/d/New_folder/datasets/New folder/TBSI/folders/HL7/HL7 (1).JPG"", ""/mnt/d/New_folder/datasets/New folder/TBSI/folders/HL7/HL7 (2).JPG"", ""/mnt/d/New_folder/datasets/New folder/TBSI/folders/HL7/HL7 (3).JPG"", ""/mnt/d/New_folder/datasets/New folder/TBSI/folders/HL7/HL7 (4).JPG"", ""/mnt/d/New_folder/datasets/New folder/TBSI/folders/HL7/HL7 (5).JPG"", ""/mnt/d/New_folder/datasets/New folder/TBSI/folders/HL7/HL7 (6).JPG"", ""/mnt/d/New_folder/datasets/New folder/TBSI/folders/HL7/HL7 (7).JPG"", ""/mnt/d/New_folder/datasets/New folder/TBSI/folders/HL7/HL7 (8).JPG"", ""/mnt/d/New_folder/datasets/New folder/TBSI/folders/HL7/HL7 (9).JPG"", ""/mnt/d/New_folder/datasets/New folder/TBSI/folders/HL7/HL7 (10).JPG""]",4524210,not available,not available,False,False
a6a29d1f49b09c01,BMA,23,primary_unbiased,/mnt/d/New_folder/datasets/New folder/bma pbf tfa/bma_imgs/pos005_3,14,"[""/mnt/d/New_folder/datasets/New folder/bma pbf tfa/bma_imgs/pos005_3/pos005_3_page_1.png"", ""/mnt/d/New_folder/datasets/New folder/bma pbf tfa/bma_imgs/pos005_3/pos005_3_page_2.png"", ""/mnt/d/New_folder/datasets/New folder/bma pbf tfa/bma_imgs/pos005_3/pos005_3_page_3.png"", ""/mnt/d/New_folder/datasets/New folder/bma pbf tfa/bma_imgs/pos005_3/pos005_3_page_4.png"", ""/mnt/d/New_folder/datasets/New folder/bma pbf tfa/bma_imgs/pos005_3/pos005_3_page_5.png"", ""/mnt/d/New_folder/datasets/New folder/bma pbf tfa/bma_imgs/pos005_3/pos005_3_page_6.png"", ""/mnt/d/New_folder/datasets/New folder/bma pbf tfa/bma_imgs/pos005_3/pos005_3_page_7.png"", ""/mnt/d/New_folder/datasets/New folder/bma pbf tfa/bma_imgs/pos005_3/pos005_3_page_8.png"", ""/mnt/d/New_folder/datasets/New folder/bma pbf tfa/bma_imgs/pos005_3/pos005_3_page_9.png"", ""/mnt/d/New_folder/datasets/New folder/bma pbf tfa/bma_imgs/pos005_3/pos005_3_page_10.png"", ""/mnt/d/New_folder/datasets/New folder/bma pbf tfa/bma_imgs/pos005_3/pos005_3_page_11.png"", ""/mnt/d/New_folder/datasets/New folder/bma pbf tfa/bma_imgs/pos005_3/pos005_3_page_12.png"", ""/mnt/d/New_folder/datasets/New folder/bma pbf tfa/bma_imgs/pos005_3/pos005_3_page_13.png"", ""/mnt/d/New_folder/datasets/New folder/bma pbf tfa/bma_imgs/pos005_3/pos005_3_page_14.png""]",4524210,not available,not available,False,False
4193de7013869d67,PBS,65,primary_unbiased,/mnt/d/New_folder/datasets/New folder/bma pbf tfa/pbs_imgs/FieldPos446_Cam01_RGB_MB,15,"[""/mnt/d/New_folder/datasets/New folder/bma pbf tfa/pbs_imgs/FieldPos446_Cam01_RGB_MB/FieldPos446_Cam01_RGB_MB_page_1.png"", ""/mnt/d/New_folder/datasets/New folder/bma pbf tfa/pbs_imgs/FieldPos446_Cam01_RGB_MB/FieldPos446_Cam01_RGB_MB_page_2.png"", ""/mnt/d/New_folder/datasets/New folder/bma pbf tfa/pbs_imgs/FieldPos446_Cam01_RGB_MB/FieldPos446_Cam01_RGB_MB_page_3.png"", ""/mnt/d/New_folder/datasets/New folder/bma pbf tfa/pbs_imgs/FieldPos446_Cam01_RGB_MB/FieldPos446_Cam01_RGB_MB_page_4.png"", ""/mnt/d/New_folder/datasets/New folder/bma pbf tfa/pbs_imgs/FieldPos446_Cam01_RGB_MB/FieldPos446_Cam01_RGB_MB_page_5.png"", ""/mnt/d/New_folder/datasets/New folder/bma pbf tfa/pbs_imgs/FieldPos446_Cam01_RGB_MB/FieldPos446_Cam01_RGB_MB_page_6.png"", ""/mnt/d/New_folder/datasets/New folder/bma pbf tfa/pbs_imgs/FieldPos446_Cam01_RGB_MB/FieldPos446_Cam01_RGB_MB_page_7.png"", ""/mnt/d/New_folder/datasets/New folder/bma pbf tfa/pbs_imgs/FieldPos446_Cam01_RGB_MB/FieldPos446_Cam01_RGB_MB_page_8.png"", ""/mnt/d/New_folder/datasets/New folder/bma pbf tfa/pbs_imgs/FieldPos446_Cam01_RGB_MB/FieldPos446_Cam01_RGB_MB_page_9.png"", ""/mnt/d/New_folder/datasets/New folder/bma pbf tfa/pbs_imgs/FieldPos446_Cam01_RGB_MB/FieldPos446_Cam01_RGB_MB_page_10.png"", ""/mnt/d/New_folder/datasets/New folder/bma pbf tfa/pbs_imgs/FieldPos446_Cam01_RGB_MB/FieldPos446_Cam01_RGB_MB_page_11.png"", ""/mnt/d/New_folder/datasets/New folder/bma pbf tfa/pbs_imgs/FieldPos446_Cam01_RGB_MB/FieldPos446_Cam01_RGB_MB_page_12.png"", ""/mnt/d/New_folder/datasets/New folder/bma pbf tfa/pbs_imgs/FieldPos446_Cam01_RGB_MB/FieldPos446_Cam01_RGB_MB_page_13.png"", ""/mnt/d/New_folder/datasets/New folder/bma pbf tfa/pbs_imgs/FieldPos446_Cam01_RGB_MB/FieldPos446_Cam01_RGB_MB_page_14.png"", ""/mnt/d/New_folder/datasets/New folder/bma pbf tfa/pbs_imgs/FieldPos446_Cam01_RGB_MB/FieldPos446_Cam01_RGB_MB_page_15.png""]",4524210,not available,not available,False,False
78f1d76bb3f22b74,WBC,11246,primary_unbiased,/mnt/d/New_folder/datasets/WBC_dataset1/11246,10,"[""/mnt/d/New_folder/datasets/WBC_dataset1/11246/11246_0.jpg"", ""/mnt/d/New_folder/datasets/WBC_dataset1/11246/11246_1.jpg"", ""/mnt/d/New_folder/datasets/WBC_dataset1/11246/11246_2.jpg"", ""/mnt/d/New_folder/datasets/WBC_dataset1/11246/11246_3.jpg"", ""/mnt/d/New_folder/datasets/WBC_dataset1/11246/11246_4.jpg"", ""/mnt/d/New_folder/datasets/WBC_dataset1/11246/11246_5.jpg"", ""/mnt/d/New_folder/datasets/WBC_dataset1/11246/11246_6.jpg"", ""/mnt/d/New_folder/datasets/WBC_dataset1/11246/11246_7.jpg"", ""/mnt/d/New_folder/datasets/WBC_dataset1/11246/11246_8.jpg"", ""/mnt/d/New_folder/datasets/WBC_dataset1/11246/11246_9.jpg""]",4524210,WBC_slide_62,not available,False,False
553ad84463bd329b,WBC,7269,disagreement_enriched_qualitative,/mnt/d/New_folder/datasets/WBC_dataset1/7269,10,"[""/mnt/d/New_folder/datasets/WBC_dataset1/7269/7269_0.jpg"", ""/mnt/d/New_folder/datasets/WBC_dataset1/7269/7269_1.jpg"", ""/mnt/d/New_folder/datasets/WBC_dataset1/7269/7269_2.jpg"", ""/mnt/d/New_folder/datasets/WBC_dataset1/7269/7269_3.jpg"", ""/mnt/d/New_folder/datasets/WBC_dataset1/7269/7269_4.jpg"", ""/mnt/d/New_folder/datasets/WBC_dataset1/7269/7269_5.jpg"", ""/mnt/d/New_folder/datasets/WBC_dataset1/7269/7269_6.jpg"", ""/mnt/d/New_folder/datasets/WBC_dataset1/7269/7269_7.jpg"", ""/mnt/d/New_folder/datasets/WBC_dataset1/7269/7269_8.jpg"", ""/mnt/d/New_folder/datasets/WBC_dataset1/7269/7269_9.jpg""]",4524210,WBC_slide_38,not available,False,False
fb695458d97156cc,WBC,16532,primary_unbiased,/mnt/d/New_folder/datasets/WBC_dataset1/16532,10,"[""/mnt/d/New_folder/datasets/WBC_dataset1/16532/16532_0.jpg"", ""/mnt/d/New_folder/datasets/WBC_dataset1/16532/16532_1.jpg"", ""/mnt/d/New_folder/datasets/WBC_dataset1/16532/16532_2.jpg"", ""/mnt/d/New_folder/datasets/WBC_dataset1/16532/16532_3.jpg"", ""/mnt/d/New_folder/datasets/WBC_dataset1/16532/16532_4.jpg"", ""/mnt/d/New_folder/datasets/WBC_dataset1/16532/16532_5.jpg"", ""/mnt/d/New_folder/datasets/WBC_dataset1/16532/16532_6.jpg"", ""/mnt/d/New_folder/datasets/WBC_dataset1/16532/16532_7.jpg"", ""/mnt/d/New_folder/datasets/WBC_dataset1/16532/16532_8.jpg"", ""/mnt/d/New_folder/datasets/WBC_dataset1/16532/16532_9.jpg""]",4524210,WBC_slide_159,not available,False,False
b62f4c56f334b607,PBS,31,disagreement_enriched_qualitative,/mnt/d/New_folder/datasets/New folder/bma pbf tfa/pbs_imgs/FieldPos318_Cam01_RGB_MB,15,"[""/mnt/d/New_folder/datasets/New folder/bma pbf tfa/pbs_imgs/FieldPos318_Cam01_RGB_MB/FieldPos318_Cam01_RGB_MB_page_1.png"", ""/mnt/d/New_folder/datasets/New folder/bma pbf tfa/pbs_imgs/FieldPos318_Cam01_RGB_MB/FieldPos318_Cam01_RGB_MB_page_2.png"", ""/mnt/d/New_folder/datasets/New folder/bma pbf tfa/pbs_imgs/FieldPos318_Cam01_RGB_MB/FieldPos318_Cam01_RGB_MB_page_3.png"", ""/mnt/d/New_folder/datasets/New folder/bma pbf tfa/pbs_imgs/FieldPos318_Cam01_RGB_MB/FieldPos318_Cam01_RGB_MB_page_4.png"", ""/mnt/d/New_folder/datasets/New folder/bma pbf tfa/pbs_imgs/FieldPos318_Cam01_RGB_MB/FieldPos318_Cam01_RGB_MB_page_5.png"", ""/mnt/d/New_folder/datasets/New folder/bma pbf tfa/pbs_imgs/FieldPos318_Cam01_RGB_MB/FieldPos318_Cam01_RGB_MB_page_6.png"", ""/mnt/d/New_folder/datasets/New folder/bma pbf tfa/pbs_imgs/FieldPos318_Cam01_RGB_MB/FieldPos318_Cam01_RGB_MB_page_7.png"", ""/mnt/d/New_folder/datasets/New folder/bma pbf tfa/pbs_imgs/FieldPos318_Cam01_RGB_MB/FieldPos318_Cam01_RGB_MB_page_8.png"", ""/mnt/d/New_folder/datasets/New folder/bma pbf tfa/pbs_imgs/FieldPos318_Cam01_RGB_MB/FieldPos318_Cam01_RGB_MB_page_9.png"", ""/mnt/d/New_folder/datasets/New folder/bma pbf tfa/pbs_imgs/FieldPos318_Cam01_RGB_MB/FieldPos318_Cam01_RGB_MB_page_10.png"", ""/mnt/d/New_folder/datasets/New folder/bma pbf tfa/pbs_imgs/FieldPos318_Cam01_RGB_MB/FieldPos318_Cam01_RGB_MB_page_11.png"", ""/mnt/d/New_folder/datasets/New folder/bma pbf tfa/pbs_imgs/FieldPos318_Cam01_RGB_MB/FieldPos318_Cam01_RGB_MB_page_12.png"", ""/mnt/d/New_folder/datasets/New folder/bma pbf tfa/pbs_imgs/FieldPos318_Cam01_RGB_MB/FieldPos318_Cam01_RGB_MB_page_13.png"", ""/mnt/d/New_folder/datasets/New folder/bma pbf tfa/pbs_imgs/FieldPos318_Cam01_RGB_MB/FieldPos318_Cam01_RGB_MB_page_14.png"", ""/mnt/d/New_folder/datasets/New folder/bma pbf tfa/pbs_imgs/FieldPos318_Cam01_RGB_MB/FieldPos318_Cam01_RGB_MB_page_15.png""]",4524210,not available,not available,False,False
ac256b80b900bcd4,TBF,28,disagreement_enriched_qualitative,/mnt/d/New_folder/datasets/New folder/bma pbf tfa/tbf_imgs/FieldPos004 (5),14,"[""/mnt/d/New_folder/datasets/New folder/bma pbf tfa/tbf_imgs/FieldPos004 (5)/FieldPos004 (5)_page_1.png"", ""/mnt/d/New_folder/datasets/New folder/bma pbf tfa/tbf_imgs/FieldPos004 (5)/FieldPos004 (5)_page_2.png"", ""/mnt/d/New_folder/datasets/New folder/bma pbf tfa/tbf_imgs/FieldPos004 (5)/FieldPos004 (5)_page_3.png"", ""/mnt/d/New_folder/datasets/New folder/bma pbf tfa/tbf_imgs/FieldPos004 (5)/FieldPos004 (5)_page_4.png"", ""/mnt/d/New_folder/datasets/New folder/bma pbf tfa/tbf_imgs/FieldPos004 (5)/FieldPos004 (5)_page_5.png"", ""/mnt/d/New_folder/datasets/New folder/bma pbf tfa/tbf_imgs/FieldPos004 (5)/FieldPos004 (5)_page_6.png"", ""/mnt/d/New_folder/datasets/New folder/bma pbf tfa/tbf_imgs/FieldPos004 (5)/FieldPos004 (5)_page_7.png"", ""/mnt/d/New_folder/datasets/New folder/bma pbf tfa/tbf_imgs/FieldPos004 (5)/FieldPos004 (5)_page_8.png"", ""/mnt/d/New_folder/datasets/New folder/bma pbf tfa/tbf_imgs/FieldPos004 (5)/FieldPos004 (5)_page_9.png"", ""/mnt/d/New_folder/datasets/New folder/bma pbf tfa/tbf_imgs/FieldPos004 (5)/FieldPos004 (5)_page_10.png"", ""/mnt/d/New_folder/datasets/New folder/bma pbf tfa/tbf_imgs/FieldPos004 (5)/FieldPos004 (5)_page_11.png"", ""/mnt/d/New_folder/datasets/New folder/bma pbf tfa/tbf_imgs/FieldPos004 (5)/FieldPos004 (5)_page_12.png"", ""/mnt/d/New_folder/datasets/New folder/bma pbf tfa/tbf_imgs/FieldPos004 (5)/FieldPos004 (5)_page_13.png"", ""/mnt/d/New_folder/datasets/New folder/bma pbf tfa/tbf_imgs/FieldPos004 (5)/FieldPos004 (5)_page_14.png""]",4524210,not available,not available,False,False
1111e04a2251cd35,WBC,17047,primary_unbiased,/mnt/d/New_folder/datasets/WBC_dataset1/17047,10,"[""/mnt/d/New_folder/datasets/WBC_dataset1/17047/17047_0.jpg"", ""/mnt/d/New_folder/datasets/WBC_dataset1/17047/17047_1.jpg"", ""/mnt/d/New_folder/datasets/WBC_dataset1/17047/17047_2.jpg"", ""/mnt/d/New_folder/datasets/WBC_dataset1/17047/17047_3.jpg"", ""/mnt/d/New_folder/datasets/WBC_dataset1/17047/17047_4.jpg"", ""/mnt/d/New_folder/datasets/WBC_dataset1/17047/17047_5.jpg"", ""/mnt/d/New_folder/datasets/WBC_dataset1/17047/17047_6.jpg"", ""/mnt/d/New_folder/datasets/WBC_dataset1/17047/17047_7.jpg"", ""/mnt/d/New_folder/datasets/WBC_dataset1/17047/17047_8.jpg"", ""/mnt/d/New_folder/datasets/WBC_dataset1/17047/17047_9.jpg""]",4524210,WBC_slide_162,not available,False,False
149aa7d498ac27ce,TBF,109,primary_unbiased,/mnt/d/New_folder/datasets/New folder/bma pbf tfa/tbf_imgs/FieldPos056,14,"[""/mnt/d/New_folder/datasets/New folder/bma pbf tfa/tbf_imgs/FieldPos056/FieldPos056_page_1.png"", ""/mnt/d/New_folder/datasets/New folder/bma pbf tfa/tbf_imgs/FieldPos056/FieldPos056_page_2.png"", ""/mnt/d/New_folder/datasets/New folder/bma pbf tfa/tbf_imgs/FieldPos056/FieldPos056_page_3.png"", ""/mnt/d/New_folder/datasets/New folder/bma pbf tfa/tbf_imgs/FieldPos056/FieldPos056_page_4.png"", ""/mnt/d/New_folder/datasets/New folder/bma pbf tfa/tbf_imgs/FieldPos056/FieldPos056_page_5.png"", ""/mnt/d/New_folder/datasets/New folder/bma pbf tfa/tbf_imgs/FieldPos056/FieldPos056_page_6.png"", ""/mnt/d/New_folder/datasets/New folder/bma pbf tfa/tbf_imgs/FieldPos056/FieldPos056_page_7.png"", ""/mnt/d/New_folder/datasets/New folder/bma pbf tfa/tbf_imgs/FieldPos056/FieldPos056_page_8.png"", ""/mnt/d/New_folder/datasets/New folder/bma pbf tfa/tbf_imgs/FieldPos056/FieldPos056_page_9.png"", ""/mnt/d/New_folder/datasets/New folder/bma pbf tfa/tbf_imgs/FieldPos056/FieldPos056_page_10.png"", ""/mnt/d/New_folder/datasets/New folder/bma pbf tfa/tbf_imgs/FieldPos056/FieldPos056_page_11.png"", ""/mnt/d/New_folder/datasets/New folder/bma pbf tfa/tbf_imgs/FieldPos056/FieldPos056_page_12.png"", ""/mnt/d/New_folder/datasets/New folder/bma pbf tfa/tbf_imgs/FieldPos056/FieldPos056_page_13.png"", ""/mnt/d/New_folder/datasets/New folder/bma pbf tfa/tbf_imgs/FieldPos056/FieldPos056_page_14.png""]",4524210,not available,not available,False,False
b35618e9747f94d7,BMA,4,primary_unbiased,/mnt/d/New_folder/datasets/New folder/bma pbf tfa/bma_imgs/pos001_0,14,"[""/mnt/d/New_folder/datasets/New folder/bma pbf tfa/bma_imgs/pos001_0/pos001_0_page_1.png"", ""/mnt/d/New_folder/datasets/New folder/bma pbf tfa/bma_imgs/pos001_0/pos001_0_page_2.png"", ""/mnt/d/New_folder/datasets/New folder/bma pbf tfa/bma_imgs/pos001_0/pos001_0_page_3.png"", ""/mnt/d/New_folder/datasets/New folder/bma pbf tfa/bma_imgs/pos001_0/pos001_0_page_4.png"", ""/mnt/d/New_folder/datasets/New folder/bma pbf tfa/bma_imgs/pos001_0/pos001_0_page_5.png"", ""/mnt/d/New_folder/datasets/New folder/bma pbf tfa/bma_imgs/pos001_0/pos001_0_page_6.png"", ""/mnt/d/New_folder/datasets/New folder/bma pbf tfa/bma_imgs/pos001_0/pos001_0_page_7.png"", ""/mnt/d/New_folder/datasets/New folder/bma pbf tfa/bma_imgs/pos001_0/pos001_0_page_8.png"", ""/mnt/d/New_folder/datasets/New folder/bma pbf tfa/bma_imgs/pos001_0/pos001_0_page_9.png"", ""/mnt/d/New_folder/datasets/New folder/bma pbf tfa/bma_imgs/pos001_0/pos001_0_page_10.png"", ""/mnt/d/New_folder/datasets/New folder/bma pbf tfa/bma_imgs/pos001_0/pos001_0_page_11.png"", ""/mnt/d/New_folder/datasets/New folder/bma pbf tfa/bma_imgs/pos001_0/pos001_0_page_12.png"", ""/mnt/d/New_folder/datasets/New folder/bma pbf tfa/bma_imgs/pos001_0/pos001_0_page_13.png"", ""/mnt/d/New_folder/datasets/New folder/bma pbf tfa/bma_imgs/pos001_0/pos001_0_page_14.png""]",4524210,not available,not available,False,False
dda91aeede413fea,TBF,90,primary_unbiased,/mnt/d/New_folder/datasets/New folder/bma pbf tfa/tbf_imgs/FieldPos042 (2),14,"[""/mnt/d/New_folder/datasets/New folder/bma pbf tfa/tbf_imgs/FieldPos042 (2)/FieldPos042 (2)_page_1.png"", ""/mnt/d/New_folder/datasets/New folder/bma pbf tfa/tbf_imgs/FieldPos042 (2)/FieldPos042 (2)_page_2.png"", ""/mnt/d/New_folder/datasets/New folder/bma pbf tfa/tbf_imgs/FieldPos042 (2)/FieldPos042 (2)_page_3.png"", ""/mnt/d/New_folder/datasets/New folder/bma pbf tfa/tbf_imgs/FieldPos042 (2)/FieldPos042 (2)_page_4.png"", ""/mnt/d/New_folder/datasets/New folder/bma pbf tfa/tbf_imgs/FieldPos042 (2)/FieldPos042 (2)_page_5.png"", ""/mnt/d/New_folder/datasets/New folder/bma pbf tfa/tbf_imgs/FieldPos042 (2)/FieldPos042 (2)_page_6.png"", ""/mnt/d/New_folder/datasets/New folder/bma pbf tfa/tbf_imgs/FieldPos042 (2)/FieldPos042 (2)_page_7.png"", ""/mnt/d/New_folder/datasets/New folder/bma pbf tfa/tbf_imgs/FieldPos042 (2)/FieldPos042 (2)_page_8.png"", ""/mnt/d/New_folder/datasets/New folder/bma pbf tfa/tbf_imgs/FieldPos042 (2)/FieldPos042 (2)_page_9.png"", ""/mnt/d/New_folder/datasets/New folder/bma pbf tfa/tbf_imgs/FieldPos042 (2)/FieldPos042 (2)_page_10.png"", ""/mnt/d/New_folder/datasets/New folder/bma pbf tfa/tbf_imgs/FieldPos042 (2)/FieldPos042 (2)_page_11.png"", ""/mnt/d/New_folder/datasets/New folder/bma pbf tfa/tbf_imgs/FieldPos042 (2)/FieldPos042 (2)_page_12.png"", ""/mnt/d/New_folder/datasets/New folder/bma pbf tfa/tbf_imgs/FieldPos042 (2)/FieldPos042 (2)_page_13.png"", ""/mnt/d/New_folder/datasets/New folder/bma pbf tfa/tbf_imgs/FieldPos042 (2)/FieldPos042 (2)_page_14.png""]",4524210,not available,not available,False,False
f62a555d15795d8a,TBF,16,primary_unbiased,/mnt/d/New_folder/datasets/New folder/bma pbf tfa/tbf_imgs/FieldPos002 (4),14,"[""/mnt/d/New_folder/datasets/New folder/bma pbf tfa/tbf_imgs/FieldPos002 (4)/FieldPos002 (4)_page_1.png"", ""/mnt/d/New_folder/datasets/New folder/bma pbf tfa/tbf_imgs/FieldPos002 (4)/FieldPos002 (4)_page_2.png"", ""/mnt/d/New_folder/datasets/New folder/bma pbf tfa/tbf_imgs/FieldPos002 (4)/FieldPos002 (4)_page_3.png"", ""/mnt/d/New_folder/datasets/New folder/bma pbf tfa/tbf_imgs/FieldPos002 (4)/FieldPos002 (4)_page_4.png"", ""/mnt/d/New_folder/datasets/New folder/bma pbf tfa/tbf_imgs/FieldPos002 (4)/FieldPos002 (4)_page_5.png"", ""/mnt/d/New_folder/datasets/New folder/bma pbf tfa/tbf_imgs/FieldPos002 (4)/FieldPos002 (4)_page_6.png"", ""/mnt/d/New_folder/datasets/New folder/bma pbf tfa/tbf_imgs/FieldPos002 (4)/FieldPos002 (4)_page_7.png"", ""/mnt/d/New_folder/datasets/New folder/bma pbf tfa/tbf_imgs/FieldPos002 (4)/FieldPos002 (4)_page_8.png"", ""/mnt/d/New_folder/datasets/New folder/bma pbf tfa/tbf_imgs/FieldPos002 (4)/FieldPos002 (4)_page_9.png"", ""/mnt/d/New_folder/datasets/New folder/bma pbf tfa/tbf_imgs/FieldPos002 (4)/FieldPos002 (4)_page_10.png"", ""/mnt/d/New_folder/datasets/New folder/bma pbf tfa/tbf_imgs/FieldPos002 (4)/FieldPos002 (4)_page_11.png"", ""/mnt/d/New_folder/datasets/New folder/bma pbf tfa/tbf_imgs/FieldPos002 (4)/FieldPos002 (4)_page_12.png"", ""/mnt/d/New_folder/datasets/New folder/bma pbf tfa/tbf_imgs/FieldPos002 (4)/FieldPos002 (4)_page_13.png"", ""/mnt/d/New_folder/datasets/New folder/bma pbf tfa/tbf_imgs/FieldPos002 (4)/FieldPos002 (4)_page_14.png""]",4524210,not available,not available,False,False
7b51cd67590ad3f3,TBF,6,primary_unbiased,/mnt/d/New_folder/datasets/New folder/bma pbf tfa/tbf_imgs/FieldPos001,14,"[""/mnt/d/New_folder/datasets/New folder/bma pbf tfa/tbf_imgs/FieldPos001/FieldPos001_page_1.png"", ""/mnt/d/New_folder/datasets/New folder/bma pbf tfa/tbf_imgs/FieldPos001/FieldPos001_page_2.png"", ""/mnt/d/New_folder/datasets/New folder/bma pbf tfa/tbf_imgs/FieldPos001/FieldPos001_page_3.png"", ""/mnt/d/New_folder/datasets/New folder/bma pbf tfa/tbf_imgs/FieldPos001/FieldPos001_page_4.png"", ""/mnt/d/New_folder/datasets/New folder/bma pbf tfa/tbf_imgs/FieldPos001/FieldPos001_page_5.png"", ""/mnt/d/New_folder/datasets/New folder/bma pbf tfa/tbf_imgs/FieldPos001/FieldPos001_page_6.png"", ""/mnt/d/New_folder/datasets/New folder/bma pbf tfa/tbf_imgs/FieldPos001/FieldPos001_page_7.png"", ""/mnt/d/New_folder/datasets/New folder/bma pbf tfa/tbf_imgs/FieldPos001/FieldPos001_page_8.png"", ""/mnt/d/New_folder/datasets/New folder/bma pbf tfa/tbf_imgs/FieldPos001/FieldPos001_page_9.png"", ""/mnt/d/New_folder/datasets/New folder/bma pbf tfa/tbf_imgs/FieldPos001/FieldPos001_page_10.png"", ""/mnt/d/New_folder/datasets/New folder/bma pbf tfa/tbf_imgs/FieldPos001/FieldPos001_page_11.png"", ""/mnt/d/New_folder/datasets/New folder/bma pbf tfa/tbf_imgs/FieldPos001/FieldPos001_page_12.png"", ""/mnt/d/New_folder/datasets/New folder/bma pbf tfa/tbf_imgs/FieldPos001/FieldPos001_page_13.png"", ""/mnt/d/New_folder/datasets/New folder/bma pbf tfa/tbf_imgs/FieldPos001/FieldPos001_page_14.png""]",4524210,not available,not available,False,False
cd5a5c35a2571964,PBS,38,disagreement_enriched_qualitative,/mnt/d/New_folder/datasets/New folder/bma pbf tfa/pbs_imgs/FieldPos356_Cam01_RGB_MB,15,"[""/mnt/d/New_folder/datasets/New folder/bma pbf tfa/pbs_imgs/FieldPos356_Cam01_RGB_MB/FieldPos356_Cam01_RGB_MB_page_1.png"", ""/mnt/d/New_folder/datasets/New folder/bma pbf tfa/pbs_imgs/FieldPos356_Cam01_RGB_MB/FieldPos356_Cam01_RGB_MB_page_2.png"", ""/mnt/d/New_folder/datasets/New folder/bma pbf tfa/pbs_imgs/FieldPos356_Cam01_RGB_MB/FieldPos356_Cam01_RGB_MB_page_3.png"", ""/mnt/d/New_folder/datasets/New folder/bma pbf tfa/pbs_imgs/FieldPos356_Cam01_RGB_MB/FieldPos356_Cam01_RGB_MB_page_4.png"", ""/mnt/d/New_folder/datasets/New folder/bma pbf tfa/pbs_imgs/FieldPos356_Cam01_RGB_MB/FieldPos356_Cam01_RGB_MB_page_5.png"", ""/mnt/d/New_folder/datasets/New folder/bma pbf tfa/pbs_imgs/FieldPos356_Cam01_RGB_MB/FieldPos356_Cam01_RGB_MB_page_6.png"", ""/mnt/d/New_folder/datasets/New folder/bma pbf tfa/pbs_imgs/FieldPos356_Cam01_RGB_MB/FieldPos356_Cam01_RGB_MB_page_7.png"", ""/mnt/d/New_folder/datasets/New folder/bma pbf tfa/pbs_imgs/FieldPos356_Cam01_RGB_MB/FieldPos356_Cam01_RGB_MB_page_8.png"", ""/mnt/d/New_folder/datasets/New folder/bma pbf tfa/pbs_imgs/FieldPos356_Cam01_RGB_MB/FieldPos356_Cam01_RGB_MB_page_9.png"", ""/mnt/d/New_folder/datasets/New folder/bma pbf tfa/pbs_imgs/FieldPos356_Cam01_RGB_MB/FieldPos356_Cam01_RGB_MB_page_10.png"", ""/mnt/d/New_folder/datasets/New folder/bma pbf tfa/pbs_imgs/FieldPos356_Cam01_RGB_MB/FieldPos356_Cam01_RGB_MB_page_11.png"", ""/mnt/d/New_folder/datasets/New folder/bma pbf tfa/pbs_imgs/FieldPos356_Cam01_RGB_MB/FieldPos356_Cam01_RGB_MB_page_12.png"", ""/mnt/d/New_folder/datasets/New folder/bma pbf tfa/pbs_imgs/FieldPos356_Cam01_RGB_MB/FieldPos356_Cam01_RGB_MB_page_13.png"", ""/mnt/d/New_folder/datasets/New folder/bma pbf tfa/pbs_imgs/FieldPos356_Cam01_RGB_MB/FieldPos356_Cam01_RGB_MB_page_14.png"", ""/mnt/d/New_folder/datasets/New folder/bma pbf tfa/pbs_imgs/FieldPos356_Cam01_RGB_MB/FieldPos356_Cam01_RGB_MB_page_15.png""]",4524210,not available,not available,False,False
d4307fe80dc3fec3,TBI,5,primary_unbiased,/mnt/d/New_folder/datasets/New folder/TBSI/folders/HH6,10,"[""/mnt/d/New_folder/datasets/New folder/TBSI/folders/HH6/HH6 (1).JPG"", ""/mnt/d/New_folder/datasets/New folder/TBSI/folders/HH6/HH6 (2).JPG"", ""/mnt/d/New_folder/datasets/New folder/TBSI/folders/HH6/HH6 (3).JPG"", ""/mnt/d/New_folder/datasets/New folder/TBSI/folders/HH6/HH6 (4).JPG"", ""/mnt/d/New_folder/datasets/New folder/TBSI/folders/HH6/HH6 (5).JPG"", ""/mnt/d/New_folder/datasets/New folder/TBSI/folders/HH6/HH6 (6).JPG"", ""/mnt/d/New_folder/datasets/New folder/TBSI/folders/HH6/HH6 (7).JPG"", ""/mnt/d/New_folder/datasets/New folder/TBSI/folders/HH6/HH6 (8).JPG"", ""/mnt/d/New_folder/datasets/New folder/TBSI/folders/HH6/HH6 (9).JPG"", ""/mnt/d/New_folder/datasets/New folder/TBSI/folders/HH6/HH6 (10).JPG""]",4524210,not available,not available,False,False
3177546134df8df8,TBI,12,primary_unbiased,/mnt/d/New_folder/datasets/New folder/TBSI/folders/HL3,10,"[""/mnt/d/New_folder/datasets/New folder/TBSI/folders/HL3/HL3 (1).JPG"", ""/mnt/d/New_folder/datasets/New folder/TBSI/folders/HL3/HL3 (2).JPG"", ""/mnt/d/New_folder/datasets/New folder/TBSI/folders/HL3/HL3 (3).JPG"", ""/mnt/d/New_folder/datasets/New folder/TBSI/folders/HL3/HL3 (4).JPG"", ""/mnt/d/New_folder/datasets/New folder/TBSI/folders/HL3/HL3 (5).JPG"", ""/mnt/d/New_folder/datasets/New folder/TBSI/folders/HL3/HL3 (6).JPG"", ""/mnt/d/New_folder/datasets/New folder/TBSI/folders/HL3/HL3 (7).JPG"", ""/mnt/d/New_folder/datasets/New folder/TBSI/folders/HL3/HL3 (8).JPG"", ""/mnt/d/New_folder/datasets/New folder/TBSI/folders/HL3/HL3 (9).JPG"", ""/mnt/d/New_folder/datasets/New folder/TBSI/folders/HL3/HL3 (10).JPG""]",4524210,not available,not available,False,False
80c886f5236f5644,PBS,16,primary_unbiased,/mnt/d/New_folder/datasets/New folder/bma pbf tfa/pbs_imgs/FieldPos231_Cam01_RGB_MB,9,"[""/mnt/d/New_folder/datasets/New folder/bma pbf tfa/pbs_imgs/FieldPos231_Cam01_RGB_MB/FieldPos231_Cam01_RGB_MB_page_1.png"", ""/mnt/d/New_folder/datasets/New folder/bma pbf tfa/pbs_imgs/FieldPos231_Cam01_RGB_MB/FieldPos231_Cam01_RGB_MB_page_2.png"", ""/mnt/d/New_folder/datasets/New folder/bma pbf tfa/pbs_imgs/FieldPos231_Cam01_RGB_MB/FieldPos231_Cam01_RGB_MB_page_3.png"", ""/mnt/d/New_folder/datasets/New folder/bma pbf tfa/pbs_imgs/FieldPos231_Cam01_RGB_MB/FieldPos231_Cam01_RGB_MB_page_4.png"", ""/mnt/d/New_folder/datasets/New folder/bma pbf tfa/pbs_imgs/FieldPos231_Cam01_RGB_MB/FieldPos231_Cam01_RGB_MB_page_5.png"", ""/mnt/d/New_folder/datasets/New folder/bma pbf tfa/pbs_imgs/FieldPos231_Cam01_RGB_MB/FieldPos231_Cam01_RGB_MB_page_6.png"", ""/mnt/d/New_folder/datasets/New folder/bma pbf tfa/pbs_imgs/FieldPos231_Cam01_RGB_MB/FieldPos231_Cam01_RGB_MB_page_7.png"", ""/mnt/d/New_folder/datasets/New folder/bma pbf tfa/pbs_imgs/FieldPos231_Cam01_RGB_MB/FieldPos231_Cam01_RGB_MB_page_8.png"", ""/mnt/d/New_folder/datasets/New folder/bma pbf tfa/pbs_imgs/FieldPos231_Cam01_RGB_MB/FieldPos231_Cam01_RGB_MB_page_9.png""]",4524210,not available,not available,False,False
3b7c072676a0534f,TBF,167,primary_unbiased,/mnt/d/New_folder/datasets/New folder/bma pbf tfa/tbf_imgs/FieldPos109,14,"[""/mnt/d/New_folder/datasets/New folder/bma pbf tfa/tbf_imgs/FieldPos109/FieldPos109_page_1.png"", ""/mnt/d/New_folder/datasets/New folder/bma pbf tfa/tbf_imgs/FieldPos109/FieldPos109_page_2.png"", ""/mnt/d/New_folder/datasets/New folder/bma pbf tfa/tbf_imgs/FieldPos109/FieldPos109_page_3.png"", ""/mnt/d/New_folder/datasets/New folder/bma pbf tfa/tbf_imgs/FieldPos109/FieldPos109_page_4.png"", ""/mnt/d/New_folder/datasets/New folder/bma pbf tfa/tbf_imgs/FieldPos109/FieldPos109_page_5.png"", ""/mnt/d/New_folder/datasets/New folder/bma pbf tfa/tbf_imgs/FieldPos109/FieldPos109_page_6.png"", ""/mnt/d/New_folder/datasets/New folder/bma pbf tfa/tbf_imgs/FieldPos109/FieldPos109_page_7.png"", ""/mnt/d/New_folder/datasets/New folder/bma pbf tfa/tbf_imgs/FieldPos109/FieldPos109_page_8.png"", ""/mnt/d/New_folder/datasets/New folder/bma pbf tfa/tbf_imgs/FieldPos109/FieldPos109_page_9.png"", ""/mnt/d/New_folder/datasets/New folder/bma pbf tfa/tbf_imgs/FieldPos109/FieldPos109_page_10.png"", ""/mnt/d/New_folder/datasets/New folder/bma pbf tfa/tbf_imgs/FieldPos109/FieldPos109_page_11.png"", ""/mnt/d/New_folder/datasets/New folder/bma pbf tfa/tbf_imgs/FieldPos109/FieldPos109_page_12.png"", ""/mnt/d/New_folder/datasets/New folder/bma pbf tfa/tbf_imgs/FieldPos109/FieldPos109_page_13.png"", ""/mnt/d/New_folder/datasets/New folder/bma pbf tfa/tbf_imgs/FieldPos109/FieldPos109_page_14.png""]",4524210,not available,not available,False,False
093dd7767178d1e9,BMA,30,primary_unbiased,/mnt/d/New_folder/datasets/New folder/bma pbf tfa/bma_imgs/pos007_2,14,"[""/mnt/d/New_folder/datasets/New folder/bma pbf tfa/bma_imgs/pos007_2/pos007_2_page_1.png"", ""/mnt/d/New_folder/datasets/New folder/bma pbf tfa/bma_imgs/pos007_2/pos007_2_page_2.png"", ""/mnt/d/New_folder/datasets/New folder/bma pbf tfa/bma_imgs/pos007_2/pos007_2_page_3.png"", ""/mnt/d/New_folder/datasets/New folder/bma pbf tfa/bma_imgs/pos007_2/pos007_2_page_4.png"", ""/mnt/d/New_folder/datasets/New folder/bma pbf tfa/bma_imgs/pos007_2/pos007_2_page_5.png"", ""/mnt/d/New_folder/datasets/New folder/bma pbf tfa/bma_imgs/pos007_2/pos007_2_page_6.png"", ""/mnt/d/New_folder/datasets/New folder/bma pbf tfa/bma_imgs/pos007_2/pos007_2_page_7.png"", ""/mnt/d/New_folder/datasets/New folder/bma pbf tfa/bma_imgs/pos007_2/pos007_2_page_8.png"", ""/mnt/d/New_folder/datasets/New folder/bma pbf tfa/bma_imgs/pos007_2/pos007_2_page_9.png"", ""/mnt/d/New_folder/datasets/New folder/bma pbf tfa/bma_imgs/pos007_2/pos007_2_page_10.png"", ""/mnt/d/New_folder/datasets/New folder/bma pbf tfa/bma_imgs/pos007_2/pos007_2_page_11.png"", ""/mnt/d/New_folder/datasets/New folder/bma pbf tfa/bma_imgs/pos007_2/pos007_2_page_12.png"", ""/mnt/d/New_folder/datasets/New folder/bma pbf tfa/bma_imgs/pos007_2/pos007_2_page_13.png"", ""/mnt/d/New_folder/datasets/New folder/bma pbf tfa/bma_imgs/pos007_2/pos007_2_page_14.png""]",4524210,not available,not available,False,False
e57fda4c41a9916c,BMA,21,primary_unbiased,/mnt/d/New_folder/datasets/New folder/bma pbf tfa/bma_imgs/pos005_1,14,"[""/mnt/d/New_folder/datasets/New folder/bma pbf tfa/bma_imgs/pos005_1/pos005_1_page_1.png"", ""/mnt/d/New_folder/datasets/New folder/bma pbf tfa/bma_imgs/pos005_1/pos005_1_page_2.png"", ""/mnt/d/New_folder/datasets/New folder/bma pbf tfa/bma_imgs/pos005_1/pos005_1_page_3.png"", ""/mnt/d/New_folder/datasets/New folder/bma pbf tfa/bma_imgs/pos005_1/pos005_1_page_4.png"", ""/mnt/d/New_folder/datasets/New folder/bma pbf tfa/bma_imgs/pos005_1/pos005_1_page_5.png"", ""/mnt/d/New_folder/datasets/New folder/bma pbf tfa/bma_imgs/pos005_1/pos005_1_page_6.png"", ""/mnt/d/New_folder/datasets/New folder/bma pbf tfa/bma_imgs/pos005_1/pos005_1_page_7.png"", ""/mnt/d/New_folder/datasets/New folder/bma pbf tfa/bma_imgs/pos005_1/pos005_1_page_8.png"", ""/mnt/d/New_folder/datasets/New folder/bma pbf tfa/bma_imgs/pos005_1/pos005_1_page_9.png"", ""/mnt/d/New_folder/datasets/New folder/bma pbf tfa/bma_imgs/pos005_1/pos005_1_page_10.png"", ""/mnt/d/New_folder/datasets/New folder/bma pbf tfa/bma_imgs/pos005_1/pos005_1_page_11.png"", ""/mnt/d/New_folder/datasets/New folder/bma pbf tfa/bma_imgs/pos005_1/pos005_1_page_12.png"", ""/mnt/d/New_folder/datasets/New folder/bma pbf tfa/bma_imgs/pos005_1/pos005_1_page_13.png"", ""/mnt/d/New_folder/datasets/New folder/bma pbf tfa/bma_imgs/pos005_1/pos005_1_page_14.png""]",4524210,not available,not available,False,False
1e092b7b317cd90a,PBS,25,primary_unbiased,/mnt/d/New_folder/datasets/New folder/bma pbf tfa/pbs_imgs/FieldPos281_Cam01_RGB_MB,15,"[""/mnt/d/New_folder/datasets/New folder/bma pbf tfa/pbs_imgs/FieldPos281_Cam01_RGB_MB/FieldPos281_Cam01_RGB_MB_page_1.png"", ""/mnt/d/New_folder/datasets/New folder/bma pbf tfa/pbs_imgs/FieldPos281_Cam01_RGB_MB/FieldPos281_Cam01_RGB_MB_page_2.png"", ""/mnt/d/New_folder/datasets/New folder/bma pbf tfa/pbs_imgs/FieldPos281_Cam01_RGB_MB/FieldPos281_Cam01_RGB_MB_page_3.png"", ""/mnt/d/New_folder/datasets/New folder/bma pbf tfa/pbs_imgs/FieldPos281_Cam01_RGB_MB/FieldPos281_Cam01_RGB_MB_page_4.png"", ""/mnt/d/New_folder/datasets/New folder/bma pbf tfa/pbs_imgs/FieldPos281_Cam01_RGB_MB/FieldPos281_Cam01_RGB_MB_page_5.png"", ""/mnt/d/New_folder/datasets/New folder/bma pbf tfa/pbs_imgs/FieldPos281_Cam01_RGB_MB/FieldPos281_Cam01_RGB_MB_page_6.png"", ""/mnt/d/New_folder/datasets/New folder/bma pbf tfa/pbs_imgs/FieldPos281_Cam01_RGB_MB/FieldPos281_Cam01_RGB_MB_page_7.png"", ""/mnt/d/New_folder/datasets/New folder/bma pbf tfa/pbs_imgs/FieldPos281_Cam01_RGB_MB/FieldPos281_Cam01_RGB_MB_page_8.png"", ""/mnt/d/New_folder/datasets/New folder/bma pbf tfa/pbs_imgs/FieldPos281_Cam01_RGB_MB/FieldPos281_Cam01_RGB_MB_page_9.png"", ""/mnt/d/New_folder/datasets/New folder/bma pbf tfa/pbs_imgs/FieldPos281_Cam01_RGB_MB/FieldPos281_Cam01_RGB_MB_page_10.png"", ""/mnt/d/New_folder/datasets/New folder/bma pbf tfa/pbs_imgs/FieldPos281_Cam01_RGB_MB/FieldPos281_Cam01_RGB_MB_page_11.png"", ""/mnt/d/New_folder/datasets/New folder/bma pbf tfa/pbs_imgs/FieldPos281_Cam01_RGB_MB/FieldPos281_Cam01_RGB_MB_page_12.png"", ""/mnt/d/New_folder/datasets/New folder/bma pbf tfa/pbs_imgs/FieldPos281_Cam01_RGB_MB/FieldPos281_Cam01_RGB_MB_page_13.png"", ""/mnt/d/New_folder/datasets/New folder/bma pbf tfa/pbs_imgs/FieldPos281_Cam01_RGB_MB/FieldPos281_Cam01_RGB_MB_page_14.png"", ""/mnt/d/New_folder/datasets/New folder/bma pbf tfa/pbs_imgs/FieldPos281_Cam01_RGB_MB/FieldPos281_Cam01_RGB_MB_page_15.png""]",4524210,not available,not available,False,False
a6bf9398212176af,PBS,20,primary_unbiased,/mnt/d/New_folder/datasets/New folder/bma pbf tfa/pbs_imgs/FieldPos241_Cam01_RGB_MB,15,"[""/mnt/d/New_folder/datasets/New folder/bma pbf tfa/pbs_imgs/FieldPos241_Cam01_RGB_MB/FieldPos241_Cam01_RGB_MB_page_1.png"", ""/mnt/d/New_folder/datasets/New folder/bma pbf tfa/pbs_imgs/FieldPos241_Cam01_RGB_MB/FieldPos241_Cam01_RGB_MB_page_2.png"", ""/mnt/d/New_folder/datasets/New folder/bma pbf tfa/pbs_imgs/FieldPos241_Cam01_RGB_MB/FieldPos241_Cam01_RGB_MB_page_3.png"", ""/mnt/d/New_folder/datasets/New folder/bma pbf tfa/pbs_imgs/FieldPos241_Cam01_RGB_MB/FieldPos241_Cam01_RGB_MB_page_4.png"", ""/mnt/d/New_folder/datasets/New folder/bma pbf tfa/pbs_imgs/FieldPos241_Cam01_RGB_MB/FieldPos241_Cam01_RGB_MB_page_5.png"", ""/mnt/d/New_folder/datasets/New folder/bma pbf tfa/pbs_imgs/FieldPos241_Cam01_RGB_MB/FieldPos241_Cam01_RGB_MB_page_6.png"", ""/mnt/d/New_folder/datasets/New folder/bma pbf tfa/pbs_imgs/FieldPos241_Cam01_RGB_MB/FieldPos241_Cam01_RGB_MB_page_7.png"", ""/mnt/d/New_folder/datasets/New folder/bma pbf tfa/pbs_imgs/FieldPos241_Cam01_RGB_MB/FieldPos241_Cam01_RGB_MB_page_8.png"", ""/mnt/d/New_folder/datasets/New folder/bma pbf tfa/pbs_imgs/FieldPos241_Cam01_RGB_MB/FieldPos241_Cam01_RGB_MB_page_9.png"", ""/mnt/d/New_folder/datasets/New folder/bma pbf tfa/pbs_imgs/FieldPos241_Cam01_RGB_MB/FieldPos241_Cam01_RGB_MB_page_10.png"", ""/mnt/d/New_folder/datasets/New folder/bma pbf tfa/pbs_imgs/FieldPos241_Cam01_RGB_MB/FieldPos241_Cam01_RGB_MB_page_11.png"", ""/mnt/d/New_folder/datasets/New folder/bma pbf tfa/pbs_imgs/FieldPos241_Cam01_RGB_MB/FieldPos241_Cam01_RGB_MB_page_12.png"", ""/mnt/d/New_folder/datasets/New folder/bma pbf tfa/pbs_imgs/FieldPos241_Cam01_RGB_MB/FieldPos241_Cam01_RGB_MB_page_13.png"", ""/mnt/d/New_folder/datasets/New folder/bma pbf tfa/pbs_imgs/FieldPos241_Cam01_RGB_MB/FieldPos241_Cam01_RGB_MB_page_14.png"", ""/mnt/d/New_folder/datasets/New folder/bma pbf tfa/pbs_imgs/FieldPos241_Cam01_RGB_MB/FieldPos241_Cam01_RGB_MB_page_15.png""]",4524210,not available,not available,False,False
2ad054ff3221c8a4,PBS,5,primary_unbiased,/mnt/d/New_folder/datasets/New folder/bma pbf tfa/pbs_imgs/FieldPos134_Cam01_RGB_MB,9,"[""/mnt/d/New_folder/datasets/New folder/bma pbf tfa/pbs_imgs/FieldPos134_Cam01_RGB_MB/FieldPos134_Cam01_RGB_MB_page_1.png"", ""/mnt/d/New_folder/datasets/New folder/bma pbf tfa/pbs_imgs/FieldPos134_Cam01_RGB_MB/FieldPos134_Cam01_RGB_MB_page_2.png"", ""/mnt/d/New_folder/datasets/New folder/bma pbf tfa/pbs_imgs/FieldPos134_Cam01_RGB_MB/FieldPos134_Cam01_RGB_MB_page_3.png"", ""/mnt/d/New_folder/datasets/New folder/bma pbf tfa/pbs_imgs/FieldPos134_Cam01_RGB_MB/FieldPos134_Cam01_RGB_MB_page_4.png"", ""/mnt/d/New_folder/datasets/New folder/bma pbf tfa/pbs_imgs/FieldPos134_Cam01_RGB_MB/FieldPos134_Cam01_RGB_MB_page_5.png"", ""/mnt/d/New_folder/datasets/New folder/bma pbf tfa/pbs_imgs/FieldPos134_Cam01_RGB_MB/FieldPos134_Cam01_RGB_MB_page_6.png"", ""/mnt/d/New_folder/datasets/New folder/bma pbf tfa/pbs_imgs/FieldPos134_Cam01_RGB_MB/FieldPos134_Cam01_RGB_MB_page_7.png"", ""/mnt/d/New_folder/datasets/New folder/bma pbf tfa/pbs_imgs/FieldPos134_Cam01_RGB_MB/FieldPos134_Cam01_RGB_MB_page_8.png"", ""/mnt/d/New_folder/datasets/New folder/bma pbf tfa/pbs_imgs/FieldPos134_Cam01_RGB_MB/FieldPos134_Cam01_RGB_MB_page_9.png""]",4524210,not available,not available,False,False
c0fbdbc8d0d1ac72,TBF,81,primary_unbiased,/mnt/d/New_folder/datasets/New folder/bma pbf tfa/tbf_imgs/FieldPos036,14,"[""/mnt/d/New_folder/datasets/New folder/bma pbf tfa/tbf_imgs/FieldPos036/FieldPos036_page_1.png"", ""/mnt/d/New_folder/datasets/New folder/bma pbf tfa/tbf_imgs/FieldPos036/FieldPos036_page_2.png"", ""/mnt/d/New_folder/datasets/New folder/bma pbf tfa/tbf_imgs/FieldPos036/FieldPos036_page_3.png"", ""/mnt/d/New_folder/datasets/New folder/bma pbf tfa/tbf_imgs/FieldPos036/FieldPos036_page_4.png"", ""/mnt/d/New_folder/datasets/New folder/bma pbf tfa/tbf_imgs/FieldPos036/FieldPos036_page_5.png"", ""/mnt/d/New_folder/datasets/New folder/bma pbf tfa/tbf_imgs/FieldPos036/FieldPos036_page_6.png"", ""/mnt/d/New_folder/datasets/New folder/bma pbf tfa/tbf_imgs/FieldPos036/FieldPos036_page_7.png"", ""/mnt/d/New_folder/datasets/New folder/bma pbf tfa/tbf_imgs/FieldPos036/FieldPos036_page_8.png"", ""/mnt/d/New_folder/datasets/New folder/bma pbf tfa/tbf_imgs/FieldPos036/FieldPos036_page_9.png"", ""/mnt/d/New_folder/datasets/New folder/bma pbf tfa/tbf_imgs/FieldPos036/FieldPos036_page_10.png"", ""/mnt/d/New_folder/datasets/New folder/bma pbf tfa/tbf_imgs/FieldPos036/FieldPos036_page_11.png"", ""/mnt/d/New_folder/datasets/New folder/bma pbf tfa/tbf_imgs/FieldPos036/FieldPos036_page_12.png"", ""/mnt/d/New_folder/datasets/New folder/bma pbf tfa/tbf_imgs/FieldPos036/FieldPos036_page_13.png"", ""/mnt/d/New_folder/datasets/New folder/bma pbf tfa/tbf_imgs/FieldPos036/FieldPos036_page_14.png""]",4524210,not available,not available,False,False
13e18c09a9182339,TBI,27,primary_unbiased,/mnt/d/New_folder/datasets/New folder/TBSI/folders/LH8,10,"[""/mnt/d/New_folder/datasets/New folder/TBSI/folders/LH8/LH8 (1).JPG"", ""/mnt/d/New_folder/datasets/New folder/TBSI/folders/LH8/LH8 (2).JPG"", ""/mnt/d/New_folder/datasets/New folder/TBSI/folders/LH8/LH8 (3).JPG"", ""/mnt/d/New_folder/datasets/New folder/TBSI/folders/LH8/LH8 (4).JPG"", ""/mnt/d/New_folder/datasets/New folder/TBSI/folders/LH8/LH8 (5).JPG"", ""/mnt/d/New_folder/datasets/New folder/TBSI/folders/LH8/LH8 (6).JPG"", ""/mnt/d/New_folder/datasets/New folder/TBSI/folders/LH8/LH8 (7).JPG"", ""/mnt/d/New_folder/datasets/New folder/TBSI/folders/LH8/LH8 (8).JPG"", ""/mnt/d/New_folder/datasets/New folder/TBSI/folders/LH8/LH8 (9).JPG"", ""/mnt/d/New_folder/datasets/New folder/TBSI/folders/LH8/LH8 (10).JPG""]",4524210,not available,not available,False,False
3248b9084da5b400,TBI,8,primary_unbiased,/mnt/d/New_folder/datasets/New folder/TBSI/folders/HH9,10,"[""/mnt/d/New_folder/datasets/New folder/TBSI/folders/HH9/HH9 (1).JPG"", ""/mnt/d/New_folder/datasets/New folder/TBSI/folders/HH9/HH9 (2).JPG"", ""/mnt/d/New_folder/datasets/New folder/TBSI/folders/HH9/HH9 (3).JPG"", ""/mnt/d/New_folder/datasets/New folder/TBSI/folders/HH9/HH9 (4).JPG"", ""/mnt/d/New_folder/datasets/New folder/TBSI/folders/HH9/HH9 (5).JPG"", ""/mnt/d/New_folder/datasets/New folder/TBSI/folders/HH9/HH9 (6).JPG"", ""/mnt/d/New_folder/datasets/New folder/TBSI/folders/HH9/HH9 (7).JPG"", ""/mnt/d/New_folder/datasets/New folder/TBSI/folders/HH9/HH9 (8).JPG"", ""/mnt/d/New_folder/datasets/New folder/TBSI/folders/HH9/HH9 (9).JPG"", ""/mnt/d/New_folder/datasets/New folder/TBSI/folders/HH9/HH9 (10).JPG""]",4524210,not available,not available,False,False
75eb6e815dbe3187,TBF,112,primary_unbiased,/mnt/d/New_folder/datasets/New folder/bma pbf tfa/tbf_imgs/FieldPos059,14,"[""/mnt/d/New_folder/datasets/New folder/bma pbf tfa/tbf_imgs/FieldPos059/FieldPos059_page_1.png"", ""/mnt/d/New_folder/datasets/New folder/bma pbf tfa/tbf_imgs/FieldPos059/FieldPos059_page_2.png"", ""/mnt/d/New_folder/datasets/New folder/bma pbf tfa/tbf_imgs/FieldPos059/FieldPos059_page_3.png"", ""/mnt/d/New_folder/datasets/New folder/bma pbf tfa/tbf_imgs/FieldPos059/FieldPos059_page_4.png"", ""/mnt/d/New_folder/datasets/New folder/bma pbf tfa/tbf_imgs/FieldPos059/FieldPos059_page_5.png"", ""/mnt/d/New_folder/datasets/New folder/bma pbf tfa/tbf_imgs/FieldPos059/FieldPos059_page_6.png"", ""/mnt/d/New_folder/datasets/New folder/bma pbf tfa/tbf_imgs/FieldPos059/FieldPos059_page_7.png"", ""/mnt/d/New_folder/datasets/New folder/bma pbf tfa/tbf_imgs/FieldPos059/FieldPos059_page_8.png"", ""/mnt/d/New_folder/datasets/New folder/bma pbf tfa/tbf_imgs/FieldPos059/FieldPos059_page_9.png"", ""/mnt/d/New_folder/datasets/New folder/bma pbf tfa/tbf_imgs/FieldPos059/FieldPos059_page_10.png"", ""/mnt/d/New_folder/datasets/New folder/bma pbf tfa/tbf_imgs/FieldPos059/FieldPos059_page_11.png"", ""/mnt/d/New_folder/datasets/New folder/bma pbf tfa/tbf_imgs/FieldPos059/FieldPos059_page_12.png"", ""/mnt/d/New_folder/datasets/New folder/bma pbf tfa/tbf_imgs/FieldPos059/FieldPos059_page_13.png"", ""/mnt/d/New_folder/datasets/New folder/bma pbf tfa/tbf_imgs/FieldPos059/FieldPos059_page_14.png""]",4524210,not available,not available,False,False
effffb2cde6102a4,PBS,72,primary_unbiased,/mnt/d/New_folder/datasets/New folder/bma pbf tfa/pbs_imgs/FieldPos468_Cam01_RGB_MB,15,"[""/mnt/d/New_folder/datasets/New folder/bma pbf tfa/pbs_imgs/FieldPos468_Cam01_RGB_MB/FieldPos468_Cam01_RGB_MB_page_1.png"", ""/mnt/d/New_folder/datasets/New folder/bma pbf tfa/pbs_imgs/FieldPos468_Cam01_RGB_MB/FieldPos468_Cam01_RGB_MB_page_2.png"", ""/mnt/d/New_folder/datasets/New folder/bma pbf tfa/pbs_imgs/FieldPos468_Cam01_RGB_MB/FieldPos468_Cam01_RGB_MB_page_3.png"", ""/mnt/d/New_folder/datasets/New folder/bma pbf tfa/pbs_imgs/FieldPos468_Cam01_RGB_MB/FieldPos468_Cam01_RGB_MB_page_4.png"", ""/mnt/d/New_folder/datasets/New folder/bma pbf tfa/pbs_imgs/FieldPos468_Cam01_RGB_MB/FieldPos468_Cam01_RGB_MB_page_5.png"", ""/mnt/d/New_folder/datasets/New folder/bma pbf tfa/pbs_imgs/FieldPos468_Cam01_RGB_MB/FieldPos468_Cam01_RGB_MB_page_6.png"", ""/mnt/d/New_folder/datasets/New folder/bma pbf tfa/pbs_imgs/FieldPos468_Cam01_RGB_MB/FieldPos468_Cam01_RGB_MB_page_7.png"", ""/mnt/d/New_folder/datasets/New folder/bma pbf tfa/pbs_imgs/FieldPos468_Cam01_RGB_MB/FieldPos468_Cam01_RGB_MB_page_8.png"", ""/mnt/d/New_folder/datasets/New folder/bma pbf tfa/pbs_imgs/FieldPos468_Cam01_RGB_MB/FieldPos468_Cam01_RGB_MB_page_9.png"", ""/mnt/d/New_folder/datasets/New folder/bma pbf tfa/pbs_imgs/FieldPos468_Cam01_RGB_MB/FieldPos468_Cam01_RGB_MB_page_10.png"", ""/mnt/d/New_folder/datasets/New folder/bma pbf tfa/pbs_imgs/FieldPos468_Cam01_RGB_MB/FieldPos468_Cam01_RGB_MB_page_11.png"", ""/mnt/d/New_folder/datasets/New folder/bma pbf tfa/pbs_imgs/FieldPos468_Cam01_RGB_MB/FieldPos468_Cam01_RGB_MB_page_12.png"", ""/mnt/d/New_folder/datasets/New folder/bma pbf tfa/pbs_imgs/FieldPos468_Cam01_RGB_MB/FieldPos468_Cam01_RGB_MB_page_13.png"", ""/mnt/d/New_folder/datasets/New folder/bma pbf tfa/pbs_imgs/FieldPos468_Cam01_RGB_MB/FieldPos468_Cam01_RGB_MB_page_14.png"", ""/mnt/d/New_folder/datasets/New folder/bma pbf tfa/pbs_imgs/FieldPos468_Cam01_RGB_MB/FieldPos468_Cam01_RGB_MB_page_15.png""]",4524210,not available,not available,False,False
bc748f71604f2592,WBC,19202,primary_unbiased,/mnt/d/New_folder/datasets/WBC_dataset1/19202,10,"[""/mnt/d/New_folder/datasets/WBC_dataset1/19202/19202_0.jpg"", ""/mnt/d/New_folder/datasets/WBC_dataset1/19202/19202_1.jpg"", ""/mnt/d/New_folder/datasets/WBC_dataset1/19202/19202_2.jpg"", ""/mnt/d/New_folder/datasets/WBC_dataset1/19202/19202_3.jpg"", ""/mnt/d/New_folder/datasets/WBC_dataset1/19202/19202_4.jpg"", ""/mnt/d/New_folder/datasets/WBC_dataset1/19202/19202_5.jpg"", ""/mnt/d/New_folder/datasets/WBC_dataset1/19202/19202_6.jpg"", ""/mnt/d/New_folder/datasets/WBC_dataset1/19202/19202_7.jpg"", ""/mnt/d/New_folder/datasets/WBC_dataset1/19202/19202_8.jpg"", ""/mnt/d/New_folder/datasets/WBC_dataset1/19202/19202_9.jpg""]",4524210,WBC_slide_175,not available,False,False
e3b56d0b99501a20,PBS,10,primary_unbiased,/mnt/d/New_folder/datasets/New folder/bma pbf tfa/pbs_imgs/FieldPos215_Cam01_RGB_MB,9,"[""/mnt/d/New_folder/datasets/New folder/bma pbf tfa/pbs_imgs/FieldPos215_Cam01_RGB_MB/FieldPos215_Cam01_RGB_MB_page_1.png"", ""/mnt/d/New_folder/datasets/New folder/bma pbf tfa/pbs_imgs/FieldPos215_Cam01_RGB_MB/FieldPos215_Cam01_RGB_MB_page_2.png"", ""/mnt/d/New_folder/datasets/New folder/bma pbf tfa/pbs_imgs/FieldPos215_Cam01_RGB_MB/FieldPos215_Cam01_RGB_MB_page_3.png"", ""/mnt/d/New_folder/datasets/New folder/bma pbf tfa/pbs_imgs/FieldPos215_Cam01_RGB_MB/FieldPos215_Cam01_RGB_MB_page_4.png"", ""/mnt/d/New_folder/datasets/New folder/bma pbf tfa/pbs_imgs/FieldPos215_Cam01_RGB_MB/FieldPos215_Cam01_RGB_MB_page_5.png"", ""/mnt/d/New_folder/datasets/New folder/bma pbf tfa/pbs_imgs/FieldPos215_Cam01_RGB_MB/FieldPos215_Cam01_RGB_MB_page_6.png"", ""/mnt/d/New_folder/datasets/New folder/bma pbf tfa/pbs_imgs/FieldPos215_Cam01_RGB_MB/FieldPos215_Cam01_RGB_MB_page_7.png"", ""/mnt/d/New_folder/datasets/New folder/bma pbf tfa/pbs_imgs/FieldPos215_Cam01_RGB_MB/FieldPos215_Cam01_RGB_MB_page_8.png"", ""/mnt/d/New_folder/datasets/New folder/bma pbf tfa/pbs_imgs/FieldPos215_Cam01_RGB_MB/FieldPos215_Cam01_RGB_MB_page_9.png""]",4524210,not available,not available,False,False
ccccd79a8c0860c3,TBF,42,disagreement_enriched_qualitative,/mnt/d/New_folder/datasets/New folder/bma pbf tfa/tbf_imgs/FieldPos010 (2),14,"[""/mnt/d/New_folder/datasets/New folder/bma pbf tfa/tbf_imgs/FieldPos010 (2)/FieldPos010 (2)_page_1.png"", ""/mnt/d/New_folder/datasets/New folder/bma pbf tfa/tbf_imgs/FieldPos010 (2)/FieldPos010 (2)_page_2.png"", ""/mnt/d/New_folder/datasets/New folder/bma pbf tfa/tbf_imgs/FieldPos010 (2)/FieldPos010 (2)_page_3.png"", ""/mnt/d/New_folder/datasets/New folder/bma pbf tfa/tbf_imgs/FieldPos010 (2)/FieldPos010 (2)_page_4.png"", ""/mnt/d/New_folder/datasets/New folder/bma pbf tfa/tbf_imgs/FieldPos010 (2)/FieldPos010 (2)_page_5.png"", ""/mnt/d/New_folder/datasets/New folder/bma pbf tfa/tbf_imgs/FieldPos010 (2)/FieldPos010 (2)_page_6.png"", ""/mnt/d/New_folder/datasets/New folder/bma pbf tfa/tbf_imgs/FieldPos010 (2)/FieldPos010 (2)_page_7.png"", ""/mnt/d/New_folder/datasets/New folder/bma pbf tfa/tbf_imgs/FieldPos010 (2)/FieldPos010 (2)_page_8.png"", ""/mnt/d/New_folder/datasets/New folder/bma pbf tfa/tbf_imgs/FieldPos010 (2)/FieldPos010 (2)_page_9.png"", ""/mnt/d/New_folder/datasets/New folder/bma pbf tfa/tbf_imgs/FieldPos010 (2)/FieldPos010 (2)_page_10.png"", ""/mnt/d/New_folder/datasets/New folder/bma pbf tfa/tbf_imgs/FieldPos010 (2)/FieldPos010 (2)_page_11.png"", ""/mnt/d/New_folder/datasets/New folder/bma pbf tfa/tbf_imgs/FieldPos010 (2)/FieldPos010 (2)_page_12.png"", ""/mnt/d/New_folder/datasets/New folder/bma pbf tfa/tbf_imgs/FieldPos010 (2)/FieldPos010 (2)_page_13.png"", ""/mnt/d/New_folder/datasets/New folder/bma pbf tfa/tbf_imgs/FieldPos010 (2)/FieldPos010 (2)_page_14.png""]",4524210,not available,not available,False,False
e616d3717ce5f99c,TBF,77,primary_unbiased,/mnt/d/New_folder/datasets/New folder/bma pbf tfa/tbf_imgs/FieldPos033,14,"[""/mnt/d/New_folder/datasets/New folder/bma pbf tfa/tbf_imgs/FieldPos033/FieldPos033_page_1.png"", ""/mnt/d/New_folder/datasets/New folder/bma pbf tfa/tbf_imgs/FieldPos033/FieldPos033_page_2.png"", ""/mnt/d/New_folder/datasets/New folder/bma pbf tfa/tbf_imgs/FieldPos033/FieldPos033_page_3.png"", ""/mnt/d/New_folder/datasets/New folder/bma pbf tfa/tbf_imgs/FieldPos033/FieldPos033_page_4.png"", ""/mnt/d/New_folder/datasets/New folder/bma pbf tfa/tbf_imgs/FieldPos033/FieldPos033_page_5.png"", ""/mnt/d/New_folder/datasets/New folder/bma pbf tfa/tbf_imgs/FieldPos033/FieldPos033_page_6.png"", ""/mnt/d/New_folder/datasets/New folder/bma pbf tfa/tbf_imgs/FieldPos033/FieldPos033_page_7.png"", ""/mnt/d/New_folder/datasets/New folder/bma pbf tfa/tbf_imgs/FieldPos033/FieldPos033_page_8.png"", ""/mnt/d/New_folder/datasets/New folder/bma pbf tfa/tbf_imgs/FieldPos033/FieldPos033_page_9.png"", ""/mnt/d/New_folder/datasets/New folder/bma pbf tfa/tbf_imgs/FieldPos033/FieldPos033_page_10.png"", ""/mnt/d/New_folder/datasets/New folder/bma pbf tfa/tbf_imgs/FieldPos033/FieldPos033_page_11.png"", ""/mnt/d/New_folder/datasets/New folder/bma pbf tfa/tbf_imgs/FieldPos033/FieldPos033_page_12.png"", ""/mnt/d/New_folder/datasets/New folder/bma pbf tfa/tbf_imgs/FieldPos033/FieldPos033_page_13.png"", ""/mnt/d/New_folder/datasets/New folder/bma pbf tfa/tbf_imgs/FieldPos033/FieldPos033_page_14.png""]",4524210,not available,not available,False,False
08152e1c19217e35,BMA,1,primary_unbiased,/mnt/d/New_folder/datasets/New folder/bma pbf tfa/bma_imgs/pos000_1,14,"[""/mnt/d/New_folder/datasets/New folder/bma pbf tfa/bma_imgs/pos000_1/pos000_1_page_1.png"", ""/mnt/d/New_folder/datasets/New folder/bma pbf tfa/bma_imgs/pos000_1/pos000_1_page_2.png"", ""/mnt/d/New_folder/datasets/New folder/bma pbf tfa/bma_imgs/pos000_1/pos000_1_page_3.png"", ""/mnt/d/New_folder/datasets/New folder/bma pbf tfa/bma_imgs/pos000_1/pos000_1_page_4.png"", ""/mnt/d/New_folder/datasets/New folder/bma pbf tfa/bma_imgs/pos000_1/pos000_1_page_5.png"", ""/mnt/d/New_folder/datasets/New folder/bma pbf tfa/bma_imgs/pos000_1/pos000_1_page_6.png"", ""/mnt/d/New_folder/datasets/New folder/bma pbf tfa/bma_imgs/pos000_1/pos000_1_page_7.png"", ""/mnt/d/New_folder/datasets/New folder/bma pbf tfa/bma_imgs/pos000_1/pos000_1_page_8.png"", ""/mnt/d/New_folder/datasets/New folder/bma pbf tfa/bma_imgs/pos000_1/pos000_1_page_9.png"", ""/mnt/d/New_folder/datasets/New folder/bma pbf tfa/bma_imgs/pos000_1/pos000_1_page_10.png"", ""/mnt/d/New_folder/datasets/New folder/bma pbf tfa/bma_imgs/pos000_1/pos000_1_page_11.png"", ""/mnt/d/New_folder/datasets/New folder/bma pbf tfa/bma_imgs/pos000_1/pos000_1_page_12.png"", ""/mnt/d/New_folder/datasets/New folder/bma pbf tfa/bma_imgs/pos000_1/pos000_1_page_13.png"", ""/mnt/d/New_folder/datasets/New folder/bma pbf tfa/bma_imgs/pos000_1/pos000_1_page_14.png""]",4524210,not available,not available,False,False
c16101384369999f,WBC,18277,primary_unbiased,/mnt/d/New_folder/datasets/WBC_dataset1/18277,10,"[""/mnt/d/New_folder/datasets/WBC_dataset1/18277/18277_0.jpg"", ""/mnt/d/New_folder/datasets/WBC_dataset1/18277/18277_1.jpg"", ""/mnt/d/New_folder/datasets/WBC_dataset1/18277/18277_2.jpg"", ""/mnt/d/New_folder/datasets/WBC_dataset1/18277/18277_3.jpg"", ""/mnt/d/New_folder/datasets/WBC_dataset1/18277/18277_4.jpg"", ""/mnt/d/New_folder/datasets/WBC_dataset1/18277/18277_5.jpg"", ""/mnt/d/New_folder/datasets/WBC_dataset1/18277/18277_6.jpg"", ""/mnt/d/New_folder/datasets/WBC_dataset1/18277/18277_7.jpg"", ""/mnt/d/New_folder/datasets/WBC_dataset1/18277/18277_8.jpg"", ""/mnt/d/New_folder/datasets/WBC_dataset1/18277/18277_9.jpg""]",4524210,WBC_slide_170,not available,False,False
2ff3df7ed5de071b,BMA,20,primary_unbiased,/mnt/d/New_folder/datasets/New folder/bma pbf tfa/bma_imgs/pos005_0,14,"[""/mnt/d/New_folder/datasets/New folder/bma pbf tfa/bma_imgs/pos005_0/pos005_0_page_1.png"", ""/mnt/d/New_folder/datasets/New folder/bma pbf tfa/bma_imgs/pos005_0/pos005_0_page_2.png"", ""/mnt/d/New_folder/datasets/New folder/bma pbf tfa/bma_imgs/pos005_0/pos005_0_page_3.png"", ""/mnt/d/New_folder/datasets/New folder/bma pbf tfa/bma_imgs/pos005_0/pos005_0_page_4.png"", ""/mnt/d/New_folder/datasets/New folder/bma pbf tfa/bma_imgs/pos005_0/pos005_0_page_5.png"", ""/mnt/d/New_folder/datasets/New folder/bma pbf tfa/bma_imgs/pos005_0/pos005_0_page_6.png"", ""/mnt/d/New_folder/datasets/New folder/bma pbf tfa/bma_imgs/pos005_0/pos005_0_page_7.png"", ""/mnt/d/New_folder/datasets/New folder/bma pbf tfa/bma_imgs/pos005_0/pos005_0_page_8.png"", ""/mnt/d/New_folder/datasets/New folder/bma pbf tfa/bma_imgs/pos005_0/pos005_0_page_9.png"", ""/mnt/d/New_folder/datasets/New folder/bma pbf tfa/bma_imgs/pos005_0/pos005_0_page_10.png"", ""/mnt/d/New_folder/datasets/New folder/bma pbf tfa/bma_imgs/pos005_0/pos005_0_page_11.png"", ""/mnt/d/New_folder/datasets/New folder/bma pbf tfa/bma_imgs/pos005_0/pos005_0_page_12.png"", ""/mnt/d/New_folder/datasets/New folder/bma pbf tfa/bma_imgs/pos005_0/pos005_0_page_13.png"", ""/mnt/d/New_folder/datasets/New folder/bma pbf tfa/bma_imgs/pos005_0/pos005_0_page_14.png""]",4524210,not available,not available,False,False
44b8295c8d80f32c,TBF,52,primary_unbiased,/mnt/d/New_folder/datasets/New folder/bma pbf tfa/tbf_imgs/FieldPos015 (2),14,"[""/mnt/d/New_folder/datasets/New folder/bma pbf tfa/tbf_imgs/FieldPos015 (2)/FieldPos015 (2)_page_1.png"", ""/mnt/d/New_folder/datasets/New folder/bma pbf tfa/tbf_imgs/FieldPos015 (2)/FieldPos015 (2)_page_2.png"", ""/mnt/d/New_folder/datasets/New folder/bma pbf tfa/tbf_imgs/FieldPos015 (2)/FieldPos015 (2)_page_3.png"", ""/mnt/d/New_folder/datasets/New folder/bma pbf tfa/tbf_imgs/FieldPos015 (2)/FieldPos015 (2)_page_4.png"", ""/mnt/d/New_folder/datasets/New folder/bma pbf tfa/tbf_imgs/FieldPos015 (2)/FieldPos015 (2)_page_5.png"", ""/mnt/d/New_folder/datasets/New folder/bma pbf tfa/tbf_imgs/FieldPos015 (2)/FieldPos015 (2)_page_6.png"", ""/mnt/d/New_folder/datasets/New folder/bma pbf tfa/tbf_imgs/FieldPos015 (2)/FieldPos015 (2)_page_7.png"", ""/mnt/d/New_folder/datasets/New folder/bma pbf tfa/tbf_imgs/FieldPos015 (2)/FieldPos015 (2)_page_8.png"", ""/mnt/d/New_folder/datasets/New folder/bma pbf tfa/tbf_imgs/FieldPos015 (2)/FieldPos015 (2)_page_9.png"", ""/mnt/d/New_folder/datasets/New folder/bma pbf tfa/tbf_imgs/FieldPos015 (2)/FieldPos015 (2)_page_10.png"", ""/mnt/d/New_folder/datasets/New folder/bma pbf tfa/tbf_imgs/FieldPos015 (2)/FieldPos015 (2)_page_11.png"", ""/mnt/d/New_folder/datasets/New folder/bma pbf tfa/tbf_imgs/FieldPos015 (2)/FieldPos015 (2)_page_12.png"", ""/mnt/d/New_folder/datasets/New folder/bma pbf tfa/tbf_imgs/FieldPos015 (2)/FieldPos015 (2)_page_13.png"", ""/mnt/d/New_folder/datasets/New folder/bma pbf tfa/tbf_imgs/FieldPos015 (2)/FieldPos015 (2)_page_14.png""]",4524210,not available,not available,False,False
4290937954e6b6b0,PBS,54,primary_unbiased,/mnt/d/New_folder/datasets/New folder/bma pbf tfa/pbs_imgs/FieldPos414_Cam01_RGB_MB,15,"[""/mnt/d/New_folder/datasets/New folder/bma pbf tfa/pbs_imgs/FieldPos414_Cam01_RGB_MB/FieldPos414_Cam01_RGB_MB_page_1.png"", ""/mnt/d/New_folder/datasets/New folder/bma pbf tfa/pbs_imgs/FieldPos414_Cam01_RGB_MB/FieldPos414_Cam01_RGB_MB_page_2.png"", ""/mnt/d/New_folder/datasets/New folder/bma pbf tfa/pbs_imgs/FieldPos414_Cam01_RGB_MB/FieldPos414_Cam01_RGB_MB_page_3.png"", ""/mnt/d/New_folder/datasets/New folder/bma pbf tfa/pbs_imgs/FieldPos414_Cam01_RGB_MB/FieldPos414_Cam01_RGB_MB_page_4.png"", ""/mnt/d/New_folder/datasets/New folder/bma pbf tfa/pbs_imgs/FieldPos414_Cam01_RGB_MB/FieldPos414_Cam01_RGB_MB_page_5.png"", ""/mnt/d/New_folder/datasets/New folder/bma pbf tfa/pbs_imgs/FieldPos414_Cam01_RGB_MB/FieldPos414_Cam01_RGB_MB_page_6.png"", ""/mnt/d/New_folder/datasets/New folder/bma pbf tfa/pbs_imgs/FieldPos414_Cam01_RGB_MB/FieldPos414_Cam01_RGB_MB_page_7.png"", ""/mnt/d/New_folder/datasets/New folder/bma pbf tfa/pbs_imgs/FieldPos414_Cam01_RGB_MB/FieldPos414_Cam01_RGB_MB_page_8.png"", ""/mnt/d/New_folder/datasets/New folder/bma pbf tfa/pbs_imgs/FieldPos414_Cam01_RGB_MB/FieldPos414_Cam01_RGB_MB_page_9.png"", ""/mnt/d/New_folder/datasets/New folder/bma pbf tfa/pbs_imgs/FieldPos414_Cam01_RGB_MB/FieldPos414_Cam01_RGB_MB_page_10.png"", ""/mnt/d/New_folder/datasets/New folder/bma pbf tfa/pbs_imgs/FieldPos414_Cam01_RGB_MB/FieldPos414_Cam01_RGB_MB_page_11.png"", ""/mnt/d/New_folder/datasets/New folder/bma pbf tfa/pbs_imgs/FieldPos414_Cam01_RGB_MB/FieldPos414_Cam01_RGB_MB_page_12.png"", ""/mnt/d/New_folder/datasets/New folder/bma pbf tfa/pbs_imgs/FieldPos414_Cam01_RGB_MB/FieldPos414_Cam01_RGB_MB_page_13.png"", ""/mnt/d/New_folder/datasets/New folder/bma pbf tfa/pbs_imgs/FieldPos414_Cam01_RGB_MB/FieldPos414_Cam01_RGB_MB_page_14.png"", ""/mnt/d/New_folder/datasets/New folder/bma pbf tfa/pbs_imgs/FieldPos414_Cam01_RGB_MB/FieldPos414_Cam01_RGB_MB_page_15.png""]",4524210,not available,not available,False,False
c78797c2bb4aa019,WBC,7296,disagreement_enriched_qualitative,/mnt/d/New_folder/datasets/WBC_dataset1/7296,10,"[""/mnt/d/New_folder/datasets/WBC_dataset1/7296/7296_0.jpg"", ""/mnt/d/New_folder/datasets/WBC_dataset1/7296/7296_1.jpg"", ""/mnt/d/New_folder/datasets/WBC_dataset1/7296/7296_2.jpg"", ""/mnt/d/New_folder/datasets/WBC_dataset1/7296/7296_3.jpg"", ""/mnt/d/New_folder/datasets/WBC_dataset1/7296/7296_4.jpg"", ""/mnt/d/New_folder/datasets/WBC_dataset1/7296/7296_5.jpg"", ""/mnt/d/New_folder/datasets/WBC_dataset1/7296/7296_6.jpg"", ""/mnt/d/New_folder/datasets/WBC_dataset1/7296/7296_7.jpg"", ""/mnt/d/New_folder/datasets/WBC_dataset1/7296/7296_8.jpg"", ""/mnt/d/New_folder/datasets/WBC_dataset1/7296/7296_9.jpg""]",4524210,WBC_slide_38,not available,False,False
a5389321df222c43,PBS,24,primary_unbiased,/mnt/d/New_folder/datasets/New folder/bma pbf tfa/pbs_imgs/FieldPos280_Cam01_RGB_MB,15,"[""/mnt/d/New_folder/datasets/New folder/bma pbf tfa/pbs_imgs/FieldPos280_Cam01_RGB_MB/FieldPos280_Cam01_RGB_MB_page_1.png"", ""/mnt/d/New_folder/datasets/New folder/bma pbf tfa/pbs_imgs/FieldPos280_Cam01_RGB_MB/FieldPos280_Cam01_RGB_MB_page_2.png"", ""/mnt/d/New_folder/datasets/New folder/bma pbf tfa/pbs_imgs/FieldPos280_Cam01_RGB_MB/FieldPos280_Cam01_RGB_MB_page_3.png"", ""/mnt/d/New_folder/datasets/New folder/bma pbf tfa/pbs_imgs/FieldPos280_Cam01_RGB_MB/FieldPos280_Cam01_RGB_MB_page_4.png"", ""/mnt/d/New_folder/datasets/New folder/bma pbf tfa/pbs_imgs/FieldPos280_Cam01_RGB_MB/FieldPos280_Cam01_RGB_MB_page_5.png"", ""/mnt/d/New_folder/datasets/New folder/bma pbf tfa/pbs_imgs/FieldPos280_Cam01_RGB_MB/FieldPos280_Cam01_RGB_MB_page_6.png"", ""/mnt/d/New_folder/datasets/New folder/bma pbf tfa/pbs_imgs/FieldPos280_Cam01_RGB_MB/FieldPos280_Cam01_RGB_MB_page_7.png"", ""/mnt/d/New_folder/datasets/New folder/bma pbf tfa/pbs_imgs/FieldPos280_Cam01_RGB_MB/FieldPos280_Cam01_RGB_MB_page_8.png"", ""/mnt/d/New_folder/datasets/New folder/bma pbf tfa/pbs_imgs/FieldPos280_Cam01_RGB_MB/FieldPos280_Cam01_RGB_MB_page_9.png"", ""/mnt/d/New_folder/datasets/New folder/bma pbf tfa/pbs_imgs/FieldPos280_Cam01_RGB_MB/FieldPos280_Cam01_RGB_MB_page_10.png"", ""/mnt/d/New_folder/datasets/New folder/bma pbf tfa/pbs_imgs/FieldPos280_Cam01_RGB_MB/FieldPos280_Cam01_RGB_MB_page_11.png"", ""/mnt/d/New_folder/datasets/New folder/bma pbf tfa/pbs_imgs/FieldPos280_Cam01_RGB_MB/FieldPos280_Cam01_RGB_MB_page_12.png"", ""/mnt/d/New_folder/datasets/New folder/bma pbf tfa/pbs_imgs/FieldPos280_Cam01_RGB_MB/FieldPos280_Cam01_RGB_MB_page_13.png"", ""/mnt/d/New_folder/datasets/New folder/bma pbf tfa/pbs_imgs/FieldPos280_Cam01_RGB_MB/FieldPos280_Cam01_RGB_MB_page_14.png"", ""/mnt/d/New_folder/datasets/New folder/bma pbf tfa/pbs_imgs/FieldPos280_Cam01_RGB_MB/FieldPos280_Cam01_RGB_MB_page_15.png""]",4524210,not available,not available,False,False
f74cef06faa1b8b2,PBS,58,primary_unbiased,/mnt/d/New_folder/datasets/New folder/bma pbf tfa/pbs_imgs/FieldPos429_Cam01_RGB_MB,15,"[""/mnt/d/New_folder/datasets/New folder/bma pbf tfa/pbs_imgs/FieldPos429_Cam01_RGB_MB/FieldPos429_Cam01_RGB_MB_page_1.png"", ""/mnt/d/New_folder/datasets/New folder/bma pbf tfa/pbs_imgs/FieldPos429_Cam01_RGB_MB/FieldPos429_Cam01_RGB_MB_page_2.png"", ""/mnt/d/New_folder/datasets/New folder/bma pbf tfa/pbs_imgs/FieldPos429_Cam01_RGB_MB/FieldPos429_Cam01_RGB_MB_page_3.png"", ""/mnt/d/New_folder/datasets/New folder/bma pbf tfa/pbs_imgs/FieldPos429_Cam01_RGB_MB/FieldPos429_Cam01_RGB_MB_page_4.png"", ""/mnt/d/New_folder/datasets/New folder/bma pbf tfa/pbs_imgs/FieldPos429_Cam01_RGB_MB/FieldPos429_Cam01_RGB_MB_page_5.png"", ""/mnt/d/New_folder/datasets/New folder/bma pbf tfa/pbs_imgs/FieldPos429_Cam01_RGB_MB/FieldPos429_Cam01_RGB_MB_page_6.png"", ""/mnt/d/New_folder/datasets/New folder/bma pbf tfa/pbs_imgs/FieldPos429_Cam01_RGB_MB/FieldPos429_Cam01_RGB_MB_page_7.png"", ""/mnt/d/New_folder/datasets/New folder/bma pbf tfa/pbs_imgs/FieldPos429_Cam01_RGB_MB/FieldPos429_Cam01_RGB_MB_page_8.png"", ""/mnt/d/New_folder/datasets/New folder/bma pbf tfa/pbs_imgs/FieldPos429_Cam01_RGB_MB/FieldPos429_Cam01_RGB_MB_page_9.png"", ""/mnt/d/New_folder/datasets/New folder/bma pbf tfa/pbs_imgs/FieldPos429_Cam01_RGB_MB/FieldPos429_Cam01_RGB_MB_page_10.png"", ""/mnt/d/New_folder/datasets/New folder/bma pbf tfa/pbs_imgs/FieldPos429_Cam01_RGB_MB/FieldPos429_Cam01_RGB_MB_page_11.png"", ""/mnt/d/New_folder/datasets/New folder/bma pbf tfa/pbs_imgs/FieldPos429_Cam01_RGB_MB/FieldPos429_Cam01_RGB_MB_page_12.png"", ""/mnt/d/New_folder/datasets/New folder/bma pbf tfa/pbs_imgs/FieldPos429_Cam01_RGB_MB/FieldPos429_Cam01_RGB_MB_page_13.png"", ""/mnt/d/New_folder/datasets/New folder/bma pbf tfa/pbs_imgs/FieldPos429_Cam01_RGB_MB/FieldPos429_Cam01_RGB_MB_page_14.png"", ""/mnt/d/New_folder/datasets/New folder/bma pbf tfa/pbs_imgs/FieldPos429_Cam01_RGB_MB/FieldPos429_Cam01_RGB_MB_page_15.png""]",4524210,not available,not available,False,False
1fbb5c7ba4e5e4d5,WBC,4502,disagreement_enriched_qualitative,/mnt/d/New_folder/datasets/WBC_dataset1/4502,10,"[""/mnt/d/New_folder/datasets/WBC_dataset1/4502/4502_0.jpg"", ""/mnt/d/New_folder/datasets/WBC_dataset1/4502/4502_1.jpg"", ""/mnt/d/New_folder/datasets/WBC_dataset1/4502/4502_2.jpg"", ""/mnt/d/New_folder/datasets/WBC_dataset1/4502/4502_3.jpg"", ""/mnt/d/New_folder/datasets/WBC_dataset1/4502/4502_4.jpg"", ""/mnt/d/New_folder/datasets/WBC_dataset1/4502/4502_5.jpg"", ""/mnt/d/New_folder/datasets/WBC_dataset1/4502/4502_6.jpg"", ""/mnt/d/New_folder/datasets/WBC_dataset1/4502/4502_7.jpg"", ""/mnt/d/New_folder/datasets/WBC_dataset1/4502/4502_8.jpg"", ""/mnt/d/New_folder/datasets/WBC_dataset1/4502/4502_9.jpg""]",4524210,WBC_slide_20,not available,False,False
3f870f5f4ec9bf29,BMA,31,primary_unbiased,/mnt/d/New_folder/datasets/New folder/bma pbf tfa/bma_imgs/pos007_3,14,"[""/mnt/d/New_folder/datasets/New folder/bma pbf tfa/bma_imgs/pos007_3/pos007_3_page_1.png"", ""/mnt/d/New_folder/datasets/New folder/bma pbf tfa/bma_imgs/pos007_3/pos007_3_page_2.png"", ""/mnt/d/New_folder/datasets/New folder/bma pbf tfa/bma_imgs/pos007_3/pos007_3_page_3.png"", ""/mnt/d/New_folder/datasets/New folder/bma pbf tfa/bma_imgs/pos007_3/pos007_3_page_4.png"", ""/mnt/d/New_folder/datasets/New folder/bma pbf tfa/bma_imgs/pos007_3/pos007_3_page_5.png"", ""/mnt/d/New_folder/datasets/New folder/bma pbf tfa/bma_imgs/pos007_3/pos007_3_page_6.png"", ""/mnt/d/New_folder/datasets/New folder/bma pbf tfa/bma_imgs/pos007_3/pos007_3_page_7.png"", ""/mnt/d/New_folder/datasets/New folder/bma pbf tfa/bma_imgs/pos007_3/pos007_3_page_8.png"", ""/mnt/d/New_folder/datasets/New folder/bma pbf tfa/bma_imgs/pos007_3/pos007_3_page_9.png"", ""/mnt/d/New_folder/datasets/New folder/bma pbf tfa/bma_imgs/pos007_3/pos007_3_page_10.png"", ""/mnt/d/New_folder/datasets/New folder/bma pbf tfa/bma_imgs/pos007_3/pos007_3_page_11.png"", ""/mnt/d/New_folder/datasets/New folder/bma pbf tfa/bma_imgs/pos007_3/pos007_3_page_12.png"", ""/mnt/d/New_folder/datasets/New folder/bma pbf tfa/bma_imgs/pos007_3/pos007_3_page_13.png"", ""/mnt/d/New_folder/datasets/New folder/bma pbf tfa/bma_imgs/pos007_3/pos007_3_page_14.png""]",4524210,not available,not available,False,False
32be8ef635d7a28c,PBS,32,primary_unbiased,/mnt/d/New_folder/datasets/New folder/bma pbf tfa/pbs_imgs/FieldPos321_Cam01_RGB_MB,15,"[""/mnt/d/New_folder/datasets/New folder/bma pbf tfa/pbs_imgs/FieldPos321_Cam01_RGB_MB/FieldPos321_Cam01_RGB_MB_page_1.png"", ""/mnt/d/New_folder/datasets/New folder/bma pbf tfa/pbs_imgs/FieldPos321_Cam01_RGB_MB/FieldPos321_Cam01_RGB_MB_page_2.png"", ""/mnt/d/New_folder/datasets/New folder/bma pbf tfa/pbs_imgs/FieldPos321_Cam01_RGB_MB/FieldPos321_Cam01_RGB_MB_page_3.png"", ""/mnt/d/New_folder/datasets/New folder/bma pbf tfa/pbs_imgs/FieldPos321_Cam01_RGB_MB/FieldPos321_Cam01_RGB_MB_page_4.png"", ""/mnt/d/New_folder/datasets/New folder/bma pbf tfa/pbs_imgs/FieldPos321_Cam01_RGB_MB/FieldPos321_Cam01_RGB_MB_page_5.png"", ""/mnt/d/New_folder/datasets/New folder/bma pbf tfa/pbs_imgs/FieldPos321_Cam01_RGB_MB/FieldPos321_Cam01_RGB_MB_page_6.png"", ""/mnt/d/New_folder/datasets/New folder/bma pbf tfa/pbs_imgs/FieldPos321_Cam01_RGB_MB/FieldPos321_Cam01_RGB_MB_page_7.png"", ""/mnt/d/New_folder/datasets/New folder/bma pbf tfa/pbs_imgs/FieldPos321_Cam01_RGB_MB/FieldPos321_Cam01_RGB_MB_page_8.png"", ""/mnt/d/New_folder/datasets/New folder/bma pbf tfa/pbs_imgs/FieldPos321_Cam01_RGB_MB/FieldPos321_Cam01_RGB_MB_page_9.png"", ""/mnt/d/New_folder/datasets/New folder/bma pbf tfa/pbs_imgs/FieldPos321_Cam01_RGB_MB/FieldPos321_Cam01_RGB_MB_page_10.png"", ""/mnt/d/New_folder/datasets/New folder/bma pbf tfa/pbs_imgs/FieldPos321_Cam01_RGB_MB/FieldPos321_Cam01_RGB_MB_page_11.png"", ""/mnt/d/New_folder/datasets/New folder/bma pbf tfa/pbs_imgs/FieldPos321_Cam01_RGB_MB/FieldPos321_Cam01_RGB_MB_page_12.png"", ""/mnt/d/New_folder/datasets/New folder/bma pbf tfa/pbs_imgs/FieldPos321_Cam01_RGB_MB/FieldPos321_Cam01_RGB_MB_page_13.png"", ""/mnt/d/New_folder/datasets/New folder/bma pbf tfa/pbs_imgs/FieldPos321_Cam01_RGB_MB/FieldPos321_Cam01_RGB_MB_page_14.png"", ""/mnt/d/New_folder/datasets/New folder/bma pbf tfa/pbs_imgs/FieldPos321_Cam01_RGB_MB/FieldPos321_Cam01_RGB_MB_page_15.png""]",4524210,not available,not available,False,False
000b4306d70661f8,TBF,50,disagreement_enriched_qualitative,/mnt/d/New_folder/datasets/New folder/bma pbf tfa/tbf_imgs/FieldPos014 (2),14,"[""/mnt/d/New_folder/datasets/New folder/bma pbf tfa/tbf_imgs/FieldPos014 (2)/FieldPos014 (2)_page_1.png"", ""/mnt/d/New_folder/datasets/New folder/bma pbf tfa/tbf_imgs/FieldPos014 (2)/FieldPos014 (2)_page_2.png"", ""/mnt/d/New_folder/datasets/New folder/bma pbf tfa/tbf_imgs/FieldPos014 (2)/FieldPos014 (2)_page_3.png"", ""/mnt/d/New_folder/datasets/New folder/bma pbf tfa/tbf_imgs/FieldPos014 (2)/FieldPos014 (2)_page_4.png"", ""/mnt/d/New_folder/datasets/New folder/bma pbf tfa/tbf_imgs/FieldPos014 (2)/FieldPos014 (2)_page_5.png"", ""/mnt/d/New_folder/datasets/New folder/bma pbf tfa/tbf_imgs/FieldPos014 (2)/FieldPos014 (2)_page_6.png"", ""/mnt/d/New_folder/datasets/New folder/bma pbf tfa/tbf_imgs/FieldPos014 (2)/FieldPos014 (2)_page_7.png"", ""/mnt/d/New_folder/datasets/New folder/bma pbf tfa/tbf_imgs/FieldPos014 (2)/FieldPos014 (2)_page_8.png"", ""/mnt/d/New_folder/datasets/New folder/bma pbf tfa/tbf_imgs/FieldPos014 (2)/FieldPos014 (2)_page_9.png"", ""/mnt/d/New_folder/datasets/New folder/bma pbf tfa/tbf_imgs/FieldPos014 (2)/FieldPos014 (2)_page_10.png"", ""/mnt/d/New_folder/datasets/New folder/bma pbf tfa/tbf_imgs/FieldPos014 (2)/FieldPos014 (2)_page_11.png"", ""/mnt/d/New_folder/datasets/New folder/bma pbf tfa/tbf_imgs/FieldPos014 (2)/FieldPos014 (2)_page_12.png"", ""/mnt/d/New_folder/datasets/New folder/bma pbf tfa/tbf_imgs/FieldPos014 (2)/FieldPos014 (2)_page_13.png"", ""/mnt/d/New_folder/datasets/New folder/bma pbf tfa/tbf_imgs/FieldPos014 (2)/FieldPos014 (2)_page_14.png""]",4524210,not available,not available,False,False
e73f934e7ae09f80,BMA,34,primary_unbiased,/mnt/d/New_folder/datasets/New folder/bma pbf tfa/bma_imgs/pos008_2,14,"[""/mnt/d/New_folder/datasets/New folder/bma pbf tfa/bma_imgs/pos008_2/pos008_2_page_1.png"", ""/mnt/d/New_folder/datasets/New folder/bma pbf tfa/bma_imgs/pos008_2/pos008_2_page_2.png"", ""/mnt/d/New_folder/datasets/New folder/bma pbf tfa/bma_imgs/pos008_2/pos008_2_page_3.png"", ""/mnt/d/New_folder/datasets/New folder/bma pbf tfa/bma_imgs/pos008_2/pos008_2_page_4.png"", ""/mnt/d/New_folder/datasets/New folder/bma pbf tfa/bma_imgs/pos008_2/pos008_2_page_5.png"", ""/mnt/d/New_folder/datasets/New folder/bma pbf tfa/bma_imgs/pos008_2/pos008_2_page_6.png"", ""/mnt/d/New_folder/datasets/New folder/bma pbf tfa/bma_imgs/pos008_2/pos008_2_page_7.png"", ""/mnt/d/New_folder/datasets/New folder/bma pbf tfa/bma_imgs/pos008_2/pos008_2_page_8.png"", ""/mnt/d/New_folder/datasets/New folder/bma pbf tfa/bma_imgs/pos008_2/pos008_2_page_9.png"", ""/mnt/d/New_folder/datasets/New folder/bma pbf tfa/bma_imgs/pos008_2/pos008_2_page_10.png"", ""/mnt/d/New_folder/datasets/New folder/bma pbf tfa/bma_imgs/pos008_2/pos008_2_page_11.png"", ""/mnt/d/New_folder/datasets/New folder/bma pbf tfa/bma_imgs/pos008_2/pos008_2_page_12.png"", ""/mnt/d/New_folder/datasets/New folder/bma pbf tfa/bma_imgs/pos008_2/pos008_2_page_13.png"", ""/mnt/d/New_folder/datasets/New folder/bma pbf tfa/bma_imgs/pos008_2/pos008_2_page_14.png""]",4524210,not available,not available,False,False
5ec5a7bd0cbbff60,TBF,40,primary_unbiased,/mnt/d/New_folder/datasets/New folder/bma pbf tfa/tbf_imgs/FieldPos009 (3),14,"[""/mnt/d/New_folder/datasets/New folder/bma pbf tfa/tbf_imgs/FieldPos009 (3)/FieldPos009 (3)_page_1.png"", ""/mnt/d/New_folder/datasets/New folder/bma pbf tfa/tbf_imgs/FieldPos009 (3)/FieldPos009 (3)_page_2.png"", ""/mnt/d/New_folder/datasets/New folder/bma pbf tfa/tbf_imgs/FieldPos009 (3)/FieldPos009 (3)_page_3.png"", ""/mnt/d/New_folder/datasets/New folder/bma pbf tfa/tbf_imgs/FieldPos009 (3)/FieldPos009 (3)_page_4.png"", ""/mnt/d/New_folder/datasets/New folder/bma pbf tfa/tbf_imgs/FieldPos009 (3)/FieldPos009 (3)_page_5.png"", ""/mnt/d/New_folder/datasets/New folder/bma pbf tfa/tbf_imgs/FieldPos009 (3)/FieldPos009 (3)_page_6.png"", ""/mnt/d/New_folder/datasets/New folder/bma pbf tfa/tbf_imgs/FieldPos009 (3)/FieldPos009 (3)_page_7.png"", ""/mnt/d/New_folder/datasets/New folder/bma pbf tfa/tbf_imgs/FieldPos009 (3)/FieldPos009 (3)_page_8.png"", ""/mnt/d/New_folder/datasets/New folder/bma pbf tfa/tbf_imgs/FieldPos009 (3)/FieldPos009 (3)_page_9.png"", ""/mnt/d/New_folder/datasets/New folder/bma pbf tfa/tbf_imgs/FieldPos009 (3)/FieldPos009 (3)_page_10.png"", ""/mnt/d/New_folder/datasets/New folder/bma pbf tfa/tbf_imgs/FieldPos009 (3)/FieldPos009 (3)_page_11.png"", ""/mnt/d/New_folder/datasets/New folder/bma pbf tfa/tbf_imgs/FieldPos009 (3)/FieldPos009 (3)_page_12.png"", ""/mnt/d/New_folder/datasets/New folder/bma pbf tfa/tbf_imgs/FieldPos009 (3)/FieldPos009 (3)_page_13.png"", ""/mnt/d/New_folder/datasets/New folder/bma pbf tfa/tbf_imgs/FieldPos009 (3)/FieldPos009 (3)_page_14.png""]",4524210,not available,not available,False,False
846885373fa3a9a1,TBF,10,primary_unbiased,/mnt/d/New_folder/datasets/New folder/bma pbf tfa/tbf_imgs/FieldPos001 (5),14,"[""/mnt/d/New_folder/datasets/New folder/bma pbf tfa/tbf_imgs/FieldPos001 (5)/FieldPos001 (5)_page_1.png"", ""/mnt/d/New_folder/datasets/New folder/bma pbf tfa/tbf_imgs/FieldPos001 (5)/FieldPos001 (5)_page_2.png"", ""/mnt/d/New_folder/datasets/New folder/bma pbf tfa/tbf_imgs/FieldPos001 (5)/FieldPos001 (5)_page_3.png"", ""/mnt/d/New_folder/datasets/New folder/bma pbf tfa/tbf_imgs/FieldPos001 (5)/FieldPos001 (5)_page_4.png"", ""/mnt/d/New_folder/datasets/New folder/bma pbf tfa/tbf_imgs/FieldPos001 (5)/FieldPos001 (5)_page_5.png"", ""/mnt/d/New_folder/datasets/New folder/bma pbf tfa/tbf_imgs/FieldPos001 (5)/FieldPos001 (5)_page_6.png"", ""/mnt/d/New_folder/datasets/New folder/bma pbf tfa/tbf_imgs/FieldPos001 (5)/FieldPos001 (5)_page_7.png"", ""/mnt/d/New_folder/datasets/New folder/bma pbf tfa/tbf_imgs/FieldPos001 (5)/FieldPos001 (5)_page_8.png"", ""/mnt/d/New_folder/datasets/New folder/bma pbf tfa/tbf_imgs/FieldPos001 (5)/FieldPos001 (5)_page_9.png"", ""/mnt/d/New_folder/datasets/New folder/bma pbf tfa/tbf_imgs/FieldPos001 (5)/FieldPos001 (5)_page_10.png"", ""/mnt/d/New_folder/datasets/New folder/bma pbf tfa/tbf_imgs/FieldPos001 (5)/FieldPos001 (5)_page_11.png"", ""/mnt/d/New_folder/datasets/New folder/bma pbf tfa/tbf_imgs/FieldPos001 (5)/FieldPos001 (5)_page_12.png"", ""/mnt/d/New_folder/datasets/New folder/bma pbf tfa/tbf_imgs/FieldPos001 (5)/FieldPos001 (5)_page_13.png"", ""/mnt/d/New_folder/datasets/New folder/bma pbf tfa/tbf_imgs/FieldPos001 (5)/FieldPos001 (5)_page_14.png""]",4524210,not available,not available,False,False
21b7e7f60e6c065b,TBF,19,disagreement_enriched_qualitative,/mnt/d/New_folder/datasets/New folder/bma pbf tfa/tbf_imgs/FieldPos003,14,"[""/mnt/d/New_folder/datasets/New folder/bma pbf tfa/tbf_imgs/FieldPos003/FieldPos003_page_1.png"", ""/mnt/d/New_folder/datasets/New folder/bma pbf tfa/tbf_imgs/FieldPos003/FieldPos003_page_2.png"", ""/mnt/d/New_folder/datasets/New folder/bma pbf tfa/tbf_imgs/FieldPos003/FieldPos003_page_3.png"", ""/mnt/d/New_folder/datasets/New folder/bma pbf tfa/tbf_imgs/FieldPos003/FieldPos003_page_4.png"", ""/mnt/d/New_folder/datasets/New folder/bma pbf tfa/tbf_imgs/FieldPos003/FieldPos003_page_5.png"", ""/mnt/d/New_folder/datasets/New folder/bma pbf tfa/tbf_imgs/FieldPos003/FieldPos003_page_6.png"", ""/mnt/d/New_folder/datasets/New folder/bma pbf tfa/tbf_imgs/FieldPos003/FieldPos003_page_7.png"", ""/mnt/d/New_folder/datasets/New folder/bma pbf tfa/tbf_imgs/FieldPos003/FieldPos003_page_8.png"", ""/mnt/d/New_folder/datasets/New folder/bma pbf tfa/tbf_imgs/FieldPos003/FieldPos003_page_9.png"", ""/mnt/d/New_folder/datasets/New folder/bma pbf tfa/tbf_imgs/FieldPos003/FieldPos003_page_10.png"", ""/mnt/d/New_folder/datasets/New folder/bma pbf tfa/tbf_imgs/FieldPos003/FieldPos003_page_11.png"", ""/mnt/d/New_folder/datasets/New folder/bma pbf tfa/tbf_imgs/FieldPos003/FieldPos003_page_12.png"", ""/mnt/d/New_folder/datasets/New folder/bma pbf tfa/tbf_imgs/FieldPos003/FieldPos003_page_13.png"", ""/mnt/d/New_folder/datasets/New folder/bma pbf tfa/tbf_imgs/FieldPos003/FieldPos003_page_14.png""]",4524210,not available,not available,False,False
ed816b9a790eeb48,BMA,13,primary_unbiased,/mnt/d/New_folder/datasets/New folder/bma pbf tfa/bma_imgs/pos003_1,14,"[""/mnt/d/New_folder/datasets/New folder/bma pbf tfa/bma_imgs/pos003_1/pos003_1_page_1.png"", ""/mnt/d/New_folder/datasets/New folder/bma pbf tfa/bma_imgs/pos003_1/pos003_1_page_2.png"", ""/mnt/d/New_folder/datasets/New folder/bma pbf tfa/bma_imgs/pos003_1/pos003_1_page_3.png"", ""/mnt/d/New_folder/datasets/New folder/bma pbf tfa/bma_imgs/pos003_1/pos003_1_page_4.png"", ""/mnt/d/New_folder/datasets/New folder/bma pbf tfa/bma_imgs/pos003_1/pos003_1_page_5.png"", ""/mnt/d/New_folder/datasets/New folder/bma pbf tfa/bma_imgs/pos003_1/pos003_1_page_6.png"", ""/mnt/d/New_folder/datasets/New folder/bma pbf tfa/bma_imgs/pos003_1/pos003_1_page_7.png"", ""/mnt/d/New_folder/datasets/New folder/bma pbf tfa/bma_imgs/pos003_1/pos003_1_page_8.png"", ""/mnt/d/New_folder/datasets/New folder/bma pbf tfa/bma_imgs/pos003_1/pos003_1_page_9.png"", ""/mnt/d/New_folder/datasets/New folder/bma pbf tfa/bma_imgs/pos003_1/pos003_1_page_10.png"", ""/mnt/d/New_folder/datasets/New folder/bma pbf tfa/bma_imgs/pos003_1/pos003_1_page_11.png"", ""/mnt/d/New_folder/datasets/New folder/bma pbf tfa/bma_imgs/pos003_1/pos003_1_page_12.png"", ""/mnt/d/New_folder/datasets/New folder/bma pbf tfa/bma_imgs/pos003_1/pos003_1_page_13.png"", ""/mnt/d/New_folder/datasets/New folder/bma pbf tfa/bma_imgs/pos003_1/pos003_1_page_14.png""]",4524210,not available,not available,False,False
