domain,resolution,operator,height,width,megapixels,kernel_n_measurements,kernel_median_ms,kernel_mean_ms,kernel_sd_ms,kernel_iqr_ms,kernel_p5_ms,kernel_p95_ms,kernel_bootstrap_mean_ci_low_ms,kernel_bootstrap_mean_ci_high_ms,preprocessing_n_measurements,preprocessing_median_ms,preprocessing_mean_ms,preprocessing_sd_ms,preprocessing_iqr_ms,preprocessing_p5_ms,preprocessing_p95_ms,preprocessing_bootstrap_mean_ci_low_ms,preprocessing_bootstrap_mean_ci_high_ms,combined_n_measurements,combined_median_ms,combined_mean_ms,combined_sd_ms,combined_iqr_ms,combined_p5_ms,combined_p95_ms,combined_bootstrap_mean_ci_low_ms,combined_bootstrap_mean_ci_high_ms,io_mean_ms,kernel_megapixels_per_second
WBC,native,Tenengrad,200,200,0.04000000000000001,21,0.080603,0.09002233333333334,0.03186038936255069,0.004497000000000001,0.077553,0.103513,0.08112071190476192,0.10471296904761905,21,0.033551,0.036450809523809524,0.006440896378758532,0.0035309999999999994,0.032866,0.04988,0.03420080952380952,0.03930560357142856,21,0.128183,0.13438490476190476,0.017620790121060867,0.02351800000000001,0.114286,0.157579,0.12752236190476188,0.14213373214285713,7.448814666666666,496.259444437552
WBC,native,Brenner Gradient,200,200,0.04000000000000001,21,0.042661,0.04560514285714286,0.0067020357674792705,0.002227,0.042337,0.05949,0.04305707738095239,0.04862923928571428,21,0.033551,0.036450809523809524,0.006440896378758532,0.0035309999999999994,0.032866,0.04988,0.03420080952380952,0.03930560357142856,21,0.078778,0.0852961904761905,0.022143635804941893,0.004898,0.07718,0.093706,0.07915653452380954,0.09572608809523808,7.448814666666666,937.6245282576594
WBC,native,Variance of Laplacian,200,200,0.04000000000000001,21,0.067824,0.06840428571428572,0.0023633086159631613,0.0021599999999999953,0.065818,0.072349,0.06747336309523809,0.06941826071428572,21,0.033551,0.036450809523809524,0.006440896378758532,0.0035309999999999994,0.032866,0.04988,0.03420080952380952,0.03930560357142856,21,0.106315,0.11150542857142859,0.012831318336676976,0.011494999999999991,0.101386,0.141336,0.10669889642857144,0.11738355833333333,7.448814666666666,589.7617362585518
WBC,native,Sum Modified Laplacian,200,200,0.04000000000000001,21,0.136655,0.1424124761904762,0.018389021971325848,0.02371100000000001,0.127047,0.166385,0.13542963095238097,0.15011090238095237,21,0.033551,0.036450809523809524,0.006440896378758532,0.0035309999999999994,0.032866,0.04988,0.03420080952380952,0.03930560357142856,21,0.174067,0.2223045714285714,0.18734791489087124,0.026611999999999997,0.163258,0.283792,0.17348656547619046,0.3085640297619048,7.448814666666666,292.70791409022723
WBC,native,Normalized Variance,200,200,0.04000000000000001,21,0.066886,0.06947842857142858,0.005620410648444012,0.003942000000000001,0.065951,0.078692,0.06741872380952381,0.07198233928571426,21,0.033551,0.036450809523809524,0.006440896378758532,0.0035309999999999994,0.032866,0.04988,0.03420080952380952,0.03930560357142856,21,0.107439,0.11378319047619045,0.019383638983996393,0.007441000000000003,0.103311,0.160142,0.10704752261904761,0.12348834999999997,7.448814666666666,598.0324731632929
WBC,native,Energy of Gradient,200,200,0.04000000000000001,21,0.079121,0.08234342857142857,0.008649156158674837,0.0031009999999999927,0.075124,0.102816,0.07922975476190476,0.08626046666666666,21,0.033551,0.036450809523809524,0.006440896378758532,0.0035309999999999994,0.032866,0.04988,0.03420080952380952,0.03930560357142856,21,0.118783,0.1223617619047619,0.013714728440274574,0.011281,0.112483,0.141665,0.1173974845238095,0.12864060595238094,7.448814666666666,505.55478318019243
WBC,native,Histogram Entropy,200,200,0.04000000000000001,21,0.168245,0.1769457619047619,0.03672830804557265,0.010559000000000013,0.158813,0.208777,0.16527562142857144,0.19590293571428563,21,0.033551,0.036450809523809524,0.006440896378758532,0.0035309999999999994,0.032866,0.04988,0.03420080952380952,0.03930560357142856,21,0.216406,0.22967823809523807,0.04954738401056585,0.030412999999999996,0.199872,0.263041,0.21362413333333335,0.253600719047619,7.448814666666666,237.74852150138196
WBC,native,GLCM Contrast,200,200,0.04000000000000001,21,9.697535,9.785419999999998,0.3579814958205243,0.384799000000001,9.459842,10.233641,9.655904252380953,9.93738650595238,21,0.033551,0.036450809523809524,0.006440896378758532,0.0035309999999999994,0.032866,0.04988,0.03420080952380952,0.03930560357142856,21,9.666459,9.842292047619045,0.3154109309931216,0.3727410000000013,9.530634,10.338941,9.719771303571427,9.977955654761905,7.448814666666666,4.124759539408727
WBC,native,Variance of Gradient,200,200,0.04000000000000001,21,0.115684,0.12539357142857144,0.02606995551697668,0.014096999999999998,0.111283,0.157347,0.11692072619047619,0.13749483214285713,21,0.033551,0.036450809523809524,0.006440896378758532,0.0035309999999999994,0.032866,0.04988,0.03420080952380952,0.03930560357142856,21,0.164819,0.17136238095238093,0.024178680211037553,0.020360000000000017,0.150809,0.224287,0.16213334523809525,0.18165959166666665,7.448814666666666,345.7695100446043
WBC,native,Fourier Transform Sharpness Index,200,200,0.04000000000000001,21,0.532301,0.5442230952380952,0.0634591808384766,0.05961199999999994,0.487032,0.623306,0.5207102416666667,0.5740657083333334,21,0.033551,0.036450809523809524,0.006440896378758532,0.0035309999999999994,0.032866,0.04988,0.03420080952380952,0.03930560357142856,21,0.573076,0.5824881904761904,0.045960186997682076,0.060388,0.535869,0.673119,0.5651449190476191,0.6023119833333334,7.448814666666666,75.14545341827277
WBC,native,Fourier High Frequency Energy Ratio,200,200,0.04000000000000001,21,0.599362,0.6176322857142856,0.06418187566840258,0.06558900000000001,0.553315,0.750384,0.5905839845238094,0.6453068023809523,21,0.033551,0.036450809523809524,0.006440896378758532,0.0035309999999999994,0.032866,0.04988,0.03420080952380952,0.03930560357142856,21,0.659838,0.6693959999999999,0.07283880971775966,0.08520300000000003,0.591086,0.779803,0.6413878380952381,0.7028323833333333,7.448814666666666,66.7376310143119
WBC,native,Roberts Focus Measure,200,200,0.04000000000000001,21,0.082051,0.08497538095238094,0.005484662801633211,0.004632999999999998,0.08077,0.096596,0.0827987880952381,0.0875970238095238,21,0.033551,0.036450809523809524,0.006440896378758532,0.0035309999999999994,0.032866,0.04988,0.03420080952380952,0.03930560357142856,21,0.12035,0.13012919047619048,0.02482507028916343,0.016861,0.115547,0.147855,0.12195609880952381,0.14210990119047617,7.448814666666666,487.5016757870106
WBC,native,Wavelet W1,200,200,0.04000000000000001,21,0.2538,0.2630739523809524,0.03531741343229454,0.02692200000000003,0.237514,0.334722,0.2503183095238095,0.2798999083333333,21,0.033551,0.036450809523809524,0.006440896378758532,0.0035309999999999994,0.032866,0.04988,0.03420080952380952,0.03930560357142856,21,0.30354,0.30939219047619043,0.030406952768436128,0.02976899999999999,0.281597,0.34654,0.29820192380952376,0.3229749511904762,7.448814666666666,157.60441292356185
WBC,native,Wavelet W2,200,200,0.04000000000000001,21,0.344524,0.37374657142857143,0.08386322005120685,0.053649,0.312071,0.511989,0.3422348428571428,0.4107752095238094,21,0.033551,0.036450809523809524,0.006440896378758532,0.0035309999999999994,0.032866,0.04988,0.03420080952380952,0.03930560357142856,21,0.414877,0.4470136190476191,0.09121562345260609,0.07083699999999998,0.370534,0.660604,0.4128681892857143,0.48561121071428576,7.448814666666666,116.10221639131092
WBC,native,Wavelet W3,200,200,0.04000000000000001,21,0.356071,0.35889066666666664,0.016238384732889334,0.025363999999999998,0.340672,0.385077,0.35230293809523816,0.36572202619047617,21,0.033551,0.036450809523809524,0.006440896378758532,0.0035309999999999994,0.032866,0.04988,0.03420080952380952,0.03930560357142856,21,0.403433,0.4222568095238095,0.04822727960669049,0.036472000000000004,0.389376,0.517666,0.4048487964285714,0.44416146785714283,7.448814666666666,112.33714624330543
WBC,native,Wavelet Detail Energy (db1),200,200,0.04000000000000001,21,0.252801,0.26442209523809523,0.029064898435922266,0.018994999999999984,0.241953,0.328822,0.2536535821428571,0.2779500428571429,21,0.033551,0.036450809523809524,0.006440896378758532,0.0035309999999999994,0.032866,0.04988,0.03420080952380952,0.03930560357142856,21,0.304748,0.3152440476190477,0.03987705964270208,0.02199899999999999,0.286044,0.421557,0.30021563452380956,0.3321873011904761,7.448814666666666,158.22722220244387
WBC,native,Curvelet Transform Sharpness Index,200,200,0.04000000000000001,21,0.261086,0.26222609523809526,0.016041279253553198,0.017822000000000005,0.24308,0.28377,0.25593378809523815,0.26886690238095234,21,0.033551,0.036450809523809524,0.006440896378758532,0.0035309999999999994,0.032866,0.04988,0.03420080952380952,0.03930560357142856,21,0.305253,0.3201639523809524,0.04693000980340424,0.02172200000000002,0.289249,0.37866,0.30478572023809525,0.3415773404761905,7.448814666666666,153.2062232367879
WBC,native,DCT Focus Measure,200,200,0.04000000000000001,21,0.24223,0.25466680952380955,0.04131715244982288,0.030520999999999993,0.224057,0.315379,0.2403430666666667,0.2749964595238095,21,0.033551,0.036450809523809524,0.006440896378758532,0.0035309999999999994,0.032866,0.04988,0.03420080952380952,0.03930560357142856,21,0.284607,0.2984187619047619,0.0312076556583553,0.044476000000000016,0.268251,0.355959,0.28587860238095236,0.31280397976190477,7.448814666666666,165.13231226520253
WBC,native,Intensity Skewness Index,200,200,0.04000000000000001,21,0.349081,0.3713783809523809,0.08895651363249135,0.026606999999999992,0.329579,0.436692,0.34554878928571425,0.4130335999999999,21,0.033551,0.036450809523809524,0.006440896378758532,0.0035309999999999994,0.032866,0.04988,0.03420080952380952,0.03930560357142856,21,0.399909,0.41976314285714295,0.0686976740780106,0.052912000000000015,0.369744,0.504598,0.3953927797619048,0.4516373416666666,7.448814666666666,114.58658592131914
WBC,native,Squared Gradient,200,200,0.04000000000000001,21,0.079129,0.08337366666666667,0.012889364403776214,0.004839999999999997,0.075607,0.109053,0.07864845119047618,0.0899181464285714,21,0.033551,0.036450809523809524,0.006440896378758532,0.0035309999999999994,0.032866,0.04988,0.03420080952380952,0.03930560357142856,21,0.118364,0.12428238095238095,0.014899272242214351,0.01627999999999999,0.111863,0.158301,0.11869256309523808,0.13074100833333335,7.448814666666666,505.5036712204123
WBC,native,Gradient Squared Energy,200,200,0.04000000000000001,21,0.076265,0.07879414285714285,0.008303050272554744,0.005600999999999995,0.072887,0.098795,0.07574170238095237,0.08274959285714287,21,0.033551,0.036450809523809524,0.006440896378758532,0.0035309999999999994,0.032866,0.04988,0.03420080952380952,0.03930560357142856,21,0.113985,0.12256795238095237,0.02044116466465693,0.012133000000000005,0.10936,0.15024,0.11562731785714286,0.1323092714285714,7.448814666666666,524.4869861666558
WBC,native,Mean Intensity,200,200,0.04000000000000001,21,0.019817,0.021721380952380954,0.0064198747376891276,0.00028599999999999806,0.01935,0.025545,0.019890301190476193,0.02485144047619047,21,0.033551,0.036450809523809524,0.006440896378758532,0.0035309999999999994,0.032866,0.04988,0.03420080952380952,0.03930560357142856,21,0.054441,0.057516095238095234,0.006098862696476794,0.002925999999999998,0.053269,0.070212,0.055112355952380954,0.06024730476190476,7.448814666666666,2018.468991270122
WBC,native,Intensity Variance,200,200,0.04000000000000001,21,0.045373,0.04826061904761905,0.00861511653708869,0.0020960000000000006,0.044538,0.057897,0.0456275988095238,0.0523650238095238,21,0.033551,0.036450809523809524,0.006440896378758532,0.0035309999999999994,0.032866,0.04988,0.03420080952380952,0.03930560357142856,21,0.083643,0.0906942857142857,0.0148841358202042,0.012994000000000006,0.07968,0.118061,0.08515777738095238,0.09722490833333333,7.448814666666666,881.5815573138212
WBC,native,Intensity Range Index,200,200,0.04000000000000001,21,0.02389,0.024554809523809527,0.0020457972435959444,0.0005359999999999983,0.023573,0.029284,0.023862836904761906,0.02550697619047619,21,0.033551,0.036450809523809524,0.006440896378758532,0.0035309999999999994,0.032866,0.04988,0.03420080952380952,0.03930560357142856,21,0.060121,0.06501719047619048,0.01499228093593182,0.004659000000000003,0.058841,0.075123,0.06064358095238094,0.07203672857142857,7.448814666666666,1674.340728338217
WBC,native,Maximal Intensity,200,200,0.04000000000000001,21,0.017196,0.017870190476190477,0.002636629773385858,0.00027500000000000094,0.016977,0.018664,0.01718465714285714,0.019054795238095237,21,0.033551,0.036450809523809524,0.006440896378758532,0.0035309999999999994,0.032866,0.04988,0.03420080952380952,0.03930560357142856,21,0.053112,0.05794076190476191,0.01613781538159599,0.001453999999999997,0.052282,0.065908,0.05345845833333334,0.06540163333333333,7.448814666666666,2326.122354035823
WBC,native,Laplacian Energy,200,200,0.04000000000000001,21,0.310387,0.3354925238095238,0.054165328640763406,0.038702000000000014,0.295845,0.440257,0.3156338226190476,0.35977389047619046,21,0.033551,0.036450809523809524,0.006440896378758532,0.0035309999999999994,0.032866,0.04988,0.03420080952380952,0.03930560357142856,21,0.382377,0.4264867142857143,0.15389683076793456,0.05103200000000002,0.347209,0.660771,0.37546967619047616,0.5025984869047616,7.448814666666666,128.87137670069947
WBC,native,Mean Absolute Laplacian,200,200,0.04000000000000001,21,0.320421,0.33364157142857137,0.0426617205004339,0.029239999999999988,0.298621,0.376846,0.3186187511904761,0.35375201785714283,21,0.033551,0.036450809523809524,0.006440896378758532,0.0035309999999999994,0.032866,0.04988,0.03420080952380952,0.03930560357142856,21,0.376815,0.41751933333333335,0.1381754359636087,0.03331600000000001,0.351702,0.563259,0.37506108809523814,0.4879370357142857,7.448814666666666,124.83576294936977
WBC,native,Spatial Frequency,200,200,0.04000000000000001,21,0.100935,0.10526414285714286,0.014786672378482302,0.005722999999999992,0.097708,0.122023,0.10054804642857144,0.11235182023809524,21,0.033551,0.036450809523809524,0.006440896378758532,0.0035309999999999994,0.032866,0.04988,0.03420080952380952,0.03930560357142856,21,0.155424,0.16738490476190476,0.032818582030466774,0.02653899999999998,0.143561,0.21375,0.15532050952380955,0.18198627142857143,7.448814666666666,396.2946450686086
WBC,native,Modified Tenengrad,200,200,0.04000000000000001,21,0.785728,0.7959169047619047,0.04731086148645442,0.05175700000000005,0.759038,0.863131,0.7779083392857143,0.8167295047619048,21,0.033551,0.036450809523809524,0.006440896378758532,0.0035309999999999994,0.032866,0.04988,0.03420080952380952,0.03930560357142856,21,0.84518,0.8676079523809525,0.08123985886772342,0.04575000000000007,0.798169,0.931406,0.8406973071428572,0.9070544333333331,7.448814666666666,50.90820232955935
WBC,native,Absolute Central Moment 2,200,200,0.04000000000000001,21,0.057038,0.06340561904761904,0.01521689995852043,0.009499999999999995,0.053513,0.096721,0.05764002857142857,0.07051095595238095,21,0.033551,0.036450809523809524,0.006440896378758532,0.0035309999999999994,0.032866,0.04988,0.03420080952380952,0.03930560357142856,21,0.101132,0.10923000000000001,0.024698676059659558,0.014969999999999997,0.0911,0.169074,0.1003326119047619,0.11998367380952381,7.448814666666666,701.286861390652
WBC,native,Absolute Central Moment 4,200,200,0.04000000000000001,21,0.506624,0.513706380952381,0.024226128678507822,0.024073999999999984,0.488459,0.557294,0.5042677023809523,0.5243508297619048,21,0.033551,0.036450809523809524,0.006440896378758532,0.0035309999999999994,0.032866,0.04988,0.03420080952380952,0.03930560357142856,21,0.563492,0.5891051428571428,0.07994354577468135,0.04617300000000002,0.538064,0.757336,0.562010069047619,0.6264333154761905,7.448814666666666,78.95401718039415
WBC,native,Image Power,200,200,0.04000000000000001,21,0.027412,0.030146095238095243,0.0059466207454718515,0.004648000000000003,0.02659,0.037654,0.02801438690476191,0.03303227023809525,21,0.033551,0.036450809523809524,0.006440896378758532,0.0035309999999999994,0.032866,0.04988,0.03420080952380952,0.03930560357142856,21,0.068742,0.07790542857142857,0.021075527337581446,0.010959999999999998,0.063146,0.12535,0.07012442261904762,0.08757713452380952,7.448814666666666,1459.2149423610101
WBC,128,Tenengrad,128,128,0.016384000000000003,21,0.042754,0.056490476190476195,0.047512269163468755,0.004957999999999997,0.041379,0.076244,0.04359951190476191,0.07883653095238093,21,0.112158,0.11678166666666666,0.008215889503476376,0.009010000000000004,0.111019,0.134006,0.11366465714285715,0.12041565357142857,21,0.167829,0.1766422857142857,0.023230823354205198,0.019033999999999995,0.161552,0.240427,0.16820584404761907,0.18693730357142851,7.448814666666666,383.21560555737483
WBC,128,Brenner Gradient,128,128,0.016384000000000003,21,0.019132,0.022156142857142857,0.0113258791547752,0.0006929999999999992,0.018677,0.024989,0.019128222619047616,0.027354283333333333,21,0.112158,0.11678166666666666,0.008215889503476376,0.009010000000000004,0.111019,0.134006,0.11366465714285715,0.12041565357142857,21,0.134913,0.147400619047619,0.02696768824811684,0.016487,0.131302,0.190103,0.13786488214285716,0.16019957619047617,7.448814666666666,856.3662973029482
WBC,128,Variance of Laplacian,128,128,0.016384000000000003,21,0.039632,0.04171395238095238,0.00608897242132193,0.0022879999999999984,0.038575,0.058495,0.03962447380952381,0.044455888095238094,21,0.112158,0.11678166666666666,0.008215889503476376,0.009010000000000004,0.111019,0.134006,0.11366465714285715,0.12041565357142857,21,0.189427,0.20653619047619046,0.053353304954444056,0.031668,0.182353,0.225448,0.1906619880952381,0.2314846988095238,7.448814666666666,413.40331045619706
WBC,128,Sum Modified Laplacian,128,128,0.016384000000000003,21,0.058489,0.06073147619047619,0.006784897306658719,0.0017240000000000033,0.056656,0.075391,0.05817170357142857,0.06403204166666666,21,0.112158,0.11678166666666666,0.008215889503476376,0.009010000000000004,0.111019,0.134006,0.11366465714285715,0.12041565357142857,21,0.190079,0.19432876190476192,0.012135000576451413,0.01661299999999999,0.182975,0.218337,0.18966242976190475,0.1998819583333333,7.448814666666666,280.12104840226374
WBC,128,Normalized Variance,128,128,0.016384000000000003,21,0.034948,0.03873928571428572,0.010305575059854046,0.0022119999999999987,0.033962,0.058173,0.03525738809523809,0.04355384166666666,21,0.112158,0.11678166666666666,0.008215889503476376,0.009010000000000004,0.111019,0.134006,0.11366465714285715,0.12041565357142857,21,0.162867,0.19133009523809527,0.08290032237446653,0.02612700000000001,0.153786,0.305165,0.164026575,0.23086727023809522,7.448814666666666,468.8108046240129
WBC,128,Energy of Gradient,128,128,0.016384000000000003,21,0.041188,0.04370590476190476,0.008755236649598697,0.0014209999999999987,0.040476,0.048818,0.04128799166666667,0.04784380833333332,21,0.112158,0.11678166666666666,0.008215889503476376,0.009010000000000004,0.111019,0.134006,0.11366465714285715,0.12041565357142857,21,0.178753,0.1832255714285714,0.015680131200252845,0.017100999999999977,0.170459,0.205716,0.1772563345238095,0.1900472857142857,7.448814666666666,397.78576284354676
WBC,128,Histogram Entropy,128,128,0.016384000000000003,21,0.083144,0.08922742857142857,0.01134701246395468,0.017890000000000003,0.079627,0.107244,0.08474684642857142,0.0943084464285714,21,0.112158,0.11678166666666666,0.008215889503476376,0.009010000000000004,0.111019,0.134006,0.11366465714285715,0.12041565357142857,21,0.208751,0.2141874761904762,0.017657270266434297,0.012696999999999986,0.201328,0.240782,0.20776894880952385,0.22208217142857148,7.448814666666666,197.05571057442512
WBC,128,GLCM Contrast,128,128,0.016384000000000003,21,3.936987,3.976306904761905,0.0969025769538173,0.06431899999999979,3.902741,4.122854,3.940586028571429,4.021067482142857,21,0.112158,0.11678166666666666,0.008215889503476376,0.009010000000000004,0.111019,0.134006,0.11366465714285715,0.12041565357142857,21,4.093206,4.1334963333333326,0.11577619996844482,0.08488000000000007,4.050716,4.280585,4.0931672190476185,4.188992186904763,7.448814666666666,4.16155806458086
WBC,128,Variance of Gradient,128,128,0.016384000000000003,21,0.058328,0.06197328571428572,0.011796057761569573,0.0020769999999999955,0.056358,0.08271,0.05816919285714286,0.06774360714285714,21,0.112158,0.11678166666666666,0.008215889503476376,0.009010000000000004,0.111019,0.134006,0.11366465714285715,0.12041565357142857,21,0.196335,0.22871300000000003,0.1270222009469211,0.026856999999999992,0.187585,0.243208,0.1965705214285714,0.28690714761904756,7.448814666666666,280.89425318886305
WBC,128,Fourier Transform Sharpness Index,128,128,0.016384000000000003,21,0.217246,0.22081871428571428,0.013121076122570347,0.016886999999999985,0.206839,0.245441,0.21558606547619047,0.22673832023809518,21,0.112158,0.11678166666666666,0.008215889503476376,0.009010000000000004,0.111019,0.134006,0.11366465714285715,0.12041565357142857,21,0.367006,0.3750306666666667,0.04202020549608644,0.05593999999999999,0.336056,0.464196,0.3588445571428572,0.39348606904761907,7.448814666666666,75.41680859486482
WBC,128,Fourier High Frequency Energy Ratio,128,128,0.016384000000000003,21,0.260559,0.2688319047619048,0.025261980181499548,0.026486999999999983,0.245545,0.294805,0.25983203214285716,0.28002380595238086,21,0.112158,0.11678166666666666,0.008215889503476376,0.009010000000000004,0.111019,0.134006,0.11366465714285715,0.12041565357142857,21,0.408228,0.4434974761904762,0.15829250116275853,0.037644999999999984,0.378559,0.502942,0.3994605273809524,0.519516305952381,7.448814666666666,62.880192202150006
WBC,128,Roberts Focus Measure,128,128,0.016384000000000003,21,0.038354,0.039787952380952375,0.004752738352530997,0.0009610000000000035,0.037677,0.044979,0.03832406904761905,0.042223230952380945,21,0.112158,0.11678166666666666,0.008215889503476376,0.009010000000000004,0.111019,0.134006,0.11366465714285715,0.12041565357142857,21,0.158408,0.166526,0.01935159994677443,0.011431999999999998,0.154582,0.203249,0.15963584404761905,0.174920125,7.448814666666666,427.1783907806227
WBC,128,Wavelet W1,128,128,0.016384000000000003,21,0.132949,0.13465419047619048,0.006723279643292011,0.007544999999999996,0.127824,0.14825,0.13192929761904765,0.13770576547619048,21,0.112158,0.11678166666666666,0.008215889503476376,0.009010000000000004,0.111019,0.134006,0.11366465714285715,0.12041565357142857,21,0.269773,0.26836,0.013279848801850121,0.01809700000000003,0.252861,0.290565,0.26286929166666667,0.2741275357142857,7.448814666666666,123.23522553761217
WBC,128,Wavelet W2,128,128,0.016384000000000003,21,0.185484,0.1915812380952381,0.013326162556808175,0.01619000000000001,0.17905,0.219803,0.18635232857142858,0.19741288214285715,21,0.112158,0.11678166666666666,0.008215889503476376,0.009010000000000004,0.111019,0.134006,0.11366465714285715,0.12041565357142857,21,0.317983,0.3305179047619048,0.044126087127576534,0.01732900000000004,0.303943,0.365056,0.31682328214285715,0.35104335000000003,7.448814666666666,88.33106898708246
WBC,128,Wavelet W3,128,128,0.016384000000000003,21,0.211125,0.2164139523809524,0.017649973701046102,0.018201999999999996,0.199893,0.25333,0.20961592857142858,0.2243835595238095,21,0.112158,0.11678166666666666,0.008215889503476376,0.009010000000000004,0.111019,0.134006,0.11366465714285715,0.12041565357142857,21,0.353349,0.3685142380952381,0.06043001880432006,0.03381400000000001,0.326378,0.413606,0.3485954809523809,0.39561874404761904,7.448814666666666,77.603315571344
WBC,128,Wavelet Detail Energy (db1),128,128,0.016384000000000003,21,0.136191,0.1396906190476191,0.010519013881900671,0.010835999999999985,0.129877,0.159618,0.13556048571428572,0.14433038095238096,21,0.112158,0.11678166666666666,0.008215889503476376,0.009010000000000004,0.111019,0.134006,0.11366465714285715,0.12041565357142857,21,0.273727,0.28479057142857145,0.033437703393880726,0.026770000000000016,0.26038,0.331755,0.2730286976190476,0.30008777738095244,7.448814666666666,120.301635203501
WBC,128,Curvelet Transform Sharpness Index,128,128,0.016384000000000003,21,0.140972,0.14630714285714283,0.014583483844012427,0.014120999999999995,0.13495,0.173021,0.1409827238095238,0.15258605119047616,21,0.112158,0.11678166666666666,0.008215889503476376,0.009010000000000004,0.111019,0.134006,0.11366465714285715,0.12041565357142857,21,0.301636,0.3136744285714286,0.06854277747623846,0.029505000000000003,0.274511,0.341791,0.2934937642857143,0.3450523535714285,7.448814666666666,116.22166103907162
WBC,128,DCT Focus Measure,128,128,0.016384000000000003,21,0.106222,0.10895266666666666,0.014659105727612901,0.017031000000000004,0.090347,0.134592,0.1033550369047619,0.11533484999999999,21,0.112158,0.11678166666666666,0.008215889503476376,0.009010000000000004,0.111019,0.134006,0.11366465714285715,0.12041565357142857,21,0.274913,0.2758869047619048,0.03454772026039455,0.03118700000000002,0.228508,0.330702,0.2622610535714286,0.2902975333333334,7.448814666666666,154.24300050836928
WBC,128,Intensity Skewness Index,128,128,0.016384000000000003,21,0.157517,0.1643624761904762,0.020952384949258274,0.01466099999999998,0.1516,0.183855,0.15732090476190477,0.17379177261904755,21,0.112158,0.11678166666666666,0.008215889503476376,0.009010000000000004,0.111019,0.134006,0.11366465714285715,0.12041565357142857,21,0.29514,0.3086843809523809,0.04110457898881363,0.024163999999999963,0.276374,0.396397,0.2938708619047619,0.32708858452380946,7.448814666666666,104.01416989912201
WBC,128,Squared Gradient,128,128,0.016384000000000003,21,0.040604,0.04181161904761904,0.004258639541874735,0.0009069999999999981,0.03989,0.043909,0.04060411547619048,0.04386942142857143,21,0.112158,0.11678166666666666,0.008215889503476376,0.009010000000000004,0.111019,0.134006,0.11366465714285715,0.12041565357142857,21,0.166248,0.17132400000000003,0.015848433178077888,0.021897,0.158414,0.192706,0.16527639523809523,0.17860705476190475,7.448814666666666,403.5070436410207
WBC,128,Gradient Squared Energy,128,128,0.016384000000000003,21,0.03881,0.04099138095238095,0.006325680362428934,0.0018710000000000046,0.037838,0.046966,0.03899115595238096,0.04387691785714285,21,0.112158,0.11678166666666666,0.008215889503476376,0.009010000000000004,0.111019,0.134006,0.11366465714285715,0.12041565357142857,21,0.15778,0.1745496666666667,0.04148005309101392,0.029141,0.154427,0.209901,0.16126457380952383,0.19305355952380948,7.448814666666666,422.1592373099718
WBC,128,Mean Intensity,128,128,0.016384000000000003,21,0.010218,0.010506714285714284,0.0007106243130415074,0.0006379999999999997,0.010013,0.012145,0.01025332261904762,0.01081175357142857,21,0.112158,0.11678166666666666,0.008215889503476376,0.009010000000000004,0.111019,0.134006,0.11366465714285715,0.12041565357142857,21,0.132303,0.13732342857142857,0.01577757436227581,0.016306000000000015,0.126006,0.155972,0.13186662738095237,0.14482046428571427,7.448814666666666,1603.4449011548252
WBC,128,Intensity Variance,128,128,0.016384000000000003,21,0.025368,0.027498999999999992,0.0070201679894429875,0.002929000000000001,0.023361,0.037985,0.025057216666666667,0.030758694047619047,21,0.112158,0.11678166666666666,0.008215889503476376,0.009010000000000004,0.111019,0.134006,0.11366465714285715,0.12041565357142857,21,0.163566,0.1775384761904762,0.032106320053252826,0.026649000000000006,0.154681,0.234536,0.1655338880952381,0.1915752630952381,7.448814666666666,645.8530432040367
WBC,128,Intensity Range Index,128,128,0.016384000000000003,21,0.012315,0.012720809523809521,0.0010549409281589003,0.0004999999999999987,0.012041,0.01546,0.01233600238095238,0.013228383333333335,21,0.112158,0.11678166666666666,0.008215889503476376,0.009010000000000004,0.111019,0.134006,0.11366465714285715,0.12041565357142857,21,0.130857,0.13848633333333332,0.016766519243221988,0.009965000000000002,0.127951,0.170705,0.1322227880952381,0.14618395476190477,7.448814666666666,1330.4100690215187
WBC,128,Maximal Intensity,128,128,0.016384000000000003,21,0.008525,0.008695,0.00048276381388832375,0.0004830000000000008,0.008256,0.00927,0.008514892857142858,0.00891914642857143,21,0.112158,0.11678166666666666,0.008215889503476376,0.009010000000000004,0.111019,0.134006,0.11366465714285715,0.12041565357142857,21,0.127597,0.1360804761904762,0.022183732511953547,0.011001999999999998,0.123654,0.156626,0.12856582023809524,0.14669914404761908,7.448814666666666,1921.8768328445753
WBC,128,Laplacian Energy,128,128,0.016384000000000003,21,0.157721,0.165615,0.022746777461873584,0.020536,0.148261,0.189742,0.15768265952380955,0.17548650119047618,21,0.112158,0.11678166666666666,0.008215889503476376,0.009010000000000004,0.111019,0.134006,0.11366465714285715,0.12041565357142857,21,0.297355,0.30493571428571425,0.03873713998366795,0.030197999999999947,0.273092,0.346116,0.2913851452380953,0.3227568833333333,7.448814666666666,103.87963555899344
WBC,128,Mean Absolute Laplacian,128,128,0.016384000000000003,21,0.161522,0.16774533333333333,0.018189406305136328,0.01405300000000001,0.15348,0.207423,0.1608387880952381,0.1760381369047619,21,0.112158,0.11678166666666666,0.008215889503476376,0.009010000000000004,0.111019,0.134006,0.11366465714285715,0.12041565357142857,21,0.310578,0.32098685714285713,0.024448740712531013,0.027046000000000014,0.296849,0.363208,0.3119603690476191,0.3317308726190476,7.448814666666666,101.43509862433602
WBC,128,Spatial Frequency,128,128,0.016384000000000003,21,0.041986,0.04622928571428571,0.010278306529496272,0.0038849999999999996,0.040306,0.070591,0.042407125,0.05054483452380951,21,0.112158,0.11678166666666666,0.008215889503476376,0.009010000000000004,0.111019,0.134006,0.11366465714285715,0.12041565357142857,21,0.184422,0.2319449523809524,0.20629490760328428,0.025397000000000003,0.171002,0.240322,0.18171737023809525,0.32563274285714283,7.448814666666666,390.22531319963804
WBC,128,Modified Tenengrad,128,128,0.016384000000000003,21,0.36817,0.37364642857142855,0.021504146796772535,0.013212000000000002,0.356628,0.402311,0.3661478321428572,0.38369316666666664,21,0.112158,0.11678166666666666,0.008215889503476376,0.009010000000000004,0.111019,0.134006,0.11366465714285715,0.12041565357142857,21,0.519942,0.5348888571428573,0.03309941673396333,0.05055799999999999,0.493942,0.581512,0.5208995785714285,0.549302863095238,7.448814666666666,44.5011815194068
WBC,128,Absolute Central Moment 2,128,128,0.016384000000000003,21,0.026498,0.028919428571428568,0.005641163900928856,0.002404,0.025931,0.042458,0.026918419047619047,0.0316246630952381,21,0.112158,0.11678166666666666,0.008215889503476376,0.009010000000000004,0.111019,0.134006,0.11366465714285715,0.12041565357142857,21,0.162228,0.1757509523809524,0.04323531912508129,0.015043,0.154821,0.235787,0.16185382380952384,0.19494163333333336,7.448814666666666,618.3108159106349
WBC,128,Absolute Central Moment 4,128,128,0.016384000000000003,21,0.212074,0.22085976190476192,0.031083089128824952,0.011841999999999991,0.201329,0.263885,0.21001936904761903,0.23595872261904757,21,0.112158,0.11678166666666666,0.008215889503476376,0.009010000000000004,0.111019,0.134006,0.11366465714285715,0.12041565357142857,21,0.341995,0.3803422857142857,0.09590698807706499,0.03678999999999999,0.320406,0.59498,0.3444872738095238,0.4262240630952381,7.448814666666666,77.25605213274613
WBC,128,Image Power,128,128,0.016384000000000003,21,0.01289,0.013674809523809525,0.0024331225743691506,0.0006720000000000007,0.012655,0.014593,0.01298417023809524,0.014861064285714284,21,0.112158,0.11678166666666666,0.008215889503476376,0.009010000000000004,0.111019,0.134006,0.11366465714285715,0.12041565357142857,21,0.150141,0.16511871428571429,0.04712430250745665,0.01900099999999999,0.140314,0.231077,0.14949540357142857,0.18740722261904763,7.448814666666666,1271.0628394103958
WBC,512,Tenengrad,512,512,0.26214400000000004,21,0.711143,0.7162354285714285,0.053320603576451964,0.04313900000000004,0.658125,0.751666,0.6972516178571427,0.7424785738095238,21,0.210767,0.21428390476190481,0.026319636965400493,0.027752,0.187123,0.259459,0.20412698452380953,0.22593821666666664,21,0.92893,0.9322402857142856,0.0248990831058954,0.022069000000000005,0.897782,0.958335,0.9224604059523812,0.9432153023809523,7.448814666666666,368.6234695412878
WBC,512,Brenner Gradient,512,512,0.26214400000000004,21,0.361507,0.36250799999999994,0.02553155049149973,0.025803999999999994,0.326413,0.395184,0.3519761785714286,0.37340470119047614,21,0.210767,0.21428390476190481,0.026319636965400493,0.027752,0.187123,0.259459,0.20412698452380953,0.22593821666666664,21,0.591096,0.6292106666666667,0.18232117765507475,0.03791,0.551929,0.645638,0.5810656392857143,0.7128744750000001,7.448814666666666,725.1422517406303
WBC,512,Variance of Laplacian,512,512,0.26214400000000004,21,0.313917,0.32710066666666665,0.05190656748652653,0.033113000000000004,0.280176,0.422357,0.3069195452380953,0.3497270071428571,21,0.210767,0.21428390476190481,0.026319636965400493,0.027752,0.187123,0.259459,0.20412698452380953,0.22593821666666664,21,0.446421,0.47685852380952387,0.08206252778986219,0.07729200000000003,0.400322,0.628062,0.4460638833333334,0.5149659404761904,7.448814666666666,835.0742393690053
WBC,512,Sum Modified Laplacian,512,512,0.26214400000000004,21,0.861445,0.8944771904761906,0.1418274042082908,0.19535100000000005,0.745709,1.04164,0.8373188690476191,0.9599184869047619,21,0.210767,0.21428390476190481,0.026319636965400493,0.027752,0.187123,0.259459,0.20412698452380953,0.22593821666666664,21,1.118625,1.1441189047619045,0.10955565600456457,0.094808,1.01935,1.267858,1.1039597583333334,1.1921365261904762,7.448814666666666,304.3072976220189
WBC,512,Normalized Variance,512,512,0.26214400000000004,21,0.449032,0.43479147619047626,0.04159136988681552,0.07548699999999997,0.367245,0.484895,0.4174804869047619,0.4516468964285714,21,0.210767,0.21428390476190481,0.026319636965400493,0.027752,0.187123,0.259459,0.20412698452380953,0.22593821666666664,21,0.683901,0.7121961428571428,0.16762136513681233,0.08478699999999995,0.605183,0.826952,0.6591284142857143,0.7945463428571427,7.448814666666666,583.7980366655385
WBC,512,Energy of Gradient,512,512,0.26214400000000004,21,0.709781,0.7203252857142857,0.07685967259437347,0.04618100000000003,0.660787,0.777868,0.694935188095238,0.7560086166666666,21,0.210767,0.21428390476190481,0.026319636965400493,0.027752,0.187123,0.259459,0.20412698452380953,0.22593821666666664,21,0.984461,1.0862574761904762,0.3791471339635339,0.17320999999999998,0.888131,1.270531,0.9728039619047618,1.2697465642857142,7.448814666666666,369.3308217605149
WBC,512,Histogram Entropy,512,512,0.26214400000000004,21,1.683687,1.7510484285714287,0.3542501565603848,0.19227000000000016,1.520273,1.969255,1.639528701190476,1.9190097821428567,21,0.210767,0.21428390476190481,0.026319636965400493,0.027752,0.187123,0.259459,0.20412698452380953,0.22593821666666664,21,1.957329,2.021748904761905,0.2878144064071333,0.2591049999999999,1.709265,2.364908,1.9163468833333335,2.1495531023809527,7.448814666666666,155.69639725198334
WBC,512,GLCM Contrast,512,512,0.26214400000000004,21,64.18419,64.39574952380951,0.7373018790156175,1.0786179999999916,63.597359,65.693738,64.0999124440476,64.72239646071428,21,0.210767,0.21428390476190481,0.026319636965400493,0.027752,0.187123,0.259459,0.20412698452380953,0.22593821666666664,21,64.402961,64.70257852380952,1.0754137785743967,0.9119639999999976,63.740462,65.855366,64.30969671666668,65.19143808571428,7.448814666666666,4.084245668598451
WBC,512,Variance of Gradient,512,512,0.26214400000000004,21,1.010551,1.0954992857142856,0.19183019418593697,0.13702599999999998,0.955438,1.508297,1.024099629761905,1.1798906214285712,21,0.210767,0.21428390476190481,0.026319636965400493,0.027752,0.187123,0.259459,0.20412698452380953,0.22593821666666664,21,1.212037,1.287083,0.2213380722826509,0.09124300000000019,1.1679,1.642784,1.2150373654761903,1.3960011726190473,7.448814666666666,259.4069967770059
WBC,512,Fourier Transform Sharpness Index,512,512,0.26214400000000004,21,3.955652,4.025310333333333,0.3067613633726277,0.3599340000000004,3.674262,4.529394,3.902305153571428,4.159946984523809,21,0.210767,0.21428390476190481,0.026319636965400493,0.027752,0.187123,0.259459,0.20412698452380953,0.22593821666666664,21,4.191938,4.176048285714286,0.22532544224302392,0.31697500000000023,3.912992,4.438636,4.080600007142857,4.269745733333333,7.448814666666666,66.2707437357988
WBC,512,Fourier High Frequency Energy Ratio,512,512,0.26214400000000004,21,4.207283,4.223464714285713,0.24498556972506422,0.23395299999999963,3.972466,4.610653,4.116927827380951,4.328718926190475,21,0.210767,0.21428390476190481,0.026319636965400493,0.027752,0.187123,0.259459,0.20412698452380953,0.22593821666666664,21,4.51905,4.5819722857142855,0.25191127823266324,0.20235499999999984,4.320391,5.112311,4.48280916547619,4.691705490476191,7.448814666666666,62.30719445304726
WBC,512,Roberts Focus Measure,512,512,0.26214400000000004,21,0.738121,0.714090857142857,0.07589884906853707,0.12930399999999997,0.617504,0.805216,0.6828239130952383,0.7476564345238094,21,0.210767,0.21428390476190481,0.026319636965400493,0.027752,0.187123,0.259459,0.20412698452380953,0.22593821666666664,21,0.972641,0.9662834285714285,0.08121461567573378,0.1008349999999999,0.866131,1.100485,0.9338769738095236,1.003090310714286,7.448814666666666,355.1504428135767
WBC,512,Wavelet W1,512,512,0.26214400000000004,21,2.220933,2.2656889047619053,0.14089520752172688,0.13573799999999991,2.127593,2.592685,2.213943898809524,2.3301314916666667,21,0.210767,0.21428390476190481,0.026319636965400493,0.027752,0.187123,0.259459,0.20412698452380953,0.22593821666666664,21,2.545729,2.597889904761905,0.3105009944254454,0.16921399999999975,2.379916,2.795096,2.496857373809524,2.751235294047619,7.448814666666666,118.03327700565485
WBC,512,Wavelet W2,512,512,0.26214400000000004,21,2.617423,2.642878619047619,0.08219293801445242,0.10297,2.548889,2.787643,2.6094101261904763,2.678314426190477,21,0.210767,0.21428390476190481,0.026319636965400493,0.027752,0.187123,0.259459,0.20412698452380953,0.22593821666666664,21,2.900958,2.972047952380952,0.13551760218823095,0.18456399999999995,2.859001,3.264305,2.919465007142857,3.0321602214285712,7.448814666666666,100.15347156344237
WBC,512,Wavelet W3,512,512,0.26214400000000004,21,2.757819,2.8051386190476193,0.15608061686143995,0.15402300000000002,2.668377,3.057982,2.748150626190476,2.872258971428571,21,0.210767,0.21428390476190481,0.026319636965400493,0.027752,0.187123,0.259459,0.20412698452380953,0.22593821666666664,21,3.030529,3.1494326666666668,0.3386255991968612,0.228062,2.93283,3.789967,3.0305934511904766,3.307036589285714,7.448814666666666,95.05482412007461
WBC,512,Wavelet Detail Energy (db1),512,512,0.26214400000000004,21,2.288728,2.312429761904762,0.1133503325296863,0.1785730000000001,2.171679,2.460743,2.2669357952380955,2.360218223809524,21,0.210767,0.21428390476190481,0.026319636965400493,0.027752,0.187123,0.259459,0.20412698452380953,0.22593821666666664,21,2.593242,2.6243848095238094,0.13309058013008246,0.1720839999999999,2.473881,2.742561,2.5732852392857146,2.6853865047619037,7.448814666666666,114.53698298793044
WBC,512,Curvelet Transform Sharpness Index,512,512,0.26214400000000004,21,2.189075,2.232205428571428,0.1021282958388964,0.10620600000000024,2.142638,2.436182,2.193058425,2.2787898630952377,21,0.210767,0.21428390476190481,0.026319636965400493,0.027752,0.187123,0.259459,0.20412698452380953,0.22593821666666664,21,2.480882,2.6486353333333335,0.6616404637611225,0.06562399999999968,2.421077,3.163238,2.465731384523809,2.9674211940476187,7.448814666666666,119.75103639665157
WBC,512,DCT Focus Measure,512,512,0.26214400000000004,21,1.607529,1.6579532857142858,0.10388576880167122,0.1529609999999999,1.548067,1.830222,1.615184753571428,1.7030385523809524,21,0.210767,0.21428390476190481,0.026319636965400493,0.027752,0.187123,0.259459,0.20412698452380953,0.22593821666666664,21,1.864228,1.8847904761904768,0.10106483442257204,0.15369900000000003,1.780517,2.077522,1.8441069440476194,1.9298290345238098,7.448814666666666,163.07264130227205
WBC,512,Intensity Skewness Index,512,512,0.26214400000000004,21,2.216504,2.2858505714285715,0.1620468282749068,0.29825899999999983,2.101284,2.486339,2.2189282630952376,2.3533868476190474,21,0.210767,0.21428390476190481,0.026319636965400493,0.027752,0.187123,0.259459,0.20412698452380953,0.22593821666666664,21,2.641627,2.568624238095238,0.19716268894415723,0.32316400000000023,2.321437,2.856487,2.486362925000001,2.654353627380952,7.448814666666666,118.26913012563931
WBC,512,Squared Gradient,512,512,0.26214400000000004,21,0.700451,0.7113208571428571,0.04664609626355213,0.05163799999999996,0.655848,0.765638,0.6932567273809526,0.7323414285714286,21,0.210767,0.21428390476190481,0.026319636965400493,0.027752,0.187123,0.259459,0.20412698452380953,0.22593821666666664,21,0.928734,1.0259201428571427,0.25047917456233476,0.06555100000000003,0.898327,1.717377,0.9361970761904764,1.1343359523809524,7.448814666666666,374.25030444670654
WBC,512,Gradient Squared Energy,512,512,0.26214400000000004,21,0.703975,0.7105097142857142,0.02528482659450695,0.027397000000000005,0.685677,0.75373,0.7007939845238096,0.7215506452380954,21,0.210767,0.21428390476190481,0.026319636965400493,0.027752,0.187123,0.259459,0.20412698452380953,0.22593821666666664,21,0.920447,0.942947714285714,0.06801854782126923,0.08715800000000007,0.883806,1.083212,0.9166830523809525,0.9730562904761906,7.448814666666666,372.3768599737207
WBC,512,Mean Intensity,512,512,0.26214400000000004,21,0.148395,0.15328576190476195,0.025433297064880837,0.019942000000000015,0.127522,0.174948,0.14424365952380952,0.16456589047619047,21,0.210767,0.21428390476190481,0.026319636965400493,0.027752,0.187123,0.259459,0.20412698452380953,0.22593821666666664,21,0.371194,0.43212871428571425,0.17041767363954444,0.04803799999999997,0.336314,0.596883,0.378335294047619,0.5160343678571429,7.448814666666666,1766.5285218504669
WBC,512,Intensity Variance,512,512,0.26214400000000004,21,0.521272,0.5291050952380951,0.023251731498761027,0.03526600000000002,0.500498,0.565668,0.5192282964285714,0.5389804654761905,21,0.210767,0.21428390476190481,0.026319636965400493,0.027752,0.187123,0.259459,0.20412698452380953,0.22593821666666664,21,0.741741,0.7875072857142856,0.17610913951840854,0.03109700000000004,0.715242,0.877913,0.7377848904761904,0.869950794047619,7.448814666666666,502.89292346414175
WBC,512,Intensity Range Index,512,512,0.26214400000000004,21,0.178718,0.18409995238095242,0.01812194952116408,0.021456000000000003,0.165989,0.218493,0.17719878095238095,0.19234485357142855,21,0.210767,0.21428390476190481,0.026319636965400493,0.027752,0.187123,0.259459,0.20412698452380953,0.22593821666666664,21,0.405198,0.42635076190476195,0.06072992955775987,0.04744999999999999,0.371935,0.568867,0.4031555023809524,0.4546190833333333,7.448814666666666,1466.8024485502303
WBC,512,Maximal Intensity,512,512,0.26214400000000004,21,0.132765,0.1307448095238095,0.013098165473145648,0.013023000000000007,0.113111,0.15462,0.12539746428571427,0.1363331880952381,21,0.210767,0.21428390476190481,0.026319636965400493,0.027752,0.187123,0.259459,0.20412698452380953,0.22593821666666664,21,0.358388,0.42611104761904756,0.22164745981275677,0.033013000000000015,0.327709,0.706837,0.3572992345238095,0.5292240559523809,7.448814666666666,1974.4962904379925
WBC,512,Laplacian Energy,512,512,0.26214400000000004,21,3.063711,3.1035864285714285,0.23035825922149425,0.28461800000000004,2.71539,3.424014,3.0107764500000007,3.194714613095238,21,0.210767,0.21428390476190481,0.026319636965400493,0.027752,0.187123,0.259459,0.20412698452380953,0.22593821666666664,21,3.378518,3.376173476190476,0.21495710867092052,0.3050280000000001,2.984612,3.68152,3.290555185714285,3.4669750547619045,7.448814666666666,85.56420628447005
WBC,512,Mean Absolute Laplacian,512,512,0.26214400000000004,21,3.103902,3.104084904761904,0.08177817009013148,0.11679299999999992,2.9838,3.245734,3.069987275,3.1384563845238094,21,0.210767,0.21428390476190481,0.026319636965400493,0.027752,0.187123,0.259459,0.20412698452380953,0.22593821666666664,21,3.357906,3.4010265714285715,0.1341293584345245,0.174369,3.258488,3.639022,3.3480349011904758,3.4582395380952375,7.448814666666666,84.45627471485892
WBC,512,Spatial Frequency,512,512,0.26214400000000004,21,0.99496,1.016011619047619,0.09130453123612002,0.06465999999999994,0.88326,1.193544,0.9786629583333334,1.055268644047619,21,0.210767,0.21428390476190481,0.026319636965400493,0.027752,0.187123,0.259459,0.20412698452380953,0.22593821666666664,21,1.24694,1.3582495238095238,0.3128863072882256,0.18503800000000004,1.16735,1.907646,1.2511473976190477,1.5115709714285712,7.448814666666666,263.47189836777363
WBC,512,Modified Tenengrad,512,512,0.26214400000000004,21,8.17884,8.340795238095238,0.6420526484957371,0.6687620000000001,7.627875,9.140885,8.105147323809524,8.610516720238094,21,0.210767,0.21428390476190481,0.026319636965400493,0.027752,0.187123,0.259459,0.20412698452380953,0.22593821666666664,21,8.346406,8.498247047619047,0.3888384754648742,0.5126969999999993,8.050073,9.209334,8.349424196428572,8.650933697619047,7.448814666666666,32.0514889642052
WBC,512,Absolute Central Moment 2,512,512,0.26214400000000004,21,0.749132,0.7506755238095237,0.03818091838945083,0.05546799999999996,0.707967,0.793034,0.7352329642857143,0.7678466178571428,21,0.210767,0.21428390476190481,0.026319636965400493,0.027752,0.187123,0.259459,0.20412698452380953,0.22593821666666664,21,0.972904,0.9797618095238095,0.036029788790137345,0.040132999999999974,0.936057,1.039597,0.9654601428571429,0.9950246309523808,7.448814666666666,349.9303193562684
WBC,512,Absolute Central Moment 4,512,512,0.26214400000000004,21,3.861238,3.942394476190476,0.29372434296626143,0.20708400000000005,3.68877,4.607413,3.830193491666666,4.0793679916666665,21,0.210767,0.21428390476190481,0.026319636965400493,0.027752,0.187123,0.259459,0.20412698452380953,0.22593821666666664,21,4.133732,4.252215476190476,0.447075415727774,0.2535829999999999,3.992785,4.472097,4.116236,4.462693023809525,7.448814666666666,67.89117894312653
WBC,512,Image Power,512,512,0.26214400000000004,21,0.387744,0.39448952380952373,0.03294494836180358,0.027397000000000005,0.361445,0.470835,0.3820952845238096,0.40980419880952385,21,0.210767,0.21428390476190481,0.026319636965400493,0.027752,0.187123,0.259459,0.20412698452380953,0.22593821666666664,21,0.610231,0.6403016666666668,0.07098375429937004,0.077604,0.581044,0.771969,0.6132721547619049,0.6722840773809524,7.448814666666666,676.0749360402741
WBC,1024,Tenengrad,1024,1024,1.0485760000000002,21,2.837437,2.7395454285714287,0.26514847381242296,0.38616499999999965,2.345703,3.043186,2.6291868595238097,2.8500513369047615,21,0.490898,0.5111695714285713,0.054952428057886055,0.04769899999999999,0.462553,0.620107,0.490480475,0.5366661964285713,21,3.497306,3.5962558095238095,0.31481466112247997,0.31249400000000005,3.259143,4.213595,3.482111472619047,3.733817988095238,7.448814666666666,369.55040763900666
WBC,1024,Brenner Gradient,1024,1024,1.0485760000000002,21,1.672843,1.7537885238095239,0.22409633800547013,0.18291499999999994,1.49032,2.174134,1.665037682142857,1.8541739773809522,21,0.490898,0.5111695714285713,0.054952428057886055,0.04769899999999999,0.462553,0.620107,0.490480475,0.5366661964285713,21,2.39775,2.430766476190476,0.17580592446291993,0.11555500000000007,2.226165,2.672138,2.362536280952381,2.5041552952380948,7.448814666666666,626.8227203628793
WBC,1024,Variance of Laplacian,1024,1024,1.0485760000000002,21,2.05146,2.0191722380952384,0.6123797296134894,0.6286279999999997,1.416159,3.135984,1.7870802607142855,2.293443816666666,21,0.490898,0.5111695714285713,0.054952428057886055,0.04769899999999999,0.462553,0.620107,0.490480475,0.5366661964285713,21,2.840357,2.728056428571428,0.7076096833837544,0.8144200000000001,1.992887,3.363702,2.4720629523809525,3.034313263095238,7.448814666666666,511.1364589121894
WBC,1024,Sum Modified Laplacian,1024,1024,1.0485760000000002,21,2.553832,2.5454028095238095,0.1276262935756653,0.18697199999999992,2.382099,2.75627,2.4925528166666666,2.604206936904762,21,0.490898,0.5111695714285713,0.054952428057886055,0.04769899999999999,0.462553,0.620107,0.490480475,0.5366661964285713,21,3.099918,3.0633456666666667,0.1506636426127197,0.27135,2.874371,3.282318,3.002838373809524,3.1261128940476195,7.448814666666666,410.5892635067617
WBC,1024,Normalized Variance,1024,1024,1.0485760000000002,21,1.901419,1.8945781428571429,0.10128143380565148,0.13734100000000016,1.779269,2.076044,1.8552244273809526,1.9380511440476185,21,0.490898,0.5111695714285713,0.054952428057886055,0.04769899999999999,0.462553,0.620107,0.490480475,0.5366661964285713,21,2.558339,2.5991185238095236,0.18978488392693954,0.18700100000000042,2.391112,2.935234,2.52239555,2.683767808333333,7.448814666666666,551.4702440650905
WBC,1024,Energy of Gradient,1024,1024,1.0485760000000002,21,2.914688,2.950954095238095,0.25999831208296426,0.3648920000000002,2.564709,3.36736,2.8434777952380945,3.0594103297619046,21,0.490898,0.5111695714285713,0.054952428057886055,0.04769899999999999,0.462553,0.620107,0.490480475,0.5366661964285713,21,3.78818,3.7860349523809527,0.23752552169913788,0.32764799999999994,3.476388,4.189141,3.6858589833333335,3.88041065,7.448814666666666,359.7558297834966
WBC,1024,Histogram Entropy,1024,1024,1.0485760000000002,21,6.04813,6.173822666666666,0.5363236066112822,0.5248970000000002,5.648587,7.031835,5.9656890095238095,6.425281191666667,21,0.490898,0.5111695714285713,0.054952428057886055,0.04769899999999999,0.462553,0.620107,0.490480475,0.5366661964285713,21,6.721169,6.878453476190476,0.6289258554218946,0.6581720000000004,6.308004,7.405352,6.661271890476189,7.170952489285714,7.448814666666666,173.37193479637511
WBC,1024,GLCM Contrast,1024,1024,1.0485760000000002,21,262.136475,263.88854961904764,6.0485307496270515,6.24248399999999,256.640347,271.498679,261.49201231190483,266.4645559488095,21,0.490898,0.5111695714285713,0.054952428057886055,0.04769899999999999,0.462553,0.620107,0.490480475,0.5366661964285713,21,262.979649,262.1034736190476,3.7674585819319115,5.488501999999983,256.445171,267.821567,260.5654197678571,263.6911529654762,7.448814666666666,4.000114825683835
WBC,1024,Variance of Gradient,1024,1024,1.0485760000000002,21,4.163173,4.213663333333333,0.4003259800159532,0.25315500000000046,3.877837,4.720531,4.07299935,4.395744610714285,21,0.490898,0.5111695714285713,0.054952428057886055,0.04769899999999999,0.462553,0.620107,0.490480475,0.5366661964285713,21,4.934883,5.038008190476189,0.5089166695319205,0.3001770000000006,4.563356,5.40444,4.858973707142858,5.264985777380952,7.448814666666666,251.86942747755148
WBC,1024,Fourier Transform Sharpness Index,1024,1024,1.0485760000000002,21,24.553758,25.022045285714285,1.8028149004649132,1.9001289999999997,23.300888,29.328282,24.317451972619047,25.862304115476196,21,0.490898,0.5111695714285713,0.054952428057886055,0.04769899999999999,0.462553,0.620107,0.490480475,0.5366661964285713,21,25.511413,26.364107142857144,2.273375717684525,1.9961939999999991,24.336495,32.23756,25.528183140476195,27.36028943690476,7.448814666666666,42.70531622898622
WBC,1024,Fourier High Frequency Energy Ratio,1024,1024,1.0485760000000002,21,26.455476,27.098551666666665,1.618335256348707,1.8540080000000003,25.39267,30.389047,26.45833748809524,27.822761860714284,21,0.490898,0.5111695714285713,0.054952428057886055,0.04769899999999999,0.462553,0.620107,0.490480475,0.5366661964285713,21,27.743515,28.104545666666663,1.7963841988821694,2.9785179999999976,26.128641,31.511535,27.37218922857143,28.852991155952378,7.448814666666666,39.6354992818878
WBC,1024,Roberts Focus Measure,1024,1024,1.0485760000000002,21,3.113021,3.106193142857143,0.2788080157958672,0.4164539999999999,2.767349,3.562151,2.997205486904762,3.2313203880952375,21,0.490898,0.5111695714285713,0.054952428057886055,0.04769899999999999,0.462553,0.620107,0.490480475,0.5366661964285713,21,3.936891,3.998736904761905,0.29222412293373473,0.3739640000000004,3.567939,4.46186,3.8825028416666663,4.118549607142858,7.448814666666666,336.83550480385463
WBC,1024,Wavelet W1,1024,1024,1.0485760000000002,21,16.145925,16.35691061904762,0.8990300744255153,1.1707929999999998,15.46596,18.065117,16.000589323809525,16.759859808333328,21,0.490898,0.5111695714285713,0.054952428057886055,0.04769899999999999,0.462553,0.620107,0.490480475,0.5366661964285713,21,17.165245,17.21105719047619,0.8277701921359345,1.1286789999999982,16.292589,18.392938,16.87866700357143,17.560599379761904,7.448814666666666,64.94369322290301
WBC,1024,Wavelet W2,1024,1024,1.0485760000000002,21,17.966792,18.24372766666667,1.1996697459164891,0.6267789999999991,17.282714,20.552471,17.80601718333333,18.817217302380957,21,0.490898,0.5111695714285713,0.054952428057886055,0.04769899999999999,0.462553,0.620107,0.490480475,0.5366661964285713,21,18.891696,19.14651561904762,1.0891330142173856,1.1852450000000019,18.149965,21.160105,18.71080751666667,19.612796050000004,7.448814666666666,58.3618934309475
WBC,1024,Wavelet W3,1024,1024,1.0485760000000002,21,18.151846,18.369768857142862,0.7500279033342884,0.8574759999999984,17.457439,19.734482,18.073970614285713,18.684800873809525,21,0.490898,0.5111695714285713,0.054952428057886055,0.04769899999999999,0.462553,0.620107,0.490480475,0.5366661964285713,21,19.186948,19.38474671428572,0.6048750237561595,0.9566970000000019,18.432721,20.438444,19.137782723809526,19.651863619047624,7.448814666666666,57.76690701320407
WBC,1024,Wavelet Detail Energy (db1),1024,1024,1.0485760000000002,21,15.90542,15.870738333333335,0.5520715867233462,0.716089000000002,14.927097,16.750572,15.635311221428573,16.093836905952383,21,0.490898,0.5111695714285713,0.054952428057886055,0.04769899999999999,0.462553,0.620107,0.490480475,0.5366661964285713,21,17.191135,17.180771285714286,0.6021060985020946,0.7055369999999996,16.145803,18.044113,16.93278476547619,17.41990551071428,7.448814666666666,65.9257033137132
WBC,1024,Curvelet Transform Sharpness Index,1024,1024,1.0485760000000002,21,15.564992,16.122303047619052,2.028883756570802,1.1472469999999984,14.774246,17.944495,15.436238429761906,17.07432060119048,21,0.490898,0.5111695714285713,0.054952428057886055,0.04769899999999999,0.462553,0.620107,0.490480475,0.5366661964285713,21,16.548842,16.868111857142853,0.7484570712462597,0.8836040000000018,16.141604,18.459243,16.565491025,17.189605170238092,7.448814666666666,67.36759003795184
WBC,1024,DCT Focus Measure,1024,1024,1.0485760000000002,21,14.825765,15.032148428571428,0.5642565620396072,0.6137619999999995,14.541084,16.061039,14.824953279761901,15.276326341666667,21,0.490898,0.5111695714285713,0.054952428057886055,0.04769899999999999,0.462553,0.620107,0.490480475,0.5366661964285713,21,15.918894,16.178707190476192,0.8179633264385772,1.0098499999999984,15.392907,17.918035,15.84628869285714,16.540086905952382,7.448814666666666,70.72660331524209
WBC,1024,Intensity Skewness Index,1024,1024,1.0485760000000002,21,9.578437,9.756245952380953,0.9264811257518136,1.0087700000000002,8.686174,10.815791,9.407976660714288,10.174552119047618,21,0.490898,0.5111695714285713,0.054952428057886055,0.04769899999999999,0.462553,0.620107,0.490480475,0.5366661964285713,21,10.306143,10.407850523809524,0.8078119484968403,1.3194789999999994,9.315901,11.692139,10.089670264285715,10.740809189285713,7.448814666666666,109.47255799667528
WBC,1024,Squared Gradient,1024,1024,1.0485760000000002,21,3.158831,3.082554714285714,0.27701999522455834,0.4271510000000003,2.667572,3.454488,2.9703275630952377,3.197047477380952,21,0.490898,0.5111695714285713,0.054952428057886055,0.04769899999999999,0.462553,0.620107,0.490480475,0.5366661964285713,21,3.915079,3.972179047619047,0.26445486059353807,0.3454630000000005,3.615029,4.416726,3.8667765440476187,4.090496782142857,7.448814666666666,331.9506488317989
WBC,1024,Gradient Squared Energy,1024,1024,1.0485760000000002,21,2.695354,2.7181227142857143,0.21753601390715585,0.2799339999999999,2.422554,3.036039,2.630468614285714,2.814812857142857,21,0.490898,0.5111695714285713,0.054952428057886055,0.04769899999999999,0.462553,0.620107,0.490480475,0.5366661964285713,21,3.451578,3.516097095238095,0.18813996431271712,0.22076200000000012,3.284361,3.820181,3.4409692392857143,3.599607441666666,7.448814666666666,389.0309028053459
WBC,1024,Mean Intensity,1024,1024,1.0485760000000002,21,0.679539,0.6893255714285714,0.05582047918602224,0.04100499999999996,0.639233,0.803581,0.666731692857143,0.7134157928571427,21,0.490898,0.5111695714285713,0.054952428057886055,0.04769899999999999,0.462553,0.620107,0.490480475,0.5366661964285713,21,1.412118,1.4305664761904764,0.15804350610690052,0.13473199999999985,1.269775,1.683579,1.3693129345238095,1.4981996238095239,7.448814666666666,1543.0696398587868
WBC,1024,Intensity Variance,1024,1024,1.0485760000000002,21,1.853134,1.9057830952380956,0.14654783144451672,0.10246,1.783775,2.095826,1.8519040702380953,1.973626842857143,21,0.490898,0.5111695714285713,0.054952428057886055,0.04769899999999999,0.462553,0.620107,0.490480475,0.5366661964285713,21,2.818256,2.8644959047619047,0.3027382046466724,0.33276099999999964,2.557498,3.27547,2.744904420238095,3.0042674238095235,7.448814666666666,565.8392755192016
WBC,1024,Intensity Range Index,1024,1024,1.0485760000000002,21,0.886053,0.9198776666666665,0.07764284605186322,0.14375800000000005,0.836367,1.027855,0.888809082142857,0.9523586321428571,21,0.490898,0.5111695714285713,0.054952428057886055,0.04769899999999999,0.462553,0.620107,0.490480475,0.5366661964285713,21,1.829561,1.7991469523809525,0.24015327730211725,0.5011209999999997,1.504901,2.122072,1.702692517857143,1.9016341797619047,7.448814666666666,1183.423564956047
WBC,1024,Maximal Intensity,1024,1024,1.0485760000000002,21,0.642935,0.6451471428571429,0.06301714545049285,0.07067499999999993,0.580966,0.701929,0.6206661547619048,0.6735194821428572,21,0.490898,0.5111695714285713,0.054952428057886055,0.04769899999999999,0.462553,0.620107,0.490480475,0.5366661964285713,21,1.284501,1.3203109523809524,0.12014761851633854,0.14585499999999985,1.206559,1.491933,1.2758255011904764,1.3749219654761904,7.448814666666666,1630.9206996041592
WBC,1024,Laplacian Energy,1024,1024,1.0485760000000002,21,10.693425,12.187518523809523,3.7200156839728593,5.434557999999999,9.038565,20.332776,10.709099098809524,13.95001199880952,21,0.490898,0.5111695714285713,0.054952428057886055,0.04769899999999999,0.462553,0.620107,0.490480475,0.5366661964285713,21,11.0085,12.391457857142857,2.714975627586301,3.5869280000000003,10.069136,17.598579,11.34241491547619,13.587833804761903,7.448814666666666,98.05801228324884
WBC,1024,Mean Absolute Laplacian,1024,1024,1.0485760000000002,21,14.440244,14.280363571428571,0.4782653501300894,0.48026700000000133,13.22702,14.836352,14.075975304761908,14.461960010714282,21,0.490898,0.5111695714285713,0.054952428057886055,0.04769899999999999,0.462553,0.620107,0.490480475,0.5366661964285713,21,15.105282,15.258839619047617,0.5794064700849029,0.6823499999999996,14.595853,15.925621,15.039326034523809,15.517055605952379,7.448814666666666,72.61483947224161
WBC,1024,Spatial Frequency,1024,1024,1.0485760000000002,21,4.900483,4.927309714285714,0.40247854306523495,0.390498,4.323629,5.617756,4.7676472797619045,5.097383423809524,21,0.490898,0.5111695714285713,0.054952428057886055,0.04769899999999999,0.462553,0.620107,0.490480475,0.5366661964285713,21,5.868873,5.966657047619047,0.5210135916863856,0.9485590000000004,5.34389,6.68038,5.757554701190476,6.187438382142858,7.448814666666666,213.97401031694224
WBC,1024,Modified Tenengrad,1024,1024,1.0485760000000002,21,32.908469,33.28372095238095,1.8543698480761728,1.610552999999996,31.499726,37.153017,32.56012318333333,34.065741826190475,21,0.490898,0.5111695714285713,0.054952428057886055,0.04769899999999999,0.462553,0.620107,0.490480475,0.5366661964285713,21,33.867038,34.00121657142857,1.1760486853433223,1.6058140000000023,32.530582,35.526279,33.50552697857142,34.50280026190476,7.448814666666666,31.86340877784379
WBC,1024,Absolute Central Moment 2,1024,1024,1.0485760000000002,21,3.053625,3.5863952857142856,2.049735925800471,0.32429299999999994,2.843774,4.075575,3.037919545238095,4.539855739285714,21,0.490898,0.5111695714285713,0.054952428057886055,0.04769899999999999,0.462553,0.620107,0.490480475,0.5366661964285713,21,3.858922,3.949475523809524,0.28004056721546955,0.3855569999999999,3.595704,4.365417,3.839614366666667,4.068713510714286,7.448814666666666,343.3872856031766
WBC,1024,Absolute Central Moment 4,1024,1024,1.0485760000000002,21,15.170771,15.381523809523808,0.9576817557136411,0.6298659999999998,14.480379,17.009102,15.028005282142859,15.818142614285708,21,0.490898,0.5111695714285713,0.054952428057886055,0.04769899999999999,0.462553,0.620107,0.490480475,0.5366661964285713,21,15.884825,16.07407523809524,0.6899394921765897,1.0551510000000004,15.174452,17.080029,15.791956013095236,16.365272410714283,7.448814666666666,69.11817467945434
WBC,1024,Image Power,1024,1024,1.0485760000000002,21,1.412244,1.4110767142857146,0.11723940291563364,0.181624,1.26619,1.592082,1.3658083178571427,1.4601235607142857,21,0.490898,0.5111695714285713,0.054952428057886055,0.04769899999999999,0.462553,0.620107,0.490480475,0.5366661964285713,21,2.102268,2.2103669523809524,0.4327803625506218,0.1750510000000003,1.895334,2.912923,2.060243486904762,2.413328370238095,7.448814666666666,742.4892582301643
TBI,native,Tenengrad,2112,2816,5.947391999999998,21,24.175436,25.24671566666667,5.663617970996863,1.059787,22.955512,25.290691,23.79523941190476,27.850676614285714,21,7.126106,11.214210238095237,5.331884799455779,9.506787000000001,6.614924,18.305274,9.032936845238096,13.516036592857139,21,35.323075,36.96512442857143,5.267906562398289,4.312797000000003,32.828656,50.37374,34.97697520357143,39.48426171190476,224.10748571428567,246.00971002136208
TBI,native,Brenner Gradient,2112,2816,5.947391999999998,21,13.875011,14.659524714285713,2.7402378545014323,0.9606349999999999,13.380689,15.571305,13.880504371428572,16.02910890833333,21,7.126106,11.214210238095237,5.331884799455779,9.506787000000001,6.614924,18.305274,9.032936845238096,13.516036592857139,21,21.711352,22.153616095238092,2.3028084107881814,0.819506999999998,20.727047,22.605631,21.49899161904762,23.22605029761905,224.10748571428567,428.6405250417457
TBI,native,Variance of Laplacian,2112,2816,5.947391999999998,21,15.629081,15.783161428571429,0.7738083959283184,1.0561179999999997,14.882411,16.739613,15.464923551190477,16.108630454761908,21,7.126106,11.214210238095237,5.331884799455779,9.506787000000001,6.614924,18.305274,9.032936845238096,13.516036592857139,21,25.14052,25.280319333333335,0.9988994547919894,1.3236869999999996,24.036179,26.825978,24.866648322619053,25.696483966666666,224.10748571428567,380.53369868644216
TBI,native,Sum Modified Laplacian,2112,2816,5.947391999999998,21,36.732091,36.792195380952386,3.8877162342173266,4.828975,32.762725,40.697202,35.26306707976191,38.50162261666667,21,7.126106,11.214210238095237,5.331884799455779,9.506787000000001,6.614924,18.305274,9.032936845238096,13.516036592857139,21,46.257272,46.87825961904761,2.833539290064151,1.590711000000006,44.488787,49.510176,45.90228464880952,48.258762727380955,224.10748571428567,161.9126991708694
TBI,native,Normalized Variance,2112,2816,5.947391999999998,21,16.117637,16.598423714285715,2.3995132923176343,0.8508330000000015,15.386366,17.649756,15.869086140476192,17.720033729761905,21,7.126106,11.214210238095237,5.331884799455779,9.506787000000001,6.614924,18.305274,9.032936845238096,13.516036592857139,21,23.024582,23.815525571428573,2.8459673071496017,0.8687229999999992,22.092757,31.510784,22.821513933333335,25.11601780119048,224.10748571428567,368.99900401032727
TBI,native,Energy of Gradient,2112,2816,5.947391999999998,21,23.999134,25.943418095238094,6.30344948541821,1.3965229999999984,22.891845,37.696668,23.870309042857137,28.959926697619046,21,7.126106,11.214210238095237,5.331884799455779,9.506787000000001,6.614924,18.305274,9.032936845238096,13.516036592857139,21,36.201145,37.06970023809524,3.993125095268753,5.489471000000002,32.717536,44.039416,35.51619627857143,38.737122059523806,224.10748571428567,247.81694206132593
TBI,native,Histogram Entropy,2112,2816,5.947391999999998,21,55.415889,56.1149741904762,3.9208095237464886,1.918879000000004,52.951093,59.075346,54.81050158095239,57.918711941666665,21,7.126106,11.214210238095237,5.331884799455779,9.506787000000001,6.614924,18.305274,9.032936845238096,13.516036592857139,21,61.785437,62.54263604761904,4.2187462803729305,1.7980429999999998,59.969574,63.628952,61.2801610952381,64.5433446095238,224.10748571428567,107.32286546914365
TBI,native,GLCM Contrast,2112,2816,5.947391999999998,21,1497.041155,1457.0435619999998,133.024016174431,20.747371000000157,1239.528388,1509.321605,1392.6559848761904,1498.318229795238,21,7.126106,11.214210238095237,5.331884799455779,9.506787000000001,6.614924,18.305274,9.032936845238096,13.516036592857139,21,1492.391059,1440.4917592380953,167.8245191069926,13.013166000000183,937.515154,1508.411258,1360.7926272904765,1495.0795275678572,224.10748571428567,3.9727645296431406
TBI,native,Variance of Gradient,2112,2816,5.947391999999998,21,36.999977,38.54000014285714,5.849015851875932,5.949522999999999,33.807436,48.349364,36.47137689880952,41.17725530119047,21,7.126106,11.214210238095237,5.331884799455779,9.506787000000001,6.614924,18.305274,9.032936845238096,13.516036592857139,21,45.611745,45.81993309523809,6.679749805872777,10.482289999999999,38.246017,57.937526,43.08876184880953,48.60834679285715,224.10748571428567,160.74042424404743
TBI,native,Fourier Transform Sharpness Index,2112,2816,5.947391999999998,21,209.08159,209.26574771428574,3.8818815260127653,4.879087999999996,205.005793,215.33614,207.66596046666663,211.03617153333334,21,7.126106,11.214210238095237,5.331884799455779,9.506787000000001,6.614924,18.305274,9.032936845238096,13.516036592857139,21,216.076368,222.83679614285714,19.07354999282108,7.312933000000015,207.929463,261.599286,215.82845293571432,230.93808839642855,224.10748571428567,28.44531649104064
TBI,native,Fourier High Frequency Energy Ratio,2112,2816,5.947391999999998,21,221.358443,224.202478,12.753783472003196,10.769926999999996,210.920424,249.851625,219.23764833333334,230.058001825,21,7.126106,11.214210238095237,5.331884799455779,9.506787000000001,6.614924,18.305274,9.032936845238096,13.516036592857139,21,227.739618,230.96127099999998,11.659228363039798,7.26803000000001,219.453983,251.550731,226.66113497857137,235.86968123452382,224.10748571428567,26.86769892034341
TBI,native,Roberts Focus Measure,2112,2816,5.947391999999998,21,26.939454,27.646706904761903,2.702061528862267,0.8706639999999979,26.344986,29.283782,26.843223820238094,28.981684715476188,21,7.126106,11.214210238095237,5.331884799455779,9.506787000000001,6.614924,18.305274,9.032936845238096,13.516036592857139,21,33.864123,34.95649452380953,3.676001113881383,2.660114,32.480974,37.488118,33.768669838095235,36.620909469047625,224.10748571428567,220.76883963572527
TBI,native,Wavelet W1,2112,2816,5.947391999999998,21,132.830732,133.05609409523808,3.456752981002952,4.773050999999981,128.056632,138.723796,131.67694095238093,134.5357448702381,21,7.126106,11.214210238095237,5.331884799455779,9.506787000000001,6.614924,18.305274,9.032936845238096,13.516036592857139,21,140.490853,141.35969738095235,3.4386633157641118,4.082837999999981,137.680304,146.280868,140.00027349404763,142.88808018809522,224.10748571428567,44.77421685818909
TBI,native,Wavelet W2,2112,2816,5.947391999999998,21,146.462638,146.70755380952383,3.8971710966221336,5.297121000000004,141.027517,151.066068,145.17895441071428,148.29060187500002,21,7.126106,11.214210238095237,5.331884799455779,9.506787000000001,6.614924,18.305274,9.032936845238096,13.516036592857139,21,154.648571,153.98768071428572,3.023750396215156,4.967783999999995,149.660283,158.31996,152.79391426190475,155.28088042976188,224.10748571428567,40.606888427067645
TBI,native,Wavelet W3,2112,2816,5.947391999999998,21,101.012181,112.68879985714284,21.777534880128822,23.095050999999998,96.089978,151.307072,104.55761732380951,122.37291505,21,7.126106,11.214210238095237,5.331884799455779,9.506787000000001,6.614924,18.305274,9.032936845238096,13.516036592857139,21,107.740375,121.156992,23.721988286077085,42.74744199999999,103.801731,161.277011,111.86766108214283,132.08388741309523,224.10748571428567,58.87796839076268
TBI,native,Wavelet Detail Energy (db1),2112,2816,5.947391999999998,21,135.828973,137.49699376190478,5.453904151113576,5.357191999999998,133.212105,141.709576,135.51332836309524,139.9620658511905,21,7.126106,11.214210238095237,5.331884799455779,9.506787000000001,6.614924,18.305274,9.032936845238096,13.516036592857139,21,143.888445,144.19815180952378,2.672486128084667,3.1433020000000056,140.54278,148.097478,143.1381273702381,145.3742129047619,224.10748571428567,43.78588653541537
TBI,native,Curvelet Transform Sharpness Index,2112,2816,5.947391999999998,21,133.608155,135.01995666666667,4.70570066814187,4.015900999999985,129.96902,145.92743,133.22227581547617,137.10130675833332,21,7.126106,11.214210238095237,5.331884799455779,9.506787000000001,6.614924,18.305274,9.032936845238096,13.516036592857139,21,141.781919,142.7745832857143,5.30866616283627,3.0200959999999952,138.607385,149.386689,140.94012678809528,145.33144832857144,224.10748571428567,44.51369005132956
TBI,native,DCT Focus Measure,2112,2816,5.947391999999998,21,70.25821,72.43968657142857,8.407698656528423,3.1036909999999978,67.189786,81.551148,69.66703905595237,76.47284351547619,21,7.126106,11.214210238095237,5.331884799455779,9.506787000000001,6.614924,18.305274,9.032936845238096,13.516036592857139,21,76.608845,77.63317485714285,4.1175365879681785,3.229734999999991,74.734564,82.905354,76.1872272892857,79.5578782452381,224.10748571428567,84.65049138029559
TBI,native,Intensity Skewness Index,2112,2816,5.947391999999998,21,58.240035,58.81556757142857,3.052478309728271,4.7231140000000025,55.085576,63.958513,57.50067391071428,60.11238240714285,21,7.126106,11.214210238095237,5.331884799455779,9.506787000000001,6.614924,18.305274,9.032936845238096,13.516036592857139,21,68.955251,68.54089099999999,2.675923392835957,4.852987999999996,64.300183,71.657655,67.45249004404764,69.65811203214287,224.10748571428567,102.11861994931834
TBI,native,Squared Gradient,2112,2816,5.947391999999998,21,24.517333,25.716818,2.9677044610500047,1.9881659999999997,23.249709,29.980158,24.58317554761905,27.01031671309524,21,7.126106,11.214210238095237,5.331884799455779,9.506787000000001,6.614924,18.305274,9.032936845238096,13.516036592857139,21,37.956187,37.95590995238095,5.414214497756082,5.087117999999997,32.566292,41.834212,35.99059435357143,40.49263245357143,224.10748571428567,242.57907660674175
TBI,native,Gradient Squared Energy,2112,2816,5.947391999999998,21,23.745488,25.71127061904762,6.762088027419056,0.808167000000001,23.15724,41.434881,23.548626909523808,28.774630709523795,21,7.126106,11.214210238095237,5.331884799455779,9.506787000000001,6.614924,18.305274,9.032936845238096,13.516036592857139,21,35.329513,36.57343619047619,3.272093321195266,5.104914000000001,32.745242,41.632256,35.26241974880953,37.93280949404761,224.10748571428567,250.46408816698136
TBI,native,Mean Intensity,2112,2816,5.947391999999998,21,6.403091,6.636107857142859,0.9055718608236613,0.36218100000000053,6.229933,6.75419,6.387376310714287,7.047482709523809,21,7.126106,11.214210238095237,5.331884799455779,9.506787000000001,6.614924,18.305274,9.032936845238096,13.516036592857139,21,13.471373,13.82308680952381,1.0063666503463644,0.6935899999999986,12.98309,15.371808,13.442953619047618,14.315598890476188,224.10748571428567,928.8314034581108
TBI,native,Intensity Variance,2112,2816,5.947391999999998,21,21.625823,21.876111857142856,1.0154628260875078,0.8571549999999988,20.730719,23.077048,21.505736821428574,22.307291130952382,21,7.126106,11.214210238095237,5.331884799455779,9.506787000000001,6.614924,18.305274,9.032936845238096,13.516036592857139,21,28.392411,29.530902047619048,3.062109470855026,1.4669169999999987,27.517144,36.228356,28.480508934523815,31.013966116666666,224.10748571428567,275.013441106958
TBI,native,Intensity Range Index,2112,2816,5.947391999999998,21,8.012533,8.296933904761906,0.9367220909915013,0.3279739999999993,7.848038,9.55286,8.006618452380952,8.707408927380953,21,7.126106,11.214210238095237,5.331884799455779,9.506787000000001,6.614924,18.305274,9.032936845238096,13.516036592857139,21,15.240575,15.777956857142856,1.3320914908567758,0.6366110000000003,14.917908,17.775667,15.26922660833333,16.405715335714287,224.10748571428567,742.2611551178634
TBI,native,Maximal Intensity,2112,2816,5.947391999999998,21,5.819604,6.052067857142856,0.9784577693803799,0.16178000000000026,5.666458,6.315539,5.793925436904761,6.500233577380952,21,7.126106,11.214210238095237,5.331884799455779,9.506787000000001,6.614924,18.305274,9.032936845238096,13.516036592857139,21,12.865244,13.181515190476189,1.3152297140384495,0.5049430000000008,12.46083,13.59297,12.805301334523808,13.807263080952382,224.10748571428567,1021.9581950936864
TBI,native,Laplacian Energy,2112,2816,5.947391999999998,21,166.474072,166.52583985714287,2.744149642524567,4.774254000000013,162.817655,170.662356,165.41733652261908,167.73288187261906,21,7.126106,11.214210238095237,5.331884799455779,9.506787000000001,6.614924,18.305274,9.032936845238096,13.516036592857139,21,173.584099,175.7336595238095,8.66319543532847,5.46311,169.167411,197.391179,172.68990917142858,179.7441001,224.10748571428567,35.72563540104911
TBI,native,Mean Absolute Laplacian,2112,2816,5.947391999999998,21,167.340068,168.0779308571429,4.789626802891267,4.405796000000009,163.137908,176.425882,166.18325640357145,170.29193070714285,21,7.126106,11.214210238095237,5.331884799455779,9.506787000000001,6.614924,18.305274,9.032936845238096,13.516036592857139,21,172.694329,173.1590958095238,4.107779673350685,4.463422000000008,168.499055,180.553862,171.66875203809525,174.92429223690476,224.10748571428567,35.5407528578272
TBI,native,Spatial Frequency,2112,2816,5.947391999999998,21,48.479966,48.316831619047626,1.618694327907016,2.4655740000000037,45.939129,50.539237,47.62398820357143,48.99313371428572,21,7.126106,11.214210238095237,5.331884799455779,9.506787000000001,6.614924,18.305274,9.032936845238096,13.516036592857139,21,55.848206,56.796284809523804,4.1315753892107745,3.7290789999999987,53.200278,60.066006,55.309672415476186,58.705535674999986,224.10748571428567,122.67731375884212
TBI,native,Modified Tenengrad,2112,2816,5.947391999999998,21,378.510835,382.165782952381,10.226878164687568,17.191967000000034,371.170573,398.829141,378.23563981666666,386.4689280154762,21,7.126106,11.214210238095237,5.331884799455779,9.506787000000001,6.614924,18.305274,9.032936845238096,13.516036592857139,21,385.945574,388.4968125714286,9.818720150919344,10.68273499999998,378.119719,399.346756,384.731061125,393.0121466773809,224.10748571428567,15.712607011632832
TBI,native,Absolute Central Moment 2,2112,2816,5.947391999999998,21,30.440099,30.628004476190476,1.0539936525440574,0.24947299999999828,29.59295,32.417332,30.257045107142858,31.13468766309523,21,7.126106,11.214210238095237,5.331884799455779,9.506787000000001,6.614924,18.305274,9.032936845238096,13.516036592857139,21,37.425738,38.04940061904762,2.3455462190408536,1.0893269999999973,36.398453,41.077388,37.20843991309523,39.12234444523809,224.10748571428567,195.38017928259686
TBI,native,Absolute Central Moment 4,2112,2816,5.947391999999998,21,103.120812,102.93566847619047,2.098891370711635,2.758488,99.837461,106.331483,102.06379957738096,103.83340755119048,21,7.126106,11.214210238095237,5.331884799455779,9.506787000000001,6.614924,18.305274,9.032936845238096,13.516036592857139,21,108.984563,110.80879333333334,5.5229230442196675,2.829976000000002,107.314486,126.661173,108.8589228845238,113.30808160000001,224.10748571428567,57.67402219447222
TBI,native,Image Power,2112,2816,5.947391999999998,21,15.392909,15.589693619047617,0.8196871994726084,0.34540299999999924,14.997435,16.391248,15.326669286904764,15.983953335714284,21,7.126106,11.214210238095237,5.331884799455779,9.506787000000001,6.614924,18.305274,9.032936845238096,13.516036592857139,21,22.958136,23.242053619047617,0.8686883869302315,1.0965930000000021,22.21026,24.400245,22.901092936904764,23.62751164047619,224.10748571428567,386.3721925465809
TBI,128,Tenengrad,96,128,0.012288,21,0.039925,0.043018714285714285,0.010714867214029566,0.004421000000000001,0.034364,0.058411,0.03955932142857142,0.04819126666666666,21,8.677695,8.708944285714287,0.37251269377487567,0.4149440000000002,8.315435,9.259678,8.562996032142859,8.864913709523808,21,16.400944,16.19243152380952,0.8836829136949306,0.571987,15.741697,16.806484,15.781184394047619,16.47947987142857,224.10748571428567,307.777082028804
TBI,128,Brenner Gradient,96,128,0.012288,21,0.022062,0.02214776190476191,0.002857606986706917,0.004454,0.018314,0.02562,0.020986460714285712,0.023353890476190475,21,8.677695,8.708944285714287,0.37251269377487567,0.4149440000000002,8.315435,9.259678,8.562996032142859,8.864913709523808,21,15.635798,15.962220142857142,2.6330771193662046,0.32213599999999865,14.314513,16.067279,15.11088075595238,17.185820736904763,224.10748571428567,556.9757954854501
TBI,128,Variance of Laplacian,96,128,0.012288,21,0.046642,0.04917314285714286,0.012105825045347856,0.010034000000000001,0.03548,0.078642,0.04446995,0.05448774523809523,21,8.677695,8.708944285714287,0.37251269377487567,0.4149440000000002,8.315435,9.259678,8.562996032142859,8.864913709523808,21,16.108561,15.975662380952382,0.9719193396491538,0.5688120000000012,14.703314,16.789695,15.53297976547619,16.31654790119048,224.10748571428567,263.453539728142
TBI,128,Sum Modified Laplacian,96,128,0.012288,21,0.064573,0.06538295238095239,0.011340373646737529,0.009788999999999999,0.049928,0.089767,0.06078043095238094,0.0702422988095238,21,8.677695,8.708944285714287,0.37251269377487567,0.4149440000000002,8.315435,9.259678,8.562996032142859,8.864913709523808,21,15.935985,16.005264809523812,0.4125246295761766,0.47540599999999955,15.513044,16.542364,15.848328925,16.17870575,224.10748571428567,190.29625385222926
TBI,128,Normalized Variance,96,128,0.012288,21,0.042326,0.04840480952380952,0.02128068195011393,0.009803,0.034044,0.076825,0.041304691666666664,0.05792774642857142,21,8.677695,8.708944285714287,0.37251269377487567,0.4149440000000002,8.315435,9.259678,8.562996032142859,8.864913709523808,21,15.85111,15.84539961904762,0.3366766252627996,0.34361400000000053,15.361571,16.433974,15.705891717857147,15.982084567857143,224.10748571428567,290.3180078438785
TBI,128,Energy of Gradient,96,128,0.012288,21,0.042982,0.045207142857142855,0.009306699749565979,0.007653,0.035397,0.060043,0.04173452857142857,0.049539520238095235,21,8.677695,8.708944285714287,0.37251269377487567,0.4149440000000002,8.315435,9.259678,8.562996032142859,8.864913709523808,21,16.216358,16.24366995238095,0.9022353178023167,0.929252,15.361803,17.511121,15.86233326785714,16.62201794404762,224.10748571428567,285.88711553673636
TBI,128,Histogram Entropy,96,128,0.012288,21,0.086784,0.09047342857142857,0.018271354748817695,0.020529000000000006,0.067634,0.123665,0.08315308452380951,0.09822372261904763,21,8.677695,8.708944285714287,0.37251269377487567,0.4149440000000002,8.315435,9.259678,8.562996032142859,8.864913709523808,21,15.964488,16.535525,2.94999266828533,0.4178189999999997,15.49162,16.582615,15.672257608333332,17.92768707142857,224.10748571428567,141.5929203539823
TBI,128,GLCM Contrast,96,128,0.012288,21,2.996049,3.055621666666667,0.15751921096816518,0.14092899999999986,2.923413,3.217747,2.9953866380952383,3.125099923809524,21,8.677695,8.708944285714287,0.37251269377487567,0.4149440000000002,8.315435,9.259678,8.562996032142859,8.864913709523808,21,18.723262,19.191005999999998,2.227148347412426,0.6424619999999983,18.1844,21.740976,18.395355778571428,20.213088245238094,224.10748571428567,4.1014015458358655
TBI,128,Variance of Gradient,96,128,0.012288,21,0.064085,0.06542733333333332,0.00969897046254567,0.008866000000000006,0.04872,0.07549,0.06148727261904762,0.0698165607142857,21,8.677695,8.708944285714287,0.37251269377487567,0.4149440000000002,8.315435,9.259678,8.562996032142859,8.864913709523808,21,15.84573,15.937356809523811,0.5756079459614521,0.7337929999999986,15.29773,16.82334,15.721915014285717,16.18743919285714,224.10748571428567,191.74533822267298
TBI,128,Fourier Transform Sharpness Index,96,128,0.012288,21,0.216134,0.22153280952380952,0.03350795271218319,0.03822400000000001,0.17233,0.275101,0.20749472023809526,0.23660907976190476,21,8.677695,8.708944285714287,0.37251269377487567,0.4149440000000002,8.315435,9.259678,8.562996032142859,8.864913709523808,21,16.652226,16.674203190476195,0.4032652603625333,0.7875680000000003,16.157465,17.301392,16.509431905952383,16.842730102380955,224.10748571428567,56.85361858846827
TBI,128,Fourier High Frequency Energy Ratio,96,128,0.012288,21,0.251952,0.24961704761904763,0.016134483897776806,0.021718000000000015,0.225454,0.278997,0.24264577619047617,0.25640032976190474,21,8.677695,8.708944285714287,0.37251269377487567,0.4149440000000002,8.315435,9.259678,8.562996032142859,8.864913709523808,21,16.396239,16.260326333333335,0.8769120239236281,0.4967989999999993,15.881312,17.207093,15.848009433333335,16.559236679761906,224.10748571428567,48.771194513240616
TBI,128,Roberts Focus Measure,96,128,0.012288,21,0.039764,0.040913476190476195,0.005844884076002259,0.0041069999999999995,0.032011,0.048895,0.038590021428571424,0.0435155619047619,21,8.677695,8.708944285714287,0.37251269377487567,0.4149440000000002,8.315435,9.259678,8.562996032142859,8.864913709523808,21,15.872726,15.869362428571431,0.7292321759724797,0.5574529999999989,15.370398,16.766041,15.539687542857147,16.138725063095244,224.10748571428567,309.02323709888344
TBI,128,Wavelet W1,96,128,0.012288,21,0.127235,0.1311532857142857,0.017922550946064732,0.012931999999999999,0.110661,0.159051,0.12406553809523808,0.13916762500000002,21,8.677695,8.708944285714287,0.37251269377487567,0.4149440000000002,8.315435,9.259678,8.562996032142859,8.864913709523808,21,16.327087,16.581197666666668,0.6578266398051491,0.9479450000000007,15.858557,17.578269,16.301961764285718,16.867409205952377,224.10748571428567,96.57719966990217
TBI,128,Wavelet W2,96,128,0.012288,21,0.172646,0.17736790476190478,0.021188438604353932,0.016808000000000017,0.160334,0.202095,0.1693014154761905,0.18737938571428572,21,8.677695,8.708944285714287,0.37251269377487567,0.4149440000000002,8.315435,9.259678,8.562996032142859,8.864913709523808,21,16.627236,17.655518380952383,5.271006488803589,0.529873000000002,16.206751,17.868911,16.212891344047616,20.06403096785714,224.10748571428567,71.17454212666382
TBI,128,Wavelet W3,96,128,0.012288,21,0.194201,0.19849066666666668,0.01799287320394754,0.02016799999999999,0.181154,0.222082,0.19149832500000002,0.20650943095238092,21,8.677695,8.708944285714287,0.37251269377487567,0.4149440000000002,8.315435,9.259678,8.562996032142859,8.864913709523808,21,16.107731,15.935908952380952,0.7767474449465201,0.4570629999999998,15.60129,16.476884,15.565449353571431,16.18578176547619,224.10748571428567,63.27464843126451
TBI,128,Wavelet Detail Energy (db1),96,128,0.012288,21,0.130768,0.14213685714285715,0.03461143352605569,0.023647,0.11942,0.181311,0.13002540952380953,0.1585826702380952,21,8.677695,8.708944285714287,0.37251269377487567,0.4149440000000002,8.315435,9.259678,8.562996032142859,8.864913709523808,21,16.379626,16.27315742857143,0.9616899157046709,0.47737800000000163,15.505594,17.111429,15.838554195238094,16.60768495595238,224.10748571428567,93.96794322770097
TBI,128,Curvelet Transform Sharpness Index,96,128,0.012288,21,0.128845,0.13198604761904761,0.014891558727937756,0.01720999999999999,0.112104,0.157952,0.12586225,0.1380256511904762,21,8.677695,8.708944285714287,0.37251269377487567,0.4149440000000002,8.315435,9.259678,8.562996032142859,8.864913709523808,21,16.4144,16.37112747619048,0.4312561090179035,0.3503849999999993,15.649699,16.982405,16.19351433333333,16.552225804761903,224.10748571428567,95.370406302146
TBI,128,DCT Focus Measure,96,128,0.012288,21,0.090883,0.0933462857142857,0.010266262158852449,0.013505000000000003,0.078965,0.109521,0.08916348928571428,0.0978171357142857,21,8.677695,8.708944285714287,0.37251269377487567,0.4149440000000002,8.315435,9.259678,8.562996032142859,8.864913709523808,21,15.834689,15.70449695238095,0.8478362639802852,0.41947199999999896,14.913589,16.519727,15.314634160714286,16.00095985714286,224.10748571428567,135.20680435284928
TBI,128,Intensity Skewness Index,96,128,0.012288,21,0.139138,0.14422814285714283,0.014253115418341754,0.022804999999999992,0.128797,0.17095,0.1386113619047619,0.1505368226190476,21,8.677695,8.708944285714287,0.37251269377487567,0.4149440000000002,8.315435,9.259678,8.562996032142859,8.864913709523808,21,15.748122,15.665879857142857,0.9181103871954225,0.33214000000000077,14.531924,16.559371,15.242708076190478,15.987321483333332,224.10748571428567,88.31519786111629
TBI,128,Squared Gradient,96,128,0.012288,21,0.045312,0.046656666666666666,0.012241687654622352,0.011819000000000003,0.032585,0.070655,0.041951611904761904,0.052054552380952385,21,8.677695,8.708944285714287,0.37251269377487567,0.4149440000000002,8.315435,9.259678,8.562996032142859,8.864913709523808,21,15.584927,16.713339095238094,4.511237214882353,1.3163910000000012,15.095798,17.357723,15.460809559523808,18.78679004404762,224.10748571428567,271.1864406779661
TBI,128,Gradient Squared Energy,96,128,0.012288,21,0.043311,0.0444922380952381,0.006442742326872633,0.005778999999999999,0.036687,0.056844,0.04205984761904762,0.04702404761904762,21,8.677695,8.708944285714287,0.37251269377487567,0.4149440000000002,8.315435,9.259678,8.562996032142859,8.864913709523808,21,16.087633,16.217230285714283,0.5054572572479437,0.7686020000000013,15.519989,16.852191,16.00960978809524,16.423675934523803,224.10748571428567,283.71545334903374
TBI,128,Mean Intensity,96,128,0.012288,21,0.013622,0.013901761904761908,0.0034839950904781984,0.0012259999999999997,0.009192,0.019936,0.01256255,0.015413542857142857,21,8.677695,8.708944285714287,0.37251269377487567,0.4149440000000002,8.315435,9.259678,8.562996032142859,8.864913709523808,21,15.586265,15.447443285714288,0.6981408344740436,0.3769840000000002,14.52576,16.168571,15.115700682142856,15.694470488095236,224.10748571428567,902.0701805902216
TBI,128,Intensity Variance,96,128,0.012288,21,0.032482,0.033013333333333325,0.008041153022628866,0.006429000000000001,0.021649,0.039478,0.030049957142857138,0.03653974642857143,21,8.677695,8.708944285714287,0.37251269377487567,0.4149440000000002,8.315435,9.259678,8.562996032142859,8.864913709523808,21,15.950418,16.005695761904764,0.4244186127056521,0.47535499999999864,15.404872,16.730247,15.833811209523812,16.17402847976191,224.10748571428567,378.301828705129
TBI,128,Intensity Range Index,96,128,0.012288,21,0.01499,0.014853380952380953,0.002784201509880175,0.002695000000000001,0.010588,0.019559,0.01368662380952381,0.016004646428571433,21,8.677695,8.708944285714287,0.37251269377487567,0.4149440000000002,8.315435,9.259678,8.562996032142859,8.864913709523808,21,15.43162,16.352291047619048,5.000704180245673,0.5353769999999987,14.839306,16.585208,14.985512639285714,18.64778952857143,224.10748571428567,819.74649766511
TBI,128,Maximal Intensity,96,128,0.012288,21,0.012522,0.012320571428571429,0.0021962512281482865,0.0020230000000000005,0.008243,0.014925,0.011357065476190477,0.01320081904761905,21,8.677695,8.708944285714287,0.37251269377487567,0.4149440000000002,8.315435,9.259678,8.562996032142859,8.864913709523808,21,16.426042,16.250636047619047,1.1515530921850483,1.0152669999999997,15.290601,17.489084,15.707669920238093,16.645737375,224.10748571428567,981.312889314806
TBI,128,Laplacian Energy,96,128,0.012288,21,0.159886,0.16407390476190478,0.03420681331095424,0.01869599999999999,0.136264,0.185094,0.1519833988095238,0.17971275833333328,21,8.677695,8.708944285714287,0.37251269377487567,0.4149440000000002,8.315435,9.259678,8.562996032142859,8.864913709523808,21,16.278258,16.501568333333335,0.9227215992644442,0.6361290000000004,15.32042,18.141271,16.118075414285713,16.900437057142852,224.10748571428567,76.85475901579875
TBI,128,Mean Absolute Laplacian,96,128,0.012288,21,0.162507,0.16940285714285713,0.03518666054669826,0.01613400000000001,0.138227,0.219404,0.1570974714285715,0.18541306666666668,21,8.677695,8.708944285714287,0.37251269377487567,0.4149440000000002,8.315435,9.259678,8.562996032142859,8.864913709523808,21,16.509821,16.56661552380952,1.1250383275647817,0.3981710000000014,16.118058,18.062533,16.065868533333333,17.016917142857142,224.10748571428567,75.61520426812383
TBI,128,Spatial Frequency,96,128,0.012288,21,0.026446,0.026870047619047616,0.004203444390927402,0.0036689999999999987,0.021672,0.031136,0.02532897380952381,0.028725344047619047,21,8.677695,8.708944285714287,0.37251269377487567,0.4149440000000002,8.315435,9.259678,8.562996032142859,8.864913709523808,21,12.535645,13.082702904761906,1.1971788807369976,0.9374529999999996,11.953897,15.086542,12.597282035714287,13.634510604761905,224.10748571428567,464.64493685245407
TBI,128,Modified Tenengrad,96,128,0.012288,21,0.366021,0.3616748571428571,0.036690205933308295,0.05707200000000001,0.313197,0.405541,0.3468105738095238,0.3777714738095238,21,8.677695,8.708944285714287,0.37251269377487567,0.4149440000000002,8.315435,9.259678,8.562996032142859,8.864913709523808,21,16.527813,16.848280428571428,0.7219836547112111,0.9195010000000003,16.123791,18.095462,16.577190721428572,17.166885791666665,224.10748571428567,33.57184423844534
TBI,128,Absolute Central Moment 2,96,128,0.012288,21,0.028816,0.03127752380952381,0.007022435885211396,0.003278000000000003,0.025655,0.047091,0.028736376190476184,0.034369223809523806,21,8.677695,8.708944285714287,0.37251269377487567,0.4149440000000002,8.315435,9.259678,8.562996032142859,8.864913709523808,21,15.741173,15.745537333333331,1.035571389360209,0.9227029999999985,14.794519,16.998842,15.258746813095236,16.11441512738095,224.10748571428567,426.4297612437535
TBI,128,Absolute Central Moment 4,96,128,0.012288,21,0.165315,0.1749247142857143,0.021133865600364878,0.01238800000000001,0.158183,0.20984,0.1672194404761905,0.1849093261904762,21,8.677695,8.708944285714287,0.37251269377487567,0.4149440000000002,8.315435,9.259678,8.562996032142859,8.864913709523808,21,16.881255,16.656597523809527,1.5517276230284625,0.8505210000000005,15.834805,17.84509,15.895497832142857,17.162559296428572,224.10748571428567,74.33082297432175
TBI,128,Image Power,96,128,0.012288,21,0.014762,0.014922476190476189,0.0024285431356895356,0.0015709999999999995,0.010841,0.019414,0.013925364285714286,0.015912995238095237,21,8.677695,8.708944285714287,0.37251269377487567,0.4149440000000002,8.315435,9.259678,8.562996032142859,8.864913709523808,21,16.220031,16.077131095238094,0.8532186373166556,0.644025000000001,15.288841,16.810776,15.671445555952383,16.37102769285714,224.10748571428567,832.4075328546268
TBI,512,Tenengrad,384,512,0.196608,21,0.534616,0.5319254761904761,0.06439467278014467,0.07086099999999995,0.42297,0.636383,0.5052660023809522,0.5616822154761906,21,9.629226,11.772007047619045,3.2125810553673264,6.393504,9.307384,16.313315,10.508206035714286,13.069022578571426,21,17.516956,17.297106999999997,0.9037619522907566,0.47532399999999697,16.630999,17.880156,16.880272236904755,17.595294852380956,224.10748571428567,367.75554790728296
TBI,512,Brenner Gradient,384,512,0.196608,21,0.268766,0.28092880952380955,0.036599385566726456,0.04983899999999997,0.247458,0.354671,0.2663510071428571,0.29789757023809527,21,9.629226,11.772007047619045,3.2125810553673264,6.393504,9.307384,16.313315,10.508206035714286,13.069022578571426,21,17.050032,17.050141047619054,0.801019486532037,0.4365950000000005,16.71333,17.892914,16.67726034166667,17.33980227380953,224.10748571428567,731.5211001391546
TBI,512,Variance of Laplacian,384,512,0.196608,21,0.382604,0.38077457142857146,0.03643305726064096,0.047101000000000004,0.320734,0.431226,0.365117455952381,0.3966257642857143,21,9.629226,11.772007047619045,3.2125810553673264,6.393504,9.307384,16.313315,10.508206035714286,13.069022578571426,21,17.733498,18.31209966666667,3.5174748377813785,1.1355649999999997,16.363992,19.063456,17.191409939285716,19.99600716071428,224.10748571428567,513.8681247451674
TBI,512,Sum Modified Laplacian,384,512,0.196608,21,0.632513,0.6311565714285714,0.04063674363869652,0.04459400000000002,0.583997,0.694093,0.6153518654761905,0.649484482142857,21,9.629226,11.772007047619045,3.2125810553673264,6.393504,9.307384,16.313315,10.508206035714286,13.069022578571426,21,17.558794,17.66515257142857,0.4713752287718955,0.5100650000000009,17.253654,18.329064,17.492909748809524,17.885598648809523,224.10748571428567,310.8362990167791
TBI,512,Normalized Variance,384,512,0.196608,21,0.361031,0.3723324761904761,0.07455474676076572,0.045736,0.325564,0.442737,0.3474385523809524,0.4069635726190476,21,9.629226,11.772007047619045,3.2125810553673264,6.393504,9.307384,16.313315,10.508206035714286,13.069022578571426,21,17.438348,17.314346857142855,0.7407773207784027,0.35412900000000036,16.724506,18.254307,16.980833258333334,17.587972598809525,224.10748571428567,544.5737346654442
TBI,512,Energy of Gradient,384,512,0.196608,21,0.521376,0.5397584761904761,0.08385659742537796,0.06398699999999996,0.431885,0.655933,0.5055358678571429,0.5790701988095237,21,9.629226,11.772007047619045,3.2125810553673264,6.393504,9.307384,16.313315,10.508206035714286,13.069022578571426,21,17.78202,17.794906761904763,0.4279951584250583,0.5669170000000001,17.126337,18.487874,17.617477407142854,17.981341591666663,224.10748571428567,377.0944577425889
TBI,512,Histogram Entropy,384,512,0.196608,21,0.95657,0.9482955238095236,0.05091528045647894,0.053703999999999974,0.844528,0.995387,0.9275892916666667,0.9684761952380952,21,9.629226,11.772007047619045,3.2125810553673264,6.393504,9.307384,16.313315,10.508206035714286,13.069022578571426,21,17.665973,17.75293919047619,0.6597563602417654,0.7066440000000007,17.118077,18.613673,17.501514161904762,18.071712854761905,224.10748571428567,205.534357130163
TBI,512,GLCM Contrast,384,512,0.196608,21,47.505446,47.70935766666666,0.5578929786896705,0.939001999999995,47.026558,48.512025,47.49037246785715,47.940656009523806,21,9.629226,11.772007047619045,3.2125810553673264,6.393504,9.307384,16.313315,10.508206035714286,13.069022578571426,21,65.374739,66.218164,3.8751814743329898,1.5527119999999996,63.507952,74.918822,64.88560903095238,68.03576482738094,224.10748571428567,4.1386412833593855
TBI,512,Variance of Gradient,384,512,0.196608,21,0.670385,0.6761074285714285,0.05701127468805747,0.06664899999999996,0.579777,0.764591,0.6511761499999998,0.6992844749999999,21,9.629226,11.772007047619045,3.2125810553673264,6.393504,9.307384,16.313315,10.508206035714286,13.069022578571426,21,17.594151,17.58839576190476,0.9472843135947574,0.5542520000000017,17.052799,18.416084,17.17680711666667,17.97232537738095,224.10748571428567,293.2762517061092
TBI,512,Fourier Transform Sharpness Index,384,512,0.196608,21,2.84437,2.861523523809524,0.1290767227809178,0.18132500000000018,2.725325,3.139613,2.8108445011904757,2.9183724345238096,21,9.629226,11.772007047619045,3.2125810553673264,6.393504,9.307384,16.313315,10.508206035714286,13.069022578571426,21,20.715257,20.548408619047617,0.8696213655692046,0.6591929999999984,19.988169,21.530673,20.14823773690476,20.873947747619052,224.10748571428567,69.12180904734616
TBI,512,Fourier High Frequency Energy Ratio,384,512,0.196608,21,3.114936,3.224628476190476,0.3111318987237758,0.22090299999999985,2.994508,4.007857,3.1058462130952385,3.3672377083333336,21,9.629226,11.772007047619045,3.2125810553673264,6.393504,9.307384,16.313315,10.508206035714286,13.069022578571426,21,20.541354,20.531892190476192,0.8151179431612099,0.729180999999997,20.045897,21.445748,20.150419303571432,20.826543492857144,224.10748571428567,63.11782970821873
TBI,512,Roberts Focus Measure,384,512,0.196608,21,0.546571,0.5505082380952381,0.0646277237591614,0.059004999999999974,0.468677,0.613331,0.526330694047619,0.5798907738095237,21,9.629226,11.772007047619045,3.2125810553673264,6.393504,9.307384,16.313315,10.508206035714286,13.069022578571426,21,17.650745,17.98184557142857,0.6811221277446924,1.000467999999998,17.321954,19.103599,17.701644959523808,18.29074599047619,224.10748571428567,359.711730040562
TBI,512,Wavelet W1,384,512,0.196608,21,1.679823,1.6912848571428571,0.12040887983130052,0.08457899999999996,1.592466,1.740569,1.651047567857143,1.7501090297619046,21,9.629226,11.772007047619045,3.2125810553673264,6.393504,9.307384,16.313315,10.508206035714286,13.069022578571426,21,18.63092,18.458702476190474,0.7289512013039434,0.585802000000001,17.853372,19.171244,18.103077719047622,18.716077798809522,224.10748571428567,117.04090252365874
TBI,512,Wavelet W2,384,512,0.196608,21,2.091498,2.073088761904762,0.07228662684612194,0.10740499999999997,1.94958,2.164364,2.04208375952381,2.1027808964285715,21,9.629226,11.772007047619045,3.2125810553673264,6.393504,9.307384,16.313315,10.508206035714286,13.069022578571426,21,19.253644,19.686438380952378,2.1289083303606917,0.4824459999999995,18.640869,19.982018,19.114749832142856,20.64260104047619,224.10748571428567,94.00343677115636
TBI,512,Wavelet W3,384,512,0.196608,21,2.123476,2.1472364761904763,0.10475151921791827,0.12096200000000001,2.046837,2.220312,2.1094446749999998,2.1932189249999996,21,9.629226,11.772007047619045,3.2125810553673264,6.393504,9.307384,16.313315,10.508206035714286,13.069022578571426,21,18.941668,18.986725047619046,0.8349819346407128,0.6176589999999997,18.476221,20.130347,18.610944576190477,19.318294083333335,224.10748571428567,92.58781356605867
TBI,512,Wavelet Detail Energy (db1),384,512,0.196608,21,1.731015,1.7341398095238099,0.09327673506754997,0.067326,1.607275,1.911086,1.6986744559523805,1.7732255833333335,21,9.629226,11.772007047619045,3.2125810553673264,6.393504,9.307384,16.313315,10.508206035714286,13.069022578571426,21,18.705486,19.35327861904762,2.5746692725497478,1.1470289999999999,18.104361,19.706745,18.62255829166667,20.592447873809522,224.10748571428567,113.57960502941916
TBI,512,Curvelet Transform Sharpness Index,384,512,0.196608,21,1.721441,1.853323714285714,0.5674162789474888,0.0682020000000001,1.634655,1.837878,1.7114127714285712,2.108331239285714,21,9.629226,11.772007047619045,3.2125810553673264,6.393504,9.307384,16.313315,10.508206035714286,13.069022578571426,21,19.300473,20.60598961904762,2.484000679115637,2.735831000000001,18.366375,24.948082,19.640458947619045,21.660094892857146,224.10748571428567,114.21129158652548
TBI,512,DCT Focus Measure,384,512,0.196608,21,1.286103,1.3255582857142858,0.08717671888304974,0.10159399999999996,1.245483,1.476942,1.2913394214285714,1.3631478416666665,21,9.629226,11.772007047619045,3.2125810553673264,6.393504,9.307384,16.313315,10.508206035714286,13.069022578571426,21,18.336138,18.251178619047614,0.8978927981562429,0.646487999999998,17.272882,19.0273,17.836781782142854,18.597514391666667,224.10748571428567,152.87111529947447
TBI,512,Intensity Skewness Index,384,512,0.196608,21,1.688369,1.7005182857142858,0.05370172690067131,0.0869629999999999,1.617737,1.768265,1.678655586904762,1.7225529785714289,21,9.629226,11.772007047619045,3.2125810553673264,6.393504,9.307384,16.313315,10.508206035714286,13.069022578571426,21,18.664635,18.71790780952381,0.4433543153669109,0.7395700000000005,18.208315,19.234484,18.534358586904762,18.906803991666663,224.10748571428567,116.44847779128851
TBI,512,Squared Gradient,384,512,0.196608,21,0.343443,0.34060733333333326,0.05070961694721558,0.068434,0.267638,0.403658,0.31881620714285713,0.36208840357142863,21,9.629226,11.772007047619045,3.2125810553673264,6.393504,9.307384,16.313315,10.508206035714286,13.069022578571426,21,13.61292,13.58472457142857,0.6362128481465595,0.38321399999999883,13.287084,14.260938,13.274464183333334,13.80085463214286,224.10748571428567,572.4618058891868
TBI,512,Gradient Squared Energy,384,512,0.196608,21,0.508252,0.5212281904761904,0.07281795908745249,0.05496999999999996,0.445134,0.612233,0.4927027083333333,0.5556675607142857,21,9.629226,11.772007047619045,3.2125810553673264,6.393504,9.307384,16.313315,10.508206035714286,13.069022578571426,21,17.525136,18.22038338095238,2.524966939910491,0.5835809999999988,17.107223,19.150861,17.50223003809524,19.44624123809524,224.10748571428567,386.8317291422365
TBI,512,Mean Intensity,384,512,0.196608,21,0.139285,0.13754623809523808,0.022350446185489814,0.01941000000000001,0.099705,0.160236,0.12813702261904764,0.1468119226190476,21,9.629226,11.772007047619045,3.2125810553673264,6.393504,9.307384,16.313315,10.508206035714286,13.069022578571426,21,16.817015,16.901619333333333,0.681651480134191,0.6812629999999977,16.165719,17.572786,16.64580222619048,17.209473285714285,224.10748571428567,1411.5518541120723
TBI,512,Intensity Variance,384,512,0.196608,21,0.339483,0.3379095238095238,0.03292484428606921,0.04238999999999998,0.291981,0.394377,0.3237447380952382,0.35159194166666663,21,9.629226,11.772007047619045,3.2125810553673264,6.393504,9.307384,16.313315,10.508206035714286,13.069022578571426,21,17.782654,17.521582714285714,0.9374658701005676,0.7203699999999991,16.897193,18.479899,17.062143313095238,17.868434808333337,224.10748571428567,579.1394561730632
TBI,512,Intensity Range Index,384,512,0.196608,21,0.159473,0.16001690476190478,0.03242648911600632,0.023123000000000005,0.10975,0.223567,0.1465610130952381,0.17399118809523811,21,9.629226,11.772007047619045,3.2125810553673264,6.393504,9.307384,16.313315,10.508206035714286,13.069022578571426,21,17.110932,17.133233047619047,0.5708488912578773,0.7333189999999981,16.479971,17.879,16.908964438095236,17.371562702380956,224.10748571428567,1232.860735046058
TBI,512,Maximal Intensity,384,512,0.196608,21,0.140554,0.14086757142857143,0.02698676655246313,0.013492999999999977,0.093652,0.185128,0.12965335833333333,0.1527804142857143,21,9.629226,11.772007047619045,3.2125810553673264,6.393504,9.307384,16.313315,10.508206035714286,13.069022578571426,21,18.6168,18.51639880952381,1.0321197843964438,0.482483000000002,17.991416,19.421038,18.060441592857142,18.88848084642857,224.10748571428567,1398.807575736016
TBI,512,Laplacian Energy,384,512,0.196608,21,2.364559,2.3454332857142854,0.13942966292512612,0.14863999999999988,2.087402,2.538965,2.2834038154761904,2.403082403571428,21,9.629226,11.772007047619045,3.2125810553673264,6.393504,9.307384,16.313315,10.508206035714286,13.069022578571426,21,19.201754,18.985185428571427,0.9068317063737666,0.5468860000000006,18.433033,19.787573,18.55290726071428,19.27871783571428,224.10748571428567,83.14785124837232
TBI,512,Mean Absolute Laplacian,384,512,0.196608,21,2.475311,2.506903190476191,0.18336273473381093,0.16125200000000017,2.329628,2.945668,2.4394477630952385,2.5884839904761905,21,9.629226,11.772007047619045,3.2125810553673264,6.393504,9.307384,16.313315,10.508206035714286,13.069022578571426,21,19.78287,20.622962380952377,2.4905365398528585,1.890435,18.886349,23.393358,19.694579855952384,21.73522050357143,224.10748571428567,79.42759515874975
TBI,512,Spatial Frequency,384,512,0.196608,21,0.686304,0.6953364285714286,0.03523227043574035,0.055042000000000035,0.64071,0.749299,0.6811738154761904,0.7098417238095238,21,9.629226,11.772007047619045,3.2125810553673264,6.393504,9.307384,16.313315,10.508206035714286,13.069022578571426,21,17.806218,17.759461761904763,0.9942216077046356,0.5874779999999973,17.288879,18.480607,17.301084867857146,18.161604175,224.10748571428567,286.4736326758987
TBI,512,Modified Tenengrad,384,512,0.196608,21,5.442111,5.42696480952381,0.21279937199616436,0.31461700000000015,5.11857,5.727215,5.337108702380952,5.514177621428571,21,9.629226,11.772007047619045,3.2125810553673264,6.393504,9.307384,16.313315,10.508206035714286,13.069022578571426,21,22.573069,22.580800904761904,0.5059395450359561,0.6216830000000009,21.879229,23.487675,22.37055878452381,22.81192242261905,224.10748571428567,36.12715727407986
TBI,512,Absolute Central Moment 2,384,512,0.196608,21,0.426938,0.4854974761904762,0.28078220405816656,0.03514099999999998,0.377557,0.46009,0.4162959071428571,0.6120114559523809,21,9.629226,11.772007047619045,3.2125810553673264,6.393504,9.307384,16.313315,10.508206035714286,13.069022578571426,21,17.434278,17.72331833333333,0.7444411952511321,0.4297150000000016,17.14783,19.226789,17.439826448809526,18.059901926190477,224.10748571428567,460.5071462366902
TBI,512,Absolute Central Moment 4,384,512,0.196608,21,2.60591,2.637768380952381,0.10212019467493991,0.07949800000000007,2.542523,2.88567,2.599222067857143,2.684599225,21,9.629226,11.772007047619045,3.2125810553673264,6.393504,9.307384,16.313315,10.508206035714286,13.069022578571426,21,19.561204,19.36795838095238,1.4305843154659732,0.49500600000000006,18.670322,20.984651,18.725501348809527,19.872120509523814,224.10748571428567,75.44696478389506
TBI,512,Image Power,384,512,0.196608,21,0.232372,0.23940171428571425,0.031194088938680115,0.01371,0.213961,0.250646,0.22925704761904758,0.25436792976190475,21,9.629226,11.772007047619045,3.2125810553673264,6.393504,9.307384,16.313315,10.508206035714286,13.069022578571426,21,16.556787,16.713933380952383,0.5180820264547381,0.5285089999999997,15.90589,17.578728,16.508069639285715,16.937565089285716,224.10748571428567,846.0916117260255
TBI,1024,Tenengrad,768,1024,0.786432,21,2.055737,2.0706828095238095,0.12071571364806613,0.18909700000000007,1.857188,2.263994,2.023853447619048,2.1232908642857145,21,14.346552,14.259333904761908,1.4015102292355168,1.1362760000000005,11.229778,15.593224,13.612443258333332,14.808340454761904,21,18.600252,19.14108976190476,2.6289992478104454,0.7211369999999988,18.039273,19.845774,18.321747660714287,20.359754396428567,224.10748571428567,382.554772327394
TBI,1024,Brenner Gradient,768,1024,0.786432,21,1.35377,1.3446534285714287,0.09125246827761505,0.10702499999999993,1.206379,1.447592,1.3023139464285718,1.3787519511904762,21,14.346552,14.259333904761908,1.4015102292355168,1.1362760000000005,11.229778,15.593224,13.612443258333332,14.808340454761904,21,17.870181,17.874302809523808,0.8181764952017151,0.5992280000000001,17.46704,18.727345,17.506495782142856,18.15991453690476,224.10748571428567,580.9199494744307
TBI,1024,Variance of Laplacian,768,1024,0.786432,21,1.716317,1.7190795714285714,0.11226518103827716,0.09841999999999995,1.582089,1.929684,1.6725253321428575,1.766462091666667,21,14.346552,14.259333904761908,1.4015102292355168,1.1362760000000005,11.229778,15.593224,13.612443258333332,14.808340454761904,21,18.430476,18.368956285714283,0.9205605412691847,0.42425599999999974,18.024696,19.249053,17.938256642857144,18.668903683333333,224.10748571428567,458.2090604474581
TBI,1024,Sum Modified Laplacian,768,1024,0.786432,21,2.922765,2.9132296190476192,0.18040174389497352,0.18300800000000006,2.649846,3.163391,2.8353567250000005,2.990148882142857,21,14.346552,14.259333904761908,1.4015102292355168,1.1362760000000005,11.229778,15.593224,13.612443258333332,14.808340454761904,21,19.877557,20.665421952380953,3.2506182206413063,1.1060929999999978,19.338123,25.912813,19.586268936904762,22.23497684761905,224.10748571428567,269.0712390493249
TBI,1024,Normalized Variance,768,1024,0.786432,21,1.661334,1.7051799523809525,0.1459921745716106,0.15830300000000008,1.504624,1.935138,1.6463348428571425,1.7658913535714282,21,14.346552,14.259333904761908,1.4015102292355168,1.1362760000000005,11.229778,15.593224,13.612443258333332,14.808340454761904,21,18.540891,19.72618195238095,4.641956110008004,0.9517139999999991,17.508355,26.748677,18.299431515476186,21.979991032142852,224.10748571428567,473.3738068323408
TBI,1024,Energy of Gradient,768,1024,0.786432,21,2.075517,2.128995476190476,0.14725504647332774,0.16045100000000012,1.968727,2.428867,2.073376141666667,2.1939683107142858,21,14.346552,14.259333904761908,1.4015102292355168,1.1362760000000005,11.229778,15.593224,13.612443258333332,14.808340454761904,21,19.384643,19.828708952380957,1.3241853408057154,1.4081650000000003,18.238529,22.206807,19.30780892857143,20.41684994285714,224.10748571428567,378.9089658143007
TBI,1024,Histogram Entropy,768,1024,0.786432,21,4.257274,4.313914619047619,0.2449968018073862,0.24080600000000008,4.014344,4.74819,4.216545878571428,4.418116440476191,21,14.346552,14.259333904761908,1.4015102292355168,1.1362760000000005,11.229778,15.593224,13.612443258333332,14.808340454761904,21,20.973124,21.264223904761906,1.8834790449440868,1.0601780000000005,18.62282,22.154293,20.598706845238095,22.169545928571427,224.10748571428567,184.72665842038825
TBI,1024,GLCM Contrast,768,1024,0.786432,21,193.058428,192.71569138095236,1.920623326731156,3.4563940000000173,190.326913,195.373695,191.94655511547617,193.50561958452377,21,14.346552,14.259333904761908,1.4015102292355168,1.1362760000000005,11.229778,15.593224,13.612443258333332,14.808340454761904,21,210.563587,211.86001604761904,6.509654319497107,4.998828000000003,205.380806,225.251743,209.34270860833334,214.82785862023812,224.10748571428567,4.073543994670878
TBI,1024,Variance of Gradient,768,1024,0.786432,21,2.993691,2.979389571428572,0.1928471452657704,0.1441589999999997,2.773617,3.137091,2.9103462059523806,3.065088467857142,21,14.346552,14.259333904761908,1.4015102292355168,1.1362760000000005,11.229778,15.593224,13.612443258333332,14.808340454761904,21,19.717549,19.71940157142857,0.5124706660293419,0.25395899999999827,18.945261,20.20937,19.526766679761906,19.961238525,224.10748571428567,262.69645063568686
TBI,1024,Fourier Transform Sharpness Index,768,1024,0.786432,21,16.751149,17.401449428571432,1.5982483038194215,1.1824469999999998,16.167927,20.366792,16.846348136904762,18.154459338095236,21,14.346552,14.259333904761908,1.4015102292355168,1.1362760000000005,11.229778,15.593224,13.612443258333332,14.808340454761904,21,35.675033,36.023277904761905,3.4208231681558456,1.940809999999999,32.152438,37.927571,34.78729657142856,37.60863142857142,224.10748571428567,46.94794369031044
TBI,1024,Fourier High Frequency Energy Ratio,768,1024,0.786432,21,18.642983,18.990527333333333,1.6611937032004822,1.3019779999999983,17.467625,20.616711,18.410784215476188,19.72077916309524,21,14.346552,14.259333904761908,1.4015102292355168,1.1362760000000005,11.229778,15.593224,13.612443258333332,14.808340454761904,21,37.409723,37.588622095238094,1.7136493933011185,2.138528000000001,35.205437,40.120946,36.89300535833334,38.259856057142855,224.10748571428567,42.18380717291862
TBI,1024,Roberts Focus Measure,768,1024,0.786432,21,2.272907,2.245095190476191,0.10150708787745764,0.142779,2.093812,2.401743,2.2031490000000002,2.285803501190476,21,14.346552,14.259333904761908,1.4015102292355168,1.1362760000000005,11.229778,15.593224,13.612443258333332,14.808340454761904,21,19.100652,19.113948857142855,0.45465235581345953,0.5888379999999991,18.613339,19.897958,18.92680810119047,19.309838466666665,224.10748571428567,346.0027181050522
TBI,1024,Wavelet W1,768,1024,0.786432,21,10.927553,10.899341523809523,0.4326639865041483,0.5921640000000004,10.374337,11.760277,10.735002895238093,11.077544339285714,21,14.346552,14.259333904761908,1.4015102292355168,1.1362760000000005,11.229778,15.593224,13.612443258333332,14.808340454761904,21,27.417192,27.878193428571432,2.6207769564905483,0.6068679999999986,26.581346,28.438171,27.074081040476194,29.128695196428573,224.10748571428567,71.96780468600794
TBI,1024,Wavelet W2,768,1024,0.786432,21,12.683261,12.821333809523807,0.5905684592325958,0.892240000000001,12.102286,13.688071,12.595977917857144,13.07605271666667,21,14.346552,14.259333904761908,1.4015102292355168,1.1362760000000005,11.229778,15.593224,13.612443258333332,14.808340454761904,21,29.950274,30.57868119047619,3.843110011942927,0.7998790000000007,28.802684,31.139966,29.44992005,32.4346172404762,224.10748571428567,62.005504735730035
TBI,1024,Wavelet W3,768,1024,0.786432,21,13.299286,13.436514523809524,0.5685768964568131,1.0062059999999988,12.728894,14.175804,13.220838950000001,13.677439396428575,21,14.346552,14.259333904761908,1.4015102292355168,1.1362760000000005,11.229778,15.593224,13.612443258333332,14.808340454761904,21,30.597089,30.476607190476187,1.0734410334771367,0.7945190000000011,29.079102,31.851466,30.031397417857143,30.909021411904764,224.10748571428567,59.13340009380955
TBI,1024,Wavelet Detail Energy (db1),768,1024,0.786432,21,11.188364,11.126197095238094,0.3452443057255113,0.5281300000000009,10.6188,11.629256,10.983307522619047,11.274905327380953,21,14.346552,14.259333904761908,1.4015102292355168,1.1362760000000005,11.229778,15.593224,13.612443258333332,14.808340454761904,21,27.811492,28.04654080952381,0.926861679905401,1.2875580000000006,27.058269,29.121443,27.684238928571425,28.460434914285717,224.10748571428567,70.2901693223424
TBI,1024,Curvelet Transform Sharpness Index,768,1024,0.786432,21,11.853324,12.090798857142856,1.14139731181203,0.6963609999999996,10.948864,14.8699,11.67238177142857,12.6255711,21,14.346552,14.259333904761908,1.4015102292355168,1.1362760000000005,11.229778,15.593224,13.612443258333332,14.808340454761904,21,28.923254,29.229520904761905,2.033921726908656,1.4834370000000021,27.247723,32.878529,28.48521403333334,30.166477966666665,224.10748571428567,66.34695887837032
TBI,1024,DCT Focus Measure,768,1024,0.786432,21,5.725684,5.783165523809523,0.4791901888043639,0.5123620000000004,5.278469,6.718095,5.594209469047619,5.993823600000001,21,14.346552,14.259333904761908,1.4015102292355168,1.1362760000000005,11.229778,15.593224,13.612443258333332,14.808340454761904,21,22.710686,23.131137857142853,3.0778815519683222,1.9312219999999982,21.381936,24.688979,22.077424115476195,24.544112601190477,224.10748571428567,137.35162471418263
TBI,1024,Intensity Skewness Index,768,1024,0.786432,21,7.190205,7.145011142857142,0.3533375578470658,0.6899249999999997,6.686834,7.571151,6.996287126190478,7.282677961904762,21,14.346552,14.259333904761908,1.4015102292355168,1.1362760000000005,11.229778,15.593224,13.612443258333332,14.808340454761904,21,23.46981,23.610122238095236,1.4024957860335945,1.3422540000000005,22.504666,24.785624,23.015705276190477,24.186158654761904,224.10748571428567,109.37546286927842
TBI,1024,Squared Gradient,768,1024,0.786432,21,2.05745,2.096670761904762,0.18455005592789855,0.10019100000000014,1.873793,2.368735,2.023841151190476,2.1762976547619046,21,14.346552,14.259333904761908,1.4015102292355168,1.1362760000000005,11.229778,15.593224,13.612443258333332,14.808340454761904,21,18.940174,18.89752204761905,1.1236103073840802,0.8729040000000019,18.07074,20.343384,18.367548441666663,19.32317561309524,224.10748571428567,382.23626333568257
TBI,1024,Gradient Squared Energy,768,1024,0.786432,21,2.126148,2.124001714285714,0.07121014281276429,0.06774999999999975,2.030522,2.206982,2.092677023809523,2.1522792916666664,21,14.346552,14.259333904761908,1.4015102292355168,1.1362760000000005,11.229778,15.593224,13.612443258333332,14.808340454761904,21,18.931486,19.064791285714286,1.3334320896545928,0.694901999999999,18.456423,19.951427,18.51025105238095,19.628540323809528,224.10748571428567,369.88582168315656
TBI,1024,Mean Intensity,768,1024,0.786432,21,0.443338,0.44524623809523806,0.06881737394503278,0.07771199999999995,0.354989,0.563159,0.41719110357142863,0.47432282976190476,21,14.346552,14.259333904761908,1.4015102292355168,1.1362760000000005,11.229778,15.593224,13.612443258333332,14.808340454761904,21,13.175318,13.360089285714288,0.6314174338544307,0.9736630000000002,12.73795,14.033558,13.108053064285716,13.646731266666666,224.10748571428567,1773.8880944110363
TBI,1024,Intensity Variance,768,1024,0.786432,21,1.660147,1.6462230476190476,0.20879917653177565,0.319925,1.3247,1.942827,1.5568047238095242,1.7342078773809524,21,14.346552,14.259333904761908,1.4015102292355168,1.1362760000000005,11.229778,15.593224,13.612443258333332,14.808340454761904,21,19.116464,18.763669857142855,1.6541411475999346,0.7754830000000013,18.016999,19.893298,17.966409834523805,19.27295982142857,224.10748571428567,473.7122676485877
TBI,1024,Intensity Range Index,768,1024,0.786432,21,0.713944,0.7343154761904762,0.08105643304798149,0.08173600000000003,0.617508,0.866708,0.7034312357142858,0.7708375154761905,21,14.346552,14.259333904761908,1.4015102292355168,1.1362760000000005,11.229778,15.593224,13.612443258333332,14.808340454761904,21,17.097085,18.265116904761904,4.927583692512629,0.6464250000000007,16.574924,19.549931,17.01108132857143,20.497344175000002,224.10748571428567,1101.5317728001075
TBI,1024,Maximal Intensity,768,1024,0.786432,21,0.562734,0.5799665714285714,0.08069857993581511,0.05713500000000005,0.450125,0.741038,0.5486589714285715,0.6141397511904763,21,14.346552,14.259333904761908,1.4015102292355168,1.1362760000000005,11.229778,15.593224,13.612443258333332,14.808340454761904,21,16.87995,16.631199904761907,0.8303145037548065,0.7448000000000015,15.988822,17.293717,16.252189689285714,16.923475092857146,224.10748571428567,1397.5199650278819
TBI,1024,Laplacian Energy,768,1024,0.786432,21,10.119821,10.539289904761906,1.8732900832161286,0.6540670000000013,9.664116,10.755744,10.01858029404762,11.452884247619048,21,14.346552,14.259333904761908,1.4015102292355168,1.1362760000000005,11.229778,15.593224,13.612443258333332,14.808340454761904,21,27.744668,28.215286476190478,3.9359299519274678,1.262006999999997,26.363315,28.855728,27.05019968690476,30.130802530952376,224.10748571428567,77.71204648777879
TBI,1024,Mean Absolute Laplacian,768,1024,0.786432,21,9.609934,9.75893623809524,0.6945178986218357,0.7047369999999997,8.85841,10.294462,9.501330675000002,10.06645078809524,21,14.346552,14.259333904761908,1.4015102292355168,1.1362760000000005,11.229778,15.593224,13.612443258333332,14.808340454761904,21,26.76629,27.529277857142862,4.402965607919046,1.3863950000000003,25.204732,28.585246,26.166406830952383,29.59118327261905,224.10748571428567,81.83531749541672
TBI,1024,Spatial Frequency,768,1024,0.786432,21,3.094069,3.1025324285714286,0.2065731620074523,0.28896799999999967,2.789504,3.402488,3.0211637809523806,3.192174530952381,21,14.346552,14.259333904761908,1.4015102292355168,1.1362760000000005,11.229778,15.593224,13.612443258333332,14.808340454761904,21,19.881832,20.018299095238095,0.5827619733937609,0.7280590000000018,19.268352,20.944202,19.791003139285714,20.272396691666664,224.10748571428567,254.17403425715457
TBI,1024,Modified Tenengrad,768,1024,0.786432,21,25.080239,25.528583714285716,1.617390581021546,2.5158759999999987,23.261691,28.154364,24.846020783333334,26.201530642857144,21,14.346552,14.259333904761908,1.4015102292355168,1.1362760000000005,11.229778,15.593224,13.612443258333332,14.808340454761904,21,43.36434,43.87938352380952,3.7211489118314867,3.1023229999999984,40.988955,46.3129,42.613367877380945,45.60147981666666,224.10748571428567,31.356638985776815
TBI,1024,Absolute Central Moment 2,768,1024,0.786432,21,2.180871,2.1732621904761906,0.12255068250834797,0.12630300000000005,2.014917,2.312247,2.1234557702380954,2.2246846750000002,21,14.346552,14.259333904761908,1.4015102292355168,1.1362760000000005,11.229778,15.593224,13.612443258333332,14.808340454761904,21,18.944248,18.626793714285718,1.209029756805148,0.7257620000000031,15.30534,19.653956,18.069574891666665,19.08323606904762,224.10748571428567,360.60454744916143
TBI,1024,Absolute Central Moment 4,768,1024,0.786432,21,11.129559,11.370528,0.8687045145506611,0.6101279999999996,10.718865,12.52381,11.0631678,11.77663875357143,21,14.346552,14.259333904761908,1.4015102292355168,1.1362760000000005,11.229778,15.593224,13.612443258333332,14.808340454761904,21,27.992021,29.133127809523806,3.6340948042230354,2.6281979999999976,26.387337,33.4859,27.870330053571426,30.911337295238102,224.10748571428567,70.66155990547334
TBI,1024,Image Power,768,1024,0.786432,21,1.173753,1.1369607142857143,0.14449501696395722,0.1651530000000001,0.900924,1.315734,1.0756112202380952,1.1930424761904765,21,14.346552,14.259333904761908,1.4015102292355168,1.1362760000000005,11.229778,15.593224,13.612443258333332,14.808340454761904,21,17.70398,18.439913999999998,3.474070233096145,0.6235929999999996,17.12102,18.772354,17.537979784523806,20.01829341309524,224.10748571428567,670.014900920381
PBS,native,Tenengrad,2160,2560,5.5296,21,20.188651,25.36822795238095,8.729195593363002,17.495023,16.42813,36.145226,21.612991755952386,29.136592858333334,21,6.707412,7.464048380952381,2.0927309588473975,0.41117500000000007,6.263485,13.215919,6.718223641666667,8.452991278571428,21,36.39347,35.90369104761905,5.7179137209702064,11.429741000000003,28.960073,43.454316,33.633939355952386,38.4263288392857,473.83071323809514,273.89645796541834
PBS,native,Brenner Gradient,2160,2560,5.5296,21,13.171295,14.345462761904761,2.3989892991557697,4.676865999999999,11.548612,17.088621,13.344047747619049,15.362228776190474,21,6.707412,7.464048380952381,2.0927309588473975,0.41117500000000007,6.263485,13.215919,6.718223641666667,8.452991278571428,21,22.891077,21.707093952380955,2.8572363106155656,5.541173000000001,18.143624,25.156323,20.52332063095238,22.846721619047617,473.83071323809514,419.8220448331011
PBS,native,Variance of Laplacian,2160,2560,5.5296,21,18.094058,17.19416719047619,2.1440536590583417,3.7910319999999995,14.269127,19.520645,16.268150248809523,18.07182029642857,21,6.707412,7.464048380952381,2.0927309588473975,0.41117500000000007,6.263485,13.215919,6.718223641666667,8.452991278571428,21,25.102404,24.39714652380953,2.5082559955311905,3.6846099999999993,20.887816,27.542577,23.38231943095238,25.469737358333333,473.83071323809514,305.60308804138907
PBS,native,Sum Modified Laplacian,2160,2560,5.5296,21,32.019553,32.54452823809524,2.7020617243569194,1.1709880000000013,30.730852,34.854833,31.671258348809527,33.86832856309523,21,6.707412,7.464048380952381,2.0927309588473975,0.41117500000000007,6.263485,13.215919,6.718223641666667,8.452991278571428,21,38.556188,39.80663642857142,4.5034719972814585,1.41507,37.605921,42.276228,38.44381353809524,41.98038787738095,473.83071323809514,172.6944782770703
PBS,native,Normalized Variance,2160,2560,5.5296,21,18.029136,17.384042428571426,3.993663931932888,4.673853999999999,14.026962,19.970779,15.959274732142857,19.201664323809528,21,6.707412,7.464048380952381,2.0927309588473975,0.41117500000000007,6.263485,13.215919,6.718223641666667,8.452991278571428,21,25.007092,24.99525723809524,3.4156094903738756,3.3023869999999995,20.725182,31.271566,23.61571085357143,26.468813692857143,473.83071323809514,306.7035491883804
PBS,native,Energy of Gradient,2160,2560,5.5296,21,31.759956,26.713899047619048,8.920267246868598,17.565949000000003,16.976743,35.655422,23.145224188095238,30.361343000000005,21,6.707412,7.464048380952381,2.0927309588473975,0.41117500000000007,6.263485,13.215919,6.718223641666667,8.452991278571428,21,38.666912,37.50186480952381,6.944572488017369,12.274884999999998,29.306388,48.774409,34.53081952261905,40.473623013095235,473.83071323809514,174.10603465571555
PBS,native,Histogram Entropy,2160,2560,5.5296,21,54.797551,54.88807995238095,2.855103653452909,3.6568929999999966,51.059581,59.347687,53.76095687857142,56.047128809523805,21,6.707412,7.464048380952381,2.0927309588473975,0.41117500000000007,6.263485,13.215919,6.718223641666667,8.452991278571428,21,61.849231,63.5311557142857,6.772335223816221,5.7562269999999955,57.338273,69.375454,61.10779292976191,66.52442138571428,473.83071323809514,100.90961911783248
PBS,native,GLCM Contrast,2160,2560,5.5296,21,1410.164164,1377.5681902857143,122.99007832854399,35.58133900000007,1207.119131,1444.884419,1317.793642207143,1415.9548054857144,21,6.707412,7.464048380952381,2.0927309588473975,0.41117500000000007,6.263485,13.215919,6.718223641666667,8.452991278571428,21,1410.580677,1369.5683405238094,146.02108609445983,28.776791000000003,942.640927,1442.53434,1300.4062080214287,1419.3847706619047,473.83071323809514,3.9212455834326536
PBS,native,Variance of Gradient,2160,2560,5.5296,21,37.479929,35.31314128571429,9.795158040843507,18.307354,24.048069,46.062933,31.235942969047613,39.345541769047614,21,6.707412,7.464048380952381,2.0927309588473975,0.41117500000000007,6.263485,13.215919,6.718223641666667,8.452991278571428,21,46.297222,46.3732310952381,6.564043722987003,10.110841999999998,36.93621,55.359388,43.33702657857143,49.0659641345238,473.83071323809514,147.53496464734502
PBS,native,Fourier Transform Sharpness Index,2160,2560,5.5296,21,200.761044,201.35911023809527,5.995205130251014,10.251705999999984,193.092903,209.761265,198.86147968928572,203.84877406904758,21,6.707412,7.464048380952381,2.0927309588473975,0.41117500000000007,6.263485,13.215919,6.718223641666667,8.452991278571428,21,206.699258,212.38878547619046,15.149535736636961,10.250934,202.336949,228.307831,207.1920335154762,219.5289427583333,473.83071323809514,27.543192094577872
PBS,native,Fourier High Frequency Energy Ratio,2160,2560,5.5296,21,213.452743,216.1460043333333,11.480146647292818,7.820095000000009,203.414768,228.006117,211.7037596785714,221.31934725714288,21,6.707412,7.464048380952381,2.0927309588473975,0.41117500000000007,6.263485,13.215919,6.718223641666667,8.452991278571428,21,216.096712,220.87665447619045,13.738708509110365,6.802783000000005,211.596902,243.77654,216.05429667142857,227.0319964821428,473.83071323809514,25.90549984171438
PBS,native,Roberts Focus Measure,2160,2560,5.5296,21,23.077802,27.454182952380954,5.702407560085937,11.076996000000005,21.703668,33.850203,25.136900915476193,29.976315164285715,21,6.707412,7.464048380952381,2.0927309588473975,0.41117500000000007,6.263485,13.215919,6.718223641666667,8.452991278571428,21,40.154213,39.33336923809524,5.197768598256351,6.065770999999998,34.636306,43.415738,37.43502126190476,41.767057645238104,473.83071323809514,239.60687417285237
PBS,native,Wavelet W1,2160,2560,5.5296,21,137.357247,138.2141830952381,7.224600027583213,7.901164999999992,130.032923,152.560851,135.36123487142856,141.42417929642855,21,6.707412,7.464048380952381,2.0927309588473975,0.41117500000000007,6.263485,13.215919,6.718223641666667,8.452991278571428,21,143.889542,144.73379033333333,4.126905635558213,6.314044999999993,139.963451,151.166833,143.08491232619045,146.45811682142858,473.83071323809514,40.25706776141197
PBS,native,Wavelet W2,2160,2560,5.5296,21,160.647298,161.70800742857142,8.686855258219023,11.496763000000016,151.789012,178.365021,158.01913378214286,165.30909994047616,21,6.707412,7.464048380952381,2.0927309588473975,0.41117500000000007,6.263485,13.215919,6.718223641666667,8.452991278571428,21,162.71004,162.7492771904762,7.144215744522518,8.302789999999987,152.197035,174.186276,159.81340898214285,165.8727761630952,473.83071323809514,34.420746995694884
PBS,native,Wavelet W3,2160,2560,5.5296,21,155.032809,155.76216576190478,8.304774155614853,8.003601000000003,145.460182,167.928107,152.66500528571424,159.35834161666665,21,6.707412,7.464048380952381,2.0927309588473975,0.41117500000000007,6.263485,13.215919,6.718223641666667,8.452991278571428,21,162.27723,162.54313928571432,7.358873931784004,11.556121999999988,151.564133,171.762631,159.4502964119048,165.51825907380953,473.83071323809514,35.66728898010227
PBS,native,Wavelet Detail Energy (db1),2160,2560,5.5296,21,147.040853,147.86956795238092,8.92048447982834,16.643574,135.69659,161.869355,144.34301597261907,151.63223027738093,21,6.707412,7.464048380952381,2.0927309588473975,0.41117500000000007,6.263485,13.215919,6.718223641666667,8.452991278571428,21,150.712166,150.6732763809524,4.777173243484481,4.544552999999979,143.445942,158.538165,148.68042701309523,152.67271592738092,473.83071323809514,37.60587542293433
PBS,native,Curvelet Transform Sharpness Index,2160,2560,5.5296,21,142.915936,143.0719000952381,5.526993943347886,8.315287000000012,133.784756,150.503753,140.84885803809524,145.38741690952378,21,6.707412,7.464048380952381,2.0927309588473975,0.41117500000000007,6.263485,13.215919,6.718223641666667,8.452991278571428,21,149.898342,150.09323033333334,5.035622749668655,5.990466999999995,144.551771,158.423604,148.15670981666665,152.2009877416667,473.83071323809514,38.69127652776245
PBS,native,DCT Focus Measure,2160,2560,5.5296,21,76.034694,76.54563219047618,4.28283803734591,4.317226999999988,72.130779,80.931553,74.92984842261905,78.54609196666665,21,6.707412,7.464048380952381,2.0927309588473975,0.41117500000000007,6.263485,13.215919,6.718223641666667,8.452991278571428,21,82.499736,82.55004128571429,3.968514493206231,5.797741000000002,77.677575,89.428705,80.92121342619048,84.30053844523809,473.83071323809514,72.72469591315776
PBS,native,Intensity Skewness Index,2160,2560,5.5296,21,54.850034,54.73462166666666,3.782336157710144,3.8712850000000003,49.922061,63.2313,53.24998004761905,56.33596754285714,21,6.707412,7.464048380952381,2.0927309588473975,0.41117500000000007,6.263485,13.215919,6.718223641666667,8.452991278571428,21,60.138808,61.30397785714287,4.053524035490494,3.303139999999999,57.698726,71.163379,59.77275061547619,63.04768685,473.83071323809514,100.81306421797296
PBS,native,Squared Gradient,2160,2560,5.5296,21,28.874737,25.860460666666672,8.470966369688787,17.589977,16.807554,35.64844,22.310436489285713,29.485091275000002,21,6.707412,7.464048380952381,2.0927309588473975,0.41117500000000007,6.263485,13.215919,6.718223641666667,8.452991278571428,21,39.253438,36.95027614285715,7.494871838309502,13.466586,28.978533,45.816706,33.84456628333333,40.08566203571429,473.83071323809514,191.50304295412283
PBS,native,Gradient Squared Energy,2160,2560,5.5296,21,33.474542,27.5309959047619,10.538219117575878,18.499301,16.478984,43.293906,23.03048201309524,32.10110650357142,21,6.707412,7.464048380952381,2.0927309588473975,0.41117500000000007,6.263485,13.215919,6.718223641666667,8.452991278571428,21,39.860384,37.137628047619046,7.505672663493688,13.391293999999998,29.276752,43.906043,34.206070114285716,40.20797320714285,473.83071323809514,165.18821975219257
PBS,native,Mean Intensity,2160,2560,5.5296,21,6.474804,7.806950952380951,1.9979981084936114,3.7416229999999997,5.637217,10.15543,6.973835545238096,8.64398582142857,21,6.707412,7.464048380952381,2.0927309588473975,0.41117500000000007,6.263485,13.215919,6.718223641666667,8.452991278571428,21,16.110668,15.731289047619047,3.2921118567699894,4.039817999999999,12.520303,21.520944,14.441111001190475,17.211666514285714,473.83071323809514,854.0181293518692
PBS,native,Intensity Variance,2160,2560,5.5296,21,21.645194,22.21499461904762,1.8539380204790956,3.3809140000000006,19.924059,24.895287,21.44448488690476,22.965950213095237,21,6.707412,7.464048380952381,2.0927309588473975,0.41117500000000007,6.263485,13.215919,6.718223641666667,8.452991278571428,21,30.089151,30.162856523809523,3.608044447379294,3.9869749999999975,26.833278,35.766135,28.78715351785714,31.904672646428562,473.83071323809514,255.46548577942986
PBS,native,Intensity Range Index,2160,2560,5.5296,21,10.780621,9.830940238095238,2.1441983000515576,3.813225,7.235656,12.670736,8.92098298809524,10.73003125,21,6.707412,7.464048380952381,2.0927309588473975,0.41117500000000007,6.263485,13.215919,6.718223641666667,8.452991278571428,21,17.854815,17.500433,3.3033690958612847,4.30809,13.981987,22.592612,16.193525717857142,18.922138719047616,473.83071323809514,512.9203595970955
PBS,native,Maximal Intensity,2160,2560,5.5296,21,6.021361,7.204044952380952,1.8567165263974057,3.6448539999999996,5.284578,9.367067,6.466178261904762,7.952189910714282,21,6.707412,7.464048380952381,2.0927309588473975,0.41117500000000007,6.263485,13.215919,6.718223641666667,8.452991278571428,21,15.871388,14.516814333333334,2.1661856664963954,4.059599,11.920823,17.270837,13.604460778571427,15.434601208333335,473.83071323809514,918.3305900443439
PBS,native,Laplacian Energy,2160,2560,5.5296,21,159.329742,161.21401019047622,9.034730625758208,6.642679999999984,150.579407,171.868758,157.8427423630952,165.21454450476193,21,6.707412,7.464048380952381,2.0927309588473975,0.41117500000000007,6.263485,13.215919,6.718223641666667,8.452991278571428,21,167.166705,168.43119047619047,8.214983377006988,7.901233000000019,157.508683,183.588723,164.94396294761904,171.89203190000003,473.83071323809514,34.70538476112012
PBS,native,Mean Absolute Laplacian,2160,2560,5.5296,21,162.633992,164.30402928571428,9.944734191605736,14.175014000000004,153.936861,179.894511,160.3326691107143,168.57470613095236,21,6.707412,7.464048380952381,2.0927309588473975,0.41117500000000007,6.263485,13.215919,6.718223641666667,8.452991278571428,21,166.676618,170.32174966666668,12.291975933950766,15.163327999999979,159.303862,191.195481,165.8309949738095,175.8664993202381,473.83071323809514,34.00027221861467
PBS,native,Spatial Frequency,2160,2560,5.5296,21,48.251134,48.33505661904763,2.943421311597448,4.652725000000004,44.627965,53.528369,47.15052637857143,49.60833463452381,21,6.707412,7.464048380952381,2.0927309588473975,0.41117500000000007,6.263485,13.215919,6.718223641666667,8.452991278571428,21,56.663255,56.24745261904762,4.3735684589785775,5.335732999999998,51.509404,61.727239,54.51810467380954,58.1973525154762,473.83071323809514,114.60041540163596
PBS,native,Modified Tenengrad,2160,2560,5.5296,21,343.216514,345.78936538095235,9.710868139853513,9.956127999999978,334.178676,361.193215,342.01649678928567,350.6061564583333,21,6.707412,7.464048380952381,2.0927309588473975,0.41117500000000007,6.263485,13.215919,6.718223641666667,8.452991278571428,21,351.139628,357.3373093809524,18.393594935254153,15.474001999999984,340.274275,391.410418,350.2561230869048,365.4105717857143,473.83071323809514,16.111112881940173
PBS,native,Absolute Central Moment 2,2160,2560,5.5296,21,30.46814,30.60319366666667,2.1864889148529745,3.163959000000002,28.019489,34.019336,29.707511235714293,31.506108889285713,21,6.707412,7.464048380952381,2.0927309588473975,0.41117500000000007,6.263485,13.215919,6.718223641666667,8.452991278571428,21,38.743264,38.74280180952381,3.8780457539469624,4.5498560000000055,34.090464,46.542732,37.17281987738095,40.42042351190476,473.83071323809514,181.48794117396076
PBS,native,Absolute Central Moment 4,2160,2560,5.5296,21,96.638436,96.18309228571428,2.3620542740009838,4.153437000000011,92.717282,99.061095,95.2139479797619,97.17161206190475,21,6.707412,7.464048380952381,2.0927309588473975,0.41117500000000007,6.263485,13.215919,6.718223641666667,8.452991278571428,21,103.224334,104.67219795238096,6.028153173616629,3.1598850000000027,99.487851,119.322469,102.40095804404761,107.56060612142856,473.83071323809514,57.21946907336125
PBS,native,Image Power,2160,2560,5.5296,21,15.444026,16.61530547619048,2.124157878074782,3.665621999999999,14.245024,19.773476,15.72888946309524,17.550016705952384,21,6.707412,7.464048380952381,2.0927309588473975,0.41117500000000007,6.263485,13.215919,6.718223641666667,8.452991278571428,21,25.34069,24.687630571428567,3.9057904620669754,4.067199000000002,20.836844,32.717918,23.172155541666665,26.421242647619046,473.83071323809514,358.0413552787337
PBS,128,Tenengrad,108,128,0.013824,21,0.043951,0.04710838095238095,0.00873191868077223,0.006062999999999999,0.039618,0.065411,0.043733411904761904,0.050974784523809526,21,8.20114,8.375809666666665,0.38557741311756505,0.6175890000000006,8.000333,9.092812,8.218777948809525,8.535601188095237,21,8.374709,8.39892180952381,0.41797417643003,0.40982499999999966,7.951882,8.784638,8.240843808333336,8.591868355952384,473.83071323809514,314.53209255762096
PBS,128,Brenner Gradient,108,128,0.013824,21,0.022224,0.030224095238095234,0.02427072252922183,0.006206,0.016677,0.063521,0.022178111904761905,0.04175299166666665,21,8.20114,8.375809666666665,0.38557741311756505,0.6175890000000006,8.000333,9.092812,8.218777948809525,8.535601188095237,21,8.625944,8.628854333333335,0.3904921391599751,0.5068870000000008,8.065402,9.253659,8.46770363690476,8.787851352380953,473.83071323809514,622.0302375809936
PBS,128,Variance of Laplacian,108,128,0.013824,21,0.026232,0.026986571428571436,0.004408305168332027,0.0047300000000000016,0.020141,0.032065,0.02523279880952381,0.028876389285714288,21,8.20114,8.375809666666665,0.38557741311756505,0.6175890000000006,8.000333,9.092812,8.218777948809525,8.535601188095237,21,6.589982,6.616694142857144,0.2468303922517009,0.32360200000000017,6.289325,6.955321,6.523492113095238,6.722373838095238,473.83071323809514,526.9899359560842
PBS,128,Sum Modified Laplacian,108,128,0.013824,21,0.055822,0.05711890476190477,0.005016782404138752,0.006981000000000001,0.050783,0.065276,0.05516555595238096,0.05927084642857143,21,8.20114,8.375809666666665,0.38557741311756505,0.6175890000000006,8.000333,9.092812,8.218777948809525,8.535601188095237,21,8.311566,8.967104857142857,2.911332048646724,0.6727819999999998,7.958979,8.95465,8.221421940476187,10.293275610714284,473.83071323809514,247.64429794704597
PBS,128,Normalized Variance,108,128,0.013824,21,0.040741,0.040295476190476194,0.004875664627710232,0.005685999999999997,0.033016,0.047094,0.03827285,0.04243253333333334,21,8.20114,8.375809666666665,0.38557741311756505,0.6175890000000006,8.000333,9.092812,8.218777948809525,8.535601188095237,21,8.097291,8.112146952380952,0.17864656245432667,0.15294599999999914,7.908228,8.301144,8.04451499404762,8.195121440476187,473.83071323809514,339.314204364154
PBS,128,Energy of Gradient,108,128,0.013824,21,0.041762,0.04816257142857143,0.014829131918529246,0.007690000000000002,0.037522,0.084653,0.04265730952380952,0.05484597976190477,21,8.20114,8.375809666666665,0.38557741311756505,0.6175890000000006,8.000333,9.092812,8.218777948809525,8.535601188095237,21,8.397556,8.440966476190475,0.4370960011161871,0.594811,7.863578,9.261421,8.27382968095238,8.633943251190477,473.83071323809514,331.01862937598776
PBS,128,Histogram Entropy,108,128,0.013824,21,0.085808,0.08865571428571428,0.011166827446248364,0.00917599999999999,0.076315,0.114646,0.08436960238095238,0.09350646666666666,21,8.20114,8.375809666666665,0.38557741311756505,0.6175890000000006,8.000333,9.092812,8.218777948809525,8.535601188095237,21,8.042763,8.113079714285714,0.24311828121948034,0.40081599999999984,7.835448,8.572029,8.019117304761906,8.217602908333333,473.83071323809514,161.1038597799739
PBS,128,GLCM Contrast,108,128,0.013824,21,3.383725,3.4390760476190483,0.14626327929643726,0.13455600000000034,3.284238,3.713081,3.384179791666667,3.5064953952380953,21,8.20114,8.375809666666665,0.38557741311756505,0.6175890000000006,8.000333,9.092812,8.218777948809525,8.535601188095237,21,11.631429,11.730571,0.5129919975397277,0.8073160000000001,11.116287,12.444476,11.528563921428573,11.947453326190477,473.83071323809514,4.085438385211564
PBS,128,Variance of Gradient,108,128,0.013824,21,0.067658,0.06957771428571428,0.011152256377715037,0.00846100000000001,0.053615,0.089078,0.06505549523809523,0.07432998214285713,21,8.20114,8.375809666666665,0.38557741311756505,0.6175890000000006,8.000333,9.092812,8.218777948809525,8.535601188095237,21,8.200706,8.522063095238096,1.0415154906886839,0.3677539999999997,7.813538,10.432516,8.132461994047617,9.003284082142857,473.83071323809514,204.32173578882026
PBS,128,Fourier Transform Sharpness Index,108,128,0.013824,21,0.124275,0.13502690476190476,0.027545474312316284,0.014194999999999985,0.116767,0.166853,0.12525487857142856,0.14765163809523812,21,8.20114,8.375809666666665,0.38557741311756505,0.6175890000000006,8.000333,9.092812,8.218777948809525,8.535601188095237,21,6.822585,6.805422,0.217531294555519,0.1951419999999997,6.466608,7.070969,6.714921209523809,6.894832472619048,473.83071323809514,111.23717561858781
PBS,128,Fourier High Frequency Energy Ratio,108,128,0.013824,21,0.287044,0.28862385714285715,0.03813984743845433,0.034652000000000016,0.249255,0.317059,0.2750981535714285,0.3069605392857142,21,8.20114,8.375809666666665,0.38557741311756505,0.6175890000000006,8.000333,9.092812,8.218777948809525,8.535601188095237,21,8.705693,8.668497952380953,0.3242748694475841,0.4605680000000003,8.163102,9.149049,8.539427228571432,8.80602590952381,473.83071323809514,48.15986399297668
PBS,128,Roberts Focus Measure,108,128,0.013824,21,0.035893,0.038562714285714284,0.00979931948730552,0.0019880000000000037,0.035087,0.042101,0.03574384047619048,0.04353601666666666,21,8.20114,8.375809666666665,0.38557741311756505,0.6175890000000006,8.000333,9.092812,8.218777948809525,8.535601188095237,21,8.261731,8.52492342857143,1.0226350424899184,0.4476140000000015,7.863786,9.141251,8.194254357142857,9.028584139285714,473.83071323809514,385.14473574234523
PBS,128,Wavelet W1,108,128,0.013824,21,0.145682,0.1476327619047619,0.021516147459303123,0.02812199999999998,0.121053,0.193562,0.13935709761904763,0.15728096785714285,21,8.20114,8.375809666666665,0.38557741311756505,0.6175890000000006,8.000333,9.092812,8.218777948809525,8.535601188095237,21,8.369231,8.62591438095238,1.0586172259905595,0.6464600000000011,7.93019,9.26448,8.287955657142856,9.10644970952381,473.83071323809514,94.89161323979626
PBS,128,Wavelet W2,108,128,0.013824,21,0.175811,0.18226299999999998,0.016472291910963693,0.029793999999999987,0.160146,0.20499,0.17559352142857138,0.1894396345238095,21,8.20114,8.375809666666665,0.38557741311756505,0.6175890000000006,8.000333,9.092812,8.218777948809525,8.535601188095237,21,8.544737,8.723559190476191,0.9042060479503341,0.3652269999999991,8.247266,9.178979,8.456722117857145,9.148241072619049,473.83071323809514,78.62989232755629
PBS,128,Wavelet W3,108,128,0.013824,21,0.208649,0.215712380952381,0.022480326642369302,0.03625900000000001,0.188534,0.248111,0.20661713571428572,0.22506607499999995,21,8.20114,8.375809666666665,0.38557741311756505,0.6175890000000006,8.000333,9.092812,8.218777948809525,8.535601188095237,21,8.434183,8.646018095238095,0.7044827336005407,0.29826500000000067,8.011762,10.511237,8.382020082142855,8.944938805952381,473.83071323809514,66.25481071081097
PBS,128,Wavelet Detail Energy (db1),108,128,0.013824,21,0.137411,0.1419632380952381,0.020311846545562427,0.013176999999999994,0.126715,0.170816,0.13453054642857143,0.15140590833333334,21,8.20114,8.375809666666665,0.38557741311756505,0.6175890000000006,8.000333,9.092812,8.218777948809525,8.535601188095237,21,8.337622,8.607571809523808,1.1054486808044788,0.288863000000001,7.717299,9.168081,8.269216489285714,9.146792023809525,473.83071323809514,100.60329959028024
PBS,128,Curvelet Transform Sharpness Index,108,128,0.013824,21,0.132212,0.13704919047619046,0.015361599733162715,0.014355000000000007,0.116423,0.163868,0.13086582976190475,0.1439348630952381,21,8.20114,8.375809666666665,0.38557741311756505,0.6175890000000006,8.000333,9.092812,8.218777948809525,8.535601188095237,21,8.3024,8.266830047619047,0.20310390925323812,0.2982630000000004,7.976144,8.597235,8.183180251190477,8.352108651190475,473.83071323809514,104.55934408374429
PBS,128,DCT Focus Measure,108,128,0.013824,21,0.095543,0.1014117142857143,0.01633092841862598,0.012118000000000004,0.08851,0.133249,0.09521578214285714,0.10888257023809524,21,8.20114,8.375809666666665,0.38557741311756505,0.6175890000000006,8.000333,9.092812,8.218777948809525,8.535601188095237,21,8.507228,8.949149047619049,1.250731585799826,0.7388899999999996,8.079831,10.703617,8.53438397142857,9.513836845238094,473.83071323809514,144.6887788744335
PBS,128,Intensity Skewness Index,108,128,0.013824,21,0.156987,0.17074257142857147,0.05139904606368821,0.02996600000000002,0.139219,0.207921,0.15460099880952383,0.1946240857142857,21,8.20114,8.375809666666665,0.38557741311756505,0.6175890000000006,8.000333,9.092812,8.218777948809525,8.535601188095237,21,8.632804,8.986332857142857,1.2803259086724474,0.6640380000000015,8.289995,9.659308,8.590758827380952,9.60446124047619,473.83071323809514,88.05824686120508
PBS,128,Squared Gradient,108,128,0.013824,21,0.041068,0.043699714285714286,0.00667066653448407,0.006631000000000005,0.035949,0.055625,0.04108227500000001,0.04666367380952381,21,8.20114,8.375809666666665,0.38557741311756505,0.6175890000000006,8.000333,9.092812,8.218777948809525,8.535601188095237,21,8.390422,8.786948142857144,1.3460099220494728,0.2986640000000005,7.904812,11.17414,8.311046663095237,9.400865055952382,473.83071323809514,336.6124476478036
PBS,128,Gradient Squared Energy,108,128,0.013824,21,0.040749,0.04623214285714287,0.015260828176366164,0.004985000000000003,0.036294,0.058462,0.04121581309523809,0.05351164404761904,21,8.20114,8.375809666666665,0.38557741311756505,0.6175890000000006,8.000333,9.092812,8.218777948809525,8.535601188095237,21,8.117583,8.464791285714286,1.0983548406343984,0.1622760000000003,7.932214,9.776181,8.123094295238095,8.936567184523808,473.83071323809514,339.24758889788706
PBS,128,Mean Intensity,108,128,0.013824,21,0.013936,0.014257047619047617,0.0029934626851890185,0.0012809999999999992,0.0096,0.020446,0.013053763095238095,0.015542865476190477,21,8.20114,8.375809666666665,0.38557741311756505,0.6175890000000006,8.000333,9.092812,8.218777948809525,8.535601188095237,21,8.330872,8.576574142857144,1.0615973944351167,0.5320859999999996,7.896211,9.515346,8.229379219047617,9.093286953571429,473.83071323809514,991.963260619977
PBS,128,Intensity Variance,108,128,0.013824,21,0.028828,0.030887714285714282,0.007242854617779216,0.0035110000000000002,0.02251,0.046963,0.028127695238095232,0.0341628261904762,21,8.20114,8.375809666666665,0.38557741311756505,0.6175890000000006,8.000333,9.092812,8.218777948809525,8.535601188095237,21,8.188063,8.341483857142858,0.9216750053027524,0.4764089999999994,7.811773,8.544327,8.063816402380953,8.784369672619047,473.83071323809514,479.5337865963646
PBS,128,Intensity Range Index,108,128,0.013824,21,0.014359,0.014444190476190475,0.0016785865369127568,0.0015980000000000005,0.011622,0.016877,0.013723453571428573,0.015122834523809522,21,8.20114,8.375809666666665,0.38557741311756505,0.6175890000000006,8.000333,9.092812,8.218777948809525,8.535601188095237,21,8.283725,8.475303333333333,0.978041789989586,0.3853590000000011,7.832062,8.940011,8.171934419047618,8.978884016666667,473.83071323809514,962.7411379622536
PBS,128,Maximal Intensity,108,128,0.013824,21,0.011167,0.011612714285714287,0.0023123815892464017,0.001039,0.007972,0.014018,0.01074242380952381,0.012612286904761903,21,8.20114,8.375809666666665,0.38557741311756505,0.6175890000000006,8.000333,9.092812,8.218777948809525,8.535601188095237,21,8.215454,8.464933047619047,1.1017992300012498,0.5154080000000008,7.777478,8.869373,8.135811991666667,8.963466703571427,473.83071323809514,1237.9331960239992
PBS,128,Laplacian Energy,108,128,0.013824,21,0.151376,0.15811790476190477,0.01611509415704656,0.024380999999999986,0.141344,0.18386,0.15178350952380953,0.16525792023809527,21,8.20114,8.375809666666665,0.38557741311756505,0.6175890000000006,8.000333,9.092812,8.218777948809525,8.535601188095237,21,8.561942,8.880159857142857,1.1383844731261175,0.7152270000000005,8.053525,10.320984,8.498952764285715,9.39921141547619,473.83071323809514,91.32227037311065
PBS,128,Mean Absolute Laplacian,108,128,0.013824,21,0.163872,0.18298766666666666,0.06613542595261131,0.019347999999999976,0.154664,0.211489,0.1640178166666667,0.21350376071428567,21,8.20114,8.375809666666665,0.38557741311756505,0.6175890000000006,8.000333,9.092812,8.218777948809525,8.535601188095237,21,9.284958,9.821296857142856,1.453657351984445,1.0922999999999998,8.68763,12.314187,9.26653907738095,10.509257067857142,473.83071323809514,84.3585237258348
PBS,128,Spatial Frequency,108,128,0.013824,21,0.046885,0.04826142857142856,0.005355954504767833,0.005276000000000003,0.041539,0.058318,0.046060533333333334,0.05043371071428571,21,8.20114,8.375809666666665,0.38557741311756505,0.6175890000000006,8.000333,9.092812,8.218777948809525,8.535601188095237,21,8.291565,8.392672904761904,0.2543172701119419,0.2543609999999994,8.152946,8.856408,8.288453645238095,8.50110091547619,473.83071323809514,294.84909885891005
PBS,128,Modified Tenengrad,108,128,0.013824,21,0.37684,0.38670785714285716,0.039312039088917415,0.032430000000000014,0.354861,0.423765,0.37218763571428565,0.4042794166666667,21,8.20114,8.375809666666665,0.38557741311756505,0.6175890000000006,8.000333,9.092812,8.218777948809525,8.535601188095237,21,8.671036,8.850898619047618,1.0107795200452707,0.38109899999999897,8.342815,9.410655,8.55357064047619,9.319143426190475,473.83071323809514,36.68400382125039
PBS,128,Absolute Central Moment 2,108,128,0.013824,21,0.029095,0.029393047619047617,0.002718853572301945,0.0018679999999999981,0.026866,0.033722,0.028294553571428568,0.03054477619047619,21,8.20114,8.375809666666665,0.38557741311756505,0.6175890000000006,8.000333,9.092812,8.218777948809525,8.535601188095237,21,8.328079,8.276873666666667,0.43986337986201274,0.6808879999999995,7.685823,8.901303,8.10212456547619,8.446423867857142,473.83071323809514,475.13318439594434
PBS,128,Absolute Central Moment 4,108,128,0.013824,21,0.187762,0.19520033333333334,0.016734072777818715,0.015423999999999993,0.182071,0.232756,0.18886892857142862,0.20244355595238092,21,8.20114,8.375809666666665,0.38557741311756505,0.6175890000000006,8.000333,9.092812,8.218777948809525,8.535601188095237,21,8.593037,8.633564666666668,0.2894484248850448,0.32708400000000104,8.263994,9.052939,8.523661886904764,8.757851060714287,473.83071323809514,73.6251211640268
PBS,128,Image Power,108,128,0.013824,21,0.01559,0.016932809523809524,0.006298705776737374,0.0016879999999999985,0.011526,0.02381,0.014901464285714285,0.01997924523809523,21,8.20114,8.375809666666665,0.38557741311756505,0.6175890000000006,8.000333,9.092812,8.218777948809525,8.535601188095237,21,8.229161,8.403075952380954,0.9973119011300063,0.24273699999999998,7.841397,8.574126,8.127810232142856,8.864088729761907,473.83071323809514,886.7222578576011
PBS,512,Tenengrad,432,512,0.221184,21,0.558923,0.5595975714285715,0.047597487142255146,0.04551000000000005,0.496227,0.637976,0.5388990452380952,0.5817065511904762,21,7.930262,7.841672714285716,0.25354518426074335,0.4298729999999997,7.418953,8.137859,7.735128705952382,7.945894346428572,21,8.123271,8.165181857142858,0.2542868109488349,0.36018400000000117,7.888287,8.644069,8.065398445238095,8.270645522619047,473.83071323809514,395.7325069821783
PBS,512,Brenner Gradient,432,512,0.221184,21,0.327966,0.3235104761904762,0.03204004630555182,0.04294199999999998,0.269995,0.380666,0.30969572261904754,0.3364613571428571,21,7.930262,7.841672714285716,0.25354518426074335,0.4298729999999997,7.418953,8.137859,7.735128705952382,7.945894346428572,21,8.004175,7.994570285714285,0.2716348689266793,0.314547000000001,7.572799,8.379197,7.884856599999999,8.10896556904762,473.83071323809514,674.411371910503
PBS,512,Variance of Laplacian,432,512,0.221184,21,0.463819,0.46551652380952374,0.053479724969953846,0.05753400000000003,0.400054,0.529286,0.44384580238095245,0.48833146071428557,21,7.930262,7.841672714285716,0.25354518426074335,0.4298729999999997,7.418953,8.137859,7.735128705952382,7.945894346428572,21,8.101756,8.133605714285714,0.26774593919799106,0.32747600000000077,7.686412,8.577372,8.024534709523808,8.242459833333331,473.83071323809514,476.87567779672673
PBS,512,Sum Modified Laplacian,432,512,0.221184,21,0.797061,0.8011987619047619,0.03945381777332171,0.06014200000000003,0.755279,0.860757,0.7848749976190476,0.8184239499999999,21,7.930262,7.841672714285716,0.25354518426074335,0.4298729999999997,7.418953,8.137859,7.735128705952382,7.945894346428572,21,8.979089,9.11361919047619,0.451936939122995,0.3253489999999992,8.674501,10.234233,8.945413428571428,9.324387845238093,473.83071323809514,277.4994636546011
PBS,512,Normalized Variance,432,512,0.221184,21,0.257004,0.2555840476190476,0.036669576008560814,0.034803999999999974,0.199612,0.294185,0.24105201190476191,0.2720873607142857,21,7.930262,7.841672714285716,0.25354518426074335,0.4298729999999997,7.418953,8.137859,7.735128705952382,7.945894346428572,21,6.713585,7.193798666666668,1.5285403342582535,0.8948920000000005,6.171744,10.595163,6.667088086904761,7.890566323809525,473.83071323809514,860.6247373581733
PBS,512,Energy of Gradient,432,512,0.221184,21,0.564317,0.5602488095238095,0.037721190858215285,0.04523300000000008,0.499658,0.615758,0.5438783690476191,0.5760981,21,7.930262,7.841672714285716,0.25354518426074335,0.4298729999999997,7.418953,8.137859,7.735128705952382,7.945894346428572,21,7.980034,7.978341619047618,0.20427593631763763,0.24812500000000082,7.714874,8.288602,7.8968762071428555,8.064352161904761,473.83071323809514,391.94991467561675
PBS,512,Histogram Entropy,432,512,0.221184,21,1.07798,1.0856633333333332,0.06703709844730257,0.08256400000000008,1.014693,1.161511,1.0592016130952382,1.1152289261904762,21,7.930262,7.841672714285716,0.25354518426074335,0.4298729999999997,7.418953,8.137859,7.735128705952382,7.945894346428572,21,8.871666,9.137156285714283,1.109924846590171,0.34252599999999944,8.388592,10.265609,8.788024428571427,9.673639385714287,473.83071323809514,205.1837696432216
PBS,512,GLCM Contrast,432,512,0.221184,21,54.948808,55.40082652380951,2.5516313728844255,1.3534559999999942,53.209315,59.04564,54.49970556547619,56.56853344761905,21,7.930262,7.841672714285716,0.25354518426074335,0.4298729999999997,7.418953,8.137859,7.735128705952382,7.945894346428572,21,62.623216,62.50844971428571,1.0014268599048126,1.1834830000000025,61.122324,63.939378,62.10832775952381,62.96907637500001,473.83071323809514,4.0252738512544255
PBS,512,Variance of Gradient,432,512,0.221184,21,0.457598,0.46078428571428565,0.0571094875254041,0.08080699999999996,0.400057,0.543618,0.4377308119047619,0.48464746428571437,21,7.930262,7.841672714285716,0.25354518426074335,0.4298729999999997,7.418953,8.137859,7.735128705952382,7.945894346428572,21,7.100287,7.301865047619048,0.9258339605742746,0.48545899999999964,6.597579,9.925008,6.972061980952381,7.7487935142857145,473.83071323809514,483.35875593861863
PBS,512,Fourier Transform Sharpness Index,432,512,0.221184,21,3.513768,3.521501285714286,0.10276755094685422,0.10648900000000028,3.3876,3.643553,3.4802145642857147,3.5683396988095235,21,7.930262,7.841672714285716,0.25354518426074335,0.4298729999999997,7.418953,8.137859,7.735128705952382,7.945894346428572,21,11.981138,11.98025733333333,0.6338542028527802,0.7181820000000005,11.094346,13.017281,11.716172188095237,12.25263911904762,473.83071323809514,62.94780987247878
PBS,512,Fourier High Frequency Energy Ratio,432,512,0.221184,21,3.698742,3.7586829999999996,0.2158389210093953,0.2763810000000002,3.514734,4.210081,3.672809057142857,3.8553873011904756,21,7.930262,7.841672714285716,0.25354518426074335,0.4298729999999997,7.418953,8.137859,7.735128705952382,7.945894346428572,21,11.501098,11.992686047619046,1.2968866130318597,0.6606839999999998,11.132905,15.315467,11.540758471428573,12.546908285714286,473.83071323809514,59.79979138853156
PBS,512,Roberts Focus Measure,432,512,0.221184,21,0.598733,0.6041801904761905,0.04367461585935135,0.03839400000000004,0.546464,0.689663,0.5866823761904761,0.6240397952380953,21,7.930262,7.841672714285716,0.25354518426074335,0.4298729999999997,7.418953,8.137859,7.735128705952382,7.945894346428572,21,8.035864,8.088231238095236,0.257984255679083,0.23282399999999992,7.798447,8.433779,7.986158704761906,8.204804709523808,473.83071323809514,369.42009209447286
PBS,512,Wavelet W1,432,512,0.221184,21,1.916269,1.9213477142857145,0.059701692197242535,0.06947399999999981,1.828985,2.041001,1.8974942000000001,1.9478202214285718,21,7.930262,7.841672714285716,0.25354518426074335,0.4298729999999997,7.418953,8.137859,7.735128705952382,7.945894346428572,21,9.54576,9.860766714285713,1.0820803048725702,0.3726660000000006,9.287892,10.716034,9.532528323809524,10.38832938452381,473.83071323809514,115.42429585825371
PBS,512,Wavelet W2,432,512,0.221184,21,2.362781,2.3957009047619047,0.16314602340201392,0.09869299999999992,2.211722,2.818404,2.336976770238095,2.472731455952381,21,7.930262,7.841672714285716,0.25354518426074335,0.4298729999999997,7.418953,8.137859,7.735128705952382,7.945894346428572,21,10.199056,10.244686142857143,0.48751261788576156,0.5743880000000008,9.729197,11.113347,10.046128610714282,10.457546459523808,473.83071323809514,93.61172279614573
PBS,512,Wavelet W3,432,512,0.221184,21,2.425586,2.449962,0.10898167378371466,0.09759999999999991,2.334983,2.621647,2.408695708333333,2.5006225678571425,21,7.930262,7.841672714285716,0.25354518426074335,0.4298729999999997,7.418953,8.137859,7.735128705952382,7.945894346428572,21,10.159262,10.153405809523809,0.2002490265383626,0.2766730000000006,9.909932,10.341853,10.070942127380954,10.237850283333334,473.83071323809514,91.18786140751142
PBS,512,Wavelet Detail Energy (db1),432,512,0.221184,21,1.924047,1.9406229047619046,0.07062624320598168,0.07003599999999999,1.856089,2.068405,1.913251730952381,1.9741587904761906,21,7.930262,7.841672714285716,0.25354518426074335,0.4298729999999997,7.418953,8.137859,7.735128705952382,7.945894346428572,21,9.528271,9.879850047619048,1.1495867064014995,0.32819099999999857,9.202375,12.013883,9.49714556904762,10.427519225,473.83071323809514,114.95769074248184
PBS,512,Curvelet Transform Sharpness Index,432,512,0.221184,21,2.012736,1.9975207619047615,0.10104588392898778,0.13707900000000017,1.888522,2.16567,1.9566985226190476,2.041760272619048,21,7.930262,7.841672714285716,0.25354518426074335,0.4298729999999997,7.418953,8.137859,7.735128705952382,7.945894346428572,21,10.283103,10.636655714285713,1.3001321783244248,0.9833829999999999,9.534738,11.437038,10.194905507142856,11.286952520238096,473.83071323809514,109.89220642945722
PBS,512,DCT Focus Measure,432,512,0.221184,21,1.528555,1.5622558095238095,0.18168107051716176,0.12631799999999993,1.4206,1.95433,1.4926391083333335,1.6441815297619047,21,7.930262,7.841672714285716,0.25354518426074335,0.4298729999999997,7.418953,8.137859,7.735128705952382,7.945894346428572,21,9.432921,9.48911480952381,0.46710892227772927,0.7520640000000007,8.913778,10.225503,9.298970514285717,9.679391810714284,473.83071323809514,144.7013682857339
PBS,512,Intensity Skewness Index,432,512,0.221184,21,1.100437,1.1238918571428573,0.08618060084861658,0.07111900000000015,1.01767,1.230672,1.0887369214285714,1.1619133857142856,21,7.930262,7.841672714285716,0.25354518426074335,0.4298729999999997,7.418953,8.137859,7.735128705952382,7.945894346428572,21,7.474016,7.700577380952382,0.7643683915984149,0.670363,7.096227,9.080414,7.420037283333334,8.043736788095238,473.83071323809514,200.99651320339098
PBS,512,Squared Gradient,432,512,0.221184,21,0.562446,0.568102,0.06742586919424917,0.06340699999999999,0.474159,0.674711,0.5406614119047618,0.598068444047619,21,7.930262,7.841672714285716,0.25354518426074335,0.4298729999999997,7.418953,8.137859,7.735128705952382,7.945894346428572,21,8.048381,8.098093095238093,0.231628761627071,0.25360099999999974,7.791016,8.517312,8.005547795238098,8.19682043095238,473.83071323809514,393.2537523602266
PBS,512,Gradient Squared Energy,432,512,0.221184,21,0.550105,0.5596797619047619,0.047462980366707645,0.070743,0.497558,0.627559,0.5404734702380952,0.5786986738095238,21,7.930262,7.841672714285716,0.25354518426074335,0.4298729999999997,7.418953,8.137859,7.735128705952382,7.945894346428572,21,8.284502,8.457700142857146,0.8244419849491101,0.3332160000000002,7.863558,9.133876,8.196798297619047,8.884045250000002,473.83071323809514,402.07596731533073
PBS,512,Mean Intensity,432,512,0.221184,21,0.160607,0.16113871428571427,0.024047795656032295,0.027871000000000007,0.117268,0.196206,0.15072934642857144,0.17075687261904762,21,7.930262,7.841672714285716,0.25354518426074335,0.4298729999999997,7.418953,8.137859,7.735128705952382,7.945894346428572,21,7.59159,7.875695238095237,0.9707976318516083,0.4203069999999993,7.288689,9.473737,7.548016246428572,8.363400734523808,473.83071323809514,1377.1753410498918
PBS,512,Intensity Variance,432,512,0.221184,21,0.392068,0.3946846190476191,0.040389730087580664,0.048985999999999974,0.33485,0.465791,0.37776673928571436,0.4111679904761905,21,7.930262,7.841672714285716,0.25354518426074335,0.4298729999999997,7.418953,8.137859,7.735128705952382,7.945894346428572,21,7.970708,8.28877080952381,1.020528082399187,0.5700469999999997,7.610304,9.286099,7.970029082142858,8.799773926190472,473.83071323809514,564.1470357182938
PBS,512,Intensity Range Index,432,512,0.221184,21,0.176857,0.17927747619047615,0.032400585674674236,0.026000999999999996,0.139848,0.221267,0.16718805595238095,0.1931551726190476,21,7.930262,7.841672714285716,0.25354518426074335,0.4298729999999997,7.418953,8.137859,7.735128705952382,7.945894346428572,21,7.549779,7.768523666666668,1.0361029038831684,0.4194040000000001,7.274812,8.036553,7.47894894047619,8.27221779047619,473.83071323809514,1250.6375207088213
PBS,512,Maximal Intensity,432,512,0.221184,21,0.151807,0.15247304761904762,0.03352074326812607,0.04492499999999999,0.100763,0.196432,0.1388885357142857,0.16658092023809523,21,7.930262,7.841672714285716,0.25354518426074335,0.4298729999999997,7.418953,8.137859,7.735128705952382,7.945894346428572,21,7.582924,7.683626619047617,0.3774122714081347,0.4226070000000002,7.300594,8.196268,7.543577522619048,7.856757453571428,473.83071323809514,1457.0079113611362
PBS,512,Laplacian Energy,432,512,0.221184,21,2.693589,2.711169857142858,0.16856252458695725,0.17444700000000024,2.456892,2.973252,2.639792803571429,2.783122520238095,21,7.930262,7.841672714285716,0.25354518426074335,0.4298729999999997,7.418953,8.137859,7.735128705952382,7.945894346428572,21,10.401348,10.706873285714286,1.1856149051388543,0.3709869999999995,10.082257,13.61025,10.29900428095238,11.25555587142857,473.83071323809514,82.11497745201663
PBS,512,Mean Absolute Laplacian,432,512,0.221184,21,2.529279,2.5257999523809525,0.142644058789168,0.1275360000000001,2.310502,2.681698,2.465040591666667,2.586108188095238,21,7.930262,7.841672714285716,0.25354518426074335,0.4298729999999997,7.418953,8.137859,7.735128705952382,7.945894346428572,21,10.152097,10.289198809523807,0.37583462588319605,0.4826189999999997,9.795495,10.959902,10.138405858333334,10.447972960714285,473.83071323809514,87.44942728738111
PBS,512,Spatial Frequency,432,512,0.221184,21,0.782747,0.8093959047619047,0.10037763317188983,0.11497100000000005,0.693181,0.924504,0.7691275654761905,0.8538302940476191,21,7.930262,7.841672714285716,0.25354518426074335,0.4298729999999997,7.418953,8.137859,7.735128705952382,7.945894346428572,21,8.700409,8.675565047619049,0.3655657706861347,0.4917099999999994,8.130767,9.169755,8.52589895595238,8.829345683333335,473.83071323809514,282.57406288366485
PBS,512,Modified Tenengrad,432,512,0.221184,21,6.088356,6.114983714285715,0.22271297335475163,0.34516599999999986,5.836611,6.481656,6.028497398809524,6.208025530952381,21,7.930262,7.841672714285716,0.25354518426074335,0.4298729999999997,7.418953,8.137859,7.735128705952382,7.945894346428572,21,14.033339,14.216443380952382,1.2068683919372267,0.5504829999999998,13.439482,14.579787,13.857468071428572,14.808994514285716,473.83071323809514,36.32901886814766
PBS,512,Absolute Central Moment 2,432,512,0.221184,21,0.498464,0.49055361904761907,0.038278037047994234,0.05648000000000003,0.423931,0.541751,0.4739637928571429,0.5063575119047619,21,7.930262,7.841672714285716,0.25354518426074335,0.4298729999999997,7.418953,8.137859,7.735128705952382,7.945894346428572,21,8.080944,8.275871666666669,0.7331769245228829,0.4357799999999994,7.709173,9.952669,8.013315475,8.629430715476191,473.83071323809514,443.7311420684342
PBS,512,Absolute Central Moment 4,432,512,0.221184,21,3.000829,3.0267921428571434,0.09576816842578005,0.12448000000000015,2.904976,3.180641,2.987380707142857,3.068983576190476,21,7.930262,7.841672714285716,0.25354518426074335,0.4298729999999997,7.418953,8.137859,7.735128705952382,7.945894346428572,21,10.799936,10.824663095238094,0.43585722879113814,0.7245020000000011,10.199416,11.506698,10.643587438095238,11.002172213095239,473.83071323809514,73.70763212432297
PBS,512,Image Power,432,512,0.221184,21,0.274602,0.28331109523809517,0.037712038618861174,0.05468300000000004,0.229339,0.343613,0.2676617119047619,0.29957349523809523,21,7.930262,7.841672714285716,0.25354518426074335,0.4298729999999997,7.418953,8.137859,7.735128705952382,7.945894346428572,21,7.643895,7.6791316190476175,0.16974945617923975,0.19245399999999968,7.436309,7.955841,7.611798814285714,7.7487238297619045,473.83071323809514,805.4711910328401
PBS,1024,Tenengrad,864,1024,0.884736,21,2.31499,2.377309761904762,0.16102335904361975,0.22468900000000014,2.195757,2.619938,2.3127867880952384,2.4493451071428574,21,8.228178,8.616983523809525,1.5395601836508246,0.6197970000000002,7.860296,9.312098,8.16779910357143,9.369902249999999,21,10.77762,10.845275666666668,0.3865429229815665,0.38398800000000044,10.37343,11.414095,10.69061750952381,11.01884347857143,473.83071323809514,382.1770288424572
PBS,1024,Brenner Gradient,864,1024,0.884736,21,1.370035,1.3944518571428572,0.13714849840056056,0.16880000000000006,1.2042,1.628699,1.3384945333333333,1.4506474714285713,21,8.228178,8.616983523809525,1.5395601836508246,0.6197970000000002,7.860296,9.312098,8.16779910357143,9.369902249999999,21,9.926422,10.189989857142859,0.9734364790795691,0.6444590000000012,9.465354,10.927886,9.855983169047619,10.639367460714286,473.83071323809514,645.7762027977387
PBS,1024,Variance of Laplacian,864,1024,0.884736,21,1.785803,1.8190345238095236,0.1313471335924842,0.16236400000000017,1.683399,2.05651,1.7644005226190478,1.8729795000000002,21,8.228178,8.616983523809525,1.5395601836508246,0.6197970000000002,7.860296,9.312098,8.16779910357143,9.369902249999999,21,10.456707,10.466271142857142,0.387720001353333,0.46471399999999896,9.901193,11.034823,10.308856767857144,10.625292383333333,473.83071323809514,495.42754715945705
PBS,1024,Sum Modified Laplacian,864,1024,0.884736,21,3.429322,3.4424305238095236,0.11913481007607264,0.12011499999999975,3.281063,3.659201,3.3938647440476193,3.4925486464285713,21,8.228178,8.616983523809525,1.5395601836508246,0.6197970000000002,7.860296,9.312098,8.16779910357143,9.369902249999999,21,11.886243,12.010560666666667,0.3485052944642783,0.4917739999999995,11.478105,12.520594,11.870656553571427,12.155000386904762,473.83071323809514,257.99152135611644
PBS,1024,Normalized Variance,864,1024,0.884736,21,1.677966,1.6698621904761906,0.11697487010277852,0.11404700000000001,1.410168,1.836591,1.6182510392857143,1.7184536690476189,21,8.228178,8.616983523809525,1.5395601836508246,0.6197970000000002,7.860296,9.312098,8.16779910357143,9.369902249999999,21,10.065294,10.054951428571428,0.33131406917463874,0.44846399999999953,9.654586,10.693352,9.923560116666666,10.200237358333334,473.83071323809514,527.2669410464812
PBS,1024,Energy of Gradient,864,1024,0.884736,21,2.19417,2.2208718571428574,0.1484337050784914,0.1966190000000001,2.017003,2.436724,2.1574374273809522,2.28165986547619,21,8.228178,8.616983523809525,1.5395601836508246,0.6197970000000002,7.860296,9.312098,8.16779910357143,9.369902249999999,21,10.681308,10.772763333333334,0.319296780596099,0.15146100000000118,10.387914,11.33276,10.655029485714286,10.920570103571428,473.83071323809514,403.22126362132377
PBS,1024,Histogram Entropy,864,1024,0.884736,21,4.340033,4.389395095238094,0.27388565541187154,0.29155200000000026,4.009996,4.84176,4.278563521428572,4.508607451190477,21,8.228178,8.616983523809525,1.5395601836508246,0.6197970000000002,7.860296,9.312098,8.16779910357143,9.369902249999999,21,12.826308,13.064622761904761,1.0578800899184606,0.4731760000000005,12.266828,13.945078,12.721807204761905,13.563880770238097,473.83071323809514,203.85467115111797
PBS,1024,GLCM Contrast,864,1024,0.884736,21,214.505379,214.97189804761905,3.133081191417094,2.0795999999999992,212.140482,221.805799,213.83551290357147,216.3665749666667,21,8.228178,8.616983523809525,1.5395601836508246,0.6197970000000002,7.860296,9.312098,8.16779910357143,9.369902249999999,21,223.379154,223.24832014285715,2.324222948294407,2.605660999999998,219.476838,226.209188,222.25842220238093,224.26327434404757,473.83071323809514,4.124539925872908
PBS,1024,Variance of Gradient,864,1024,0.884736,21,3.16164,3.2267679523809525,0.18467320657514888,0.19212300000000004,3.042413,3.588107,3.15549286547619,3.3147332226190476,21,8.228178,8.616983523809525,1.5395601836508246,0.6197970000000002,7.860296,9.312098,8.16779910357143,9.369902249999999,21,11.814048,11.80796123809524,0.3713961539964979,0.5464339999999996,11.308058,12.302475,11.657124307142857,11.966292846428573,473.83071323809514,279.83451626371124
PBS,1024,Fourier Transform Sharpness Index,864,1024,0.884736,21,20.2078,20.46015004761905,1.0746769458293726,1.065639000000001,19.361599,22.438649,20.045463809523806,20.937421170238096,21,8.228178,8.616983523809525,1.5395601836508246,0.6197970000000002,7.860296,9.312098,8.16779910357143,9.369902249999999,21,29.043222,29.344702095238095,1.5172242267821818,1.6240020000000008,27.985521,32.162078,28.777291817857137,30.02891186071428,473.83071323809514,43.78190599669435
PBS,1024,Fourier High Frequency Energy Ratio,864,1024,0.884736,21,20.878896,21.517871333333332,1.3998917197041827,1.4724000000000004,20.281656,23.919929,20.97531538690476,22.126854416666667,21,8.228178,8.616983523809525,1.5395601836508246,0.6197970000000002,7.860296,9.312098,8.16779910357143,9.369902249999999,21,29.924009,30.63403176190476,2.744029014090119,1.9487120000000004,28.685453,36.575114,29.65434561666667,31.928634103571426,473.83071323809514,42.37465429206601
PBS,1024,Roberts Focus Measure,864,1024,0.884736,21,2.489653,2.483007333333333,0.07319942321038693,0.10170800000000035,2.356534,2.592409,2.4516405690476186,2.5123008642857143,21,8.228178,8.616983523809525,1.5395601836508246,0.6197970000000002,7.860296,9.312098,8.16779910357143,9.369902249999999,21,10.658819,10.687088952380954,0.24508482504012288,0.3294680000000003,10.414031,11.146907,10.588317275000001,10.789987979761904,473.83071323809514,355.3651854294554
PBS,1024,Wavelet W1,864,1024,0.884736,21,7.266218,7.295645857142856,0.353589305814993,0.37185699999999944,6.910081,7.696868,7.1503633154761905,7.452671732142858,21,8.228178,8.616983523809525,1.5395601836508246,0.6197970000000002,7.860296,9.312098,8.16779910357143,9.369902249999999,21,14.846479,15.032849904761907,0.7745674822764578,0.8094220000000014,14.164176,15.855975,14.745985663095237,15.386201179761903,473.83071323809514,121.76017840367574
PBS,1024,Wavelet W2,864,1024,0.884736,21,14.634939,14.559227761904761,0.546376912269992,0.8121860000000005,13.686653,15.356524,14.335842491666668,14.784117939285714,21,8.228178,8.616983523809525,1.5395601836508246,0.6197970000000002,7.860296,9.312098,8.16779910357143,9.369902249999999,21,23.517749,23.58489133333333,0.9374270609211863,0.8089249999999986,22.658184,24.604418,23.243828051190476,23.99434675,473.83071323809514,60.45368552612348
PBS,1024,Wavelet W3,864,1024,0.884736,21,14.540073,14.54246080952381,0.3974294449148953,0.6055229999999998,13.961585,15.228244,14.381294685714288,14.711264651190476,21,8.228178,8.616983523809525,1.5395601836508246,0.6197970000000002,7.860296,9.312098,8.16779910357143,9.369902249999999,21,23.474412,23.56046252380952,0.6365817821829827,0.6682450000000024,22.520963,24.549079,23.28553466190476,23.82744050952381,473.83071323809514,60.84811266078238
PBS,1024,Wavelet Detail Energy (db1),864,1024,0.884736,21,12.401299,12.336614476190475,0.25292941012180037,0.4313350000000007,12.018036,12.68136,12.22883027738095,12.441068585714286,21,8.228178,8.616983523809525,1.5395601836508246,0.6197970000000002,7.860296,9.312098,8.16779910357143,9.369902249999999,21,21.292514,21.633147952380952,1.2444074255509519,1.0072510000000001,20.556475,23.674255,21.15614328809524,22.195602264285714,473.83071323809514,71.34220374817187
PBS,1024,Curvelet Transform Sharpness Index,864,1024,0.884736,21,13.642448,13.60175219047619,0.5870926477821555,0.915004999999999,12.53282,14.250562,13.363588308333332,13.828821035714286,21,8.228178,8.616983523809525,1.5395601836508246,0.6197970000000002,7.860296,9.312098,8.16779910357143,9.369902249999999,21,23.349788,23.25866704761905,1.4285007561817558,1.1679540000000017,21.624155,25.639047,22.708066003571428,23.90514784761905,473.83071323809514,64.85170403434925
PBS,1024,DCT Focus Measure,864,1024,0.884736,21,6.501322,6.730224857142857,0.5575994007315902,0.5989700000000004,6.082438,7.629911,6.511544692857143,6.979155267857142,21,8.228178,8.616983523809525,1.5395601836508246,0.6197970000000002,7.860296,9.312098,8.16779910357143,9.369902249999999,21,15.124023,15.201595523809523,0.7741854043156339,0.9490090000000002,14.004058,16.345874,14.882887726190479,15.527762233333334,473.83071323809514,136.08555306136196
PBS,1024,Intensity Skewness Index,864,1024,0.884736,21,7.547783,7.559971999999998,0.19656753997824766,0.31380300000000005,7.269876,7.850828,7.479459430952382,7.643874824999998,21,8.228178,8.616983523809525,1.5395601836508246,0.6197970000000002,7.860296,9.312098,8.16779910357143,9.369902249999999,21,16.154419,16.364315285714287,1.0625757958606599,0.49336600000000175,15.701777,16.575332,16.050168183333334,16.86775326785714,473.83071323809514,117.2179963308431
PBS,1024,Squared Gradient,864,1024,0.884736,21,2.424865,2.4446048095238098,0.19641893367611457,0.23220799999999997,2.196812,2.72324,2.3664188095238097,2.530021483333333,21,8.228178,8.616983523809525,1.5395601836508246,0.6197970000000002,7.860296,9.312098,8.16779910357143,9.369902249999999,21,10.710328,10.751022666666666,0.4929248247617816,0.5121209999999987,10.316595,11.317671,10.55354569642857,10.982501546428571,473.83071323809514,364.85989941708095
PBS,1024,Gradient Squared Energy,864,1024,0.884736,21,2.416589,2.446409380952381,0.21458734206249822,0.24509900000000018,2.225257,2.917081,2.3613615202380953,2.5442605880952383,21,8.228178,8.616983523809525,1.5395601836508246,0.6197970000000002,7.860296,9.312098,8.16779910357143,9.369902249999999,21,11.093393,11.168913190476193,0.47239213768971855,0.39799200000000035,10.560889,12.034484,10.970521695238094,11.36551264047619,473.83071323809514,366.10942117174244
PBS,1024,Mean Intensity,864,1024,0.884736,21,0.738784,0.7564734285714285,0.12607740339671158,0.18771100000000007,0.535843,0.966223,0.7033424166666666,0.8106134226190476,21,8.228178,8.616983523809525,1.5395601836508246,0.6197970000000002,7.860296,9.312098,8.16779910357143,9.369902249999999,21,8.978719,8.960648428571428,0.2625783973385037,0.2899460000000005,8.460518,9.396806,8.848315044047622,9.064168439285716,473.83071323809514,1197.5570667475201
PBS,1024,Intensity Variance,864,1024,0.884736,21,1.561683,1.5813042380952385,0.06097891916466277,0.09714200000000006,1.490489,1.688645,1.556955564285714,1.6074159904761904,21,8.228178,8.616983523809525,1.5395601836508246,0.6197970000000002,7.860296,9.312098,8.16779910357143,9.369902249999999,21,10.249826,10.23467780952381,0.3751477930642294,0.543375000000001,9.80341,10.899865,10.075782632142857,10.39706840833333,473.83071323809514,566.5272657767293
PBS,1024,Intensity Range Index,864,1024,0.884736,21,0.8074,0.8330773809523809,0.15495461410054112,0.05797399999999997,0.712398,0.882385,0.7868181130952382,0.9078287488095237,21,8.228178,8.616983523809525,1.5395601836508246,0.6197970000000002,7.860296,9.312098,8.16779910357143,9.369902249999999,21,9.372585,9.334916428571429,0.36579845701527636,0.5469150000000003,8.831529,9.830174,9.180974538095237,9.486014433333334,473.83071323809514,1095.7839980183303
PBS,1024,Maximal Intensity,864,1024,0.884736,21,0.64734,0.6841814761904763,0.11643129928958923,0.09951900000000002,0.582233,0.935379,0.6385469011904762,0.7353183035714285,21,8.228178,8.616983523809525,1.5395601836508246,0.6197970000000002,7.860296,9.312098,8.16779910357143,9.369902249999999,21,8.693839,8.859138666666666,0.673033747174414,0.5444370000000003,8.206738,10.084883,8.60951218690476,9.169379423809522,473.83071323809514,1366.725368430809
PBS,1024,Laplacian Energy,864,1024,0.884736,21,10.989112,10.93995876190476,0.5368783490261928,0.6897669999999998,10.013156,11.603919,10.726427942857141,11.151148892857144,21,8.228178,8.616983523809525,1.5395601836508246,0.6197970000000002,7.860296,9.312098,8.16779910357143,9.369902249999999,21,19.612953,19.653584428571428,0.6012461450322629,0.6921759999999999,18.875937,20.846082,19.41707875119048,19.918323538095244,473.83071323809514,80.51023594991113
PBS,1024,Mean Absolute Laplacian,864,1024,0.884736,21,11.678564,12.10513557142857,2.2132098768082655,0.2383229999999994,11.154057,11.967788,11.551452834523811,13.09203650952381,21,8.228178,8.616983523809525,1.5395601836508246,0.6197970000000002,7.860296,9.312098,8.16779910357143,9.369902249999999,21,20.383308,20.367151476190475,0.8879631580673615,0.9348559999999999,19.267338,22.156647,20.013906151190472,20.749804338095235,473.83071323809514,75.75725919727803
PBS,1024,Spatial Frequency,864,1024,0.884736,21,3.400705,3.4086866190476184,0.18304690099083246,0.1671809999999998,3.216204,3.755988,3.333896535714286,3.483133463095238,21,8.228178,8.616983523809525,1.5395601836508246,0.6197970000000002,7.860296,9.312098,8.16779910357143,9.369902249999999,21,11.685712,11.726461904761903,0.3548801727046617,0.3140520000000002,11.268908,12.324334,11.58095049404762,11.882044992857145,473.83071323809514,260.16252512346705
PBS,1024,Modified Tenengrad,864,1024,0.884736,21,25.339602,25.542430380952375,0.8406933370751473,1.325215,24.629631,27.026853,25.21923737261904,25.918000274999994,21,8.228178,8.616983523809525,1.5395601836508246,0.6197970000000002,7.860296,9.312098,8.16779910357143,9.369902249999999,21,34.022232,34.72120085714286,2.393663879228812,1.7979110000000063,32.498653,40.067625,33.792977048809526,35.809624014285724,473.83071323809514,34.915149811745266
PBS,1024,Absolute Central Moment 2,864,1024,0.884736,21,2.191507,2.176154619047619,0.141215604597536,0.1431420000000001,1.985734,2.380865,2.1168968678571427,2.237141613095238,21,8.228178,8.616983523809525,1.5395601836508246,0.6197970000000002,7.860296,9.312098,8.16779910357143,9.369902249999999,21,10.212493,10.180467571428572,0.29251939981658853,0.4800500000000003,9.793449,10.687059,10.055311196428574,10.299115405952382,473.83071323809514,403.71123614937113
PBS,1024,Absolute Central Moment 4,864,1024,0.884736,21,11.876224,11.92585442857143,0.2054555929352062,0.13592799999999983,11.767834,12.290335,11.847368202380954,12.02023878452381,21,8.228178,8.616983523809525,1.5395601836508246,0.6197970000000002,7.860296,9.312098,8.16779910357143,9.369902249999999,21,20.195373,20.39100142857143,1.0123159045336378,0.36377400000000293,19.712776,20.774353,20.08639024761905,20.87764255714286,473.83071323809514,74.49640559154155
PBS,1024,Image Power,864,1024,0.884736,21,1.188705,1.1536309047619049,0.11684053380137596,0.12999500000000008,0.966719,1.295155,1.102504072619048,1.2012398523809522,21,8.228178,8.616983523809525,1.5395601836508246,0.6197970000000002,7.860296,9.312098,8.16779910357143,9.369902249999999,21,9.486398,9.921772952380953,1.163871216953898,0.7599429999999998,9.082409,11.687415,9.484796865476191,10.456947035714284,473.83071323809514,744.2855880979722
BMA,native,Tenengrad,2160,2560,5.5296,21,33.831881,27.128122714285716,9.58581118706305,17.488584999999997,16.784858,37.250935,23.272321505952384,31.112951372619044,21,6.542451,7.210746857142857,2.139564324821044,0.49194099999999974,6.236161,13.50698,6.494756315476191,8.237123667857142,21,40.955249,36.89582514285714,7.089319308593337,11.925484999999998,29.132667,44.07241,33.9743704047619,39.914227057142845,559.8028564285714,163.44346919404217
BMA,native,Brenner Gradient,2160,2560,5.5296,21,14.977719,16.489658,2.9456196315459504,4.982598999999999,13.203537,20.293703,15.322347010714287,17.72882609880952,21,6.542451,7.210746857142857,2.139564324821044,0.49194099999999974,6.236161,13.50698,6.494756315476191,8.237123667857142,21,25.509803,24.442710285714288,3.6259719066343594,5.942019999999999,20.41945,29.103149,22.954578875,26.009969538095234,559.8028564285714,369.1883924381276
BMA,native,Variance of Laplacian,2160,2560,5.5296,21,16.623458,17.175325904761905,3.751120857023457,4.003541,13.65137,25.328475,15.72930389761905,18.86272186071428,21,6.542451,7.210746857142857,2.139564324821044,0.49194099999999974,6.236161,13.50698,6.494756315476191,8.237123667857142,21,24.697192,23.857542666666664,2.9191265153906114,3.963635,20.439305,27.566659,22.732161111904766,25.14327975,559.8028564285714,332.6383716312214
BMA,native,Sum Modified Laplacian,2160,2560,5.5296,21,31.709979,32.38088576190476,2.890237441771903,1.0730690000000038,31.002123,33.057204,31.559497244047623,33.79345002857142,21,6.542451,7.210746857142857,2.139564324821044,0.49194099999999974,6.236161,13.50698,6.494756315476191,8.237123667857142,21,38.494512,39.477321809523815,4.257725136004867,1.1315669999999969,37.297891,40.630738,38.27417046309523,41.48378357261904,559.8028564285714,174.3804371488231
BMA,native,Normalized Variance,2160,2560,5.5296,21,18.461117,17.942047857142857,2.547574874473983,4.604931999999998,14.884556,21.456509,16.833184401190476,18.947965391666667,21,6.542451,7.210746857142857,2.139564324821044,0.49194099999999974,6.236161,13.50698,6.494756315476191,8.237123667857142,21,23.097425,24.694510904761902,2.752318385099967,4.899135999999999,21.688591,28.332929,23.51067717142857,25.89390045,559.8028564285714,299.5268379481046
BMA,native,Energy of Gradient,2160,2560,5.5296,21,30.57637,30.076013666666665,12.280744057186556,19.161424999999998,18.360156,51.970874,25.127129617857143,35.302392049999995,21,6.542451,7.210746857142857,2.139564324821044,0.49194099999999974,6.236161,13.50698,6.494756315476191,8.237123667857142,21,38.770668,40.30261290476191,7.42120313811745,13.677640999999994,32.55862,48.083309,37.40276242023809,43.541863891666665,559.8028564285714,180.84553529408495
BMA,native,Histogram Entropy,2160,2560,5.5296,21,55.068639,54.696368476190486,2.662342545215221,3.4455870000000033,50.500057,58.515567,53.68722687857143,55.746104086904765,21,6.542451,7.210746857142857,2.139564324821044,0.49194099999999974,6.236161,13.50698,6.494756315476191,8.237123667857142,21,61.410243,61.986529857142855,3.2439488902454716,2.580402999999997,57.593567,68.879132,60.74154767142856,63.39296636071428,559.8028564285714,100.41286838412695
BMA,native,GLCM Contrast,2160,2560,5.5296,21,1384.95044,1318.0181692380952,172.74921875706823,19.77245300000004,870.468567,1401.284711,1239.3635466464284,1383.9151413130953,21,6.542451,7.210746857142857,2.139564324821044,0.49194099999999974,6.236161,13.50698,6.494756315476191,8.237123667857142,21,1390.741675,1347.3235490952381,140.2385064357085,36.64820800000007,1129.842629,1425.88622,1279.242678480952,1395.6198504821427,559.8028564285714,3.992633844717216
BMA,native,Variance of Gradient,2160,2560,5.5296,21,35.426966,33.236244904761904,9.661428094586348,17.621569,22.911482,47.090954,29.559121747619045,37.169932315476196,21,6.542451,7.210746857142857,2.139564324821044,0.49194099999999974,6.236161,13.50698,6.494756315476191,8.237123667857142,21,44.533164,42.68523171428571,6.645827071591543,12.795111999999996,35.19768,52.039811,39.878150251190476,45.2769557452381,559.8028564285714,156.0844922480802
BMA,native,Fourier Transform Sharpness Index,2160,2560,5.5296,21,198.67978,191.08367200000004,25.809356772914942,16.359106999999995,146.201006,217.75161,180.6413187059524,200.9132968904762,21,6.542451,7.210746857142857,2.139564324821044,0.49194099999999974,6.236161,13.50698,6.494756315476191,8.237123667857142,21,205.195465,201.44248938095237,29.905757755850047,38.759759,147.647262,243.012095,188.5459911357143,213.6006253773809,559.8028564285714,27.831719966672
BMA,native,Fourier High Frequency Energy Ratio,2160,2560,5.5296,21,209.766243,210.44964038095236,5.202218428723832,5.385084000000006,205.446196,221.548109,208.33310842619045,212.75535489285713,21,6.542451,7.210746857142857,2.139564324821044,0.49194099999999974,6.236161,13.50698,6.494756315476191,8.237123667857142,21,218.046658,222.09615638095232,12.477129209124904,7.09808799999999,211.194936,247.752614,217.30996467857145,227.8862941047619,559.8028564285714,26.3607714993494
BMA,native,Roberts Focus Measure,2160,2560,5.5296,21,31.93455,27.97157704761905,5.596517168919394,10.368210999999999,21.575276,34.944933,25.73284180357143,30.263266667857135,21,6.542451,7.210746857142857,2.139564324821044,0.49194099999999974,6.236161,13.50698,6.494756315476191,8.237123667857142,21,39.452771,38.606095619047615,3.655196320547742,5.721420000000002,34.315891,42.415861,37.18242619642857,40.14398430714286,559.8028564285714,173.15415435633196
BMA,native,Wavelet W1,2160,2560,5.5296,21,136.820389,137.76896104761903,5.639482907276186,7.913970000000006,132.158091,148.605452,135.4251514261905,140.06837441547617,21,6.542451,7.210746857142857,2.139564324821044,0.49194099999999974,6.236161,13.50698,6.494756315476191,8.237123667857142,21,141.217523,143.22476742857145,5.2268967407665405,7.783319000000006,136.382737,149.90974,141.13999425,145.3674871,559.8028564285714,40.415029078743515
BMA,native,Wavelet W2,2160,2560,5.5296,21,150.194681,150.97130052380956,3.7449093896116863,5.102209000000016,146.54638,157.634732,149.4427266404762,152.50714115595238,21,6.542451,7.210746857142857,2.139564324821044,0.49194099999999974,6.236161,13.50698,6.494756315476191,8.237123667857142,21,154.207539,156.53260890476193,7.393874438500916,4.270872999999995,148.936117,172.428548,153.68399144642856,159.6762717392857,559.8028564285714,36.81621721344447
BMA,native,Wavelet W3,2160,2560,5.5296,21,151.906284,151.48745380952383,3.897687740560208,4.856128000000012,145.601839,158.181132,149.8374533964286,153.12792334047617,21,6.542451,7.210746857142857,2.139564324821044,0.49194099999999974,6.236161,13.50698,6.494756315476191,8.237123667857142,21,157.237649,159.64551685714292,7.183900396211715,7.222039000000024,152.165785,174.118086,156.7479957142857,162.97482895714285,559.8028564285714,36.40139074167597
BMA,native,Wavelet Detail Energy (db1),2160,2560,5.5296,21,142.629525,144.32545119047623,6.968285233084784,11.548541999999998,135.59929,153.284046,141.48547283809526,147.2873816702381,21,6.542451,7.210746857142857,2.139564324821044,0.49194099999999974,6.236161,13.50698,6.494756315476191,8.237123667857142,21,149.158006,149.54524114285718,6.288000318195263,3.895253999999994,142.460207,160.295812,147.15075772857148,152.30062019523808,559.8028564285714,38.768971571629365
BMA,native,Curvelet Transform Sharpness Index,2160,2560,5.5296,21,141.960149,142.23077357142856,5.0576818934210435,6.834769999999992,135.116796,150.458516,140.1340314285714,144.31835362857146,21,6.542451,7.210746857142857,2.139564324821044,0.49194099999999974,6.236161,13.50698,6.494756315476191,8.237123667857142,21,148.031579,147.7411269047619,5.93240095231825,7.828557999999987,141.286223,157.630175,145.3924042011905,150.2716007797619,559.8028564285714,38.95177652990488
BMA,native,DCT Focus Measure,2160,2560,5.5296,21,75.193206,75.65283857142856,5.670305977800101,5.096567000000007,70.696685,81.584642,73.66896270357142,78.35500437380952,21,6.542451,7.210746857142857,2.139564324821044,0.49194099999999974,6.236161,13.50698,6.494756315476191,8.237123667857142,21,82.999365,84.1124766190476,5.746569276450683,6.250554999999991,77.86575,90.842506,81.94012177142858,86.81824655952379,559.8028564285714,73.53855878947361
BMA,native,Intensity Skewness Index,2160,2560,5.5296,21,53.179802,52.86449157142856,1.7405311671722679,3.1881149999999963,50.452441,55.089197,52.128874098809526,53.60468172380952,21,6.542451,7.210746857142857,2.139564324821044,0.49194099999999974,6.236161,13.50698,6.494756315476191,8.237123667857142,21,59.420932,60.42866809523809,3.64919935905957,3.2118010000000012,57.354035,63.802354,59.12953364166667,62.070017867857125,559.8028564285714,103.97932658718811
BMA,native,Squared Gradient,2160,2560,5.5296,21,33.661639,27.157923952380948,9.739626391147812,18.124838,16.783001,36.864058,23.106373092857144,31.061473819047606,21,6.542451,7.210746857142857,2.139564324821044,0.49194099999999974,6.236161,13.50698,6.494756315476191,8.237123667857142,21,38.563274,37.08966814285714,7.016768051036954,13.423358,29.285761,46.042914,34.03743206190476,39.88698085952381,559.8028564285714,164.27007609463104
BMA,native,Gradient Squared Energy,2160,2560,5.5296,21,33.677977,26.789830809523806,9.60539393574865,18.163586,16.595644,36.360813,23.02019279285714,30.779936219047617,21,6.542451,7.210746857142857,2.139564324821044,0.49194099999999974,6.236161,13.50698,6.494756315476191,8.237123667857142,21,40.442928,37.11808814285714,6.958509398733247,12.619119000000005,29.302665,44.352452,34.188829685714275,40.002385942857146,559.8028564285714,164.1903847134286
BMA,native,Mean Intensity,2160,2560,5.5296,21,9.492729,8.30547219047619,1.9921853509879701,3.8746709999999993,5.966995,10.514472,7.497761679761903,9.114942695238094,21,6.542451,7.210746857142857,2.139564324821044,0.49194099999999974,6.236161,13.50698,6.494756315476191,8.237123667857142,21,15.15716,15.387384142857146,2.4397740074349774,4.5028320000000015,12.495859,18.273163,14.393212694047618,16.378151425,559.8028564285714,582.5089918821026
BMA,native,Intensity Variance,2160,2560,5.5296,21,23.667493,22.603281380952378,2.3919792338179793,4.3962150000000015,19.346617,25.47655,21.606031369047617,23.554145182142857,21,6.542451,7.210746857142857,2.139564324821044,0.49194099999999974,6.236161,13.50698,6.494756315476191,8.237123667857142,21,29.894799,29.93640504761905,3.6972587010862985,3.3824889999999996,26.164067,37.944165,28.51216493690476,31.579428699999998,559.8028564285714,233.63691287454907
BMA,native,Intensity Range Index,2160,2560,5.5296,21,8.578853,9.807903857142858,2.0471791288524144,3.5598280000000004,7.601197,12.489151,8.984043433333335,10.69198366547619,21,6.542451,7.210746857142857,2.139564324821044,0.49194099999999974,6.236161,13.50698,6.494756315476191,8.237123667857142,21,18.074828,17.696093714285716,2.715831705065838,4.43052,14.662505,22.475145,16.574404845238096,18.85966742261905,559.8028564285714,644.5616914055993
BMA,native,Maximal Intensity,2160,2560,5.5296,21,5.8282,7.276192000000001,2.042762495523305,3.8433230000000007,5.244649,9.774401,6.431044322619048,8.131904615476191,21,6.542451,7.210746857142857,2.139564324821044,0.49194099999999974,6.236161,13.50698,6.494756315476191,8.237123667857142,21,15.813097,14.508897142857144,2.2292025134867917,4.0194420000000015,11.774967,17.382822,13.632071766666668,15.449552088095238,559.8028564285714,948.7663429532275
BMA,native,Laplacian Energy,2160,2560,5.5296,21,157.066966,157.18819204761905,7.227203174838409,9.525440000000003,148.925003,171.262769,154.41672984285714,160.3495839154762,21,6.542451,7.210746857142857,2.139564324821044,0.49194099999999974,6.236161,13.50698,6.494756315476191,8.237123667857142,21,162.293819,164.97865495238096,9.447016297293878,11.290385000000015,155.150538,181.152542,161.10663310238095,168.93573594047615,559.8028564285714,35.20536584376374
BMA,native,Mean Absolute Laplacian,2160,2560,5.5296,21,157.855428,158.6358281904762,6.395545558315793,8.168009000000012,151.057741,167.500729,156.20347757142858,161.4223237952381,21,6.542451,7.210746857142857,2.139564324821044,0.49194099999999974,6.236161,13.50698,6.494756315476191,8.237123667857142,21,167.719617,167.35543700000002,7.838869142608408,10.744837999999987,156.930335,180.221043,164.0962597261905,170.6127757952381,559.8028564285714,35.029520809382625
BMA,native,Spatial Frequency,2160,2560,5.5296,21,49.425439,49.1452982857143,2.3752983325747135,2.7113590000000016,45.898347,51.933101,48.183869551190476,50.17171513452382,21,6.542451,7.210746857142857,2.139564324821044,0.49194099999999974,6.236161,13.50698,6.494756315476191,8.237123667857142,21,54.406575,57.16226733333334,8.817426770836583,4.303728999999997,51.621237,64.735501,54.349451808333335,61.268705189285704,559.8028564285714,111.87761023225309
BMA,native,Modified Tenengrad,2160,2560,5.5296,21,353.477765,353.2447197142857,11.514791114267071,15.82946800000002,337.88175,373.389454,348.3663293988095,357.94883867500005,21,6.542451,7.210746857142857,2.139564324821044,0.49194099999999974,6.236161,13.50698,6.494756315476191,8.237123667857142,21,360.875149,361.53909357142857,13.83834670549601,21.75392599999998,346.126347,376.224618,356.26791306785714,367.6987226297619,559.8028564285714,15.643416778987499
BMA,native,Absolute Central Moment 2,2160,2560,5.5296,21,29.329687,30.516759333333333,2.209557130611592,4.077496,28.02206,33.351474,29.608876334523814,31.458672254761897,21,6.542451,7.210746857142857,2.139564324821044,0.49194099999999974,6.236161,13.50698,6.494756315476191,8.237123667857142,21,38.263227,38.48883428571428,3.808609112561515,4.760643999999999,34.545168,44.524316,37.04829304285713,40.09136979523809,559.8028564285714,188.53252678761967
BMA,native,Absolute Central Moment 4,2160,2560,5.5296,21,96.272017,96.81530238095239,5.196015580189936,3.973748999999998,92.403832,102.750108,95.05681512976192,99.27898094880952,21,6.542451,7.210746857142857,2.139564324821044,0.49194099999999974,6.236161,13.50698,6.494756315476191,8.237123667857142,21,102.841944,103.99676714285715,5.087090303233052,3.718079000000003,98.588223,114.820645,102.01830297261904,106.25745074642856,559.8028564285714,57.43725095112529
BMA,native,Image Power,2160,2560,5.5296,21,17.511363,16.626646095238097,2.549486694070336,3.812424,13.74641,19.6208,15.599754029761904,17.754055347619044,21,6.542451,7.210746857142857,2.139564324821044,0.49194099999999974,6.236161,13.50698,6.494756315476191,8.237123667857142,21,24.304418,24.532444142857145,4.245561033978057,4.420435000000001,20.799256,29.222006,23.068392503571427,26.472357791666667,559.8028564285714,315.7721075167022
BMA,128,Tenengrad,108,128,0.013824,21,0.039943,0.04025404761904762,0.0027131950441534876,0.0012129999999999988,0.036442,0.044195,0.039214901190476194,0.04150611309523809,21,8.204049,8.204951095238094,0.28387103827775484,0.2898740000000011,7.836961,8.585017,8.093298183333335,8.322935492857145,21,8.039848,8.248564857142858,1.0996459713082336,0.3141979999999993,7.760646,8.605116,7.944338013095238,8.737377711904763,559.8028564285714,346.09318278546925
BMA,128,Brenner Gradient,108,128,0.013824,21,0.021193,0.02153538095238095,0.0031414930443372058,0.0024449999999999993,0.016147,0.026306,0.020231647619047617,0.02289980357142857,21,8.204049,8.204951095238094,0.28387103827775484,0.2898740000000011,7.836961,8.585017,8.093298183333335,8.322935492857145,21,8.171828,8.447809904761904,1.137346111295981,0.6843890000000004,7.762343,8.825637,8.091143976190475,9.008085157142856,559.8028564285714,652.2908507526071
BMA,128,Variance of Laplacian,108,128,0.013824,21,0.041785,0.04257204761904762,0.006405106856846266,0.006697999999999996,0.032651,0.053646,0.040106086904761896,0.04545986547619047,21,8.204049,8.204951095238094,0.28387103827775484,0.2898740000000011,7.836961,8.585017,8.093298183333335,8.322935492857145,21,8.187255,8.192246904761904,0.31429064735717244,0.4340459999999995,7.780726,8.677706,8.066780352380952,8.332171428571428,559.8028564285714,330.8364245542659
BMA,128,Sum Modified Laplacian,108,128,0.013824,21,0.055605,0.06087976190476191,0.011610217150875181,0.017099000000000003,0.050424,0.07754,0.05654958809523809,0.06614582142857142,21,8.204049,8.204951095238094,0.28387103827775484,0.2898740000000011,7.836961,8.585017,8.093298183333335,8.322935492857145,21,8.681405,8.741795571428574,0.523173377851126,0.7256859999999996,8.060438,9.672252,8.522409548809522,8.968680173809524,559.8028564285714,248.61073644456434
BMA,128,Normalized Variance,108,128,0.013824,21,0.040475,0.042815952380952385,0.009294345482475841,0.0068020000000000025,0.032207,0.056911,0.03930247857142857,0.04727127500000001,21,8.204049,8.204951095238094,0.28387103827775484,0.2898740000000011,7.836961,8.585017,8.093298183333335,8.322935492857145,21,8.150674,8.50595,1.0439572247963036,0.39718500000000034,7.829584,10.661837,8.144383555952382,8.98580936547619,559.8028564285714,341.5441630636196
BMA,128,Energy of Gradient,108,128,0.013824,21,0.042611,0.04471942857142856,0.006568010951356801,0.007775000000000004,0.039,0.054157,0.04220301785714285,0.04753495357142857,21,8.204049,8.204951095238094,0.28387103827775484,0.2898740000000011,7.836961,8.585017,8.093298183333335,8.322935492857145,21,8.307456,8.548707047619047,1.0431437828735057,0.49873100000000115,7.992209,8.892189,8.234106498809522,9.047539853571427,559.8028564285714,324.42327098636497
BMA,128,Histogram Entropy,108,128,0.013824,21,0.089489,0.10221738095238096,0.045784746661389514,0.011223999999999998,0.073587,0.210164,0.0862564488095238,0.12456635119047613,21,8.204049,8.204951095238094,0.28387103827775484,0.2898740000000011,7.836961,8.585017,8.093298183333335,8.322935492857145,21,8.312206,8.589721857142857,1.1111583036982302,0.7691019999999993,7.821723,9.312198,8.223141708333335,9.116653713095237,559.8028564285714,154.47708656929902
BMA,128,GLCM Contrast,108,128,0.013824,21,3.373809,3.437638333333333,0.144176192436315,0.1614650000000002,3.319328,3.672197,3.3819022559523813,3.500709733333334,21,8.204049,8.204951095238094,0.28387103827775484,0.2898740000000011,7.836961,8.585017,8.093298183333335,8.322935492857145,21,11.617945,11.797974000000002,0.7445457767104049,0.32273399999999874,11.350634,12.525722,11.563865020238094,12.135643510714285,559.8028564285714,4.097445943146159
BMA,128,Variance of Gradient,108,128,0.013824,21,0.066402,0.0672644761904762,0.008083614337776435,0.010036000000000003,0.057078,0.08002,0.06408692142857142,0.07074759523809523,21,8.204049,8.204951095238094,0.28387103827775484,0.2898740000000011,7.836961,8.585017,8.093298183333335,8.322935492857145,21,8.704755,8.762903238095237,0.9086102472310064,0.8620660000000004,7.914096,9.751642,8.428797488095238,9.195747147619048,559.8028564285714,208.18650040661424
BMA,128,Fourier Transform Sharpness Index,108,128,0.013824,21,0.220034,0.22409028571428571,0.021951881019955575,0.028321999999999986,0.197297,0.267946,0.21504589642857144,0.23388187380952385,21,8.204049,8.204951095238094,0.28387103827775484,0.2898740000000011,7.836961,8.585017,8.093298183333335,8.322935492857145,21,8.740006,8.900922333333332,0.9280523129632474,0.4149030000000007,8.37578,9.348215,8.613251735714288,9.326709861904762,559.8028564285714,62.82665406255396
BMA,128,Fourier High Frequency Energy Ratio,108,128,0.013824,21,0.297501,0.30420804761904763,0.05979962628685583,0.03599000000000002,0.249808,0.328316,0.2844316642857143,0.332970438095238,21,8.204049,8.204951095238094,0.28387103827775484,0.2898740000000011,7.836961,8.585017,8.093298183333335,8.322935492857145,21,8.89604,8.899508047619046,0.23230962299579333,0.3922249999999998,8.537492,9.214902,8.804932883333331,8.997519836904761,559.8028564285714,46.467070698922015
BMA,128,Roberts Focus Measure,108,128,0.013824,21,0.037056,0.038904857142857144,0.007269057953309454,0.002118999999999996,0.032506,0.054736,0.036371294047619046,0.04243336547619048,21,8.204049,8.204951095238094,0.28387103827775484,0.2898740000000011,7.836961,8.585017,8.093298183333335,8.322935492857145,21,8.04873,8.262972047619048,0.8932591364335141,0.367146,7.786872,8.639004,7.990399429761905,8.674333834523809,559.8028564285714,373.05699481865287
BMA,128,Wavelet W1,108,128,0.013824,21,0.135609,0.14104709523809522,0.015363814187579728,0.017437000000000008,0.118355,0.168171,0.13505840833333332,0.14723391071428574,21,8.204049,8.204951095238094,0.28387103827775484,0.2898740000000011,7.836961,8.585017,8.093298183333335,8.322935492857145,21,8.346431,8.537130095238096,0.49155027565742504,0.3306880000000003,8.106388,9.481308,8.346948254761905,8.751866478571431,559.8028564285714,101.9401367165896
BMA,128,Wavelet W2,108,128,0.013824,21,0.181487,0.182315,0.013929342701649637,0.017246999999999985,0.160034,0.206402,0.17672105714285713,0.1882012130952381,21,8.204049,8.204951095238094,0.28387103827775484,0.2898740000000011,7.836961,8.585017,8.093298183333335,8.322935492857145,21,8.434573,8.707499761904762,1.2140553643969827,0.40553099999999986,8.031866,9.572591,8.335956676190476,9.27981423095238,559.8028564285714,76.17074501203942
BMA,128,Wavelet W3,108,128,0.013824,21,0.201606,0.21248180952380955,0.02734678782529869,0.031190999999999997,0.191967,0.263609,0.20277219761904763,0.22438131547619047,21,8.204049,8.204951095238094,0.28387103827775484,0.2898740000000011,7.836961,8.585017,8.093298183333335,8.322935492857145,21,8.187587,8.340181142857144,0.49722697502340774,0.358134999999999,7.884256,9.303645,8.151398938095237,8.557166798809526,559.8028564285714,68.56938781583881
BMA,128,Wavelet Detail Energy (db1),108,128,0.013824,21,0.136163,0.1370252857142857,0.011685295551002794,0.014406000000000002,0.123178,0.156966,0.13216213809523814,0.142013769047619,21,8.204049,8.204951095238094,0.28387103827775484,0.2898740000000011,7.836961,8.585017,8.093298183333335,8.322935492857145,21,8.504518,8.63052995238095,0.42101516328672506,0.5279290000000003,8.010752,9.276006,8.463896447619046,8.808693070238096,559.8028564285714,101.52537767234857
BMA,128,Curvelet Transform Sharpness Index,108,128,0.013824,21,0.134161,0.1392544761904762,0.024917258945596415,0.017284999999999995,0.11717,0.165089,0.13028440714285713,0.15127469523809525,21,8.204049,8.204951095238094,0.28387103827775484,0.2898740000000011,7.836961,8.585017,8.093298183333335,8.322935492857145,21,8.623502,8.837739285714287,1.0757495842569096,0.4806530000000002,8.012444,9.352754,8.503908822619048,9.342881829761906,559.8028564285714,103.0403768606376
BMA,128,DCT Focus Measure,108,128,0.013824,21,0.097887,0.11046428571428571,0.03960525924311424,0.022647,0.087382,0.143586,0.09841605714285714,0.12899042142857142,21,8.204049,8.204951095238094,0.28387103827775484,0.2898740000000011,7.836961,8.585017,8.093298183333335,8.322935492857145,21,8.873383,8.869599523809521,0.7867448050289001,0.8968420000000012,8.167318,9.53412,8.57160148095238,9.231345948809524,559.8028564285714,141.22406448251553
BMA,128,Intensity Skewness Index,108,128,0.013824,21,0.14497,0.14866190476190472,0.013482167199322083,0.008493,0.139154,0.179655,0.14367047380952383,0.15468189999999996,21,8.204049,8.204951095238094,0.28387103827775484,0.2898740000000011,7.836961,8.585017,8.093298183333335,8.322935492857145,21,8.352835,8.619629142857143,1.0049038696573063,0.3145769999999999,8.021063,10.796886,8.28008443452381,9.102944113095237,559.8028564285714,95.35766020555977
BMA,128,Squared Gradient,108,128,0.013824,21,0.041083,0.04206180952380953,0.005785076037694299,0.0022899999999999934,0.036257,0.04693,0.040008188095238095,0.04485057380952381,21,8.204049,8.204951095238094,0.28387103827775484,0.2898740000000011,7.836961,8.585017,8.093298183333335,8.322935492857145,21,8.138478,8.187593095238096,0.3818800707994468,0.3990879999999999,7.770673,8.975566,8.038617458333334,8.354417534523813,559.8028564285714,336.4895455541221
BMA,128,Gradient Squared Energy,108,128,0.013824,21,0.040566,0.04238047619047619,0.005638102132979214,0.003691999999999994,0.036631,0.053881,0.04016326904761904,0.04498987142857142,21,8.204049,8.204951095238094,0.28387103827775484,0.2898740000000011,7.836961,8.585017,8.093298183333335,8.322935492857145,21,8.18293,8.473062285714285,1.0723284996606286,0.5964009999999993,7.816818,9.233393,8.138039019047618,8.962575910714285,559.8028564285714,340.77799142138736
BMA,128,Mean Intensity,108,128,0.013824,21,0.013715,0.014109238095238095,0.004068357763333529,0.0014219999999999997,0.009411,0.015866,0.01272579761904762,0.016140320238095238,21,8.204049,8.204951095238094,0.28387103827775484,0.2898740000000011,7.836961,8.585017,8.093298183333335,8.322935492857145,21,7.983807,8.20316885714286,0.9500596744613614,0.3650479999999998,7.541268,8.711454,7.900780938095239,8.658848930952383,559.8028564285714,1007.9475027342326
BMA,128,Intensity Variance,108,128,0.013824,21,0.033528,0.03789276190476191,0.021677664761004033,0.0038739999999999955,0.022951,0.043491,0.031610404761904756,0.048267382142857126,21,8.204049,8.204951095238094,0.28387103827775484,0.2898740000000011,7.836961,8.585017,8.093298183333335,8.322935492857145,21,8.853733,8.995501523809525,0.8607818332970683,0.5993080000000006,8.00352,9.467879,8.684826927380952,9.388869710714285,559.8028564285714,412.3120973514674
BMA,128,Intensity Range Index,108,128,0.013824,21,0.014265,0.01558347619047619,0.0033512787204147553,0.0035519999999999996,0.011259,0.022189,0.014298865476190477,0.017056751190476185,21,8.204049,8.204951095238094,0.28387103827775484,0.2898740000000011,7.836961,8.585017,8.093298183333335,8.322935492857145,21,8.271275,8.354290380952381,0.3151581178691857,0.47633999999999865,7.984038,8.857107,8.230362622619047,8.493587122619045,559.8028564285714,969.0851735015773
BMA,128,Maximal Intensity,108,128,0.013824,21,0.012292,0.01349614285714286,0.007105510750718166,0.0031079999999999997,0.008,0.017564,0.01121854642857143,0.016879813095238085,21,8.204049,8.204951095238094,0.28387103827775484,0.2898740000000011,7.836961,8.585017,8.093298183333335,8.322935492857145,21,8.464479,8.464855714285713,0.4132878930562985,0.5476080000000003,7.809468,9.029177,8.294694897619049,8.62846455,559.8028564285714,1124.633908232997
BMA,128,Laplacian Energy,108,128,0.013824,21,0.160068,0.16345852380952378,0.013976789715879135,0.021623000000000003,0.147109,0.17988,0.15744774285714283,0.1694042773809524,21,8.204049,8.204951095238094,0.28387103827775484,0.2898740000000011,7.836961,8.585017,8.093298183333335,8.322935492857145,21,8.351284,8.678766571428573,1.1304230476160495,0.432796999999999,8.046774,10.796973,8.29476813095238,9.227937998809523,559.8028564285714,86.36329559937026
BMA,128,Mean Absolute Laplacian,108,128,0.013824,21,0.154466,0.1663049047619048,0.025288379813473146,0.025815000000000005,0.143198,0.20522,0.15638017738095242,0.1771319357142857,21,8.204049,8.204951095238094,0.28387103827775484,0.2898740000000011,7.836961,8.585017,8.093298183333335,8.322935492857145,21,8.501253,8.837080857142857,1.0984903751177013,0.6567080000000001,8.09568,10.518723,8.473136907142857,9.354873072619046,559.8028564285714,89.49542294097083
BMA,128,Spatial Frequency,108,128,0.013824,21,0.046186,0.048786190476190476,0.008151447911991143,0.006393999999999997,0.039047,0.067667,0.04574645,0.05237008452380953,21,8.204049,8.204951095238094,0.28387103827775484,0.2898740000000011,7.836961,8.585017,8.093298183333335,8.322935492857145,21,8.160546,8.326667809523808,0.36933314353515834,0.5009300000000003,7.817468,8.893332,8.179441877380953,8.484853978571428,559.8028564285714,299.3114796691638
BMA,128,Modified Tenengrad,108,128,0.013824,21,0.371283,0.386201380952381,0.05226921334444989,0.024583999999999995,0.351733,0.534439,0.36805355833333336,0.4120666345238095,21,8.204049,8.204951095238094,0.28387103827775484,0.2898740000000011,7.836961,8.585017,8.093298183333335,8.322935492857145,21,8.645401,8.79143,0.3515445562184116,0.38644800000000146,8.35158,9.533502,8.651138991666668,8.946105479761906,559.8028564285714,37.23305403156083
BMA,128,Absolute Central Moment 2,108,128,0.013824,21,0.028618,0.02939252380952381,0.00373054163117164,0.003037999999999999,0.024391,0.032745,0.027979133333333333,0.03106662976190476,21,8.204049,8.204951095238094,0.28387103827775484,0.2898740000000011,7.836961,8.585017,8.093298183333335,8.322935492857145,21,8.158773,8.439446047619047,0.9188612551068565,0.7134500000000008,7.766307,9.098042,8.125418470238095,8.854677188095236,559.8028564285714,483.0526242225173
BMA,128,Absolute Central Moment 4,108,128,0.013824,21,0.1856,0.19696980952380952,0.025299706060780715,0.01849500000000001,0.18113,0.237533,0.1874753952380952,0.20874518333333333,21,8.204049,8.204951095238094,0.28387103827775484,0.2898740000000011,7.836961,8.585017,8.093298183333335,8.322935492857145,21,9.20781,9.16816380952381,0.34295739957137833,0.5446340000000003,8.736305,9.659045,9.029492238095239,9.308125661904763,559.8028564285714,74.48275862068967
BMA,128,Image Power,108,128,0.013824,21,0.015622,0.015409999999999998,0.0019535355896425333,0.001284999999999998,0.011692,0.017377,0.014601229761904762,0.016179855952380952,21,8.204049,8.204951095238094,0.28387103827775484,0.2898740000000011,7.836961,8.585017,8.093298183333335,8.322935492857145,21,8.147648,8.20231680952381,0.3220576632211408,0.43540899999999993,7.896073,8.601903,8.073625426190477,8.345690722619048,559.8028564285714,884.9059019331711
BMA,512,Tenengrad,432,512,0.221184,21,0.560874,0.5673477142857144,0.04869311141747142,0.06745999999999996,0.495158,0.639826,0.5472116976190476,0.5872750202380951,21,7.519308,7.857203476190476,1.514655521682723,0.3609619999999998,7.155918,8.099966,7.4464035809523805,8.552358923809523,21,8.364835,8.348167047619047,0.2913330362086449,0.3495309999999989,7.926203,8.781836,8.225746660714286,8.477808628571431,559.8028564285714,394.3559516041036
BMA,512,Brenner Gradient,432,512,0.221184,21,0.310074,0.31961504761904763,0.040081573819494905,0.03328800000000004,0.267278,0.406371,0.30362143809523806,0.3377424619047619,21,7.519308,7.857203476190476,1.514655521682723,0.3609619999999998,7.155918,8.099966,7.4464035809523805,8.552358923809523,21,8.031538,8.304339666666666,0.8730785848990534,0.4395940000000005,7.566946,9.606519,7.992627120238095,8.69629943095238,559.8028564285714,713.3264962557324
BMA,512,Variance of Laplacian,432,512,0.221184,21,0.424786,0.4272089523809524,0.04976318778321601,0.047373,0.38146,0.48626,0.4076011654761904,0.4494190202380952,21,7.519308,7.857203476190476,1.514655521682723,0.3609619999999998,7.155918,8.099966,7.4464035809523805,8.552358923809523,21,8.23628,8.40449438095238,1.1259746125720809,0.5595709999999992,7.654491,9.171241,8.049024535714285,8.933642645238095,559.8028564285714,520.6951264872195
BMA,512,Sum Modified Laplacian,432,512,0.221184,21,0.725926,0.7258390952380952,0.033973505903725575,0.03148700000000004,0.679576,0.78568,0.7125833845238094,0.7397179464285714,21,7.519308,7.857203476190476,1.514655521682723,0.3609619999999998,7.155918,8.099966,7.4464035809523805,8.552358923809523,21,8.530119,8.514291238095238,0.2663734028729041,0.18903300000000023,8.186016,8.983152,8.401825875,8.625529613095237,559.8028564285714,304.6922138069169
BMA,512,Normalized Variance,432,512,0.221184,21,0.377942,0.3844223333333333,0.026925541057392578,0.03817900000000002,0.354237,0.417156,0.37403008571428575,0.39591714523809524,21,7.519308,7.857203476190476,1.514655521682723,0.3609619999999998,7.155918,8.099966,7.4464035809523805,8.552358923809523,21,7.944773,7.985086380952382,0.2559865252819914,0.20851299999999995,7.732944,8.429526,7.8854250821428575,8.092176335714287,559.8028564285714,585.2326547459663
BMA,512,Energy of Gradient,432,512,0.221184,21,0.539033,0.5381623809523809,0.04032924098774509,0.042225999999999986,0.488492,0.592662,0.5216779166666667,0.5551751345238095,21,7.519308,7.857203476190476,1.514655521682723,0.3609619999999998,7.155918,8.099966,7.4464035809523805,8.552358923809523,21,8.090826,8.456528857142857,1.0521382999447024,0.5825410000000009,7.679435,10.338732,8.095961466666665,8.946306397619045,559.8028564285714,410.3348032495228
BMA,512,Histogram Entropy,432,512,0.221184,21,1.082577,1.100437476190476,0.09744397022013165,0.07130899999999984,0.989561,1.238062,1.062207861904762,1.1436571357142855,21,7.519308,7.857203476190476,1.514655521682723,0.3609619999999998,7.155918,8.099966,7.4464035809523805,8.552358923809523,21,8.594801,8.73074276190476,0.35048390546142116,0.3925250000000009,8.409362,9.4149,8.596688946428571,8.88385851190476,559.8028564285714,204.31248770295323
BMA,512,GLCM Contrast,432,512,0.221184,21,53.812024,54.175850380952376,1.3433246413311064,2.439668999999995,52.701093,56.34426,53.63791814761904,54.75145733095238,21,7.519308,7.857203476190476,1.514655521682723,0.3609619999999998,7.155918,8.099966,7.4464035809523805,8.552358923809523,21,61.565167,62.01422271428572,2.4597284405692044,1.667026,59.802841,65.180551,61.139966473809544,63.145756322619036,559.8028564285714,4.110308134851051
BMA,512,Variance of Gradient,432,512,0.221184,21,0.828403,0.8373888571428572,0.07694588646463546,0.06390000000000007,0.737589,0.974921,0.8076006559523808,0.8700896035714284,21,7.519308,7.857203476190476,1.514655521682723,0.3609619999999998,7.155918,8.099966,7.4464035809523805,8.552358923809523,21,9.698857,9.946600523809526,1.162210110491671,0.45368499999999834,9.178787,11.400684,9.572603414285712,10.497888870238093,559.8028564285714,267.00048164963187
BMA,512,Fourier Transform Sharpness Index,432,512,0.221184,21,3.349821,3.3914654285714287,0.16616042980522513,0.1454749999999998,3.231281,3.601887,3.3271818940476185,3.470361578571428,21,7.519308,7.857203476190476,1.514655521682723,0.3609619999999998,7.155918,8.099966,7.4464035809523805,8.552358923809523,21,11.283167,11.457077904761904,0.8940483487082177,0.39901000000000053,10.904541,12.257767,11.174682573809521,11.88044755,559.8028564285714,66.02860272235442
BMA,512,Fourier High Frequency Energy Ratio,432,512,0.221184,21,3.797852,3.827189761904762,0.16500792787345245,0.1572370000000003,3.611509,4.136944,3.7572637583333335,3.9006531738095243,21,7.519308,7.857203476190476,1.514655521682723,0.3609619999999998,7.155918,8.099966,7.4464035809523805,8.552358923809523,21,11.598764,11.717734285714286,0.3277612767532407,0.28320900000000115,11.450401,12.468464,11.58951832261905,11.864167248809522,559.8028564285714,58.239236284089
BMA,512,Roberts Focus Measure,432,512,0.221184,21,0.597388,0.5977357142857143,0.04149438100049555,0.035058000000000034,0.542722,0.658946,0.5809772404761905,0.6145991964285713,21,7.519308,7.857203476190476,1.514655521682723,0.3609619999999998,7.155918,8.099966,7.4464035809523805,8.552358923809523,21,8.07467,8.065590523809524,0.23647846756176752,0.29157499999999903,7.755107,8.459583,7.969705102380951,8.167468877380955,559.8028564285714,370.25182963166316
BMA,512,Wavelet W1,432,512,0.221184,21,1.939108,1.9641960476190472,0.103747630897036,0.10243800000000003,1.841814,2.17538,1.9228915833333333,2.006963707142857,21,7.519308,7.857203476190476,1.514655521682723,0.3609619999999998,7.155918,8.099966,7.4464035809523805,8.552358923809523,21,9.701096,9.77782580952381,0.4469823222566659,0.49730900000000133,9.325217,10.641158,9.604611526190476,9.978446971428571,559.8028564285714,114.06481743152004
BMA,512,Wavelet W2,432,512,0.221184,21,2.335263,2.3315250476190474,0.07575327267417305,0.05887399999999987,2.212942,2.382021,2.30349191547619,2.3678179285714283,21,7.519308,7.857203476190476,1.514655521682723,0.3609619999999998,7.155918,8.099966,7.4464035809523805,8.552358923809523,21,9.944111,10.037835380952382,0.29288774120821026,0.3797049999999995,9.713012,10.557311,9.917043776190477,10.16155995,559.8028564285714,94.71481370620783
BMA,512,Wavelet W3,432,512,0.221184,21,2.441259,2.4818709047619043,0.11592346971295538,0.10144500000000001,2.37786,2.77752,2.437881839285714,2.5378738035714288,21,7.519308,7.857203476190476,1.514655521682723,0.3609619999999998,7.155918,8.099966,7.4464035809523805,8.552358923809523,21,10.377005,10.413728952380954,0.9025157538361022,0.31110600000000055,9.747999,10.580306,10.13826390952381,10.85301611190476,559.8028564285714,90.60243095877988
BMA,512,Wavelet Detail Energy (db1),432,512,0.221184,21,1.963292,1.9843753333333336,0.08421532910363369,0.08587500000000015,1.898411,2.175789,1.9520151083333337,2.024370145238095,21,7.519308,7.857203476190476,1.514655521682723,0.3609619999999998,7.155918,8.099966,7.4464035809523805,8.552358923809523,21,9.846079,10.187791190476192,1.0931874748510713,0.5662599999999998,9.468482,11.373985,9.817677541666667,10.697000060714288,559.8028564285714,112.65975718334306
BMA,512,Curvelet Transform Sharpness Index,432,512,0.221184,21,1.937816,1.9371255714285711,0.051455450490275015,0.06152599999999997,1.874373,2.015887,1.9168157952380953,1.9582074535714287,21,7.519308,7.857203476190476,1.514655521682723,0.3609619999999998,7.155918,8.099966,7.4464035809523805,8.552358923809523,21,9.519108,9.61093338095238,0.282679684285496,0.35801000000000016,9.159358,10.045361,9.493075552380954,9.725494629761908,559.8028564285714,114.14086786361553
BMA,512,DCT Focus Measure,432,512,0.221184,21,1.470661,1.4741719523809524,0.05975361438145494,0.05446700000000004,1.415755,1.598709,1.4485443011904764,1.4997443928571428,21,7.519308,7.857203476190476,1.514655521682723,0.3609619999999998,7.155918,8.099966,7.4464035809523805,8.552358923809523,21,9.215395,9.352894523809525,0.45095343196017673,0.6538239999999984,8.823047,9.906471,9.170435105952382,9.549888373809525,559.8028564285714,150.39767832287657
BMA,512,Intensity Skewness Index,432,512,0.221184,21,1.835496,1.846528761904762,0.06080746422266329,0.08170299999999986,1.75685,1.955072,1.8229929999999994,1.8721614595238094,21,7.519308,7.857203476190476,1.514655521682723,0.3609619999999998,7.155918,8.099966,7.4464035809523805,8.552358923809523,21,9.303052,9.38995019047619,0.30980307793074274,0.3581649999999996,9.090847,9.898783,9.269706345238095,9.526540233333332,559.8028564285714,120.50366767347899
BMA,512,Squared Gradient,432,512,0.221184,21,0.537511,0.5433349523809523,0.039157600324172294,0.045984000000000025,0.489425,0.610138,0.5273078952380953,0.5593061154761902,21,7.519308,7.857203476190476,1.514655521682723,0.3609619999999998,7.155918,8.099966,7.4464035809523805,8.552358923809523,21,7.97606,7.994420571428572,0.2320730921691638,0.24686300000000028,7.693504,8.285691,7.902453823809522,8.098948945238094,559.8028564285714,411.49669495135913
BMA,512,Gradient Squared Energy,432,512,0.221184,21,0.563583,0.5864973809523809,0.0844377112180785,0.07177900000000004,0.517549,0.754336,0.5555688630952381,0.624155880952381,21,7.519308,7.857203476190476,1.514655521682723,0.3609619999999998,7.155918,8.099966,7.4464035809523805,8.552358923809523,21,8.179962,8.265023476190477,0.27809438496176414,0.2715979999999991,7.905006,8.832909,8.149220847619048,8.385846827380954,559.8028564285714,392.4603829427076
BMA,512,Mean Intensity,432,512,0.221184,21,0.154251,0.15560138095238094,0.021907620538242373,0.02062900000000001,0.111299,0.188713,0.14639658452380955,0.1641455392857143,21,7.519308,7.857203476190476,1.514655521682723,0.3609619999999998,7.155918,8.099966,7.4464035809523805,8.552358923809523,21,7.666356,7.643632380952381,0.2313103441503376,0.24935799999999997,7.206184,7.915441,7.538155289285716,7.732340697619047,559.8028564285714,1433.9226325923332
BMA,512,Intensity Variance,432,512,0.221184,21,0.377365,0.3720958095238095,0.029884204352164122,0.031696,0.326271,0.416045,0.35919399047619055,0.3845959261904761,21,7.519308,7.857203476190476,1.514655521682723,0.3609619999999998,7.155918,8.099966,7.4464035809523805,8.552358923809523,21,7.851489,7.85533019047619,0.19002893623698983,0.30215499999999995,7.586427,8.17488,7.781728191666667,7.933499542857143,559.8028564285714,586.1274893008095
BMA,512,Intensity Range Index,432,512,0.221184,21,0.166013,0.16640419047619048,0.013945516521875577,0.007268999999999998,0.153272,0.194844,0.16073396547619048,0.17229265357142853,21,7.519308,7.857203476190476,1.514655521682723,0.3609619999999998,7.155918,8.099966,7.4464035809523805,8.552358923809523,21,7.562574,7.569200190476191,0.14991033839386098,0.20259000000000071,7.290548,7.804677,7.5055797261904775,7.6285243226190484,559.8028564285714,1332.3293958906834
BMA,512,Maximal Intensity,432,512,0.221184,21,0.154878,0.15275923809523811,0.028506098233368877,0.022274000000000016,0.099369,0.19684,0.14027683571428573,0.16463356547619046,21,7.519308,7.857203476190476,1.514655521682723,0.3609619999999998,7.155918,8.099966,7.4464035809523805,8.552358923809523,21,7.582392,7.92304819047619,1.0003219987894207,0.42269000000000023,7.311825,9.535597,7.572338444047619,8.411134230952383,559.8028564285714,1428.1176151551545
BMA,512,Laplacian Energy,432,512,0.221184,21,2.731438,2.689636380952381,0.15703338730871086,0.12301499999999965,2.336021,2.839749,2.620556782142857,2.749939605952381,21,7.519308,7.857203476190476,1.514655521682723,0.3609619999999998,7.155918,8.099966,7.4464035809523805,8.552358923809523,21,10.41415,10.417895714285716,0.29478937490064716,0.4438259999999996,9.978602,10.869537,10.294465994047618,10.539932694047621,559.8028564285714,80.97712633418735
BMA,512,Mean Absolute Laplacian,432,512,0.221184,21,2.660166,2.6152699047619046,0.1428531642249848,0.23854500000000023,2.357671,2.766394,2.5556073904761902,2.6741955285714285,21,7.519308,7.857203476190476,1.514655521682723,0.3609619999999998,7.155918,8.099966,7.4464035809523805,8.552358923809523,21,10.304956,10.406955190476191,0.5350093011007958,0.37763600000000075,9.997497,10.880438,10.217276789285714,10.663254377380952,559.8028564285714,83.14669084560889
BMA,512,Spatial Frequency,432,512,0.221184,21,0.802442,0.8001615714285712,0.04135574272887796,0.026990999999999987,0.745187,0.825334,0.7838939773809526,0.8175747928571427,21,7.519308,7.857203476190476,1.514655521682723,0.3609619999999998,7.155918,8.099966,7.4464035809523805,8.552358923809523,21,8.707269,8.787042761904761,0.6461826617687064,0.5444379999999995,8.168453,9.340915,8.558365845238095,9.100597144047619,559.8028564285714,275.6386131334103
BMA,512,Modified Tenengrad,432,512,0.221184,21,5.861624,5.802039333333333,0.2209117221953904,0.31325299999999956,5.497627,6.06559,5.703431441666667,5.891458290476191,21,7.519308,7.857203476190476,1.514655521682723,0.3609619999999998,7.155918,8.099966,7.4464035809523805,8.552358923809523,21,13.621852,13.809739428571428,1.0345698295413208,0.6119020000000006,13.070043,14.584353,13.455424672619046,14.311177942857139,559.8028564285714,37.73425248702407
BMA,512,Absolute Central Moment 2,432,512,0.221184,21,0.476633,0.4821607142857143,0.02717017849249957,0.030418999999999974,0.44025,0.523711,0.47147624642857133,0.4938099249999999,21,7.519308,7.857203476190476,1.514655521682723,0.3609619999999998,7.155918,8.099966,7.4464035809523805,8.552358923809523,21,7.914481,7.933612809523807,0.24473563454483263,0.25399300000000036,7.615419,8.217651,7.837362513095239,8.038970477380952,559.8028564285714,464.0551535458099
BMA,512,Absolute Central Moment 4,432,512,0.221184,21,3.004722,2.997149619047619,0.059111257514517644,0.08540499999999973,2.901151,3.078976,2.9721720095238098,3.0217173845238094,21,7.519308,7.857203476190476,1.514655521682723,0.3609619999999998,7.155918,8.099966,7.4464035809523805,8.552358923809523,21,10.727302,10.918348047619048,0.7339924430648095,0.5499399999999994,10.289566,12.103216,10.647902629761905,11.263120026190473,559.8028564285714,73.61213450029653
BMA,512,Image Power,432,512,0.221184,21,0.268848,0.27240295238095236,0.02400080802072337,0.026720999999999995,0.236899,0.30997,0.2624076642857143,0.2822551404761905,21,7.519308,7.857203476190476,1.514655521682723,0.3609619999999998,7.155918,8.099966,7.4464035809523805,8.552358923809523,21,7.773038,7.746814904761904,0.22474972517311448,0.19090600000000002,7.398845,7.968999,7.64975952142857,7.837672609523809,559.8028564285714,822.7102303160151
BMA,1024,Tenengrad,864,1024,0.884736,21,2.24729,2.2286060952380957,0.16384201951236582,0.11913799999999997,1.913896,2.386769,2.1638284142857147,2.3014020428571427,21,8.106778,8.308324095238094,0.6229083977500146,0.42046899999999976,7.928446,9.355247,8.096293741666667,8.598828488095236,21,10.781175,10.759173952380952,0.4856018887688224,0.6715410000000013,10.172212,11.485002,10.565792349999999,10.96560128452381,559.8028564285714,393.6901779476614
BMA,1024,Brenner Gradient,864,1024,0.884736,21,1.379931,1.407012857142857,0.12608625672502366,0.129251,1.224579,1.649053,1.3569971357142856,1.4625592464285713,21,8.106778,8.308324095238094,0.6229083977500146,0.42046899999999976,7.928446,9.355247,8.096293741666667,8.598828488095236,21,9.814171,9.914043238095237,0.4514317463349144,0.34739000000000075,9.362031,10.557255,9.749139433333331,10.117630947619046,559.8028564285714,641.1451007332975
BMA,1024,Variance of Laplacian,864,1024,0.884736,21,1.720284,1.7172449523809525,0.08038307099039958,0.076017,1.603732,1.83669,1.6827558714285713,1.7486095404761905,21,8.106778,8.308324095238094,0.6229083977500146,0.42046899999999976,7.928446,9.355247,8.096293741666667,8.598828488095236,21,10.136297,10.178752047619051,0.29549451395169357,0.37044600000000116,9.818148,10.64107,10.059772767857144,10.305236361904763,559.8028564285714,514.2964766282777
BMA,1024,Sum Modified Laplacian,864,1024,0.884736,21,3.629323,3.632855619047619,0.2128507878255273,0.294851,3.402489,4.053657,3.54648495,3.7271431047619052,21,8.106778,8.308324095238094,0.6229083977500146,0.42046899999999976,7.928446,9.355247,8.096293741666667,8.598828488095236,21,12.168876,12.547831857142858,1.5279808718006682,0.6445080000000001,11.705005,12.839173,12.100867796428572,13.252382041666667,559.8028564285714,243.77438987932462
BMA,1024,Normalized Variance,864,1024,0.884736,21,1.664533,1.6742695714285714,0.09269453165293594,0.09842400000000007,1.528913,1.838225,1.6366400535714285,1.712149994047619,21,8.106778,8.308324095238094,0.6229083977500146,0.42046899999999976,7.928446,9.355247,8.096293741666667,8.598828488095236,21,10.183533,10.47889957142857,1.1958033213760768,0.9218379999999993,9.691484,11.085721,10.089773083333334,11.042973939285716,559.8028564285714,531.5220545342147
BMA,1024,Energy of Gradient,864,1024,0.884736,21,2.376407,2.4194184285714284,0.2300276783586209,0.34886099999999987,2.163798,2.792793,2.3209029297619046,2.5136950833333334,21,8.106778,8.308324095238094,0.6229083977500146,0.42046899999999976,7.928446,9.355247,8.096293741666667,8.598828488095236,21,10.912086,11.099505714285714,0.8134266037451778,0.6793180000000003,10.485598,12.541129,10.812447714285717,11.463969873809521,559.8028564285714,372.2998627760312
BMA,1024,Histogram Entropy,864,1024,0.884736,21,4.42582,4.432966047619048,0.2093508857605996,0.33560500000000015,4.170064,4.684615,4.349768847619048,4.525659061904761,21,8.106778,8.308324095238094,0.6229083977500146,0.42046899999999976,7.928446,9.355247,8.096293741666667,8.598828488095236,21,12.863206,12.90387,0.4503952884380564,0.5031899999999982,12.316476,13.63367,12.725137658333333,13.101586629761902,559.8028564285714,199.90329475667787
BMA,1024,GLCM Contrast,864,1024,0.884736,21,217.337514,217.53826695238092,1.8146344199097388,2.8142150000000186,215.164971,220.553109,216.80769496071423,218.303383927381,21,8.106778,8.308324095238094,0.6229083977500146,0.42046899999999976,7.928446,9.355247,8.096293741666667,8.598828488095236,21,225.265016,225.2797951904762,1.9520932042433492,2.8854610000000207,222.332422,227.983078,224.46735884999998,226.08779201190478,559.8028564285714,4.07079285907356
BMA,1024,Variance of Gradient,864,1024,0.884736,21,3.005412,3.0220022857142856,0.2515371066352125,0.27450699999999983,2.743177,3.259774,2.921832352380953,3.1347314309523804,21,8.106778,8.308324095238094,0.6229083977500146,0.42046899999999976,7.928446,9.355247,8.096293741666667,8.598828488095236,21,11.409296,11.57519357142857,0.6665913900821532,0.639481,10.891543,12.50295,11.32785947857143,11.88268267261905,559.8028564285714,294.3809367900308
BMA,1024,Fourier Transform Sharpness Index,864,1024,0.884736,21,18.730068,18.743883619047622,0.6161768962076133,0.502679999999998,18.019138,19.855369,18.501316599999996,19.016982195238096,21,8.106778,8.308324095238094,0.6229083977500146,0.42046899999999976,7.928446,9.355247,8.096293741666667,8.598828488095236,21,27.382593,28.184187190476194,1.9024289254220148,1.3610429999999987,26.638806,31.525341,27.477885923809524,29.035578883333333,559.8028564285714,47.236133899780825
BMA,1024,Fourier High Frequency Energy Ratio,864,1024,0.884736,21,21.196329,21.905320999999997,2.3032596222506703,2.8056030000000014,19.672646,26.414858,21.003872844047617,22.89812631547619,21,8.106778,8.308324095238094,0.6229083977500146,0.42046899999999976,7.928446,9.355247,8.096293741666667,8.598828488095236,21,31.090998,31.64619723809524,3.446386479473376,2.225898000000001,28.690948,36.104392,30.45382582738095,33.21035808095238,559.8028564285714,41.7400579128584
BMA,1024,Roberts Focus Measure,864,1024,0.884736,21,2.536277,2.5527787142857146,0.14085407132211078,0.13723100000000032,2.389483,2.801017,2.5001565309523808,2.6163318309523813,21,8.106778,8.308324095238094,0.6229083977500146,0.42046899999999976,7.928446,9.355247,8.096293741666667,8.598828488095236,21,11.196592,11.194445714285715,0.36615267957590353,0.300889999999999,10.641458,11.718623,11.038890177380953,11.344259838095239,559.8028564285714,348.83256048136695
BMA,1024,Wavelet W1,864,1024,0.884736,21,12.56676,12.637408190476188,0.3820255794897273,0.4411260000000006,12.088036,13.371229,12.485001942857144,12.795379246428572,21,8.106778,8.308324095238094,0.6229083977500146,0.42046899999999976,7.928446,9.355247,8.096293741666667,8.598828488095236,21,21.631631,21.932040142857144,1.499832032908295,1.1957740000000001,20.623948,23.020151,21.406254984523812,22.662221201190476,559.8028564285714,70.40287233940968
BMA,1024,Wavelet W2,864,1024,0.884736,21,14.44445,14.633608714285712,0.6140552415854085,0.8135130000000004,13.70991,15.682577,14.377736058333332,14.888885032142857,21,8.106778,8.308324095238094,0.6229083977500146,0.42046899999999976,7.928446,9.355247,8.096293741666667,8.598828488095236,21,23.499176,23.526551904761906,0.8878625241511157,0.9061599999999999,22.399461,25.468141,23.176192863095242,23.919322933333333,559.8028564285714,61.25093028810374
BMA,1024,Wavelet W3,864,1024,0.884736,21,14.708511,14.734588333333337,0.7119939856924588,0.6602759999999996,13.819362,15.837791,14.460598274999999,15.036909248809526,21,8.106778,8.308324095238094,0.6229083977500146,0.42046899999999976,7.928446,9.355247,8.096293741666667,8.598828488095236,21,24.024234,24.27704057142857,1.2444324429789495,1.2766550000000016,22.634644,26.695895,23.788546355952377,24.806518397619048,559.8028564285714,60.15129607612898
BMA,1024,Wavelet Detail Energy (db1),864,1024,0.884736,21,12.575783,12.788143714285715,0.5942442296734687,0.44375499999999946,12.234663,13.679784,12.57230639047619,13.048336688095239,21,8.106778,8.308324095238094,0.6229083977500146,0.42046899999999976,7.928446,9.355247,8.096293741666667,8.598828488095236,21,21.894779,21.95073057142857,0.6205397303078645,0.45215299999999914,21.207002,23.263361,21.68790379285714,22.199677710714283,559.8028564285714,70.35235897438751
BMA,1024,Curvelet Transform Sharpness Index,864,1024,0.884736,21,12.424811,12.46496704761905,0.31306146382132005,0.42865600000000015,12.07827,12.895746,12.334259889285713,12.59338735595238,21,8.106778,8.308324095238094,0.6229083977500146,0.42046899999999976,7.928446,9.355247,8.096293741666667,8.598828488095236,21,21.563228,21.636031095238096,0.7812883996546924,0.6749759999999974,20.762193,22.516045,21.35035766904762,21.981944551190477,559.8028564285714,71.2071998519736
BMA,1024,DCT Focus Measure,864,1024,0.884736,21,6.72278,6.614252142857144,0.5182398633358193,0.6935279999999997,6.046072,7.303959,6.409620027380952,6.844971292857141,21,8.106778,8.308324095238094,0.6229083977500146,0.42046899999999976,7.928446,9.355247,8.096293741666667,8.598828488095236,21,14.679047,15.015026285714285,0.8420507567748007,1.3909289999999999,14.120895,16.056856,14.678644555952381,15.380101654761901,559.8028564285714,131.6027000734815
BMA,1024,Intensity Skewness Index,864,1024,0.884736,21,7.328782,7.328143857142858,0.1587786570434722,0.179678,7.131655,7.648403,7.265488598809524,7.399001291666668,21,8.106778,8.308324095238094,0.6229083977500146,0.42046899999999976,7.928446,9.355247,8.096293741666667,8.598828488095236,21,15.707078,15.82091304761905,0.35050051427458373,0.37135300000000093,15.407361,16.43595,15.677732048809526,15.973838254761906,559.8028564285714,120.72074186406417
BMA,1024,Squared Gradient,864,1024,0.884736,21,2.461358,2.4935603809523808,0.2422746534023887,0.23464699999999983,2.253161,2.838169,2.4005215226190475,2.598127598809523,21,8.106778,8.308324095238094,0.6229083977500146,0.42046899999999976,7.928446,9.355247,8.096293741666667,8.598828488095236,21,10.901025,11.038522761904762,0.5903311516427796,0.5340220000000002,10.473024,11.904589,10.815893348809524,11.324814445238093,559.8028564285714,359.4503522039459
BMA,1024,Gradient Squared Energy,864,1024,0.884736,21,2.345493,2.3285398571428573,0.15537495471738222,0.161559,2.112493,2.552034,2.265554780952381,2.3961518857142856,21,8.106778,8.308324095238094,0.6229083977500146,0.42046899999999976,7.928446,9.355247,8.096293741666667,8.598828488095236,21,10.719613,11.079088523809524,1.2092825669217933,0.6538629999999994,10.175002,12.996276,10.66444701547619,11.61794799404762,559.8028564285714,377.20683881810777
BMA,1024,Mean Intensity,864,1024,0.884736,21,0.71202,0.6932344285714286,0.08946046872030765,0.10537300000000005,0.515786,0.801792,0.6550356226190477,0.7297025845238095,21,8.106778,8.308324095238094,0.6229083977500146,0.42046899999999976,7.928446,9.355247,8.096293741666667,8.598828488095236,21,8.910344,9.03822061904762,0.8596639340558307,0.307341000000001,8.450435,9.201628,8.788232197619047,9.443238577380951,559.8028564285714,1242.571837869723
BMA,1024,Intensity Variance,864,1024,0.884736,21,1.573479,1.5968547619047617,0.15484521901754178,0.23263100000000003,1.409366,1.885059,1.5328806464285718,1.6599102678571427,21,8.106778,8.308324095238094,0.6229083977500146,0.42046899999999976,7.928446,9.355247,8.096293741666667,8.598828488095236,21,10.235232,10.289523285714285,0.4152088880651694,0.5084789999999995,9.704371,10.810077,10.125502555952382,10.46578077857143,559.8028564285714,562.2801448255744
BMA,1024,Intensity Range Index,864,1024,0.884736,21,0.82155,0.8260214285714286,0.07279418328037716,0.11462300000000003,0.713797,0.941052,0.795085311904762,0.8573669559523811,21,8.106778,8.308324095238094,0.6229083977500146,0.42046899999999976,7.928446,9.355247,8.096293741666667,8.598828488095236,21,9.162127,9.301543904761905,0.4617774996404551,0.5129289999999997,8.690196,10.058093,9.118697217857141,9.489937036904761,559.8028564285714,1076.9107175461018
BMA,1024,Maximal Intensity,864,1024,0.884736,21,0.734721,0.7427733333333333,0.13226280926486222,0.10458599999999996,0.565964,0.978017,0.6896657761904761,0.7998478261904761,21,8.106778,8.308324095238094,0.6229083977500146,0.42046899999999976,7.928446,9.355247,8.096293741666667,8.598828488095236,21,9.635623,9.815789571428573,1.118717758142132,0.5524370000000012,8.952805,10.865365,9.444666454761904,10.354289960714286,559.8028564285714,1204.1795457051044
BMA,1024,Laplacian Energy,864,1024,0.884736,21,11.087162,11.157644857142857,0.8109461878795833,0.8404419999999995,10.096307,12.496419,10.84916971309524,11.510220108333334,21,8.106778,8.308324095238094,0.6229083977500146,0.42046899999999976,7.928446,9.355247,8.096293741666667,8.598828488095236,21,19.885209,19.997256476190476,1.344455876083913,0.8109840000000013,18.778969,21.396056,19.52685167380952,20.636170951190476,559.8028564285714,79.79823871970122
BMA,1024,Mean Absolute Laplacian,864,1024,0.884736,21,11.378651,11.32119719047619,0.4214635815534505,0.5364559999999994,10.778333,12.049241,11.147131648809523,11.504232258333333,21,8.106778,8.308324095238094,0.6229083977500146,0.42046899999999976,7.928446,9.355247,8.096293741666667,8.598828488095236,21,19.958065,19.946328380952384,0.5659901719519059,0.5697460000000021,19.208973,21.009035,19.70919073690476,20.199511469047625,559.8028564285714,77.75403252986668
BMA,1024,Spatial Frequency,864,1024,0.884736,21,3.23084,3.2709999999999995,0.15675269935155822,0.17622099999999996,3.093163,3.535829,3.206622858333333,3.3394128976190482,21,8.106778,8.308324095238094,0.6229083977500146,0.42046899999999976,7.928446,9.355247,8.096293741666667,8.598828488095236,21,11.458745,11.556307333333333,0.409377539244318,0.2996010000000009,10.942259,12.161892,11.393927863095238,11.743637404761904,559.8028564285714,273.840858724047
BMA,1024,Modified Tenengrad,864,1024,0.884736,21,25.390003,25.547955714285713,0.9244427683761254,1.0856770000000004,24.577797,26.947321,25.17685747738095,25.93899265952381,21,8.106778,8.308324095238094,0.6229083977500146,0.42046899999999976,7.928446,9.355247,8.096293741666667,8.598828488095236,21,33.983588,33.9295118095238,0.995791341407657,1.3155029999999996,32.448612,35.441201,33.508194598809524,34.33361125833334,559.8028564285714,34.84584070352414
BMA,1024,Absolute Central Moment 2,864,1024,0.884736,21,2.147152,2.255672761904762,0.20050163433271678,0.26993899999999993,2.038578,2.643304,2.1782803226190475,2.3451690583333336,21,8.106778,8.308324095238094,0.6229083977500146,0.42046899999999976,7.928446,9.355247,8.096293741666667,8.598828488095236,21,11.022417,11.200444571428571,1.2451826659722487,0.44439399999999907,10.305816,11.731414,10.812490548809523,11.806059309523809,559.8028564285714,412.0509400359173
BMA,1024,Absolute Central Moment 4,864,1024,0.884736,21,12.029107,12.083402714285715,0.2434472597085749,0.29213299999999975,11.809073,12.441733,11.991782359523809,12.189280598809525,21,8.106778,8.308324095238094,0.6229083977500146,0.42046899999999976,7.928446,9.355247,8.096293741666667,8.598828488095236,21,20.997259,20.79757142857143,0.5880615675322245,0.8578229999999998,19.980111,21.390395,20.552657497619048,21.036995435714285,559.8028564285714,73.54959931772159
BMA,1024,Image Power,864,1024,0.884736,21,1.174295,1.1558370476190476,0.08517080643182627,0.10918300000000003,1.01818,1.271072,1.1189395095238095,1.190315107142857,21,8.106778,8.308324095238094,0.6229083977500146,0.42046899999999976,7.928446,9.355247,8.096293741666667,8.598828488095236,21,9.248096,9.534724809523809,1.2077396266814557,0.57944,8.766733,10.174298,9.16624755952381,10.102382603571431,559.8028564285714,753.4188598265341
TBF,native,Tenengrad,2160,2560,5.5296,21,27.969027,25.951157904761907,8.425164625820987,17.457845000000002,16.489125,36.046354,22.688263521428578,29.3791696797619,21,5.775596,6.857293761904761,2.646408041641385,0.39370499999999975,5.538196,13.112043,5.80435219047619,8.006896486904738,21,34.019392,35.27131085714286,5.92416513121089,11.751431,28.866265,42.710451,32.827829296428575,37.74077820119047,449.9956581428573,197.70441066827246
TBF,native,Brenner Gradient,2160,2560,5.5296,21,13.352227,15.151457761904762,2.7312487692871534,4.478396999999999,12.57521,18.34132,14.075951457142859,16.31068835238095,21,5.775596,6.857293761904761,2.646408041641385,0.39370499999999975,5.538196,13.112043,5.80435219047619,8.006896486904738,21,23.24161,22.02394123809524,2.5049000851116974,3.9591010000000004,19.112677,24.536669,21.008294595238095,23.097286629761903,449.9956581428573,414.1331629547641
TBF,native,Variance of Laplacian,2160,2560,5.5296,21,14.830777,16.447394428571425,2.7631310243820972,5.04158,13.420299,19.400032,15.348060948809525,17.58982915714286,21,5.775596,6.857293761904761,2.646408041641385,0.39370499999999975,5.538196,13.112043,5.80435219047619,8.006896486904738,21,23.542172,22.505202476190476,2.4297587675229946,4.229305,19.805929,25.442479,21.500909471428567,23.47107994642857,449.9956581428573,372.8462777101969
TBF,native,Sum Modified Laplacian,2160,2560,5.5296,21,32.844627,33.41844557142857,2.3781097903421022,1.6061210000000017,31.327381,38.863019,32.565433544047615,34.47572807023809,21,5.775596,6.857293761904761,2.646408041641385,0.39370499999999975,5.538196,13.112043,5.80435219047619,8.006896486904738,21,39.107563,38.98559633333333,1.256715592777791,1.4601789999999966,37.252434,40.623603,38.47491356071429,39.51229670119047,449.9956581428573,168.35630375708027
TBF,native,Normalized Variance,2160,2560,5.5296,21,18.807624,17.411766047619043,2.5793757295153705,4.493186999999999,14.44629,20.527567,16.34768522857143,18.43780918095238,21,5.775596,6.857293761904761,2.646408041641385,0.39370499999999975,5.538196,13.112043,5.80435219047619,8.006896486904738,21,24.488429,23.510705047619044,3.206467164495818,4.268719999999998,19.985768,30.173645,22.247360160714287,24.85068914642857,449.9956581428573,294.0084297729474
TBF,native,Energy of Gradient,2160,2560,5.5296,21,30.602985,26.226362428571434,8.864470638203004,17.770007000000003,16.813391,36.297155,22.437981408333336,29.84760586190476,21,5.775596,6.857293761904761,2.646408041641385,0.39370499999999975,5.538196,13.112043,5.80435219047619,8.006896486904738,21,31.121584,35.77664323809523,6.443256047260019,12.966594,29.517089,43.831534,33.328907605952374,38.4654574845238,449.9956581428573,180.68825639067563
TBF,native,Histogram Entropy,2160,2560,5.5296,21,54.214248,54.19600366666666,4.177632760989643,3.3704780000000056,49.998629,57.720166,52.730648119047615,56.20298679166666,21,5.775596,6.857293761904761,2.646408041641385,0.39370499999999975,5.538196,13.112043,5.80435219047619,8.006896486904738,21,59.429386,60.35042461904763,4.039518953272709,2.9559710000000052,56.217532,69.31119,58.83954053452381,62.17711283452382,449.9956581428573,101.99532787026762
TBF,native,GLCM Contrast,2160,2560,5.5296,21,1412.274859,1410.4693937619045,13.02687889584153,12.891204000000016,1390.680531,1425.441552,1405.278187164286,1415.871404267857,21,5.775596,6.857293761904761,2.646408041641385,0.39370499999999975,5.538196,13.112043,5.80435219047619,8.006896486904738,21,1396.52035,1399.1937544285715,11.849650875359623,14.902599999999893,1383.261372,1416.891063,1394.3732186428572,1404.0214744785712,449.9956581428573,3.915385142461139
TBF,native,Variance of Gradient,2160,2560,5.5296,21,35.493064,32.36648690476191,8.431789691500335,17.060437,23.331716,41.788269,28.981905230952375,35.74419429880952,21,5.775596,6.857293761904761,2.646408041641385,0.39370499999999975,5.538196,13.112043,5.80435219047619,8.006896486904738,21,42.993052,41.39916080952381,5.672493736439483,10.525383000000005,35.077612,48.579804,39.04739630476191,43.81428687023811,449.9956581428573,155.79381932199487
TBF,native,Fourier Transform Sharpness Index,2160,2560,5.5296,21,196.044564,199.55924185714287,13.216280150768046,12.208492000000007,187.906176,221.704031,194.60651638452381,205.5877237,21,5.775596,6.857293761904761,2.646408041641385,0.39370499999999975,5.538196,13.112043,5.80435219047619,8.006896486904738,21,205.013661,205.46152238095237,6.477189025230451,10.891685999999993,197.986455,213.742409,202.8788958130952,208.25045779047616,449.9956581428573,28.205831812811706
TBF,native,Fourier High Frequency Energy Ratio,2160,2560,5.5296,21,210.582471,214.1827929047619,13.807004838521523,9.648410000000013,200.647869,248.273696,209.1658340166667,220.10864677857145,21,5.775596,6.857293761904761,2.646408041641385,0.39370499999999975,5.538196,13.112043,5.80435219047619,8.006896486904738,21,213.792298,214.32624057142857,6.6333904081596815,3.745178999999979,208.538407,224.337162,211.92152625952377,217.3642074154762,449.9956581428573,26.25859585435295
TBF,native,Roberts Focus Measure,2160,2560,5.5296,21,31.928749,28.576455,6.131629099708984,11.105904000000002,21.89086,35.596376,25.98717594880952,31.309267755952373,21,5.775596,6.857293761904761,2.646408041641385,0.39370499999999975,5.538196,13.112043,5.80435219047619,8.006896486904738,21,38.94499,38.63210776190477,4.417994418763868,7.183970000000002,34.006816,47.087878,36.816271755952386,40.50959550595239,449.9956581428573,173.1856140057351
TBF,native,Wavelet W1,2160,2560,5.5296,21,137.234059,138.20520685714285,5.232188182525019,7.216307999999998,130.016046,146.545792,136.08788222261904,140.37691547142853,21,5.775596,6.857293761904761,2.646408041641385,0.39370499999999975,5.538196,13.112043,5.80435219047619,8.006896486904738,21,141.508195,142.32881357142855,4.9860276761936015,5.328082999999992,135.630761,150.955819,140.20143324166665,144.46862960357143,449.9956581428573,40.29320447338806
TBF,native,Wavelet W2,2160,2560,5.5296,21,154.766537,154.0519412857143,7.615153484281582,10.038138000000004,142.778563,167.17945,151.04145969523807,157.2478593107143,21,5.775596,6.857293761904761,2.646408041641385,0.39370499999999975,5.538196,13.112043,5.80435219047619,8.006896486904738,21,154.315652,157.09314590476188,9.299219012673083,12.234177000000017,147.130534,172.10757,153.40455118333333,161.12120793452382,449.9956581428573,35.728653668848324
TBF,native,Wavelet W3,2160,2560,5.5296,21,152.089718,153.05688538095237,5.067417473587602,4.304099000000008,146.731918,159.258327,150.99493572857145,155.16400100357146,21,5.775596,6.857293761904761,2.646408041641385,0.39370499999999975,5.538196,13.112043,5.80435219047619,8.006896486904738,21,159.631382,159.75424709523807,5.136883330431217,5.0018929999999955,152.206077,168.344846,157.73454710238096,162.10380155595237,449.9956581428573,36.357487361505925
TBF,native,Wavelet Detail Energy (db1),2160,2560,5.5296,21,137.928267,137.93852633333336,2.839481192027681,4.3200530000000015,134.780497,142.580157,136.7167346011905,139.09964393452384,21,5.775596,6.857293761904761,2.646408041641385,0.39370499999999975,5.538196,13.112043,5.80435219047619,8.006896486904738,21,145.69588,146.0758059047619,5.044162237497124,5.745132999999981,139.925312,153.193678,144.06526968452383,148.36058891904761,449.9956581428573,40.090404383896164
TBF,native,Curvelet Transform Sharpness Index,2160,2560,5.5296,21,139.887981,141.0422457142857,7.210261929976854,9.889686000000012,133.095889,153.140486,138.178865377381,143.96661347261906,21,5.775596,6.857293761904761,2.646408041641385,0.39370499999999975,5.538196,13.112043,5.80435219047619,8.006896486904738,21,146.246741,147.14484390476187,6.276378878293238,7.291708,137.589802,155.818159,144.60342176190477,149.7236984988095,449.9956581428573,39.52877123875282
TBF,native,DCT Focus Measure,2160,2560,5.5296,21,74.807845,74.92732219047619,2.700370395014149,4.565561000000002,70.624247,78.119654,73.80142409285716,76.06218937261906,21,5.775596,6.857293761904761,2.646408041641385,0.39370499999999975,5.538196,13.112043,5.80435219047619,8.006896486904738,21,79.409732,82.92979404761903,9.679258915383405,5.5088520000000045,76.487453,105.987985,79.42490919999999,87.49932290952378,449.9956581428573,73.91738125860998
TBF,native,Intensity Skewness Index,2160,2560,5.5296,21,53.750292,54.69736895238095,2.5440864920922306,3.4466529999999977,51.577999,58.569787,53.62332731785715,55.79599049642858,21,5.775596,6.857293761904761,2.646408041641385,0.39370499999999975,5.538196,13.112043,5.80435219047619,8.006896486904738,21,61.98084,61.73264942857141,3.6669134456525074,4.406680999999999,57.877025,67.961047,60.25316795357144,63.325390585714274,449.9956581428573,102.87572019143636
TBF,native,Squared Gradient,2160,2560,5.5296,21,31.189576,27.466386190476186,9.603180268881552,17.828731,17.313361,39.784219,23.334644876190477,31.464165591666664,21,5.775596,6.857293761904761,2.646408041641385,0.39370499999999975,5.538196,13.112043,5.80435219047619,8.006896486904738,21,36.719169,36.57161514285715,6.480560748057349,11.868413,29.216812,43.543338,33.86080622380952,39.16058461071428,449.9956581428573,177.2900022751191
TBF,native,Gradient Squared Energy,2160,2560,5.5296,21,29.121719,26.599696095238095,9.443462434402695,17.832172,16.911288,35.648288,22.68814274166667,30.32038323690475,21,5.775596,6.857293761904761,2.646408041641385,0.39370499999999975,5.538196,13.112043,5.80435219047619,8.006896486904738,21,38.254598,37.19640347619047,8.104021510867117,12.786104000000002,29.264225,47.971364,34.06535787380952,40.450216390476186,449.9956581428573,189.87890103602746
TBF,native,Mean Intensity,2160,2560,5.5296,21,9.260698,8.150758285714286,1.9421105194229331,3.649604,5.87078,10.479558,7.31752555952381,8.99368022738095,21,5.775596,6.857293761904761,2.646408041641385,0.39370499999999975,5.538196,13.112043,5.80435219047619,8.006896486904738,21,16.009857,15.158347285714285,3.3373448127087517,4.276657,11.777838,21.643125,13.840152016666666,16.62091890238095,449.9956581428573,597.1040195890203
TBF,native,Intensity Variance,2160,2560,5.5296,21,20.900033,21.981791523809523,2.290407459189033,4.7533449999999995,19.425195,25.077524,21.00977046547619,22.956861628571428,21,5.775596,6.857293761904761,2.646408041641385,0.39370499999999975,5.538196,13.112043,5.80435219047619,8.006896486904738,21,29.0065,29.057089571428573,3.505494973916887,3.9972129999999986,25.438784,35.351711,27.69227109880952,30.559059422619043,449.9956581428573,264.57374493140753
TBF,native,Intensity Range Index,2160,2560,5.5296,21,9.66453,9.95700104761905,2.115685885736195,4.321049,7.291092,12.444742,9.09491772142857,10.83656273095238,21,5.775596,6.857293761904761,2.646408041641385,0.39370499999999975,5.538196,13.112043,5.80435219047619,8.006896486904738,21,17.718577,17.20530719047619,3.736666847846254,3.8643300000000007,13.600841,21.727248,15.815822435714283,18.934971077380954,449.9956581428573,572.1540519818346
TBF,native,Maximal Intensity,2160,2560,5.5296,21,6.000309,7.635721428571427,2.1386909933433946,3.9899380000000004,5.538057,9.904673,6.732658816666667,8.547368735714286,21,5.775596,6.857293761904761,2.646408041641385,0.39370499999999975,5.538196,13.112043,5.80435219047619,8.006896486904738,21,15.280868,14.448396428571428,2.748313476103892,3.959797,11.535888,20.00451,13.339100119047618,15.596013455952377,449.9956581428573,921.5525400441878
TBF,native,Laplacian Energy,2160,2560,5.5296,21,156.353018,155.23375352380955,3.9379824731372706,6.570999999999998,150.284228,161.468511,153.69120917738095,156.86663284166667,21,5.775596,6.857293761904761,2.646408041641385,0.39370499999999975,5.538196,13.112043,5.80435219047619,8.006896486904738,21,162.668393,163.45679666666666,7.280626983885029,11.871960000000001,152.809484,175.060913,160.53522179642857,166.3824456428571,449.9956581428573,35.36612257781939
TBF,native,Mean Absolute Laplacian,2160,2560,5.5296,21,156.655491,156.43515457142857,5.020725483185695,6.557935000000015,149.771644,165.07854,154.43264124761905,158.51709647499996,21,5.775596,6.857293761904761,2.646408041641385,0.39370499999999975,5.538196,13.112043,5.80435219047619,8.006896486904738,21,162.979022,165.31241733333331,10.283261828222415,13.310474,155.103823,176.019968,161.4547533404762,169.96877490476191,449.9956581428573,35.29783708634892
TBF,native,Spatial Frequency,2160,2560,5.5296,21,50.459131,50.92037238095237,3.16358344217336,1.953286999999996,47.65434,56.064124,49.59633561785714,52.39621463571428,21,5.775596,6.857293761904761,2.646408041641385,0.39370499999999975,5.538196,13.112043,5.80435219047619,8.006896486904738,21,58.655463,59.46726509523808,5.927332480532537,7.303154999999997,52.475694,70.592764,57.12056079404763,61.840720047619044,449.9956581428573,109.58571601242996
TBF,native,Modified Tenengrad,2160,2560,5.5296,21,364.927058,364.57945619047615,10.200315073392247,16.895575000000008,351.209781,378.644197,360.56683795714287,368.76121960833325,21,5.775596,6.857293761904761,2.646408041641385,0.39370499999999975,5.538196,13.112043,5.80435219047619,8.006896486904738,21,371.501149,374.26423614285716,14.34006533486093,22.310422000000017,357.662667,399.15897,368.6055668928571,380.08423621428574,449.9956581428573,15.152617156714099
TBF,native,Absolute Central Moment 2,2160,2560,5.5296,21,31.600324,32.04361923809523,5.4243513372910765,3.8061099999999968,28.32705,34.217327,30.322905724999995,34.61171017142858,21,5.775596,6.857293761904761,2.646408041641385,0.39370499999999975,5.538196,13.112043,5.80435219047619,8.006896486904738,21,37.711942,38.027014476190466,3.4959432184984163,4.761628000000002,34.411627,43.308804,36.710980076190474,39.61614302380952,449.9956581428573,174.9855476165371
TBF,native,Absolute Central Moment 4,2160,2560,5.5296,21,96.851823,97.79664414285712,2.6044564774431005,4.906482999999994,94.420029,101.331699,96.74150069166664,98.85834149047618,21,5.775596,6.857293761904761,2.646408041641385,0.39370499999999975,5.538196,13.112043,5.80435219047619,8.006896486904738,21,106.350828,106.52426938095236,5.037305969077743,8.599046999999999,100.345744,111.938978,104.49369068452378,108.6796238202381,449.9956581428573,57.0934013291624
TBF,native,Image Power,2160,2560,5.5296,21,17.484758,16.58759057142857,2.049184534723986,3.6709850000000017,13.939911,19.169326,15.68853254761905,17.419448225000004,21,5.775596,6.857293761904761,2.646408041641385,0.39370499999999975,5.538196,13.112043,5.80435219047619,8.006896486904738,21,23.475168,23.576090476190473,4.062084622122213,4.016179000000001,19.865216,29.917099,22.017346150000005,25.46628328214286,449.9956581428573,316.252589827094
TBF,128,Tenengrad,108,128,0.013824,21,0.040916,0.04439080952380952,0.005886549707757913,0.008083,0.039299,0.053182,0.04201069166666666,0.04698900952380952,21,8.143683,8.140584380952381,0.34700737241843677,0.2769010000000005,7.297582,8.672743,7.983934748809523,8.27870064047619,21,7.741118,7.821832095238095,0.9376826724613133,0.8032100000000009,7.145059,8.622968,7.50326656190476,8.263722665476191,449.9956581428573,337.8629387036856
TBF,128,Brenner Gradient,108,128,0.013824,21,0.020753,0.021907285714285712,0.004134576751529196,0.0029700000000000004,0.018,0.027743,0.02031772738095238,0.023692472619047618,21,8.143683,8.140584380952381,0.34700737241843677,0.2769010000000005,7.297582,8.672743,7.983934748809523,8.27870064047619,21,7.773506,7.817935666666668,0.21627853913260398,0.35651299999999964,7.538668,8.139184,7.732563866666667,7.907389734523809,449.9956581428573,666.1205608827639
TBF,128,Variance of Laplacian,108,128,0.013824,21,0.045199,0.05072714285714285,0.019181150959433367,0.012376000000000005,0.034301,0.073907,0.04420832857142856,0.06039168809523808,21,8.143683,8.140584380952381,0.34700737241843677,0.2769010000000005,7.297582,8.672743,7.983934748809523,8.27870064047619,21,7.596033,7.621381904761907,0.3028268866278066,0.48391699999999993,7.214964,8.052419,7.503311577380952,7.7489294654761895,449.9956581428573,305.8474745016482
TBF,128,Sum Modified Laplacian,108,128,0.013824,21,0.056382,0.05896547619047618,0.007135139596525408,0.010173000000000001,0.052122,0.069249,0.0560078369047619,0.06196335833333334,21,8.143683,8.140584380952381,0.34700737241843677,0.2769010000000005,7.297582,8.672743,7.983934748809523,8.27870064047619,21,7.812348,8.114193047619048,1.204735927482387,0.8057320000000008,7.271481,10.557709,7.694394692857145,8.673466938095238,449.9956581428573,245.18463339363623
TBF,128,Normalized Variance,108,128,0.013824,21,0.039642,0.04635152380952381,0.014745491591056053,0.015351000000000004,0.031469,0.066342,0.04066715119047619,0.052871915476190474,21,8.143683,8.140584380952381,0.34700737241843677,0.2769010000000005,7.297582,8.672743,7.983934748809523,8.27870064047619,21,7.422328,7.713906571428572,0.9923421540809186,0.4591479999999999,7.155029,8.760851,7.408104792857142,8.199850257142856,449.9956581428573,348.72105342818224
TBF,128,Energy of Gradient,108,128,0.013824,21,0.044299,0.05231833333333334,0.014197426267930864,0.018909000000000002,0.039283,0.074622,0.046933808333333334,0.05877714642857143,21,8.143683,8.140584380952381,0.34700737241843677,0.2769010000000005,7.297582,8.672743,7.983934748809523,8.27870064047619,21,7.69392,7.911756904761905,0.5657016495773992,0.8875289999999998,7.262984,9.051944,7.691746536904763,8.161128461904761,449.9956581428573,312.06122034357435
TBF,128,Histogram Entropy,108,128,0.013824,21,0.088789,0.09518209523809525,0.013499126445458469,0.009656999999999999,0.080222,0.118968,0.09034537976190475,0.10120795714285716,21,8.143683,8.140584380952381,0.34700737241843677,0.2769010000000005,7.297582,8.672743,7.983934748809523,8.27870064047619,21,7.479474,7.705594666666666,0.9573132843087121,0.38314300000000046,7.180373,8.099423,7.429763257142857,8.176264513095239,449.9956581428573,155.69496221378773
TBF,128,GLCM Contrast,108,128,0.013824,21,3.50221,3.566092380952381,0.23223030244790974,0.24204800000000004,3.351928,3.825956,3.4769699666666667,3.6730115666666667,21,8.143683,8.140584380952381,0.34700737241843677,0.2769010000000005,7.297582,8.672743,7.983934748809523,8.27870064047619,21,11.585482,11.595536999999998,0.5956567515943221,1.0659919999999996,10.890721,12.469551,11.347944965476191,11.839307277380952,449.9956581428573,3.947221897030732
TBF,128,Variance of Gradient,108,128,0.013824,21,0.061977,0.06433138095238096,0.007968419237691943,0.007966999999999995,0.055417,0.08165,0.0612240119047619,0.0678857738095238,21,8.143683,8.140584380952381,0.34700737241843677,0.2769010000000005,7.297582,8.672743,7.983934748809523,8.27870064047619,21,7.768504,7.954370904761906,0.6654458583488145,0.3126680000000004,7.496599,8.408052,7.73120454047619,8.269136557142858,449.9956581428573,223.05048647078758
TBF,128,Fourier Transform Sharpness Index,108,128,0.013824,21,0.243659,0.25914404761904763,0.060145437301990075,0.03920600000000002,0.20514,0.407296,0.2364600214285714,0.288678788095238,21,8.143683,8.140584380952381,0.34700737241843677,0.2769010000000005,7.297582,8.672743,7.983934748809523,8.27870064047619,21,9.200007,9.673025285714285,1.4503412050308762,1.789389,8.117774,12.040499,9.070869485714283,10.297391091666666,449.9956581428573,56.73502723067894
TBF,128,Fourier High Frequency Energy Ratio,108,128,0.013824,21,0.269414,0.2693521904761905,0.04303148198891023,0.035911,0.231065,0.291133,0.2545648904761905,0.28994947738095245,21,8.143683,8.140584380952381,0.34700737241843677,0.2769010000000005,7.297582,8.672743,7.983934748809523,8.27870064047619,21,7.992823,7.980614333333333,0.34749347835122507,0.4399449999999998,7.47662,8.448942,7.8354268964285705,8.126172776190476,449.9956581428573,51.31136466553334
TBF,128,Roberts Focus Measure,108,128,0.013824,21,0.038396,0.04405647619047619,0.019735738791894893,0.0047820000000000015,0.034777,0.057462,0.03778923333333333,0.05345104285714287,21,8.143683,8.140584380952381,0.34700737241843677,0.2769010000000005,7.297582,8.672743,7.983934748809523,8.27870064047619,21,7.370122,7.685151904761905,1.0556147724949145,0.5840509999999997,7.049169,8.502149,7.338127803571429,8.17429575952381,449.9956581428573,360.037503906657
TBF,128,Wavelet W1,108,128,0.013824,21,0.132253,0.13726157142857143,0.012932605787587547,0.01646600000000001,0.122149,0.157325,0.13220802023809522,0.14289795476190476,21,8.143683,8.140584380952381,0.34700737241843677,0.2769010000000005,7.297582,8.672743,7.983934748809523,8.27870064047619,21,7.653105,7.675672333333334,0.36422285650592173,0.33348200000000006,7.145116,8.301257,7.535266935714285,7.829308230952381,449.9956581428573,104.52692944583487
TBF,128,Wavelet W2,108,128,0.013824,21,0.177955,0.1876629523809524,0.033467781389683114,0.021135000000000015,0.165121,0.213406,0.17649823333333334,0.20318646547619043,21,8.143683,8.140584380952381,0.34700737241843677,0.2769010000000005,7.297582,8.672743,7.983934748809523,8.27870064047619,21,7.478555,7.82720861904762,0.9305118772623203,0.6009069999999994,7.2657,8.239185,7.535561321428573,8.27783405357143,449.9956581428573,77.6825601978028
TBF,128,Wavelet W3,108,128,0.013824,21,0.203367,0.21079752380952385,0.02105727501510831,0.03025,0.191279,0.249699,0.20224445714285716,0.21961886309523806,21,8.143683,8.140584380952381,0.34700737241843677,0.2769010000000005,7.297582,8.672743,7.983934748809523,8.27870064047619,21,7.699295,7.755095333333333,0.259264558322061,0.35255299999999945,7.431016,8.119051,7.650425963095238,7.857998653571428,449.9956581428573,67.9756302644972
TBF,128,Wavelet Detail Energy (db1),108,128,0.013824,21,0.127905,0.13681804761904764,0.019925734938707255,0.01699600000000001,0.122121,0.166377,0.1294699345238095,0.14613587500000003,21,8.143683,8.140584380952381,0.34700737241843677,0.2769010000000005,7.297582,8.672743,7.983934748809523,8.27870064047619,21,7.56537,7.853144285714287,0.9497409223424114,0.294416,7.36554,8.558841,7.559881052380954,8.318237189285714,449.9956581428573,108.08021578515304
TBF,128,Curvelet Transform Sharpness Index,108,128,0.013824,21,0.138174,0.1501635238095238,0.03914518638813595,0.024914999999999993,0.119467,0.208995,0.13656498214285714,0.16900614523809523,21,8.143683,8.140584380952381,0.34700737241843677,0.2769010000000005,7.297582,8.672743,7.983934748809523,8.27870064047619,21,7.842791,8.075894666666667,0.8935756156027498,0.6509380000000009,7.447755,8.800451,7.786952417857144,8.498394755952381,449.9956581428573,100.04776586043684
TBF,128,DCT Focus Measure,108,128,0.013824,21,0.098381,0.10293223809523809,0.02565737480512136,0.021619,0.084171,0.115304,0.09463456666666667,0.1143928642857143,21,8.143683,8.140584380952381,0.34700737241843677,0.2769010000000005,7.297582,8.672743,7.983934748809523,8.27870064047619,21,8.034153,8.319416952380953,1.0027245607406092,1.0130350000000004,7.214918,10.661531,7.9225814095238105,8.776556180952381,449.9956581428573,140.5149368272329
TBF,128,Intensity Skewness Index,108,128,0.013824,21,0.083856,0.08592490476190477,0.0073635981483562915,0.010942000000000007,0.077078,0.098043,0.08300185833333334,0.08889932619047619,21,8.143683,8.140584380952381,0.34700737241843677,0.2769010000000005,7.297582,8.672743,7.983934748809523,8.27870064047619,21,6.299493,6.252230047619047,0.26587044178461744,0.28314799999999973,5.784864,6.634803,6.13689860952381,6.359364591666667,449.9956581428573,164.8540354894104
TBF,128,Squared Gradient,108,128,0.013824,21,0.040618,0.04241933333333333,0.00430984555794443,0.002588,0.039153,0.051765,0.04065273095238096,0.04434794761904761,21,8.143683,8.140584380952381,0.34700737241843677,0.2769010000000005,7.297582,8.672743,7.983934748809523,8.27870064047619,21,7.434709,7.7321720476190485,1.0691223487285482,0.3297290000000004,7.193582,8.176808,7.430526620238096,8.248171148809524,449.9956581428573,340.3417204195184
TBF,128,Gradient Squared Energy,108,128,0.013824,21,0.045525,0.05099242857142857,0.015246927843245764,0.00451,0.039557,0.084721,0.04528310595238096,0.057955686904761904,21,8.143683,8.140584380952381,0.34700737241843677,0.2769010000000005,7.297582,8.672743,7.983934748809523,8.27870064047619,21,8.1681,8.218332761904762,0.29963563035658936,0.2720350000000007,7.847516,8.733456,8.09504302142857,8.343569658333333,449.9956581428573,303.65733113673804
TBF,128,Mean Intensity,108,128,0.013824,21,0.01454,0.018215571428571428,0.011463516243157805,0.0030360000000000005,0.010056,0.033911,0.014197165476190477,0.023210084523809522,21,8.143683,8.140584380952381,0.34700737241843677,0.2769010000000005,7.297582,8.672743,7.983934748809523,8.27870064047619,21,7.696759,7.902390333333335,1.174850510399827,0.606592,7.129336,8.305358,7.5477611142857155,8.483043701190475,449.9956581428573,950.7565337001374
TBF,128,Intensity Variance,108,128,0.013824,21,0.028581,0.03316761904761905,0.010191723149086175,0.010230999999999997,0.02191,0.057662,0.029208622619047622,0.037941989285714295,21,8.143683,8.140584380952381,0.34700737241843677,0.2769010000000005,7.297582,8.672743,7.983934748809523,8.27870064047619,21,7.368874,7.5180659999999975,0.3572369568387347,0.41267299999999985,7.069098,8.160881,7.3697821476190475,7.667322027380952,449.9956581428573,483.6779678807599
TBF,128,Intensity Range Index,108,128,0.013824,21,0.01405,0.014008142857142858,0.003656463801074944,0.004067999999999999,0.009897,0.01982,0.012414313095238093,0.015582572619047616,21,8.143683,8.140584380952381,0.34700737241843677,0.2769010000000005,7.297582,8.672743,7.983934748809523,8.27870064047619,21,7.223444,7.349051857142858,0.7346297021856851,0.5681750000000001,6.398629,8.267788,7.040621291666667,7.67450163690476,449.9956581428573,983.914590747331
TBF,128,Maximal Intensity,108,128,0.013824,21,0.011035,0.010982571428571428,0.0014897461720517551,0.0006180000000000005,0.00817,0.012539,0.010338845238095237,0.011617021428571428,21,8.143683,8.140584380952381,0.34700737241843677,0.2769010000000005,7.297582,8.672743,7.983934748809523,8.27870064047619,21,7.417293,7.397031571428571,0.33367223821867037,0.4235160000000002,7.045103,7.720059,7.266977640476192,7.5375380750000005,449.9956581428573,1252.7412777526054
TBF,128,Laplacian Energy,108,128,0.013824,21,0.150273,0.15331761904761904,0.014365164236708855,0.021912000000000015,0.133215,0.174346,0.14727923095238096,0.15926567261904762,21,8.143683,8.140584380952381,0.34700737241843677,0.2769010000000005,7.297582,8.672743,7.983934748809523,8.27870064047619,21,7.484807,7.503834333333334,0.1366217708790708,0.13729100000000027,7.30358,7.766396,7.446607101190476,7.56148741547619,449.9956581428573,91.99257351620051
TBF,128,Mean Absolute Laplacian,108,128,0.013824,21,0.149884,0.16984657142857143,0.0752467590335766,0.02076900000000001,0.140192,0.203275,0.14928176666666665,0.20595651190476186,21,8.143683,8.140584380952381,0.34700737241843677,0.2769010000000005,7.297582,8.672743,7.983934748809523,8.27870064047619,21,7.383177,7.52470919047619,0.34224919949411403,0.4718049999999998,7.184238,8.155636,7.382449339285714,7.670463746428573,449.9956581428573,92.23132555843186
TBF,128,Spatial Frequency,108,128,0.013824,21,0.045615,0.04765342857142857,0.008617063766570537,0.00553,0.038904,0.069945,0.04477592738095238,0.051507767857142846,21,8.143683,8.140584380952381,0.34700737241843677,0.2769010000000005,7.297582,8.672743,7.983934748809523,8.27870064047619,21,7.386876,7.623267571428572,1.028094314128114,0.21370999999999984,7.187492,7.870519,7.343933636904761,8.120466447619048,449.9956581428573,303.0582045379809
TBF,128,Modified Tenengrad,108,128,0.013824,21,0.361314,0.375313619047619,0.036144025372772455,0.03770900000000005,0.339277,0.423277,0.36155383214285713,0.3909909642857143,21,8.143683,8.140584380952381,0.34700737241843677,0.2769010000000005,7.297582,8.672743,7.983934748809523,8.27870064047619,21,7.996062,8.229220761904761,1.1841614881246518,0.4701770000000005,7.521984,8.874662,7.873501373809525,8.80474504285714,449.9956581428573,38.26034972350919
TBF,128,Absolute Central Moment 2,108,128,0.013824,21,0.028131,0.02900933333333333,0.0034523465836056116,0.0016439999999999996,0.026791,0.037119,0.027724858333333335,0.030685959523809522,21,8.143683,8.140584380952381,0.34700737241843677,0.2769010000000005,7.297582,8.672743,7.983934748809523,8.27870064047619,21,7.124561,7.185846523809524,0.23610853755373157,0.26938899999999943,6.966166,7.737737,7.093432557142857,7.296059132142858,449.9956581428573,491.41516476485015
TBF,128,Absolute Central Moment 4,108,128,0.013824,21,0.186902,0.1929817142857143,0.014149597952390226,0.014059000000000016,0.180952,0.221387,0.18763223571428572,0.19944283809523813,21,8.143683,8.140584380952381,0.34700737241843677,0.2769010000000005,7.297582,8.672743,7.983934748809523,8.27870064047619,21,7.822636,8.130147428571426,1.0166122201764825,0.5440389999999988,7.486829,9.528145,7.789472632142857,8.62806087142857,449.9956581428573,73.96389551743694
TBF,128,Image Power,108,128,0.013824,21,0.01506,0.015473047619047619,0.002531131495521133,0.0020669999999999994,0.012143,0.01975,0.014512332142857144,0.016629735714285714,21,8.143683,8.140584380952381,0.34700737241843677,0.2769010000000005,7.297582,8.672743,7.983934748809523,8.27870064047619,21,7.335343,7.499580999999999,0.9276579574510748,0.2660330000000002,6.962138,7.93265,7.230939878571429,7.944961883333332,449.9956581428573,917.9282868525896
TBF,512,Tenengrad,432,512,0.221184,21,0.568019,0.5896468095238094,0.10369380034438849,0.06521199999999994,0.516602,0.67878,0.5537448226190476,0.6394319702380953,21,6.853193,6.863658714285715,0.23035515873909648,0.33122399999999974,6.48407,7.197606,6.769748622619048,6.958994055952381,21,7.426527,7.524209857142857,0.42136290711135055,0.4995599999999998,7.117431,8.174767,7.362608385714286,7.718822804761905,449.9956581428573,389.39542515303185
TBF,512,Brenner Gradient,432,512,0.221184,21,0.300956,0.3215383333333333,0.06785648412814603,0.015739000000000003,0.287378,0.409018,0.30040766071428576,0.3557946904761904,21,6.853193,6.863658714285715,0.23035515873909648,0.33122399999999974,6.48407,7.197606,6.769748622619048,6.958994055952381,21,7.189502,7.433136285714286,0.9485616845572112,0.36421800000000015,6.995702,7.595472,7.167898972619047,7.878413446428571,449.9956581428573,734.9379975810417
TBF,512,Variance of Laplacian,432,512,0.221184,21,0.430129,0.4257848095238095,0.0351266356581712,0.04277399999999998,0.389386,0.469892,0.41138853214285714,0.44167112499999994,21,6.853193,6.863658714285715,0.23035515873909648,0.33122399999999974,6.48407,7.197606,6.769748622619048,6.958994055952381,21,7.415998,7.41876119047619,0.2412776404366179,0.3509159999999998,7.084615,7.877091,7.3243848,7.518602433333332,449.9956581428573,514.227127210674
TBF,512,Sum Modified Laplacian,432,512,0.221184,21,0.721409,0.7407622380952381,0.07372418880998609,0.06718299999999999,0.65655,0.88402,0.7114189000000001,0.7723376345238095,21,6.853193,6.863658714285715,0.23035515873909648,0.33122399999999974,6.48407,7.197606,6.769748622619048,6.958994055952381,21,7.530773,7.565794714285714,0.17121992809896366,0.20775699999999997,7.310005,7.830702,7.495795672619047,7.635161242857143,449.9956581428573,306.6000008317057
TBF,512,Normalized Variance,432,512,0.221184,21,0.378838,0.38640861904761903,0.03894166024000029,0.039642999999999984,0.339329,0.431072,0.37148315000000004,0.40354394523809534,21,6.853193,6.863658714285715,0.23035515873909648,0.33122399999999974,6.48407,7.197606,6.769748622619048,6.958994055952381,21,7.185425,7.152586714285715,0.2708147277501987,0.48572799999999994,6.805524,7.524286,7.0438962119047615,7.262130671428571,449.9956581428573,583.8485051657965
TBF,512,Energy of Gradient,432,512,0.221184,21,0.592464,0.6711145714285716,0.3036510272372829,0.11123100000000008,0.517652,0.754201,0.585237092857143,0.8131851571428569,21,6.853193,6.863658714285715,0.23035515873909648,0.33122399999999974,6.48407,7.197606,6.769748622619048,6.958994055952381,21,7.924067,8.07349314285714,0.9479047987712311,0.4934320000000003,7.273352,8.650531,7.756004466666667,8.50352578095238,449.9956581428573,373.32901239568986
TBF,512,Histogram Entropy,432,512,0.221184,21,1.132044,1.1556057142857143,0.10062255208010917,0.0922369999999999,1.044831,1.331678,1.1151591404761902,1.2004917583333337,21,6.853193,6.863658714285715,0.23035515873909648,0.33122399999999974,6.48407,7.197606,6.769748622619048,6.958994055952381,21,8.350595,8.724454952380952,1.0847020071812568,0.4600010000000001,7.800725,11.405992,8.339061514285717,9.199335373809525,449.9956581428573,195.38463169276105
TBF,512,GLCM Contrast,432,512,0.221184,21,54.219058,54.49204619047619,0.9634887818284462,1.0646860000000018,53.262638,56.25318,54.101089772619055,54.89231431428571,21,6.853193,6.863658714285715,0.23035515873909648,0.33122399999999974,6.48407,7.197606,6.769748622619048,6.958994055952381,21,61.380248,62.029204476190486,2.424716084282604,1.069581999999997,60.322705,65.809073,61.206814582142854,63.12388717261905,449.9956581428573,4.079451177480804
TBF,512,Variance of Gradient,432,512,0.221184,21,0.720603,0.7287094285714284,0.06710782448386435,0.05362,0.660221,0.857949,0.7029551083333333,0.759059044047619,21,6.853193,6.863658714285715,0.23035515873909648,0.33122399999999974,6.48407,7.197606,6.769748622619048,6.958994055952381,21,7.623485,7.696842619047619,0.24868975864166115,0.4562020000000002,7.43771,8.075639,7.597384820238093,7.804657838095237,449.9956581428573,306.9429352916932
TBF,512,Fourier Transform Sharpness Index,432,512,0.221184,21,1.957282,1.9673362857142858,0.10652880335859544,0.13123700000000027,1.83006,2.149308,1.9231733583333335,2.0129569,21,6.853193,6.863658714285715,0.23035515873909648,0.33122399999999974,6.48407,7.197606,6.769748622619048,6.958994055952381,21,8.186677,8.402862095238095,0.7610558554081234,0.4741919999999995,7.853688,10.491095,8.12436044404762,8.760957582142856,449.9956581428573,113.00568850068616
TBF,512,Fourier High Frequency Energy Ratio,432,512,0.221184,21,3.670553,3.718142857142856,0.16217928465198186,0.07611400000000001,3.597715,3.977071,3.6582625392857144,3.7879378273809516,21,6.853193,6.863658714285715,0.23035515873909648,0.33122399999999974,6.48407,7.197606,6.769748622619048,6.958994055952381,21,10.947996,11.241824333333332,0.9730710205595651,0.5285080000000004,10.667813,12.02277,10.928520017857144,11.685841183333334,449.9956581428573,60.259039986617815
TBF,512,Roberts Focus Measure,432,512,0.221184,21,0.605919,0.6341023333333334,0.09939180998771142,0.05724800000000008,0.556337,0.880705,0.597667763095238,0.6797650369047621,21,6.853193,6.863658714285715,0.23035515873909648,0.33122399999999974,6.48407,7.197606,6.769748622619048,6.958994055952381,21,7.335682,7.366257666666666,0.1921525780384779,0.2688239999999995,7.122743,7.741089,7.286941548809524,7.448185715476191,449.9956581428573,365.0388913369609
TBF,512,Wavelet W1,432,512,0.221184,21,1.930183,1.9378284761904763,0.07454692691494333,0.09455699999999978,1.821992,2.030583,1.9059305202380956,1.9692800464285711,21,6.853193,6.863658714285715,0.23035515873909648,0.33122399999999974,6.48407,7.197606,6.769748622619048,6.958994055952381,21,8.863615,8.991651523809523,0.38594786499002914,0.34897499999999937,8.623759,9.595708,8.846135069047618,9.164715022619045,449.9956581428573,114.59224332615094
TBF,512,Wavelet W2,432,512,0.221184,21,2.366112,2.399509857142857,0.20197283821674777,0.12097000000000024,2.196388,2.534883,2.3239689690476193,2.492194554761905,21,6.853193,6.863658714285715,0.23035515873909648,0.33122399999999974,6.48407,7.197606,6.769748622619048,6.958994055952381,21,9.546371,9.793440285714285,1.0924441553540913,0.37285900000000005,9.242269,11.43213,9.439539539285715,10.342628420238093,449.9956581428573,93.47993670629285
TBF,512,Wavelet W3,432,512,0.221184,21,2.479013,2.550052,0.2712469866208656,0.1328269999999998,2.273685,3.278369,2.4563530726190477,2.6732867988095244,21,6.853193,6.863658714285715,0.23035515873909648,0.33122399999999974,6.48407,7.197606,6.769748622619048,6.958994055952381,21,9.441556,9.598780619047618,0.6147758566250366,0.35922700000000063,9.097536,10.389803,9.38610967738095,9.875431144047617,449.9956581428573,89.2226059322803
TBF,512,Wavelet Detail Energy (db1),432,512,0.221184,21,1.94307,1.9682241428571428,0.10876042339669595,0.13839800000000002,1.827903,2.121025,1.9251158452380952,2.0133065559523806,21,6.853193,6.863658714285715,0.23035515873909648,0.33122399999999974,6.48407,7.197606,6.769748622619048,6.958994055952381,21,8.892517,8.91525142857143,0.2577959691474193,0.3295349999999999,8.639597,9.438887,8.816346801190477,9.021331021428571,449.9956581428573,113.83223455665518
TBF,512,Curvelet Transform Sharpness Index,432,512,0.221184,21,1.920343,1.934779238095238,0.0640936388223549,0.03149599999999997,1.847271,2.056692,1.9090722642857145,1.9627925523809526,21,6.853193,6.863658714285715,0.23035515873909648,0.33122399999999974,6.48407,7.197606,6.769748622619048,6.958994055952381,21,8.960901,8.982932523809524,0.2675885987538743,0.28923200000000016,8.625114,9.383997,8.875906322619048,9.09914877857143,449.9956581428573,115.17942367587457
TBF,512,DCT Focus Measure,432,512,0.221184,21,1.48829,1.5428358571428573,0.13733788520444232,0.19686999999999988,1.401482,1.815061,1.488494620238095,1.6035561214285714,21,6.853193,6.863658714285715,0.23035515873909648,0.33122399999999974,6.48407,7.197606,6.769748622619048,6.958994055952381,21,8.573804,8.917953857142855,1.1817005885114589,0.6017460000000003,8.232086,9.598412,8.557685370238094,9.46301459642857,449.9956581428573,148.61619711212197
TBF,512,Intensity Skewness Index,432,512,0.221184,21,1.956732,1.9636203333333333,0.08587336891687279,0.1272129999999998,1.867556,2.060893,1.9288884392857146,2.002394095238095,21,6.853193,6.863658714285715,0.23035515873909648,0.33122399999999974,6.48407,7.197606,6.769748622619048,6.958994055952381,21,8.84608,8.959271000000001,0.36570358831067,0.3789359999999995,8.542363,9.611217,8.81637249761905,9.113275819047619,449.9956581428573,113.03745224179907
TBF,512,Squared Gradient,432,512,0.221184,21,0.563532,0.5919414285714287,0.1086938922168911,0.07794699999999999,0.492946,0.833984,0.5516593821428571,0.6408506214285714,21,6.853193,6.863658714285715,0.23035515873909648,0.33122399999999974,6.48407,7.197606,6.769748622619048,6.958994055952381,21,7.849713,7.781099714285714,0.3398649358415992,0.37588299999999997,7.238061,8.419745,7.646101446428571,7.921550233333333,449.9956581428573,392.49590085389997
TBF,512,Gradient Squared Energy,432,512,0.221184,21,0.549816,0.5548805238095239,0.048388385207215834,0.049566,0.501498,0.633267,0.5374463190476191,0.5751962928571428,21,6.853193,6.863658714285715,0.23035515873909648,0.33122399999999974,6.48407,7.197606,6.769748622619048,6.958994055952381,21,7.268122,7.497965999999999,0.9171453980260711,0.2742440000000004,7.063535,7.764283,7.236937444047618,7.925075236904763,449.9956581428573,402.28731066393124
TBF,512,Mean Intensity,432,512,0.221184,21,0.149432,0.15456,0.02662281776972528,0.020397,0.121777,0.182427,0.14424184523809525,0.16623966190476192,21,6.853193,6.863658714285715,0.23035515873909648,0.33122399999999974,6.48407,7.197606,6.769748622619048,6.958994055952381,21,6.972943,7.056900333333333,0.34792234787870896,0.34652300000000036,6.652875,7.641663,6.9153179583333335,7.212543260714287,449.9956581428573,1480.1648910541248
TBF,512,Intensity Variance,432,512,0.221184,21,0.381588,0.4114859047619048,0.14321433293560556,0.035789000000000015,0.344997,0.439729,0.3719786988095239,0.4785491214285714,21,6.853193,6.863658714285715,0.23035515873909648,0.33122399999999974,6.48407,7.197606,6.769748622619048,6.958994055952381,21,7.349086,7.62422619047619,0.9738095288406055,0.3276690000000002,7.0866,7.974044,7.347265592857141,8.094598455952381,449.9956581428573,579.6408692097236
TBF,512,Intensity Range Index,432,512,0.221184,21,0.193242,0.19046357142857143,0.03132768893418636,0.023101999999999984,0.139058,0.230271,0.17731502738095234,0.20399374761904765,21,6.853193,6.863658714285715,0.23035515873909648,0.33122399999999974,6.48407,7.197606,6.769748622619048,6.958994055952381,21,7.449798,7.57642538095238,0.8930247959734086,0.30886499999999995,6.864954,8.358401,7.290998964285716,8.000105898809522,449.9956581428573,1144.5958953022634
TBF,512,Maximal Intensity,432,512,0.221184,21,0.151433,0.1553035238095238,0.030694526177510943,0.025308999999999998,0.125646,0.193848,0.1436723511904762,0.168075575,21,6.853193,6.863658714285715,0.23035515873909648,0.33122399999999974,6.48407,7.197606,6.769748622619048,6.958994055952381,21,7.030914,7.212021571428569,0.8739243528486645,0.4166400000000001,6.606553,7.963996,6.943432264285715,7.621301595238096,449.9956581428573,1460.6063407579586
TBF,512,Laplacian Energy,432,512,0.221184,21,2.685814,3.004822,1.3374052430934684,0.23370200000000008,2.424887,3.347149,2.640209310714286,3.619053585714285,21,6.853193,6.863658714285715,0.23035515873909648,0.33122399999999974,6.48407,7.197606,6.769748622619048,6.958994055952381,21,9.953893,9.939277904761905,0.2079489346829901,0.2734129999999997,9.583286,10.207411,9.850085307142859,10.024521420238095,449.9956581428573,82.35268711831868
TBF,512,Mean Absolute Laplacian,432,512,0.221184,21,2.723682,2.7396806666666667,0.08705917431915679,0.12229299999999999,2.642959,2.871128,2.7057702833333335,2.777707919047619,21,6.853193,6.863658714285715,0.23035515873909648,0.33122399999999974,6.48407,7.197606,6.769748622619048,6.958994055952381,21,9.792749,9.984999761904763,0.49733286785139225,0.5153480000000012,9.537292,10.87019,9.797141213095237,10.20350852142857,449.9956581428573,81.20771808162625
TBF,512,Spatial Frequency,432,512,0.221184,21,0.786933,0.7911267142857143,0.037109251757672046,0.05183899999999997,0.725745,0.844723,0.7753096678571428,0.8062494345238094,21,6.853193,6.863658714285715,0.23035515873909648,0.33122399999999974,6.48407,7.197606,6.769748622619048,6.958994055952381,21,7.576962,7.643156523809525,0.17779058299966824,0.1738179999999998,7.45488,7.963985,7.573528216666668,7.720994705952382,449.9956581428573,281.0709425071766
TBF,512,Modified Tenengrad,432,512,0.221184,21,6.250065,6.268892047619048,0.2096397594523701,0.2100849999999994,5.926431,6.583308,6.1800082214285705,6.358341669047619,21,6.853193,6.863658714285715,0.23035515873909648,0.33122399999999974,6.48407,7.197606,6.769748622619048,6.958994055952381,21,13.275704,13.539487476190478,0.8997522192399208,0.4867460000000001,12.888563,14.698843,13.216236744047619,13.959978921428572,449.9956581428573,35.38907195365168
TBF,512,Absolute Central Moment 2,432,512,0.221184,21,0.487387,0.49936409523809516,0.05728776423365181,0.07107799999999997,0.433691,0.597271,0.47691895952380947,0.5242550869047619,21,6.853193,6.863658714285715,0.23035515873909648,0.33122399999999974,6.48407,7.197606,6.769748622619048,6.958994055952381,21,7.411452,7.741863666666667,1.2858845417636193,0.3348060000000004,7.112608,8.830974,7.352119152380954,8.357482558333334,449.9956581428573,453.8159614433704
TBF,512,Absolute Central Moment 4,432,512,0.221184,21,3.048973,3.068398904761905,0.10677747004303147,0.079345,2.9385,3.162798,3.027793639285714,3.1165759916666667,21,6.853193,6.863658714285715,0.23035515873909648,0.33122399999999974,6.48407,7.197606,6.769748622619048,6.958994055952381,21,9.952987,10.059035,0.32294955829138405,0.5340729999999994,9.705968,10.633205,9.923238371428571,10.198598604761903,449.9956581428573,72.54377129610528
TBF,512,Image Power,432,512,0.221184,21,0.280755,0.27819866666666665,0.02324560227297484,0.016185999999999978,0.233209,0.306677,0.2676390059523809,0.2876869,21,6.853193,6.863658714285715,0.23035515873909648,0.33122399999999974,6.48407,7.197606,6.769748622619048,6.958994055952381,21,7.375831,7.357651476190476,0.2530873759468495,0.27612400000000026,6.923805,7.690115,7.249112621428571,7.456782278571427,449.9956581428573,787.8185606667735
TBF,1024,Tenengrad,864,1024,0.884736,21,2.265276,2.240492666666667,0.15573575421184863,0.22871399999999964,1.991468,2.42669,2.173110344047619,2.3061909785714287,21,7.626446,7.982662285714285,1.4796043599716493,0.5734899999999996,7.13712,8.63422,7.528591867857143,8.70154219642857,21,10.109664,10.511843285714285,1.3857717955181563,0.36289699999999847,9.871974,12.18808,10.0836276,11.157631922619046,449.9956581428573,390.564328585126
TBF,1024,Brenner Gradient,864,1024,0.884736,21,1.384806,1.4317980476190475,0.14667150343862856,0.21306899999999995,1.276922,1.709293,1.3749667083333332,1.4925539452380954,21,7.626446,7.982662285714285,1.4796043599716493,0.5734899999999996,7.13712,8.63422,7.528591867857143,8.70154219642857,21,9.778338,9.635687571428573,0.6196753747604928,0.9761620000000004,8.805708,10.512302,9.385539266666667,9.899797454761904,449.9956581428573,638.8880464122773
TBF,1024,Variance of Laplacian,864,1024,0.884736,21,1.80007,1.800498619047619,0.11750042111051186,0.17240999999999995,1.649568,1.967554,1.7537227595238096,1.8532532654761904,21,7.626446,7.982662285714285,1.4796043599716493,0.5734899999999996,7.13712,8.63422,7.528591867857143,8.70154219642857,21,9.7539,10.025012904761907,0.9966420167309276,0.5479310000000002,9.318787,10.796284,9.70315542857143,10.496021745238094,449.9956581428573,491.5008860766526
TBF,1024,Sum Modified Laplacian,864,1024,0.884736,21,2.042891,2.090867476190476,0.1703478332546731,0.14276599999999995,1.910945,2.365589,2.0252347119047616,2.1668952952380955,21,7.626446,7.982662285714285,1.4796043599716493,0.5734899999999996,7.13712,8.63422,7.528591867857143,8.70154219642857,21,8.703472,8.942512666666666,0.7855130345877359,0.5735050000000008,8.211727,9.515637,8.66564924404762,9.33756004047619,449.9956581428573,433.08037482175996
TBF,1024,Normalized Variance,864,1024,0.884736,21,1.795951,1.862128857142857,0.21983950802876306,0.28319399999999995,1.653752,2.415115,1.7787238940476193,1.9577358595238095,21,7.626446,7.982662285714285,1.4796043599716493,0.5734899999999996,7.13712,8.63422,7.528591867857143,8.70154219642857,21,9.901674,9.988687857142857,0.34128799276070126,0.4714849999999995,9.553959,10.482596,9.85280451904762,10.137327960714286,449.9956581428573,492.6281396318719
TBF,1024,Energy of Gradient,864,1024,0.884736,21,2.340751,2.354815761904762,0.15512876646254384,0.24399400000000027,2.173566,2.648716,2.2949204785714286,2.420580095238095,21,7.626446,7.982662285714285,1.4796043599716493,0.5734899999999996,7.13712,8.63422,7.528591867857143,8.70154219642857,21,10.157299,10.196775809523809,0.29236183866548315,0.5010589999999997,9.829406,10.672936,10.077704086904761,10.323481309523808,449.9956581428573,377.97100161443916
TBF,1024,Histogram Entropy,864,1024,0.884736,21,4.626328,4.815136142857143,0.6021628376697856,0.4030250000000004,4.279889,6.163262,4.592619141666667,5.081879867857142,21,7.626446,7.982662285714285,1.4796043599716493,0.5734899999999996,7.13712,8.63422,7.528591867857143,8.70154219642857,21,12.249535,13.408207190476189,3.096243387508444,1.090069999999999,11.798085,16.941443,12.405429513095239,14.782364942857141,449.9956581428573,191.23935873115784
TBF,1024,GLCM Contrast,864,1024,0.884736,21,217.604294,218.49652061904766,3.9257176196709986,3.4577529999999967,214.679334,222.298431,217.04727296666667,220.26302980952383,21,7.626446,7.982662285714285,1.4796043599716493,0.5734899999999996,7.13712,8.63422,7.528591867857143,8.70154219642857,21,225.099038,225.31548642857143,3.6792859099018056,2.074337000000014,220.610293,228.161367,223.8348855690476,226.99942868214285,449.9956581428573,4.065802120614403
TBF,1024,Variance of Gradient,864,1024,0.884736,21,3.082785,3.097043523809524,0.2082575827086781,0.2448889999999997,2.82622,3.376254,3.012719390476191,3.1885902607142858,21,7.626446,7.982662285714285,1.4796043599716493,0.5734899999999996,7.13712,8.63422,7.528591867857143,8.70154219642857,21,11.38253,11.35861961904762,0.3848510740238979,0.25485500000000094,10.755926,11.988051,11.199731664285714,11.525158963095238,449.9956581428573,286.992443521037
TBF,1024,Fourier Transform Sharpness Index,864,1024,0.884736,21,19.030316,19.46020595238095,1.173605304069365,1.1281970000000001,18.513838,21.582133,19.012165730952383,19.9775959797619,21,7.626446,7.982662285714285,1.4796043599716493,0.5734899999999996,7.13712,8.63422,7.528591867857143,8.70154219642857,21,27.529092,28.455998952380952,3.202122019840335,1.2346330000000023,26.090416,32.982094,27.363704376190476,29.9080645047619,449.9956581428573,46.49087277373639
TBF,1024,Fourier High Frequency Energy Ratio,864,1024,0.884736,21,15.380088,16.87076838095238,2.9768732236441053,5.726108,14.01987,21.259763,15.692584557142856,18.144325801190476,21,7.626446,7.982662285714285,1.4796043599716493,0.5734899999999996,7.13712,8.63422,7.528591867857143,8.70154219642857,21,22.837902,24.74621080952381,3.9409459196400762,6.959192000000002,21.112357,30.884202,23.163931804761905,26.482766029761898,449.9956581428573,57.524768388841466
TBF,1024,Roberts Focus Measure,864,1024,0.884736,21,2.444099,2.418805761904762,0.12408639910719657,0.15992300000000004,2.200848,2.584038,2.3657644833333333,2.469015007142857,21,7.626446,7.982662285714285,1.4796043599716493,0.5734899999999996,7.13712,8.63422,7.528591867857143,8.70154219642857,21,10.64258,10.856497,0.9668353648353994,0.4131890000000009,10.306627,11.917413,10.539062857142858,11.314383932142858,449.9956581428573,361.98861011767525
TBF,1024,Wavelet W1,864,1024,0.884736,21,12.902971,12.826418238095238,0.4360374838016686,0.5558519999999998,12.134225,13.372854,12.64199038690476,12.999056180952381,21,7.626446,7.982662285714285,1.4796043599716493,0.5734899999999996,7.13712,8.63422,7.528591867857143,8.70154219642857,21,21.059059,21.226109571428573,1.158213945737383,0.7673060000000014,20.256643,22.139819,20.839755163095237,21.810120886904755,449.9956581428573,68.56839405436158
TBF,1024,Wavelet W2,864,1024,0.884736,21,13.911646,13.933451142857141,0.5082948029593933,0.6557890000000004,13.316366,14.752365,13.71753964761905,14.152259141666669,21,7.626446,7.982662285714285,1.4796043599716493,0.5734899999999996,7.13712,8.63422,7.528591867857143,8.70154219642857,21,22.352299,22.342561952380954,0.6310373545453929,0.9963250000000023,21.435763,23.318504,22.08412705714285,22.60517719642857,449.9956581428573,63.596787899864616
TBF,1024,Wavelet W3,864,1024,0.884736,21,14.349805,14.434962904761903,0.38260340713340557,0.48099699999999856,13.969389,15.064841,14.28177875,14.59552611190476,21,7.626446,7.982662285714285,1.4796043599716493,0.5734899999999996,7.13712,8.63422,7.528591867857143,8.70154219642857,21,22.671049,22.898585714285716,0.6277054848684329,0.6237460000000006,22.229655,23.624315,22.654910519047615,23.167776529761905,449.9956581428573,61.65491447444756
TBF,1024,Wavelet Detail Energy (db1),864,1024,0.884736,21,12.626799,12.635530000000001,0.5026384274276092,0.8253590000000006,12.037273,13.406942,12.435308830952382,12.850964420238096,21,7.626446,7.982662285714285,1.4796043599716493,0.5734899999999996,7.13712,8.63422,7.528591867857143,8.70154219642857,21,20.934311,21.17636571428572,0.7963125780142584,0.6245760000000011,20.228647,22.648905,20.861078796428572,21.527960908333334,449.9956581428573,70.06811465043516
TBF,1024,Curvelet Transform Sharpness Index,864,1024,0.884736,21,12.544371,12.553527380952382,0.3930149093878596,0.4887239999999995,12.049878,13.11066,12.387627976190474,12.726540879761902,21,7.626446,7.982662285714285,1.4796043599716493,0.5734899999999996,7.13712,8.63422,7.528591867857143,8.70154219642857,21,21.34792,21.48128,1.294458401721662,1.1084129999999988,20.131519,23.240913,20.99500994404762,22.062973266666667,449.9956581428573,70.52852630076072
TBF,1024,DCT Focus Measure,864,1024,0.884736,21,6.371606,6.403294857142857,0.2568377304003999,0.20561499999999988,6.039552,6.827628,6.297186139285714,6.5152804869047625,21,7.626446,7.982662285714285,1.4796043599716493,0.5734899999999996,7.13712,8.63422,7.528591867857143,8.70154219642857,21,14.146531,14.230493761904759,0.5224524899657293,0.6297969999999999,13.735489,15.007256,14.027917896428571,14.457153205952379,449.9956581428573,138.8560435155595
TBF,1024,Intensity Skewness Index,864,1024,0.884736,21,7.835845,7.8872563809523815,0.2167032838176378,0.35938300000000023,7.592783,8.259251,7.797047677380951,7.9783317107142855,21,7.626446,7.982662285714285,1.4796043599716493,0.5734899999999996,7.13712,8.63422,7.528591867857143,8.70154219642857,21,15.781597,16.00358471428571,1.0249015750347512,0.4143039999999978,15.232348,16.444511,15.685994598809524,16.47717459642857,449.9956581428573,112.90881838525392
TBF,1024,Squared Gradient,864,1024,0.884736,21,2.465321,2.634320571428571,0.36037657967653386,0.5385650000000002,2.295039,3.209565,2.4913108726190485,2.7899065047619045,21,7.626446,7.982662285714285,1.4796043599716493,0.5734899999999996,7.13712,8.63422,7.528591867857143,8.70154219642857,21,10.702477,10.925519047619048,0.6350015409173015,0.6426989999999986,10.325723,12.206026,10.680558104761902,11.210504364285715,449.9956581428573,358.8725362741809
TBF,1024,Gradient Squared Energy,864,1024,0.884736,21,2.578594,2.6531303333333334,0.3557850534362472,0.48897400000000024,2.287211,3.257852,2.510500329761905,2.8072149285714283,21,7.626446,7.982662285714285,1.4796043599716493,0.5734899999999996,7.13712,8.63422,7.528591867857143,8.70154219642857,21,10.755134,11.294636285714285,1.4609568255706307,1.2939540000000012,10.249947,13.396667,10.744064186904764,11.986019572619048,449.9956581428573,343.107910745158
TBF,1024,Mean Intensity,864,1024,0.884736,21,0.68412,0.6877016666666665,0.08996225612963103,0.10925399999999996,0.534685,0.815038,0.6493140964285715,0.7249504845238095,21,7.626446,7.982662285714285,1.4796043599716493,0.5734899999999996,7.13712,8.63422,7.528591867857143,8.70154219642857,21,8.394673,8.592857380952383,1.0420729832534512,0.24209199999999953,8.076897,8.705184,8.310016747619049,9.087314332142858,449.9956581428573,1293.2467988072267
TBF,1024,Intensity Variance,864,1024,0.884736,21,1.584085,1.5853282857142856,0.07518998598626209,0.1115250000000001,1.492362,1.702032,1.553346025,1.6151231226190474,21,7.626446,7.982662285714285,1.4796043599716493,0.5734899999999996,7.13712,8.63422,7.528591867857143,8.70154219642857,21,9.621792,9.57792919047619,0.24862908122535043,0.38233799999999896,9.278133,9.932385,9.468908060714284,9.68090124047619,449.9956581428573,558.5154837019478
TBF,1024,Intensity Range Index,864,1024,0.884736,21,0.852888,0.8500870476190476,0.07093005563967661,0.12257699999999994,0.769914,0.936003,0.819116769047619,0.8806785297619047,21,7.626446,7.982662285714285,1.4796043599716493,0.5734899999999996,7.13712,8.63422,7.528591867857143,8.70154219642857,21,8.662154,8.780960285714286,0.5373025227885257,0.25907599999999853,8.214793,9.698324,8.59216356904762,9.012805210714287,449.9956581428573,1037.3413625235669
TBF,1024,Maximal Intensity,864,1024,0.884736,21,0.705123,0.698803380952381,0.12709721501727572,0.09163299999999996,0.525406,0.802439,0.6512135261904762,0.7561172845238096,21,7.626446,7.982662285714285,1.4796043599716493,0.5734899999999996,7.13712,8.63422,7.528591867857143,8.70154219642857,21,8.721921,8.893545285714286,1.042471973328403,0.6265250000000009,8.078067,9.788502,8.545498249999998,9.4146662047619,449.9956581428573,1254.7257712484202
TBF,1024,Laplacian Energy,864,1024,0.884736,21,11.778669,11.842798714285715,0.3734729319888046,0.4667329999999996,11.342747,12.400292,11.693015296428571,12.004142928571428,21,7.626446,7.982662285714285,1.4796043599716493,0.5734899999999996,7.13712,8.63422,7.528591867857143,8.70154219642857,21,19.905908,19.79670761904762,0.6314073129124714,0.8982589999999995,18.953479,20.851644,19.539114227380953,20.078832921428575,449.9956581428573,75.11341052202077
TBF,1024,Mean Absolute Laplacian,864,1024,0.884736,21,11.452968,11.520897333333334,0.6429816599244752,0.6609540000000003,10.532967,12.721666,11.260959689285713,11.800445270238097,21,7.626446,7.982662285714285,1.4796043599716493,0.5734899999999996,7.13712,8.63422,7.528591867857143,8.70154219642857,21,19.268082,19.33337709523809,0.5665970719512148,0.9401690000000009,18.642919,20.046542,19.108721557142854,19.575207145238096,449.9956581428573,77.24949550195197
TBF,1024,Spatial Frequency,864,1024,0.884736,21,3.476924,3.5437411428571424,0.4252546593070187,0.27018699999999995,3.15275,4.022365,3.385908663095239,3.7377089940476185,21,7.626446,7.982662285714285,1.4796043599716493,0.5734899999999996,7.13712,8.63422,7.528591867857143,8.70154219642857,21,11.40833,11.710453523809525,1.145225657141841,0.46308800000000083,10.766792,13.820868,11.302131139285716,12.271694123809523,449.9956581428573,254.45940147095538
TBF,1024,Modified Tenengrad,864,1024,0.884736,21,27.874732,28.70104999999999,3.1846305307735783,1.5199770000000008,26.501085,32.112901,27.68208286904762,30.234658565476188,21,7.626446,7.982662285714285,1.4796043599716493,0.5734899999999996,7.13712,8.63422,7.528591867857143,8.70154219642857,21,36.142968,36.32232585714286,1.5089029261211695,1.3844199999999987,34.678834,39.056898,35.74341150595238,36.99730857619047,449.9956581428573,31.739713228453635
TBF,1024,Absolute Central Moment 2,864,1024,0.884736,21,2.120873,2.1048050000000003,0.13640956767690451,0.2071480000000001,1.912067,2.299644,2.0487476464285717,2.1643107630952376,21,7.626446,7.982662285714285,1.4796043599716493,0.5734899999999996,7.13712,8.63422,7.528591867857143,8.70154219642857,21,9.958,10.126388,0.6136929476819006,0.5227309999999985,9.70828,10.729824,9.908095392857145,10.407914182142859,449.9956581428573,417.15651998021565
TBF,1024,Absolute Central Moment 4,864,1024,0.884736,21,12.459895,12.357728666666665,0.4313954293856546,0.8117190000000001,11.801002,12.959803,12.172153479761906,12.536453395238093,21,7.626446,7.982662285714285,1.4796043599716493,0.5734899999999996,7.13712,8.63422,7.528591867857143,8.70154219642857,21,20.554722,20.824601761904763,1.0175514346057357,1.0719959999999986,19.950752,22.628101,20.442623880952382,21.257036723809527,449.9956581428573,71.0066978895087
TBF,1024,Image Power,864,1024,0.884736,21,1.135427,1.1491400952380952,0.14419243547457847,0.11956199999999995,0.955512,1.322042,1.090715529761905,1.2146043035714285,21,7.626446,7.982662285714285,1.4796043599716493,0.5734899999999996,7.13712,8.63422,7.528591867857143,8.70154219642857,21,8.982546,9.211541380952381,1.053369771078014,0.37424000000000035,8.587666,9.762363,8.900334941666667,9.725582245238096,449.9956581428573,779.2099359976467
