domain,resolution,operator,image_index,repeat,height,width,megapixels,kernel_ms,combined_ms
TBF,native,Intensity Range Index,0,0,2160,2560,5.5296,7.474745,29.416781
TBF,native,Intensity Range Index,0,1,2160,2560,5.5296,11.896967,15.704263
TBF,native,Intensity Range Index,0,2,2160,2560,5.5296,7.291092,21.727248
TBF,native,Intensity Range Index,0,3,2160,2560,5.5296,12.10787,13.87913
TBF,native,Intensity Range Index,0,4,2160,2560,5.5296,7.242159,17.718577
TBF,native,Intensity Range Index,0,5,2160,2560,5.5296,11.535947,13.638893
TBF,native,Intensity Range Index,0,6,2160,2560,5.5296,7.538363,17.90793
TBF,native,Intensity Range Index,1,0,2160,2560,5.5296,11.488794,13.357479
TBF,native,Intensity Range Index,1,1,2160,2560,5.5296,7.737064,18.306126
TBF,native,Intensity Range Index,1,2,2160,2560,5.5296,11.859412,15.105641
TBF,native,Intensity Range Index,1,3,2160,2560,5.5296,7.42865,18.050665
TBF,native,Intensity Range Index,1,4,2160,2560,5.5296,12.444742,14.419232
TBF,native,Intensity Range Index,1,5,2160,2560,5.5296,7.306765,18.089486
TBF,native,Intensity Range Index,1,6,2160,2560,5.5296,11.127989,14.479326
TBF,native,Intensity Range Index,2,0,2160,2560,5.5296,8.901504,20.743275
TBF,native,Intensity Range Index,2,1,2160,2560,5.5296,12.378941,15.68072
TBF,native,Intensity Range Index,2,2,2160,2560,5.5296,9.653755,19.399462
TBF,native,Intensity Range Index,2,3,2160,2560,5.5296,13.220996,13.600841
TBF,native,Intensity Range Index,2,4,2160,2560,5.5296,9.66453,18.283562
TBF,native,Intensity Range Index,2,5,2160,2560,5.5296,11.418227,13.831899
TBF,native,Intensity Range Index,2,6,2160,2560,5.5296,9.37851,17.970915
BMA,128,Laplacian Energy,0,0,108,128,0.013824,0.17988,10.796973
BMA,128,Laplacian Energy,0,1,108,128,0.013824,0.177811,12.828029
BMA,128,Laplacian Energy,0,2,108,128,0.013824,0.178713,8.516703
BMA,128,Laplacian Energy,0,3,108,128,0.013824,0.160068,8.353001
BMA,128,Laplacian Energy,0,4,108,128,0.013824,0.159627,8.113411
BMA,128,Laplacian Energy,0,5,108,128,0.013824,0.148905,8.350562
BMA,128,Laplacian Energy,0,6,108,128,0.013824,0.176197,8.155422
BMA,128,Laplacian Energy,1,0,108,128,0.013824,0.135712,8.824161
BMA,128,Laplacian Energy,1,1,108,128,0.013824,0.19362,8.079242
BMA,128,Laplacian Energy,1,2,108,128,0.013824,0.178038,8.269406
BMA,128,Laplacian Energy,1,3,108,128,0.013824,0.172329,8.046774
BMA,128,Laplacian Energy,1,4,108,128,0.013824,0.157119,8.430642
BMA,128,Laplacian Energy,1,5,108,128,0.013824,0.158202,8.091858
BMA,128,Laplacian Energy,1,6,108,128,0.013824,0.154574,8.351284
BMA,128,Laplacian Energy,2,0,108,128,0.013824,0.167,8.053456
BMA,128,Laplacian Energy,2,1,108,128,0.013824,0.147192,9.172963
BMA,128,Laplacian Energy,2,2,108,128,0.013824,0.162849,8.524655
BMA,128,Laplacian Energy,2,3,108,128,0.013824,0.15927,8.46931
BMA,128,Laplacian Energy,2,4,108,128,0.013824,0.165622,8.075975
BMA,128,Laplacian Energy,2,5,108,128,0.013824,0.147109,8.768128
BMA,128,Laplacian Energy,2,6,108,128,0.013824,0.152792,7.982143
PBS,native,Wavelet W1,0,0,2160,2560,5.5296,127.876457,144.939259
PBS,native,Wavelet W1,0,1,2160,2560,5.5296,152.560851,143.889542
PBS,native,Wavelet W1,0,2,2160,2560,5.5296,139.663286,146.288925
PBS,native,Wavelet W1,0,3,2160,2560,5.5296,130.498923,143.131923
PBS,native,Wavelet W1,0,4,2160,2560,5.5296,133.86579,140.192402
PBS,native,Wavelet W1,0,5,2160,2560,5.5296,137.701454,140.819107
PBS,native,Wavelet W1,0,6,2160,2560,5.5296,141.216898,149.581853
PBS,native,Wavelet W1,1,0,2160,2560,5.5296,155.009651,140.9311
PBS,native,Wavelet W1,1,1,2160,2560,5.5296,132.073381,154.599299
PBS,native,Wavelet W1,1,2,2160,2560,5.5296,144.649375,146.762567
PBS,native,Wavelet W1,1,3,2160,2560,5.5296,136.327915,151.166833
PBS,native,Wavelet W1,1,4,2160,2560,5.5296,137.357247,138.742566
PBS,native,Wavelet W1,1,5,2160,2560,5.5296,130.032923,147.952825
PBS,native,Wavelet W1,1,6,2160,2560,5.5296,141.748252,142.822019
PBS,native,Wavelet W1,2,0,2160,2560,5.5296,133.315733,141.63878
PBS,native,Wavelet W1,2,1,2160,2560,5.5296,148.070554,142.611941
PBS,native,Wavelet W1,2,2,2160,2560,5.5296,136.539882,144.104656
PBS,native,Wavelet W1,2,3,2160,2560,5.5296,140.100348,142.556111
PBS,native,Wavelet W1,2,4,2160,2560,5.5296,134.248455,148.371228
PBS,native,Wavelet W1,2,5,2160,2560,5.5296,138.705861,139.963451
PBS,native,Wavelet W1,2,6,2160,2560,5.5296,130.934609,148.34321
TBF,1024,Maximal Intensity,0,0,864,1024,0.884736,0.525406,9.788502
TBF,1024,Maximal Intensity,0,1,864,1024,0.884736,0.64329,12.917211
TBF,1024,Maximal Intensity,0,2,864,1024,0.884736,0.648856,9.499846
TBF,1024,Maximal Intensity,0,3,864,1024,0.884736,0.740489,8.423501
TBF,1024,Maximal Intensity,0,4,864,1024,0.884736,0.721797,9.137105
TBF,1024,Maximal Intensity,0,5,864,1024,0.884736,1.129391,8.754393
TBF,1024,Maximal Intensity,0,6,864,1024,0.884736,0.724185,8.988222
TBF,1024,Maximal Intensity,1,0,864,1024,0.884736,0.499628,8.873437
TBF,1024,Maximal Intensity,1,1,864,1024,0.884736,0.708948,8.078067
TBF,1024,Maximal Intensity,1,2,864,1024,0.884736,0.744711,8.164549
TBF,1024,Maximal Intensity,1,3,864,1024,0.884736,0.669747,8.576626
TBF,1024,Maximal Intensity,1,4,864,1024,0.884736,0.802439,9.336019
TBF,1024,Maximal Intensity,1,5,864,1024,0.884736,0.792526,8.721921
TBF,1024,Maximal Intensity,1,6,864,1024,0.884736,0.650464,8.429433
TBF,1024,Maximal Intensity,2,0,864,1024,0.884736,0.552398,8.746844
TBF,1024,Maximal Intensity,2,1,864,1024,0.884736,0.613471,7.910347
TBF,1024,Maximal Intensity,2,2,864,1024,0.884736,0.754182,8.498835
TBF,1024,Maximal Intensity,2,3,864,1024,0.884736,0.709724,8.502123
TBF,1024,Maximal Intensity,2,4,864,1024,0.884736,0.689237,9.050026
TBF,1024,Maximal Intensity,2,5,864,1024,0.884736,0.648859,8.166121
TBF,1024,Maximal Intensity,2,6,864,1024,0.884736,0.705123,8.201323
BMA,native,Tenengrad,0,0,2160,2560,5.5296,42.803444,53.120931
BMA,native,Tenengrad,0,1,2160,2560,5.5296,36.202981,29.583651
BMA,native,Tenengrad,0,2,2160,2560,5.5296,17.986332,41.913753
BMA,native,Tenengrad,0,3,2160,2560,5.5296,34.637544,29.077907
BMA,native,Tenengrad,0,4,2160,2560,5.5296,17.621717,42.15643
BMA,native,Tenengrad,0,5,2160,2560,5.5296,33.976545,31.277765
BMA,native,Tenengrad,0,6,2160,2560,5.5296,18.420033,41.757181
BMA,native,Tenengrad,1,0,2160,2560,5.5296,35.437473,29.835517
BMA,native,Tenengrad,1,1,2160,2560,5.5296,16.784858,43.424162
BMA,native,Tenengrad,1,2,2160,2560,5.5296,37.250935,31.241998
BMA,native,Tenengrad,1,3,2160,2560,5.5296,16.205364,41.428595
BMA,native,Tenengrad,1,4,2160,2560,5.5296,34.327882,29.399997
BMA,native,Tenengrad,1,5,2160,2560,5.5296,17.1235,40.955249
BMA,native,Tenengrad,1,6,2160,2560,5.5296,34.875874,30.602494
BMA,native,Tenengrad,2,0,2160,2560,5.5296,18.315485,41.35881
BMA,native,Tenengrad,2,1,2160,2560,5.5296,36.214952,31.612531
BMA,native,Tenengrad,2,2,2160,2560,5.5296,17.386102,41.761002
BMA,native,Tenengrad,2,3,2160,2560,5.5296,33.831881,29.132667
BMA,native,Tenengrad,2,4,2160,2560,5.5296,18.316431,44.07241
BMA,native,Tenengrad,2,5,2160,2560,5.5296,35.110302,29.420563
BMA,native,Tenengrad,2,6,2160,2560,5.5296,16.860942,41.678715
TBF,128,Sum Modified Laplacian,0,0,108,128,0.013824,0.053023,10.557709
TBF,128,Sum Modified Laplacian,0,1,108,128,0.013824,0.067448,12.291395
TBF,128,Sum Modified Laplacian,0,2,108,128,0.013824,0.053056,7.271481
TBF,128,Sum Modified Laplacian,0,3,108,128,0.013824,0.05249,7.11179
TBF,128,Sum Modified Laplacian,0,4,108,128,0.013824,0.052122,7.299213
TBF,128,Sum Modified Laplacian,0,5,108,128,0.013824,0.063196,7.812348
TBF,128,Sum Modified Laplacian,0,6,108,128,0.013824,0.074017,8.106066
TBF,128,Sum Modified Laplacian,1,0,108,128,0.013824,0.053097,8.600929
TBF,128,Sum Modified Laplacian,1,1,108,128,0.013824,0.069249,7.310565
TBF,128,Sum Modified Laplacian,1,2,108,128,0.013824,0.052905,7.614305
TBF,128,Sum Modified Laplacian,1,3,108,128,0.013824,0.056382,8.153248
TBF,128,Sum Modified Laplacian,1,4,108,128,0.013824,0.061303,7.441614
TBF,128,Sum Modified Laplacian,1,5,108,128,0.013824,0.065421,8.106802
TBF,128,Sum Modified Laplacian,1,6,108,128,0.013824,0.055445,7.35516
TBF,128,Sum Modified Laplacian,2,0,108,128,0.013824,0.047896,7.761322
TBF,128,Sum Modified Laplacian,2,1,108,128,0.013824,0.068824,7.327713
TBF,128,Sum Modified Laplacian,2,2,108,128,0.013824,0.052361,7.897623
TBF,128,Sum Modified Laplacian,2,3,108,128,0.013824,0.058207,7.733313
TBF,128,Sum Modified Laplacian,2,4,108,128,0.013824,0.05633,8.291855
TBF,128,Sum Modified Laplacian,2,5,108,128,0.013824,0.062479,8.192711
TBF,128,Sum Modified Laplacian,2,6,108,128,0.013824,0.063024,8.160892
BMA,1024,Squared Gradient,0,0,864,1024,0.884736,2.452797,10.98785
BMA,1024,Squared Gradient,0,1,864,1024,0.884736,2.58518,11.584197
BMA,1024,Squared Gradient,0,2,864,1024,0.884736,2.449613,11.904589
BMA,1024,Squared Gradient,0,3,864,1024,0.884736,2.44687,10.878956
BMA,1024,Squared Gradient,0,4,864,1024,0.884736,2.30199,12.946571
BMA,1024,Squared Gradient,0,5,864,1024,0.884736,2.37707,10.473024
BMA,1024,Squared Gradient,0,6,864,1024,0.884736,3.297684,10.815041
BMA,1024,Squared Gradient,1,0,864,1024,0.884736,2.470516,10.971285
BMA,1024,Squared Gradient,1,1,864,1024,0.884736,2.631814,10.901025
BMA,1024,Squared Gradient,1,2,864,1024,0.884736,2.558626,10.919514
BMA,1024,Squared Gradient,1,3,864,1024,0.884736,2.267415,10.675232
BMA,1024,Squared Gradient,1,4,864,1024,0.884736,2.34927,10.758133
BMA,1024,Squared Gradient,1,5,864,1024,0.884736,2.264854,11.459823
BMA,1024,Squared Gradient,1,6,864,1024,0.884736,2.838169,10.655287
BMA,1024,Squared Gradient,2,0,864,1024,0.884736,2.461358,11.47455
BMA,1024,Squared Gradient,2,1,864,1024,0.884736,2.551303,10.598721
BMA,1024,Squared Gradient,2,2,864,1024,0.884736,2.253161,10.750497
BMA,1024,Squared Gradient,2,3,864,1024,0.884736,2.583917,10.914582
BMA,1024,Squared Gradient,2,4,864,1024,0.884736,2.4796,11.228501
BMA,1024,Squared Gradient,2,5,864,1024,0.884736,2.590646,10.694479
BMA,1024,Squared Gradient,2,6,864,1024,0.884736,2.152915,10.217121
PBS,1024,Mean Intensity,0,0,864,1024,0.884736,0.529497,8.406077
PBS,1024,Mean Intensity,0,1,864,1024,0.884736,0.677273,8.819668
PBS,1024,Mean Intensity,0,2,864,1024,0.884736,0.685849,9.103387
PBS,1024,Mean Intensity,0,3,864,1024,0.884736,0.865855,8.962356
PBS,1024,Mean Intensity,0,4,864,1024,0.884736,0.694281,9.01456
PBS,1024,Mean Intensity,0,5,864,1024,0.884736,0.859532,9.233436
PBS,1024,Mean Intensity,0,6,864,1024,0.884736,0.665733,8.738406
PBS,1024,Mean Intensity,1,0,864,1024,0.884736,0.535843,9.041503
PBS,1024,Mean Intensity,1,1,864,1024,0.884736,0.777347,8.955708
PBS,1024,Mean Intensity,1,2,864,1024,0.884736,0.99061,9.123072
PBS,1024,Mean Intensity,1,3,864,1024,0.884736,0.707763,8.597341
PBS,1024,Mean Intensity,1,4,864,1024,0.884736,0.856025,8.894457
PBS,1024,Mean Intensity,1,5,864,1024,0.884736,0.8276,9.396806
PBS,1024,Mean Intensity,1,6,864,1024,0.884736,0.966223,8.978719
PBS,1024,Mean Intensity,2,0,864,1024,0.884736,0.655874,8.97866
PBS,1024,Mean Intensity,2,1,864,1024,0.884736,0.795729,9.109614
PBS,1024,Mean Intensity,2,2,864,1024,0.884736,0.889092,9.417237
PBS,1024,Mean Intensity,2,3,864,1024,0.884736,0.668314,9.121186
PBS,1024,Mean Intensity,2,4,864,1024,0.884736,0.843536,9.038179
PBS,1024,Mean Intensity,2,5,864,1024,0.884736,0.655182,8.460518
PBS,1024,Mean Intensity,2,6,864,1024,0.884736,0.738784,8.782727
WBC,1024,Wavelet W1,0,0,1024,1024,1.048576,16.205175,16.346975
WBC,1024,Wavelet W1,0,1,1024,1024,1.048576,15.498085,16.292589
WBC,1024,Wavelet W1,0,2,1024,1024,1.048576,17.347233,18.029649
WBC,1024,Wavelet W1,0,3,1024,1024,1.048576,18.292937,17.224489
WBC,1024,Wavelet W1,0,4,1024,1024,1.048576,16.145925,16.598007
WBC,1024,Wavelet W1,0,5,1024,1024,1.048576,15.46596,18.193262
WBC,1024,Wavelet W1,0,6,1024,1024,1.048576,16.106269,17.310606
WBC,1024,Wavelet W1,1,0,1024,1024,1.048576,15.936634,16.501859
WBC,1024,Wavelet W1,1,1,1024,1024,1.048576,16.216189,17.701645
WBC,1024,Wavelet W1,1,2,1024,1024,1.048576,16.899992,19.118499
WBC,1024,Wavelet W1,1,3,1024,1024,1.048576,18.065117,18.030494
WBC,1024,Wavelet W1,1,4,1024,1024,1.048576,17.892233,16.572966
WBC,1024,Wavelet W1,1,5,1024,1024,1.048576,16.193747,18.392938
WBC,1024,Wavelet W1,1,6,1024,1024,1.048576,16.612773,17.683286
WBC,1024,Wavelet W1,2,0,1024,1024,1.048576,16.06046,16.574623
WBC,1024,Wavelet W1,2,1,1024,1024,1.048576,15.868865,17.584199
WBC,1024,Wavelet W1,2,2,1024,1024,1.048576,16.813733,16.870181
WBC,1024,Wavelet W1,2,3,1024,1024,1.048576,15.061078,15.987944
WBC,1024,Wavelet W1,2,4,1024,1024,1.048576,15.64294,16.918228
WBC,1024,Wavelet W1,2,5,1024,1024,1.048576,15.590241,17.165245
WBC,1024,Wavelet W1,2,6,1024,1024,1.048576,15.579537,16.334517
TBF,1024,Laplacian Energy,0,0,864,1024,0.884736,11.175794,20.851644
TBF,1024,Laplacian Energy,0,1,864,1024,0.884736,11.98401,20.599782
TBF,1024,Laplacian Energy,0,2,864,1024,0.884736,12.702003,20.102393
TBF,1024,Laplacian Energy,0,3,864,1024,0.884736,11.67755,19.171051
TBF,1024,Laplacian Energy,0,4,864,1024,0.884736,11.778669,19.225667
TBF,1024,Laplacian Energy,0,5,864,1024,0.884736,12.023408,19.280151
TBF,1024,Laplacian Energy,0,6,864,1024,0.884736,11.575656,19.931946
TBF,1024,Laplacian Energy,1,0,864,1024,0.884736,12.070561,20.278671
TBF,1024,Laplacian Energy,1,1,864,1024,0.884736,11.852687,19.938679
TBF,1024,Laplacian Energy,1,2,864,1024,0.884736,11.71415,18.953479
TBF,1024,Laplacian Energy,1,3,864,1024,0.884736,12.13972,20.198096
TBF,1024,Laplacian Energy,1,4,864,1024,0.884736,11.685167,19.299837
TBF,1024,Laplacian Energy,1,5,864,1024,0.884736,11.603828,19.549849
TBF,1024,Laplacian Energy,1,6,864,1024,0.884736,11.647382,21.141607
TBF,1024,Laplacian Energy,2,0,864,1024,0.884736,11.342747,19.458541
TBF,1024,Laplacian Energy,2,1,864,1024,0.884736,11.983837,18.699799
TBF,1024,Laplacian Energy,2,2,864,1024,0.884736,12.400292,19.475009
TBF,1024,Laplacian Energy,2,3,864,1024,0.884736,12.226065,19.403732
TBF,1024,Laplacian Energy,2,4,864,1024,0.884736,11.344612,20.31346
TBF,1024,Laplacian Energy,2,5,864,1024,0.884736,12.197486,19.905908
TBF,1024,Laplacian Energy,2,6,864,1024,0.884736,11.573149,19.951559
TBI,128,Laplacian Energy,0,0,96,128,0.012288,0.136264,18.141271
TBI,128,Laplacian Energy,0,1,96,128,0.012288,0.185094,16.757193
TBI,128,Laplacian Energy,0,2,96,128,0.012288,0.159978,16.129038
TBI,128,Laplacian Energy,0,3,96,128,0.012288,0.183814,16.121064
TBI,128,Laplacian Energy,0,4,96,128,0.012288,0.16299,15.336256
TBI,128,Laplacian Energy,0,5,96,128,0.012288,0.140886,15.169932
TBI,128,Laplacian Energy,0,6,96,128,0.012288,0.146844,15.32042
TBI,128,Laplacian Energy,1,0,96,128,0.012288,0.129838,15.988061
TBI,128,Laplacian Energy,1,1,96,128,0.012288,0.163685,16.144688
TBI,128,Laplacian Energy,1,2,96,128,0.012288,0.184166,16.180142
TBI,128,Laplacian Energy,1,3,96,128,0.012288,0.154887,15.691709
TBI,128,Laplacian Energy,1,4,96,128,0.012288,0.159886,16.462024
TBI,128,Laplacian Energy,1,5,96,128,0.012288,0.147799,16.353547
TBI,128,Laplacian Energy,1,6,96,128,0.012288,0.163772,16.302523
TBI,128,Laplacian Energy,2,0,96,128,0.012288,0.136431,16.398732
TBI,128,Laplacian Energy,2,1,96,128,0.012288,0.150108,16.278258
TBI,128,Laplacian Energy,2,2,96,128,0.012288,0.172696,16.264553
TBI,128,Laplacian Energy,2,3,96,128,0.012288,0.16554,18.277536
TBI,128,Laplacian Energy,2,4,96,128,0.012288,0.146512,17.234042
TBI,128,Laplacian Energy,2,5,96,128,0.012288,0.296797,17.930689
TBI,128,Laplacian Energy,2,6,96,128,0.012288,0.157565,18.051257
WBC,512,Absolute Central Moment 4,0,0,512,512,0.262144,4.607413,4.027542
WBC,512,Absolute Central Moment 4,0,1,512,512,0.262144,3.704348,3.978496
WBC,512,Absolute Central Moment 4,0,2,512,512,0.262144,3.919899,4.369247
WBC,512,Absolute Central Moment 4,0,3,512,512,0.262144,3.779353,4.01356
WBC,512,Absolute Central Moment 4,0,4,512,512,0.262144,3.68877,4.04295
WBC,512,Absolute Central Moment 4,0,5,512,512,0.262144,4.508253,4.30277
WBC,512,Absolute Central Moment 4,0,6,512,512,0.262144,4.63759,4.250843
WBC,512,Absolute Central Moment 4,1,0,512,512,0.262144,3.836069,4.000704
WBC,512,Absolute Central Moment 4,1,1,512,512,0.262144,3.904777,4.210864
WBC,512,Absolute Central Moment 4,1,2,512,512,0.262144,3.689105,4.29373
WBC,512,Absolute Central Moment 4,1,3,512,512,0.262144,3.953656,4.133732
WBC,512,Absolute Central Moment 4,1,4,512,512,0.262144,3.660329,4.211593
WBC,512,Absolute Central Moment 4,1,5,512,512,0.262144,3.861238,4.113447
WBC,512,Absolute Central Moment 4,1,6,512,512,0.262144,3.959896,3.992785
WBC,512,Absolute Central Moment 4,2,0,512,512,0.262144,3.748022,4.040147
WBC,512,Absolute Central Moment 4,2,1,512,512,0.262144,3.716043,4.143174
WBC,512,Absolute Central Moment 4,2,2,512,512,0.262144,3.746572,6.105958
WBC,512,Absolute Central Moment 4,2,3,512,512,0.262144,4.125727,4.472097
WBC,512,Absolute Central Moment 4,2,4,512,512,0.262144,3.944423,4.113188
WBC,512,Absolute Central Moment 4,2,5,512,512,0.262144,3.941396,4.351603
WBC,512,Absolute Central Moment 4,2,6,512,512,0.262144,3.857405,4.128095
BMA,1024,Maximal Intensity,0,0,864,1024,0.884736,0.565964,14.224538
BMA,1024,Maximal Intensity,0,1,864,1024,0.884736,0.786893,9.298755
BMA,1024,Maximal Intensity,0,2,864,1024,0.884736,0.63806,9.860618
BMA,1024,Maximal Intensity,0,3,864,1024,0.884736,0.772912,9.375736
BMA,1024,Maximal Intensity,0,4,864,1024,0.884736,0.75373,9.635874
BMA,1024,Maximal Intensity,0,5,864,1024,0.884736,0.822575,9.404349
BMA,1024,Maximal Intensity,0,6,864,1024,0.884736,0.790335,10.202889
BMA,1024,Maximal Intensity,1,0,864,1024,0.884736,0.478318,9.754343
BMA,1024,Maximal Intensity,1,1,864,1024,0.884736,0.712283,10.102457
BMA,1024,Maximal Intensity,1,2,864,1024,0.884736,0.689383,10.033821
BMA,1024,Maximal Intensity,1,3,864,1024,0.884736,0.836578,9.755436
BMA,1024,Maximal Intensity,1,4,864,1024,0.884736,1.096669,9.502715
BMA,1024,Maximal Intensity,1,5,864,1024,0.884736,0.978017,9.785403
BMA,1024,Maximal Intensity,1,6,864,1024,0.884736,0.627745,9.506657
BMA,1024,Maximal Intensity,2,0,864,1024,0.884736,0.795009,9.090087
BMA,1024,Maximal Intensity,2,1,864,1024,0.884736,0.650911,9.308181
BMA,1024,Maximal Intensity,2,2,864,1024,0.884736,0.685749,8.952805
BMA,1024,Maximal Intensity,2,3,864,1024,0.884736,0.700724,9.211314
BMA,1024,Maximal Intensity,2,4,864,1024,0.884736,0.699309,8.624615
BMA,1024,Maximal Intensity,2,5,864,1024,0.884736,0.734721,9.635623
BMA,1024,Maximal Intensity,2,6,864,1024,0.884736,0.782355,10.865365
BMA,128,Absolute Central Moment 4,0,0,108,128,0.013824,0.178583,8.617051
BMA,128,Absolute Central Moment 4,0,1,108,128,0.013824,0.237533,9.408307
BMA,128,Absolute Central Moment 4,0,2,108,128,0.013824,0.181656,8.894342
BMA,128,Absolute Central Moment 4,0,3,108,128,0.013824,0.18113,9.20781
BMA,128,Absolute Central Moment 4,0,4,108,128,0.013824,0.187878,9.45729
BMA,128,Absolute Central Moment 4,0,5,108,128,0.013824,0.187164,8.741214
BMA,128,Absolute Central Moment 4,0,6,108,128,0.013824,0.182771,8.774251
BMA,128,Absolute Central Moment 4,1,0,108,128,0.013824,0.212054,8.785803
BMA,128,Absolute Central Moment 4,1,1,108,128,0.013824,0.192089,9.388761
BMA,128,Absolute Central Moment 4,1,2,108,128,0.013824,0.201127,9.095052
BMA,128,Absolute Central Moment 4,1,3,108,128,0.013824,0.226584,8.736305
BMA,128,Absolute Central Moment 4,1,4,108,128,0.013824,0.282838,9.20919
BMA,128,Absolute Central Moment 4,1,5,108,128,0.013824,0.182438,9.129133
BMA,128,Absolute Central Moment 4,1,6,108,128,0.013824,0.191628,9.895882
BMA,128,Absolute Central Moment 4,2,0,108,128,0.013824,0.184289,9.160533
BMA,128,Absolute Central Moment 4,2,1,108,128,0.013824,0.183451,9.382449
BMA,128,Absolute Central Moment 4,2,2,108,128,0.013824,0.182632,8.844127
BMA,128,Absolute Central Moment 4,2,3,108,128,0.013824,0.1856,9.659045
BMA,128,Absolute Central Moment 4,2,4,108,128,0.013824,0.20853,9.281182
BMA,128,Absolute Central Moment 4,2,5,108,128,0.013824,0.18219,9.309113
BMA,128,Absolute Central Moment 4,2,6,108,128,0.013824,0.184201,9.5546
WBC,128,Intensity Variance,0,0,128,128,0.016384,0.029672,0.234536
WBC,128,Intensity Variance,0,1,128,128,0.016384,0.026702,0.164958
WBC,128,Intensity Variance,0,2,128,128,0.016384,0.023657,0.157415
WBC,128,Intensity Variance,0,3,128,128,0.016384,0.023505,0.285705
WBC,128,Intensity Variance,0,4,128,128,0.016384,0.037985,0.208538
WBC,128,Intensity Variance,0,5,128,128,0.016384,0.026863,0.163566
WBC,128,Intensity Variance,0,6,128,128,0.016384,0.024443,0.154919
WBC,128,Intensity Variance,1,0,128,128,0.016384,0.023303,0.158198
WBC,128,Intensity Variance,1,1,128,128,0.016384,0.023757,0.151754
WBC,128,Intensity Variance,1,2,128,128,0.016384,0.023361,0.18913
WBC,128,Intensity Variance,1,3,128,128,0.016384,0.0254,0.163015
WBC,128,Intensity Variance,1,4,128,128,0.016384,0.026387,0.178287
WBC,128,Intensity Variance,1,5,128,128,0.016384,0.02611,0.161135
WBC,128,Intensity Variance,1,6,128,128,0.016384,0.052412,0.174209
WBC,128,Intensity Variance,2,0,128,128,0.016384,0.037203,0.188513
WBC,128,Intensity Variance,2,1,128,128,0.016384,0.025368,0.15788
WBC,128,Intensity Variance,2,2,128,128,0.016384,0.023773,0.156292
WBC,128,Intensity Variance,2,3,128,128,0.016384,0.023884,0.154681
WBC,128,Intensity Variance,2,4,128,128,0.016384,0.023779,0.178997
WBC,128,Intensity Variance,2,5,128,128,0.016384,0.025461,0.162051
WBC,128,Intensity Variance,2,6,128,128,0.016384,0.024454,0.184529
BMA,128,Fourier High Frequency Energy Ratio,0,0,108,128,0.013824,0.249808,8.991679
BMA,128,Fourier High Frequency Energy Ratio,0,1,108,128,0.013824,0.308444,9.118946
BMA,128,Fourier High Frequency Energy Ratio,0,2,108,128,0.013824,0.276516,8.938082
BMA,128,Fourier High Frequency Energy Ratio,0,3,108,128,0.013824,0.297501,8.7775
BMA,128,Fourier High Frequency Energy Ratio,0,4,108,128,0.013824,0.325277,8.630552
BMA,128,Fourier High Frequency Energy Ratio,0,5,108,128,0.013824,0.272261,9.214902
BMA,128,Fourier High Frequency Energy Ratio,0,6,108,128,0.013824,0.300613,8.726721
BMA,128,Fourier High Frequency Energy Ratio,1,0,108,128,0.013824,0.248794,9.243577
BMA,128,Fourier High Frequency Energy Ratio,1,1,108,128,0.013824,0.545804,9.150516
BMA,128,Fourier High Frequency Energy Ratio,1,2,108,128,0.013824,0.308122,8.929055
BMA,128,Fourier High Frequency Energy Ratio,1,3,108,128,0.013824,0.280935,8.859715
BMA,128,Fourier High Frequency Energy Ratio,1,4,108,128,0.013824,0.318735,8.701163
BMA,128,Fourier High Frequency Energy Ratio,1,5,108,128,0.013824,0.328316,8.416056
BMA,128,Fourier High Frequency Energy Ratio,1,6,108,128,0.013824,0.296449,9.209346
BMA,128,Fourier High Frequency Energy Ratio,2,0,108,128,0.013824,0.279325,8.853702
BMA,128,Fourier High Frequency Energy Ratio,2,1,108,128,0.013824,0.269742,8.851879
BMA,128,Fourier High Frequency Energy Ratio,2,2,108,128,0.013824,0.313576,8.682123
BMA,128,Fourier High Frequency Energy Ratio,2,3,108,128,0.013824,0.277586,8.89604
BMA,128,Fourier High Frequency Energy Ratio,2,4,108,128,0.013824,0.278344,8.537492
BMA,128,Fourier High Frequency Energy Ratio,2,5,108,128,0.013824,0.298209,9.123237
BMA,128,Fourier High Frequency Energy Ratio,2,6,108,128,0.013824,0.314012,9.037386
TBF,128,Energy of Gradient,0,0,108,128,0.013824,0.039283,7.69392
TBF,128,Energy of Gradient,0,1,108,128,0.013824,0.043801,7.550382
TBF,128,Energy of Gradient,0,2,108,128,0.013824,0.04032,7.373321
TBF,128,Energy of Gradient,0,3,108,128,0.013824,0.04208,7.262728
TBF,128,Energy of Gradient,0,4,108,128,0.013824,0.074622,8.113591
TBF,128,Energy of Gradient,0,5,108,128,0.013824,0.065881,7.262984
TBF,128,Energy of Gradient,0,6,108,128,0.013824,0.039074,7.610845
TBF,128,Energy of Gradient,1,0,108,128,0.013824,0.060006,7.756186
TBF,128,Energy of Gradient,1,1,108,128,0.013824,0.044299,7.465806
TBF,128,Energy of Gradient,1,2,108,128,0.013824,0.040819,7.580267
TBF,128,Energy of Gradient,1,3,108,128,0.013824,0.040459,7.558685
TBF,128,Energy of Gradient,1,4,108,128,0.013824,0.041848,7.671403
TBF,128,Energy of Gradient,1,5,108,128,0.013824,0.055866,9.051944
TBF,128,Energy of Gradient,1,6,108,128,0.013824,0.090225,8.565291
TBF,128,Energy of Gradient,2,0,108,128,0.013824,0.046072,7.942577
TBF,128,Energy of Gradient,2,1,108,128,0.013824,0.060637,8.457619
TBF,128,Energy of Gradient,2,2,108,128,0.013824,0.042707,8.459421
TBF,128,Energy of Gradient,2,3,108,128,0.013824,0.068825,7.404541
TBF,128,Energy of Gradient,2,4,108,128,0.013824,0.041728,9.161639
TBF,128,Energy of Gradient,2,5,108,128,0.013824,0.063426,8.437911
TBF,128,Energy of Gradient,2,6,108,128,0.013824,0.056707,7.765834
BMA,native,Variance of Laplacian,0,0,2160,2560,5.5296,15.750505,31.771052
BMA,native,Variance of Laplacian,0,1,2160,2560,5.5296,25.328475,22.897209
BMA,native,Variance of Laplacian,0,2,2160,2560,5.5296,16.623458,27.566659
BMA,native,Variance of Laplacian,0,3,2160,2560,5.5296,18.773744,23.409795
BMA,native,Variance of Laplacian,0,4,2160,2560,5.5296,15.697853,26.331833
BMA,native,Variance of Laplacian,0,5,2160,2560,5.5296,17.800061,20.783092
BMA,native,Variance of Laplacian,0,6,2160,2560,5.5296,14.204902,25.649506
BMA,native,Variance of Laplacian,1,0,2160,2560,5.5296,18.956841,22.012203
BMA,native,Variance of Laplacian,1,1,2160,2560,5.5296,14.364262,24.872491
BMA,native,Variance of Laplacian,1,2,2160,2560,5.5296,18.891513,20.439305
BMA,native,Variance of Laplacian,1,3,2160,2560,5.5296,13.80215,25.433571
BMA,native,Variance of Laplacian,1,4,2160,2560,5.5296,18.297992,20.216977
BMA,native,Variance of Laplacian,1,5,2160,2560,5.5296,13.528621,26.098988
BMA,native,Variance of Laplacian,1,6,2160,2560,5.5296,28.004352,21.587052
BMA,native,Variance of Laplacian,2,0,2160,2560,5.5296,13.888447,25.044734
BMA,native,Variance of Laplacian,2,1,2160,2560,5.5296,18.189207,20.469269
BMA,native,Variance of Laplacian,2,2,2160,2560,5.5296,13.65137,24.979319
BMA,native,Variance of Laplacian,2,3,2160,2560,5.5296,18.208713,21.469936
BMA,native,Variance of Laplacian,2,4,2160,2560,5.5296,14.294451,24.709978
BMA,native,Variance of Laplacian,2,5,2160,2560,5.5296,17.938818,20.568235
BMA,native,Variance of Laplacian,2,6,2160,2560,5.5296,14.486109,24.697192
PBS,1024,Absolute Central Moment 4,0,0,864,1024,0.884736,11.812432,20.123211
PBS,1024,Absolute Central Moment 4,0,1,864,1024,0.884736,12.286535,24.643255
PBS,1024,Absolute Central Moment 4,0,2,864,1024,0.884736,11.842211,19.949986
PBS,1024,Absolute Central Moment 4,0,3,864,1024,0.884736,11.83768,20.319676
PBS,1024,Absolute Central Moment 4,0,4,864,1024,0.884736,11.881526,19.712776
PBS,1024,Absolute Central Moment 4,0,5,864,1024,0.884736,11.777734,19.951741
PBS,1024,Absolute Central Moment 4,0,6,864,1024,0.884736,11.885952,20.230726
PBS,1024,Absolute Central Moment 4,1,0,864,1024,0.884736,11.897181,20.247253
PBS,1024,Absolute Central Moment 4,1,1,864,1024,0.884736,11.94836,20.195373
PBS,1024,Absolute Central Moment 4,1,2,864,1024,0.884736,12.485118,20.774353
PBS,1024,Absolute Central Moment 4,1,3,864,1024,0.884736,12.147923,20.073881
PBS,1024,Absolute Central Moment 4,1,4,864,1024,0.884736,11.787788,20.569299
PBS,1024,Absolute Central Moment 4,1,5,864,1024,0.884736,11.776207,20.181384
PBS,1024,Absolute Central Moment 4,1,6,864,1024,0.884736,11.876224,20.466564
PBS,1024,Absolute Central Moment 4,2,0,864,1024,0.884736,11.651773,20.576943
PBS,1024,Absolute Central Moment 4,2,1,864,1024,0.884736,12.290335,20.241388
PBS,1024,Absolute Central Moment 4,2,2,864,1024,0.884736,11.833883,20.043425
PBS,1024,Absolute Central Moment 4,2,3,864,1024,0.884736,11.950049,20.332153
PBS,1024,Absolute Central Moment 4,2,4,864,1024,0.884736,11.876661,19.924407
PBS,1024,Absolute Central Moment 4,2,5,864,1024,0.884736,11.767834,19.968379
PBS,1024,Absolute Central Moment 4,2,6,864,1024,0.884736,11.829537,19.684857
TBF,1024,Energy of Gradient,0,0,864,1024,0.884736,2.218542,9.84274
TBF,1024,Energy of Gradient,0,1,864,1024,0.884736,2.284194,10.131655
TBF,1024,Energy of Gradient,0,2,864,1024,0.884736,2.520482,10.329935
TBF,1024,Energy of Gradient,0,3,864,1024,0.884736,2.237938,10.459659
TBF,1024,Energy of Gradient,0,4,864,1024,0.884736,2.416305,10.520787
TBF,1024,Energy of Gradient,0,5,864,1024,0.884736,2.358895,10.769481
TBF,1024,Energy of Gradient,0,6,864,1024,0.884736,2.462012,10.157299
TBF,1024,Energy of Gradient,1,0,864,1024,0.884736,2.175907,10.672936
TBF,1024,Energy of Gradient,1,1,864,1024,0.884736,2.648716,10.476269
TBF,1024,Energy of Gradient,1,2,864,1024,0.884736,2.173566,10.550537
TBF,1024,Energy of Gradient,1,3,864,1024,0.884736,2.321142,9.912016
TBF,1024,Energy of Gradient,1,4,864,1024,0.884736,2.340751,10.022437
TBF,1024,Energy of Gradient,1,5,864,1024,0.884736,2.462536,10.186445
TBF,1024,Energy of Gradient,1,6,864,1024,0.884736,2.272553,10.335576
TBF,1024,Energy of Gradient,2,0,864,1024,0.884736,2.181354,10.059123
TBF,1024,Energy of Gradient,2,1,864,1024,0.884736,2.166429,9.899794
TBF,1024,Energy of Gradient,2,2,864,1024,0.884736,2.518693,10.070371
TBF,1024,Energy of Gradient,2,3,864,1024,0.884736,2.342861,9.829406
TBF,1024,Energy of Gradient,2,4,864,1024,0.884736,2.482674,9.9586
TBF,1024,Energy of Gradient,2,5,864,1024,0.884736,2.198994,10.177687
TBF,1024,Energy of Gradient,2,6,864,1024,0.884736,2.666587,9.769539
BMA,native,Gradient Squared Energy,0,0,2160,2560,5.5296,40.251267,48.595974
BMA,native,Gradient Squared Energy,0,1,2160,2560,5.5296,35.046503,30.321045
BMA,native,Gradient Squared Energy,0,2,2160,2560,5.5296,16.893791,42.909668
BMA,native,Gradient Squared Energy,0,3,2160,2560,5.5296,35.123213,30.290549
BMA,native,Gradient Squared Energy,0,4,2160,2560,5.5296,16.595644,44.306262
BMA,native,Gradient Squared Energy,0,5,2160,2560,5.5296,35.489627,30.422873
BMA,native,Gradient Squared Energy,0,6,2160,2560,5.5296,17.084934,42.761365
BMA,native,Gradient Squared Energy,1,0,2160,2560,5.5296,34.943695,29.302665
BMA,native,Gradient Squared Energy,1,1,2160,2560,5.5296,16.856044,40.442928
BMA,native,Gradient Squared Energy,1,2,2160,2560,5.5296,34.538861,29.904244
BMA,native,Gradient Squared Energy,1,3,2160,2560,5.5296,16.959627,42.273155
BMA,native,Gradient Squared Energy,1,4,2160,2560,5.5296,35.115025,30.464959
BMA,native,Gradient Squared Energy,1,5,2160,2560,5.5296,16.472953,41.840983
BMA,native,Gradient Squared Energy,1,6,2160,2560,5.5296,33.677977,29.147617
BMA,native,Gradient Squared Energy,2,0,2160,2560,5.5296,16.668817,42.59967
BMA,native,Gradient Squared Energy,2,1,2160,2560,5.5296,35.440867,29.747977
BMA,native,Gradient Squared Energy,2,2,2160,2560,5.5296,17.429279,43.217031
BMA,native,Gradient Squared Energy,2,3,2160,2560,5.5296,36.360813,32.520194
BMA,native,Gradient Squared Energy,2,4,2160,2560,5.5296,17.991405,44.352452
BMA,native,Gradient Squared Energy,2,5,2160,2560,5.5296,36.197654,29.746552
BMA,native,Gradient Squared Energy,2,6,2160,2560,5.5296,17.448451,44.311688
WBC,native,Absolute Central Moment 2,0,0,200,200,0.04,0.07085,0.169074
WBC,native,Absolute Central Moment 2,0,1,200,200,0.04,0.056848,0.106993
WBC,native,Absolute Central Moment 2,0,2,200,200,0.04,0.06417,0.104933
WBC,native,Absolute Central Moment 2,0,3,200,200,0.04,0.060262,0.112128
WBC,native,Absolute Central Moment 2,0,4,200,200,0.04,0.057663,0.106211
WBC,native,Absolute Central Moment 2,0,5,200,200,0.04,0.055191,0.095071
WBC,native,Absolute Central Moment 2,0,6,200,200,0.04,0.054383,0.10787
WBC,native,Absolute Central Moment 2,1,0,200,200,0.04,0.104315,0.178793
WBC,native,Absolute Central Moment 2,1,1,200,200,0.04,0.093057,0.145021
WBC,native,Absolute Central Moment 2,1,2,200,200,0.04,0.059459,0.101132
WBC,native,Absolute Central Moment 2,1,3,200,200,0.04,0.055943,0.098868
WBC,native,Absolute Central Moment 2,1,4,200,200,0.04,0.05762,0.09247
WBC,native,Absolute Central Moment 2,1,5,200,200,0.04,0.053513,0.093674
WBC,native,Absolute Central Moment 2,1,6,200,200,0.04,0.053794,0.0911
WBC,native,Absolute Central Moment 2,2,0,200,200,0.04,0.063883,0.108969
WBC,native,Absolute Central Moment 2,2,1,200,200,0.04,0.055674,0.095175
WBC,native,Absolute Central Moment 2,2,2,200,200,0.04,0.096721,0.113052
WBC,native,Absolute Central Moment 2,2,3,200,200,0.04,0.057038,0.093999
WBC,native,Absolute Central Moment 2,2,4,200,200,0.04,0.053898,0.094602
WBC,native,Absolute Central Moment 2,2,5,200,200,0.04,0.053844,0.091098
WBC,native,Absolute Central Moment 2,2,6,200,200,0.04,0.053392,0.093597
PBS,1024,Variance of Gradient,0,0,864,1024,0.884736,3.157471,11.503515
PBS,1024,Variance of Gradient,0,1,864,1024,0.884736,3.241309,11.308155
PBS,1024,Variance of Gradient,0,2,864,1024,0.884736,3.103639,12.631457
PBS,1024,Variance of Gradient,0,3,864,1024,0.884736,3.180663,11.74844
PBS,1024,Variance of Gradient,0,4,864,1024,0.884736,3.090738,11.820594
PBS,1024,Variance of Gradient,0,5,864,1024,0.884736,3.670682,11.27273
PBS,1024,Variance of Gradient,0,6,864,1024,0.884736,3.076007,12.083333
PBS,1024,Variance of Gradient,1,0,864,1024,0.884736,3.295762,12.302475
PBS,1024,Variance of Gradient,1,1,864,1024,0.884736,3.16164,12.212715
PBS,1024,Variance of Gradient,1,2,864,1024,0.884736,3.313611,11.905969
PBS,1024,Variance of Gradient,1,3,864,1024,0.884736,3.38865,11.814048
PBS,1024,Variance of Gradient,1,4,864,1024,0.884736,3.555843,11.308058
PBS,1024,Variance of Gradient,1,5,864,1024,0.884736,3.068666,11.546323
PBS,1024,Variance of Gradient,1,6,864,1024,0.884736,3.254756,11.668432
PBS,1024,Variance of Gradient,2,0,864,1024,0.884736,3.042413,11.536899
PBS,1024,Variance of Gradient,2,1,864,1024,0.884736,3.120925,11.901198
PBS,1024,Variance of Gradient,2,2,864,1024,0.884736,3.003041,11.818983
PBS,1024,Variance of Gradient,2,3,864,1024,0.884736,3.588107,11.773231
PBS,1024,Variance of Gradient,2,4,864,1024,0.884736,3.144422,12.138327
PBS,1024,Variance of Gradient,2,5,864,1024,0.884736,3.131048,11.376808
PBS,1024,Variance of Gradient,2,6,864,1024,0.884736,3.172734,12.295496
TBF,native,Histogram Entropy,0,0,2160,2560,5.5296,52.494063,69.31119
TBF,native,Histogram Entropy,0,1,2160,2560,5.5296,55.36531,58.891868
TBF,native,Histogram Entropy,0,2,2160,2560,5.5296,50.625042,65.976823
TBF,native,Histogram Entropy,0,3,2160,2560,5.5296,54.327223,58.541673
TBF,native,Histogram Entropy,0,4,2160,2560,5.5296,54.882971,60.215796
TBF,native,Histogram Entropy,0,5,2160,2560,5.5296,54.214248,57.404731
TBF,native,Histogram Entropy,0,6,2160,2560,5.5296,69.680248,71.605524
TBF,native,Histogram Entropy,1,0,2160,2560,5.5296,55.93739,58.066008
TBF,native,Histogram Entropy,1,1,2160,2560,5.5296,51.958158,61.347289
TBF,native,Histogram Entropy,1,2,2160,2560,5.5296,54.975965,56.154038
TBF,native,Histogram Entropy,1,3,2160,2560,5.5296,53.850713,60.823802
TBF,native,Histogram Entropy,1,4,2160,2560,5.5296,57.720166,56.933298
TBF,native,Histogram Entropy,1,5,2160,2560,5.5296,49.998629,61.270347
TBF,native,Histogram Entropy,1,6,2160,2560,5.5296,54.615255,58.859298
TBF,native,Histogram Entropy,2,0,2160,2560,5.5296,50.637069,59.736085
TBF,native,Histogram Entropy,2,1,2160,2560,5.5296,55.328636,56.217532
TBF,native,Histogram Entropy,2,2,2160,2560,5.5296,52.237772,59.973306
TBF,native,Histogram Entropy,2,3,2160,2560,5.5296,53.363957,58.977311
TBF,native,Histogram Entropy,2,4,2160,2560,5.5296,49.447614,59.429386
TBF,native,Histogram Entropy,2,5,2160,2560,5.5296,55.453378,56.601633
TBF,native,Histogram Entropy,2,6,2160,2560,5.5296,51.00227,61.021979
TBF,native,Sum Modified Laplacian,0,0,2160,2560,5.5296,32.063138,36.909695
TBF,native,Sum Modified Laplacian,0,1,2160,2560,5.5296,40.8898,39.614869
TBF,native,Sum Modified Laplacian,0,2,2160,2560,5.5296,34.127147,39.15441
TBF,native,Sum Modified Laplacian,0,3,2160,2560,5.5296,33.636431,40.623603
TBF,native,Sum Modified Laplacian,0,4,2160,2560,5.5296,38.863019,42.227043
TBF,native,Sum Modified Laplacian,0,5,2160,2560,5.5296,33.290181,39.459471
TBF,native,Sum Modified Laplacian,0,6,2160,2560,5.5296,34.684164,39.248145
TBF,native,Sum Modified Laplacian,1,0,2160,2560,5.5296,32.877757,39.107563
TBF,native,Sum Modified Laplacian,1,1,2160,2560,5.5296,32.952656,38.382712
TBF,native,Sum Modified Laplacian,1,2,2160,2560,5.5296,32.693288,39.037471
TBF,native,Sum Modified Laplacian,1,3,2160,2560,5.5296,32.948607,39.774444
TBF,native,Sum Modified Laplacian,1,4,2160,2560,5.5296,32.520497,40.409047
TBF,native,Sum Modified Laplacian,1,5,2160,2560,5.5296,32.718879,38.247031
TBF,native,Sum Modified Laplacian,1,6,2160,2560,5.5296,32.844627,38.836725
TBF,native,Sum Modified Laplacian,2,0,2160,2560,5.5296,31.491854,38.15469
TBF,native,Sum Modified Laplacian,2,1,2160,2560,5.5296,31.327381,37.252434
TBF,native,Sum Modified Laplacian,2,2,2160,2560,5.5296,32.03031,37.755929
TBF,native,Sum Modified Laplacian,2,3,2160,2560,5.5296,32.017993,39.564121
TBF,native,Sum Modified Laplacian,2,4,2160,2560,5.5296,32.022224,37.701831
TBF,native,Sum Modified Laplacian,2,5,2160,2560,5.5296,31.120998,39.693553
TBF,native,Sum Modified Laplacian,2,6,2160,2560,5.5296,34.666406,37.542736
WBC,128,Spatial Frequency,0,0,128,128,0.016384,0.044546,1.12916
WBC,128,Spatial Frequency,0,1,128,128,0.016384,0.048798,0.240322
WBC,128,Spatial Frequency,0,2,128,128,0.016384,0.078012,0.196087
WBC,128,Spatial Frequency,0,3,128,128,0.016384,0.043581,0.181318
WBC,128,Spatial Frequency,0,4,128,128,0.016384,0.070591,0.204108
WBC,128,Spatial Frequency,0,5,128,128,0.016384,0.044577,0.210052
WBC,128,Spatial Frequency,0,6,128,128,0.016384,0.043654,0.184456
WBC,128,Spatial Frequency,1,0,128,128,0.016384,0.040651,0.190266
WBC,128,Spatial Frequency,1,1,128,128,0.016384,0.041993,0.179462
WBC,128,Spatial Frequency,1,2,128,128,0.016384,0.040692,0.17224
WBC,128,Spatial Frequency,1,3,128,128,0.016384,0.040306,0.172093
WBC,128,Spatial Frequency,1,4,128,128,0.016384,0.041986,0.170742
WBC,128,Spatial Frequency,1,5,128,128,0.016384,0.041243,0.171349
WBC,128,Spatial Frequency,1,6,128,128,0.016384,0.057704,0.193263
WBC,128,Spatial Frequency,2,0,128,128,0.016384,0.040573,0.200389
WBC,128,Spatial Frequency,2,1,128,128,0.016384,0.048666,0.184422
WBC,128,Spatial Frequency,2,2,128,128,0.016384,0.040817,0.175873
WBC,128,Spatial Frequency,2,3,128,128,0.016384,0.040854,0.175366
WBC,128,Spatial Frequency,2,4,128,128,0.016384,0.040685,0.171002
WBC,128,Spatial Frequency,2,5,128,128,0.016384,0.04008,0.171237
WBC,128,Spatial Frequency,2,6,128,128,0.016384,0.040806,0.197637
TBF,512,Wavelet W2,0,0,432,512,0.221184,2.300979,14.050389
TBF,512,Wavelet W2,0,1,432,512,0.221184,2.391999,9.546371
TBF,512,Wavelet W2,0,2,432,512,0.221184,2.342306,11.43213
TBF,512,Wavelet W2,0,3,432,512,0.221184,2.421949,9.642753
TBF,512,Wavelet W2,0,4,432,512,0.221184,2.369071,9.268607
TBF,512,Wavelet W2,0,5,432,512,0.221184,2.505438,9.242269
TBF,512,Wavelet W2,0,6,432,512,0.221184,2.534883,9.341072
TBF,512,Wavelet W2,1,0,432,512,0.221184,2.14381,9.082598
TBF,512,Wavelet W2,1,1,432,512,0.221184,2.264558,9.568625
TBF,512,Wavelet W2,1,2,432,512,0.221184,2.31763,9.596016
TBF,512,Wavelet W2,1,3,432,512,0.221184,2.403102,9.258768
TBF,512,Wavelet W2,1,4,432,512,0.221184,2.410777,9.422365
TBF,512,Wavelet W2,1,5,432,512,0.221184,2.53418,9.781689
TBF,512,Wavelet W2,1,6,432,512,0.221184,2.366112,9.590033
TBF,512,Wavelet W2,2,0,432,512,0.221184,2.196388,9.781156
TBF,512,Wavelet W2,2,1,432,512,0.221184,3.156434,9.579129
TBF,512,Wavelet W2,2,2,432,512,0.221184,2.286664,10.199444
TBF,512,Wavelet W2,2,3,432,512,0.221184,2.320234,9.269894
TBF,512,Wavelet W2,2,4,432,512,0.221184,2.348648,9.286502
TBF,512,Wavelet W2,2,5,432,512,0.221184,2.501419,9.264771
TBF,512,Wavelet W2,2,6,432,512,0.221184,2.273126,9.457665
PBS,native,Squared Gradient,0,0,2160,2560,5.5296,31.062372,45.816706
PBS,native,Squared Gradient,0,1,2160,2560,5.5296,28.874737,30.564418
PBS,native,Squared Gradient,0,2,2160,2560,5.5296,19.325649,52.330219
PBS,native,Squared Gradient,0,3,2160,2560,5.5296,33.478283,30.64624
PBS,native,Squared Gradient,0,4,2160,2560,5.5296,17.129173,43.811722
PBS,native,Squared Gradient,0,5,2160,2560,5.5296,34.791523,29.542503
PBS,native,Squared Gradient,0,6,2160,2560,5.5296,17.036192,42.982312
PBS,native,Squared Gradient,1,0,2160,2560,5.5296,34.753565,29.817591
PBS,native,Squared Gradient,1,1,2160,2560,5.5296,17.281862,39.253438
PBS,native,Squared Gradient,1,2,2160,2560,5.5296,30.717791,29.364974
PBS,native,Squared Gradient,1,3,2160,2560,5.5296,16.807554,43.822265
PBS,native,Squared Gradient,1,4,2160,2560,5.5296,35.202563,29.881976
PBS,native,Squared Gradient,1,5,2160,2560,5.5296,16.849621,43.284177
PBS,native,Squared Gradient,1,6,2160,2560,5.5296,35.64844,29.841758
PBS,native,Squared Gradient,2,0,2160,2560,5.5296,17.128714,40.443916
PBS,native,Squared Gradient,2,1,2160,2560,5.5296,34.200403,29.590794
PBS,native,Squared Gradient,2,2,2160,2560,5.5296,18.647279,42.15997
PBS,native,Squared Gradient,2,3,2160,2560,5.5296,34.718691,28.978533
PBS,native,Squared Gradient,2,4,2160,2560,5.5296,17.118728,43.492693
PBS,native,Squared Gradient,2,5,2160,2560,5.5296,35.869759,28.775015
PBS,native,Squared Gradient,2,6,2160,2560,5.5296,16.426775,41.554579
BMA,native,Mean Intensity,0,0,2160,2560,5.5296,9.492729,15.15716
BMA,native,Mean Intensity,0,1,2160,2560,5.5296,6.680256,18.273163
BMA,native,Mean Intensity,0,2,2160,2560,5.5296,10.359869,13.37525
BMA,native,Mean Intensity,0,3,2160,2560,5.5296,6.07393,17.646533
BMA,native,Mean Intensity,0,4,2160,2560,5.5296,10.187964,13.165325
BMA,native,Mean Intensity,0,5,2160,2560,5.5296,6.358634,17.931025
BMA,native,Mean Intensity,0,6,2160,2560,5.5296,10.514472,13.510944
BMA,native,Mean Intensity,1,0,2160,2560,5.5296,6.314943,17.361017
BMA,native,Mean Intensity,1,1,2160,2560,5.5296,10.299817,12.599614
BMA,native,Mean Intensity,1,2,2160,2560,5.5296,6.188316,19.018634
BMA,native,Mean Intensity,1,3,2160,2560,5.5296,10.341243,12.614741
BMA,native,Mean Intensity,1,4,2160,2560,5.5296,7.60575,18.048419
BMA,native,Mean Intensity,1,5,2160,2560,5.5296,10.116289,12.495859
BMA,native,Mean Intensity,1,6,2160,2560,5.5296,5.72408,16.73416
BMA,native,Mean Intensity,2,0,2160,2560,5.5296,9.589699,12.476926
BMA,native,Mean Intensity,2,1,2160,2560,5.5296,5.966995,16.985494
BMA,native,Mean Intensity,2,2,2160,2560,5.5296,9.735048,13.277616
BMA,native,Mean Intensity,2,3,2160,2560,5.5296,5.971153,17.668157
BMA,native,Mean Intensity,2,4,2160,2560,5.5296,9.81328,13.013314
BMA,native,Mean Intensity,2,5,2160,2560,5.5296,6.313293,18.123671
BMA,native,Mean Intensity,2,6,2160,2560,5.5296,10.767156,13.658045
TBI,1024,Image Power,0,0,768,1024,0.786432,1.146494,17.010671
TBI,1024,Image Power,0,1,768,1024,0.786432,1.2066,17.706948
TBI,1024,Image Power,0,2,768,1024,0.786432,1.191677,18.648783
TBI,1024,Image Power,0,3,768,1024,0.786432,1.24218,17.281338
TBI,1024,Image Power,0,4,768,1024,0.786432,1.045229,17.942554
TBI,1024,Image Power,0,5,768,1024,0.786432,1.173753,17.383036
TBI,1024,Image Power,0,6,768,1024,0.786432,1.011021,17.435811
TBI,1024,Image Power,1,0,768,1024,0.786432,1.30975,17.890329
TBI,1024,Image Power,1,1,768,1024,0.786432,1.141023,17.828419
TBI,1024,Image Power,1,2,768,1024,0.786432,1.210382,17.128009
TBI,1024,Image Power,1,3,768,1024,0.786432,0.900924,17.12102
TBI,1024,Image Power,1,4,768,1024,0.786432,1.315734,17.625206
TBI,1024,Image Power,1,5,768,1024,0.786432,1.001196,17.572235
TBI,1024,Image Power,1,6,768,1024,0.786432,1.173969,33.455308
TBI,1024,Image Power,2,0,768,1024,0.786432,0.743348,17.75789
TBI,1024,Image Power,2,1,768,1024,0.786432,1.267966,18.772354
TBI,1024,Image Power,2,2,768,1024,0.786432,1.174004,17.70398
TBI,1024,Image Power,2,3,768,1024,0.786432,1.168422,17.318961
TBI,1024,Image Power,2,4,768,1024,0.786432,1.124934,17.193602
TBI,1024,Image Power,2,5,768,1024,0.786432,1.328351,18.317705
TBI,1024,Image Power,2,6,768,1024,0.786432,0.999218,18.144035
BMA,128,Energy of Gradient,0,0,108,128,0.013824,0.040254,12.919447
BMA,128,Energy of Gradient,0,1,108,128,0.013824,0.042611,8.126432
BMA,128,Energy of Gradient,0,2,108,128,0.013824,0.054157,8.535758
BMA,128,Energy of Gradient,0,3,108,128,0.013824,0.063378,8.144163
BMA,128,Energy of Gradient,0,4,108,128,0.013824,0.04905,8.015552
BMA,128,Energy of Gradient,0,5,108,128,0.013824,0.039711,8.340713
BMA,128,Energy of Gradient,0,6,108,128,0.013824,0.044079,7.911123
BMA,128,Energy of Gradient,1,0,108,128,0.013824,0.035787,8.699693
BMA,128,Energy of Gradient,1,1,108,128,0.013824,0.042107,7.992209
BMA,128,Energy of Gradient,1,2,108,128,0.013824,0.042717,8.892189
BMA,128,Energy of Gradient,1,3,108,128,0.013824,0.043153,8.307456
BMA,128,Energy of Gradient,1,4,108,128,0.013824,0.054102,8.448834
BMA,128,Energy of Gradient,1,5,108,128,0.013824,0.041676,8.052374
BMA,128,Energy of Gradient,1,6,108,128,0.013824,0.043106,8.674328
BMA,128,Energy of Gradient,2,0,108,128,0.013824,0.039,8.538222
BMA,128,Energy of Gradient,2,1,108,128,0.013824,0.042152,8.100848
BMA,128,Energy of Gradient,2,2,108,128,0.013824,0.041823,8.135743
BMA,128,Energy of Gradient,2,3,108,128,0.013824,0.039759,8.232831
BMA,128,Energy of Gradient,2,4,108,128,0.013824,0.040058,8.814835
BMA,128,Energy of Gradient,2,5,108,128,0.013824,0.048029,8.040519
BMA,128,Energy of Gradient,2,6,108,128,0.013824,0.052399,8.599579
TBF,1024,Variance of Gradient,0,0,864,1024,0.884736,2.991872,12.135122
TBF,1024,Variance of Gradient,0,1,864,1024,0.884736,3.179316,11.44594
TBF,1024,Variance of Gradient,0,2,864,1024,0.884736,2.82622,10.755926
TBF,1024,Variance of Gradient,0,3,864,1024,0.884736,3.376254,11.084667
TBF,1024,Variance of Gradient,0,4,864,1024,0.884736,2.959808,10.762941
TBF,1024,Variance of Gradient,0,5,864,1024,0.884736,3.204697,11.320714
TBF,1024,Variance of Gradient,0,6,864,1024,0.884736,2.916535,11.258837
TBF,1024,Variance of Gradient,1,0,864,1024,0.884736,2.962739,11.313713
TBF,1024,Variance of Gradient,1,1,864,1024,0.884736,3.106144,11.654975
TBF,1024,Variance of Gradient,1,2,864,1024,0.884736,3.252691,11.435102
TBF,1024,Variance of Gradient,1,3,864,1024,0.884736,3.160603,11.708651
TBF,1024,Variance of Gradient,1,4,864,1024,0.884736,3.00926,11.38253
TBF,1024,Variance of Gradient,1,5,864,1024,0.884736,3.097426,11.349293
TBF,1024,Variance of Gradient,1,6,864,1024,0.884736,3.24406,11.413331
TBF,1024,Variance of Gradient,2,0,864,1024,0.884736,2.824509,11.506444
TBF,1024,Variance of Gradient,2,1,864,1024,0.884736,3.680149,10.78802
TBF,1024,Variance of Gradient,2,2,864,1024,0.884736,3.082785,11.664282
TBF,1024,Variance of Gradient,2,3,864,1024,0.884736,2.894079,11.371326
TBF,1024,Variance of Gradient,2,4,864,1024,0.884736,3.047145,11.988051
TBF,1024,Variance of Gradient,2,5,864,1024,0.884736,3.33556,11.513692
TBF,1024,Variance of Gradient,2,6,864,1024,0.884736,2.886062,10.677455
PBS,512,Maximal Intensity,0,0,432,512,0.221184,0.095902,7.637605
PBS,512,Maximal Intensity,0,1,432,512,0.221184,0.173797,7.854298
PBS,512,Maximal Intensity,0,2,432,512,0.221184,0.185668,7.582924
PBS,512,Maximal Intensity,0,3,432,512,0.221184,0.179577,7.604166
PBS,512,Maximal Intensity,0,4,432,512,0.221184,0.17272,8.936371
PBS,512,Maximal Intensity,0,5,432,512,0.221184,0.195481,8.196268
PBS,512,Maximal Intensity,0,6,432,512,0.221184,0.196432,8.095481
PBS,512,Maximal Intensity,1,0,432,512,0.221184,0.112303,7.502454
PBS,512,Maximal Intensity,1,1,432,512,0.221184,0.157031,7.580608
PBS,512,Maximal Intensity,1,2,432,512,0.221184,0.151807,7.592399
PBS,512,Maximal Intensity,1,3,432,512,0.221184,0.139996,7.262638
PBS,512,Maximal Intensity,1,4,432,512,0.221184,0.123183,7.899789
PBS,512,Maximal Intensity,1,5,432,512,0.221184,0.135038,7.875404
PBS,512,Maximal Intensity,1,6,432,512,0.221184,0.151837,7.716748
PBS,512,Maximal Intensity,2,0,432,512,0.221184,0.100763,7.408592
PBS,512,Maximal Intensity,2,1,432,512,0.221184,0.140267,7.415553
PBS,512,Maximal Intensity,2,2,432,512,0.221184,0.17387,7.300594
PBS,512,Maximal Intensity,2,3,432,512,0.221184,0.13672,7.513408
PBS,512,Maximal Intensity,2,4,432,512,0.221184,0.128945,7.550899
PBS,512,Maximal Intensity,2,5,432,512,0.221184,0.12676,7.398269
PBS,512,Maximal Intensity,2,6,432,512,0.221184,0.223837,7.431691
WBC,128,Energy of Gradient,0,0,128,128,0.016384,0.040477,0.234227
WBC,128,Energy of Gradient,0,1,128,128,0.016384,0.042192,0.178753
WBC,128,Energy of Gradient,0,2,128,128,0.016384,0.041164,0.205716
WBC,128,Energy of Gradient,0,3,128,128,0.016384,0.043562,0.180216
WBC,128,Energy of Gradient,0,4,128,128,0.016384,0.041188,0.172743
WBC,128,Energy of Gradient,0,5,128,128,0.016384,0.040476,0.170459
WBC,128,Energy of Gradient,0,6,128,128,0.016384,0.041452,0.169948
WBC,128,Energy of Gradient,1,0,128,128,0.016384,0.040943,0.190348
WBC,128,Energy of Gradient,1,1,128,128,0.016384,0.048818,0.182758
WBC,128,Energy of Gradient,1,2,128,128,0.016384,0.041079,0.174397
WBC,128,Energy of Gradient,1,3,128,128,0.016384,0.040494,0.199354
WBC,128,Energy of Gradient,1,4,128,128,0.016384,0.042457,0.175194
WBC,128,Energy of Gradient,1,5,128,128,0.016384,0.041314,0.171702
WBC,128,Energy of Gradient,1,6,128,128,0.016384,0.040749,0.170528
WBC,128,Energy of Gradient,2,0,128,128,0.016384,0.040418,0.178812
WBC,128,Energy of Gradient,2,1,128,128,0.016384,0.081003,0.198291
WBC,128,Energy of Gradient,2,2,128,128,0.016384,0.042308,0.17436
WBC,128,Energy of Gradient,2,3,128,128,0.016384,0.040887,0.191937
WBC,128,Energy of Gradient,2,4,128,128,0.016384,0.04445,0.180166
WBC,128,Energy of Gradient,2,5,128,128,0.016384,0.040983,0.173247
WBC,128,Energy of Gradient,2,6,128,128,0.016384,0.04141,0.174581
TBF,512,Sum Modified Laplacian,0,0,432,512,0.221184,0.635412,7.380102
TBF,512,Sum Modified Laplacian,0,1,432,512,0.221184,0.686764,7.335388
TBF,512,Sum Modified Laplacian,0,2,432,512,0.221184,0.724025,7.308483
TBF,512,Sum Modified Laplacian,0,3,432,512,0.221184,0.69311,7.789112
TBF,512,Sum Modified Laplacian,0,4,432,512,0.221184,0.90876,7.530773
TBF,512,Sum Modified Laplacian,0,5,432,512,0.221184,0.760293,7.727721
TBF,512,Sum Modified Laplacian,0,6,432,512,0.221184,0.733179,7.522276
TBF,512,Sum Modified Laplacian,1,0,432,512,0.221184,0.65655,7.669633
TBF,512,Sum Modified Laplacian,1,1,432,512,0.221184,0.709906,7.370316
TBF,512,Sum Modified Laplacian,1,2,432,512,0.221184,0.721409,7.310005
TBF,512,Sum Modified Laplacian,1,3,432,512,0.221184,0.702696,7.521936
TBF,512,Sum Modified Laplacian,1,4,432,512,0.221184,0.696823,7.751386
TBF,512,Sum Modified Laplacian,1,5,432,512,0.221184,0.845467,7.614461
TBF,512,Sum Modified Laplacian,1,6,432,512,0.221184,0.807166,7.882589
TBF,512,Sum Modified Laplacian,2,0,432,512,0.221184,0.662546,7.652648
TBF,512,Sum Modified Laplacian,2,1,432,512,0.221184,0.742176,7.830702
TBF,512,Sum Modified Laplacian,2,2,432,512,0.221184,0.693068,7.51201
TBF,512,Sum Modified Laplacian,2,3,432,512,0.221184,0.714232,7.500386
TBF,512,Sum Modified Laplacian,2,4,432,512,0.221184,0.820769,7.581882
TBF,512,Sum Modified Laplacian,2,5,432,512,0.221184,0.757636,7.461876
TBF,512,Sum Modified Laplacian,2,6,432,512,0.221184,0.88402,7.628004
WBC,128,DCT Focus Measure,0,0,128,128,0.016384,0.100226,0.310204
WBC,128,DCT Focus Measure,0,1,128,128,0.016384,0.100882,0.264304
WBC,128,DCT Focus Measure,0,2,128,128,0.016384,0.123655,0.297671
WBC,128,DCT Focus Measure,0,3,128,128,0.016384,0.134592,0.276462
WBC,128,DCT Focus Measure,0,4,128,128,0.016384,0.106735,0.264468
WBC,128,DCT Focus Measure,0,5,128,128,0.016384,0.106222,0.267454
WBC,128,DCT Focus Measure,0,6,128,128,0.016384,0.113983,0.361786
WBC,128,DCT Focus Measure,1,0,128,128,0.016384,0.131381,0.330702
WBC,128,DCT Focus Measure,1,1,128,128,0.016384,0.120397,0.290916
WBC,128,DCT Focus Measure,1,2,128,128,0.016384,0.11398,0.281785
WBC,128,DCT Focus Measure,1,3,128,128,0.016384,0.11297,0.265149
WBC,128,DCT Focus Measure,1,4,128,128,0.016384,0.106106,0.308976
WBC,128,DCT Focus Measure,1,5,128,128,0.016384,0.112718,0.259729
WBC,128,DCT Focus Measure,1,6,128,128,0.016384,0.10108,0.289438
WBC,128,DCT Focus Measure,2,0,128,128,0.016384,0.096485,0.274913
WBC,128,DCT Focus Measure,2,1,128,128,0.016384,0.096178,0.284199
WBC,128,DCT Focus Measure,2,2,128,128,0.016384,0.096952,0.243293
WBC,128,DCT Focus Measure,2,3,128,128,0.016384,0.093858,0.228508
WBC,128,DCT Focus Measure,2,4,128,128,0.016384,0.090347,0.219303
WBC,128,DCT Focus Measure,2,5,128,128,0.016384,0.14094,0.235083
WBC,128,DCT Focus Measure,2,6,128,128,0.016384,0.088319,0.239282
BMA,native,Absolute Central Moment 4,0,0,2160,2560,5.5296,93.677793,114.820645
BMA,native,Absolute Central Moment 4,0,1,2160,2560,5.5296,98.810432,101.63452
BMA,native,Absolute Central Moment 4,0,2,2160,2560,5.5296,92.898927,111.299197
BMA,native,Absolute Central Moment 4,0,3,2160,2560,5.5296,99.210278,102.897936
BMA,native,Absolute Central Moment 4,0,4,2160,2560,5.5296,96.272017,117.00718
BMA,native,Absolute Central Moment 4,0,5,2160,2560,5.5296,97.619167,98.588223
BMA,native,Absolute Central Moment 4,0,6,2160,2560,5.5296,94.1478,106.977201
BMA,native,Absolute Central Moment 4,1,0,2160,2560,5.5296,97.023788,99.595114
BMA,native,Absolute Central Moment 4,1,1,2160,2560,5.5296,93.487853,101.393936
BMA,native,Absolute Central Moment 4,1,2,2160,2560,5.5296,96.712961,101.570878
BMA,native,Absolute Central Moment 4,1,3,2160,2560,5.5296,93.645418,104.987138
BMA,native,Absolute Central Moment 4,1,4,2160,2560,5.5296,96.843502,99.624033
BMA,native,Absolute Central Moment 4,1,5,2160,2560,5.5296,94.879891,108.048257
BMA,native,Absolute Central Moment 4,1,6,2160,2560,5.5296,116.024759,101.269059
BMA,native,Absolute Central Moment 4,2,0,2160,2560,5.5296,97.336849,103.558046
BMA,native,Absolute Central Moment 4,2,1,2160,2560,5.5296,94.923805,100.280969
BMA,native,Absolute Central Moment 4,2,2,2160,2560,5.5296,92.403832,104.549583
BMA,native,Absolute Central Moment 4,2,3,2160,2560,5.5296,102.750108,102.960622
BMA,native,Absolute Central Moment 4,2,4,2160,2560,5.5296,92.814818,102.070879
BMA,native,Absolute Central Moment 4,2,5,2160,2560,5.5296,99.46348,97.95675
BMA,native,Absolute Central Moment 4,2,6,2160,2560,5.5296,92.173872,102.841944
WBC,128,Variance of Gradient,0,0,128,128,0.016384,0.1072,0.779025
WBC,128,Variance of Gradient,0,1,128,128,0.016384,0.064706,0.215549
WBC,128,Variance of Gradient,0,2,128,128,0.016384,0.058328,0.193745
WBC,128,Variance of Gradient,0,3,128,128,0.016384,0.058216,0.221932
WBC,128,Variance of Gradient,0,4,128,128,0.016384,0.059445,0.19183
WBC,128,Variance of Gradient,0,5,128,128,0.016384,0.058927,0.189231
WBC,128,Variance of Gradient,0,6,128,128,0.016384,0.057976,0.185845
WBC,128,Variance of Gradient,1,0,128,128,0.016384,0.056253,0.193106
WBC,128,Variance of Gradient,1,1,128,128,0.016384,0.057586,0.188141
WBC,128,Variance of Gradient,1,2,128,128,0.016384,0.058421,0.187622
WBC,128,Variance of Gradient,1,3,128,128,0.016384,0.08271,0.21898
WBC,128,Variance of Gradient,1,4,128,128,0.016384,0.062202,0.204886
WBC,128,Variance of Gradient,1,5,128,128,0.016384,0.058805,0.212585
WBC,128,Variance of Gradient,1,6,128,128,0.016384,0.058517,0.196818
WBC,128,Variance of Gradient,2,0,128,128,0.016384,0.056358,0.200058
WBC,128,Variance of Gradient,2,1,128,128,0.016384,0.056977,0.188692
WBC,128,Variance of Gradient,2,2,128,128,0.016384,0.056734,0.219778
WBC,128,Variance of Gradient,2,3,128,128,0.016384,0.06032,0.196335
WBC,128,Variance of Gradient,2,4,128,128,0.016384,0.057817,0.188022
WBC,128,Variance of Gradient,2,5,128,128,0.016384,0.057368,0.187585
WBC,128,Variance of Gradient,2,6,128,128,0.016384,0.056573,0.243208
PBS,512,Fourier High Frequency Energy Ratio,0,0,432,512,0.221184,3.708802,15.996308
PBS,512,Fourier High Frequency Energy Ratio,0,1,432,512,0.221184,4.210081,11.824255
PBS,512,Fourier High Frequency Energy Ratio,0,2,432,512,0.221184,3.959937,12.100966
PBS,512,Fourier High Frequency Energy Ratio,0,3,432,512,0.221184,3.883013,12.741338
PBS,512,Fourier High Frequency Energy Ratio,0,4,432,512,0.221184,4.245082,11.672467
PBS,512,Fourier High Frequency Energy Ratio,0,5,432,512,0.221184,3.724969,11.501098
PBS,512,Fourier High Frequency Energy Ratio,0,6,432,512,0.221184,3.606632,11.480584
PBS,512,Fourier High Frequency Energy Ratio,1,0,432,512,0.221184,3.769281,12.017
PBS,512,Fourier High Frequency Energy Ratio,1,1,432,512,0.221184,4.112994,11.699994
PBS,512,Fourier High Frequency Energy Ratio,1,2,432,512,0.221184,3.746896,12.515214
PBS,512,Fourier High Frequency Energy Ratio,1,3,432,512,0.221184,3.586401,11.043384
PBS,512,Fourier High Frequency Energy Ratio,1,4,432,512,0.221184,3.613156,11.41708
PBS,512,Fourier High Frequency Energy Ratio,1,5,432,512,0.221184,3.633312,11.180082
PBS,512,Fourier High Frequency Energy Ratio,1,6,432,512,0.221184,3.672896,11.132905
PBS,512,Fourier High Frequency Energy Ratio,2,0,432,512,0.221184,3.574705,15.315467
PBS,512,Fourier High Frequency Energy Ratio,2,1,432,512,0.221184,3.892961,11.310037
PBS,512,Fourier High Frequency Energy Ratio,2,2,432,512,0.221184,3.602121,11.510673
PBS,512,Fourier High Frequency Energy Ratio,2,3,432,512,0.221184,3.514734,11.362263
PBS,512,Fourier High Frequency Energy Ratio,2,4,432,512,0.221184,3.662207,11.296551
PBS,512,Fourier High Frequency Energy Ratio,2,5,432,512,0.221184,3.698742,11.356316
PBS,512,Fourier High Frequency Energy Ratio,2,6,432,512,0.221184,3.513421,11.372425
TBF,native,Absolute Central Moment 4,0,0,2160,2560,5.5296,96.851823,119.208892
TBF,native,Absolute Central Moment 4,0,1,2160,2560,5.5296,102.450651,100.941751
TBF,native,Absolute Central Moment 4,0,2,2160,2560,5.5296,95.483217,111.181391
TBF,native,Absolute Central Moment 4,0,3,2160,2560,5.5296,101.331699,99.724411
TBF,native,Absolute Central Moment 4,0,4,2160,2560,5.5296,94.420029,105.92994
TBF,native,Absolute Central Moment 4,0,5,2160,2560,5.5296,98.991907,105.198832
TBF,native,Absolute Central Moment 4,0,6,2160,2560,5.5296,96.737857,106.350828
TBF,native,Absolute Central Moment 4,1,0,2160,2560,5.5296,100.841989,107.653545
TBF,native,Absolute Central Moment 4,1,1,2160,2560,5.5296,93.864203,111.692093
TBF,native,Absolute Central Moment 4,1,2,2160,2560,5.5296,98.528764,100.345744
TBF,native,Absolute Central Moment 4,1,3,2160,2560,5.5296,94.727458,106.537587
TBF,native,Absolute Central Moment 4,1,4,2160,2560,5.5296,98.344402,101.782355
TBF,native,Absolute Central Moment 4,1,5,2160,2560,5.5296,96.054414,109.443166
TBF,native,Absolute Central Moment 4,1,6,2160,2560,5.5296,95.698754,103.159534
TBF,native,Absolute Central Moment 4,2,0,2160,2560,5.5296,95.712871,103.902156
TBF,native,Absolute Central Moment 4,2,1,2160,2560,5.5296,101.317826,111.65517
TBF,native,Absolute Central Moment 4,2,2,2160,2560,5.5296,96.385168,107.123893
TBF,native,Absolute Central Moment 4,2,3,2160,2560,5.5296,100.619354,102.099053
TBF,native,Absolute Central Moment 4,2,4,2160,2560,5.5296,97.998424,111.938978
TBF,native,Absolute Central Moment 4,2,5,2160,2560,5.5296,100.982552,100.442238
TBF,native,Absolute Central Moment 4,2,6,2160,2560,5.5296,96.386165,110.6981
PBS,native,Mean Absolute Laplacian,0,0,2160,2560,5.5296,176.264929,170.794661
PBS,native,Mean Absolute Laplacian,0,1,2160,2560,5.5296,170.679304,178.325883
PBS,native,Mean Absolute Laplacian,0,2,2160,2560,5.5296,183.422893,175.84031
PBS,native,Mean Absolute Laplacian,0,3,2160,2560,5.5296,162.17401,173.579424
PBS,native,Mean Absolute Laplacian,0,4,2160,2560,5.5296,179.894511,170.648164
PBS,native,Mean Absolute Laplacian,0,5,2160,2560,5.5296,155.369933,177.711054
PBS,native,Mean Absolute Laplacian,0,6,2160,2560,5.5296,166.91782,158.476721
PBS,native,Mean Absolute Laplacian,1,0,2160,2560,5.5296,156.50429,209.668351
PBS,native,Mean Absolute Laplacian,1,1,2160,2560,5.5296,165.648226,160.701291
PBS,native,Mean Absolute Laplacian,1,2,2160,2560,5.5296,157.37698,166.001007
PBS,native,Mean Absolute Laplacian,1,3,2160,2560,5.5296,169.851032,160.676982
PBS,native,Mean Absolute Laplacian,1,4,2160,2560,5.5296,156.406036,165.914052
PBS,native,Mean Absolute Laplacian,1,5,2160,2560,5.5296,164.184462,159.643731
PBS,native,Mean Absolute Laplacian,1,6,2160,2560,5.5296,154.124784,191.195481
PBS,native,Mean Absolute Laplacian,2,0,2160,2560,5.5296,156.873482,159.303862
PBS,native,Mean Absolute Laplacian,2,1,2160,2560,5.5296,148.230278,166.676618
PBS,native,Mean Absolute Laplacian,2,2,2160,2560,5.5296,156.627283,160.256175
PBS,native,Mean Absolute Laplacian,2,3,2160,2560,5.5296,153.936861,169.801554
PBS,native,Mean Absolute Laplacian,2,4,2160,2560,5.5296,176.221244,159.995068
PBS,native,Mean Absolute Laplacian,2,5,2160,2560,5.5296,177.042265,176.093389
PBS,native,Mean Absolute Laplacian,2,6,2160,2560,5.5296,162.633992,165.452965
BMA,512,Wavelet Detail Energy (db1),0,0,432,512,0.221184,2.201845,11.373985
BMA,512,Wavelet Detail Energy (db1),0,1,432,512,0.221184,1.93789,14.271163
BMA,512,Wavelet Detail Energy (db1),0,2,432,512,0.221184,1.898411,9.468482
BMA,512,Wavelet Detail Energy (db1),0,3,432,512,0.221184,2.02776,9.744199
BMA,512,Wavelet Detail Energy (db1),0,4,432,512,0.221184,1.962672,9.846079
BMA,512,Wavelet Detail Energy (db1),0,5,432,512,0.221184,1.913783,10.223574
BMA,512,Wavelet Detail Energy (db1),0,6,432,512,0.221184,2.072177,9.696264
BMA,512,Wavelet Detail Energy (db1),1,0,432,512,0.221184,2.03157,9.719001
BMA,512,Wavelet Detail Energy (db1),1,1,432,512,0.221184,2.175789,9.924713
BMA,512,Wavelet Detail Energy (db1),1,2,432,512,0.221184,2.023765,11.271502
BMA,512,Wavelet Detail Energy (db1),1,3,432,512,0.221184,1.942002,10.037386
BMA,512,Wavelet Detail Energy (db1),1,4,432,512,0.221184,1.973368,10.702551
BMA,512,Wavelet Detail Energy (db1),1,5,432,512,0.221184,1.963292,9.764149
BMA,512,Wavelet Detail Energy (db1),1,6,432,512,0.221184,1.935585,10.146412
BMA,512,Wavelet Detail Energy (db1),2,0,432,512,0.221184,1.854864,9.550461
BMA,512,Wavelet Detail Energy (db1),2,1,432,512,0.221184,1.942139,9.867563
BMA,512,Wavelet Detail Energy (db1),2,2,432,512,0.221184,1.922817,9.657314
BMA,512,Wavelet Detail Energy (db1),2,3,432,512,0.221184,1.941583,9.2212
BMA,512,Wavelet Detail Energy (db1),2,4,432,512,0.221184,2.001806,10.493556
BMA,512,Wavelet Detail Energy (db1),2,5,432,512,0.221184,1.98193,9.476884
BMA,512,Wavelet Detail Energy (db1),2,6,432,512,0.221184,1.966834,9.487177
WBC,128,Absolute Central Moment 2,0,0,128,128,0.016384,0.042458,0.346718
WBC,128,Absolute Central Moment 2,0,1,128,128,0.016384,0.030909,0.235787
WBC,128,Absolute Central Moment 2,0,2,128,128,0.016384,0.028673,0.175823
WBC,128,Absolute Central Moment 2,0,3,128,128,0.016384,0.026566,0.159125
WBC,128,Absolute Central Moment 2,0,4,128,128,0.016384,0.026236,0.154835
WBC,128,Absolute Central Moment 2,0,5,128,128,0.016384,0.026558,0.162113
WBC,128,Absolute Central Moment 2,0,6,128,128,0.016384,0.026221,0.155772
WBC,128,Absolute Central Moment 2,1,0,128,128,0.016384,0.026453,0.167217
WBC,128,Absolute Central Moment 2,1,1,128,128,0.016384,0.026406,0.156208
WBC,128,Absolute Central Moment 2,1,2,128,128,0.016384,0.030823,0.163354
WBC,128,Absolute Central Moment 2,1,3,128,128,0.016384,0.026424,0.174263
WBC,128,Absolute Central Moment 2,1,4,128,128,0.016384,0.029261,0.162228
WBC,128,Absolute Central Moment 2,1,5,128,128,0.016384,0.026498,0.192496
WBC,128,Absolute Central Moment 2,1,6,128,128,0.016384,0.027839,0.170673
WBC,128,Absolute Central Moment 2,2,0,128,128,0.016384,0.027703,0.163411
WBC,128,Absolute Central Moment 2,2,1,128,128,0.016384,0.026049,0.154821
WBC,128,Absolute Central Moment 2,2,2,128,128,0.016384,0.026269,0.153976
WBC,128,Absolute Central Moment 2,2,3,128,128,0.016384,0.026405,0.155404
WBC,128,Absolute Central Moment 2,2,4,128,128,0.016384,0.025931,0.159725
WBC,128,Absolute Central Moment 2,2,5,128,128,0.016384,0.025915,0.155889
WBC,128,Absolute Central Moment 2,2,6,128,128,0.016384,0.047711,0.170932
PBS,1024,Maximal Intensity,0,0,864,1024,0.884736,0.661058,9.056518
PBS,1024,Maximal Intensity,0,1,864,1024,0.884736,1.014756,8.812957
PBS,1024,Maximal Intensity,0,2,864,1024,0.884736,0.756518,8.998177
PBS,1024,Maximal Intensity,0,3,864,1024,0.884736,0.702059,8.773388
PBS,1024,Maximal Intensity,0,4,864,1024,0.884736,0.64734,8.664952
PBS,1024,Maximal Intensity,0,5,864,1024,0.884736,0.668853,8.307778
PBS,1024,Maximal Intensity,0,6,864,1024,0.884736,0.642125,11.163583
PBS,1024,Maximal Intensity,1,0,864,1024,0.884736,0.582233,9.109352
PBS,1024,Maximal Intensity,1,1,864,1024,0.884736,0.935379,8.656622
PBS,1024,Maximal Intensity,1,2,864,1024,0.884736,0.641265,10.084883
PBS,1024,Maximal Intensity,1,3,864,1024,0.884736,0.616669,9.200056
PBS,1024,Maximal Intensity,1,4,864,1024,0.884736,0.779591,8.376774
PBS,1024,Maximal Intensity,1,5,864,1024,0.884736,0.761763,8.899652
PBS,1024,Maximal Intensity,1,6,864,1024,0.884736,0.617307,8.592217
PBS,1024,Maximal Intensity,2,0,864,1024,0.884736,0.502691,8.433451
PBS,1024,Maximal Intensity,2,1,864,1024,0.884736,0.620676,8.653973
PBS,1024,Maximal Intensity,2,2,864,1024,0.884736,0.716833,8.188043
PBS,1024,Maximal Intensity,2,3,864,1024,0.884736,0.628089,8.715219
PBS,1024,Maximal Intensity,2,4,864,1024,0.884736,0.648407,8.206738
PBS,1024,Maximal Intensity,2,5,864,1024,0.884736,0.606885,8.45374
PBS,1024,Maximal Intensity,2,6,864,1024,0.884736,0.617314,8.693839
TBI,128,Tenengrad,0,0,96,128,0.012288,0.034364,12.669937
TBI,128,Tenengrad,0,1,96,128,0.012288,0.037056,15.844634
TBI,128,Tenengrad,0,2,96,128,0.012288,0.036327,16.031863
TBI,128,Tenengrad,0,3,96,128,0.012288,0.03782,16.189257
TBI,128,Tenengrad,0,4,96,128,0.012288,0.039925,16.410974
TBI,128,Tenengrad,0,5,96,128,0.012288,0.044337,15.741697
TBI,128,Tenengrad,0,6,96,128,0.012288,0.03874,16.60385
TBI,128,Tenengrad,1,0,96,128,0.012288,0.032499,16.664678
TBI,128,Tenengrad,1,1,96,128,0.012288,0.039517,17.29489
TBI,128,Tenengrad,1,2,96,128,0.012288,0.043161,16.721338
TBI,128,Tenengrad,1,3,96,128,0.012288,0.042411,16.505899
TBI,128,Tenengrad,1,4,96,128,0.012288,0.047271,16.18079
TBI,128,Tenengrad,1,5,96,128,0.012288,0.039312,15.936012
TBI,128,Tenengrad,1,6,96,128,0.012288,0.041192,16.806484
TBI,128,Tenengrad,2,0,96,128,0.012288,0.058411,16.028929
TBI,128,Tenengrad,2,1,96,128,0.012288,0.043107,16.277346
TBI,128,Tenengrad,2,2,96,128,0.012288,0.043244,16.234228
TBI,128,Tenengrad,2,3,96,128,0.012288,0.083726,16.431253
TBI,128,Tenengrad,2,4,96,128,0.012288,0.042882,16.400944
TBI,128,Tenengrad,2,5,96,128,0.012288,0.038765,16.445282
TBI,128,Tenengrad,2,6,96,128,0.012288,0.039326,16.620777
WBC,1024,Spatial Frequency,0,0,1024,1024,1.048576,4.902678,6.474203
WBC,1024,Spatial Frequency,0,1,1024,1024,1.048576,4.865272,5.432624
WBC,1024,Spatial Frequency,0,2,1024,1024,1.048576,4.323629,5.821723
WBC,1024,Spatial Frequency,0,3,1024,1024,1.048576,4.491703,5.396392
WBC,1024,Spatial Frequency,0,4,1024,1024,1.048576,4.673669,6.124544
WBC,1024,Spatial Frequency,0,5,1024,1024,1.048576,5.736043,6.190854
WBC,1024,Spatial Frequency,0,6,1024,1024,1.048576,5.257777,6.68038
WBC,1024,Spatial Frequency,1,0,1024,1024,1.048576,4.834651,5.496828
WBC,1024,Spatial Frequency,1,1,1024,1024,1.048576,4.203692,5.55096
WBC,1024,Spatial Frequency,1,2,1024,1024,1.048576,4.41021,5.34389
WBC,1024,Spatial Frequency,1,3,1024,1024,1.048576,4.737187,5.868873
WBC,1024,Spatial Frequency,1,4,1024,1024,1.048576,4.935055,6.138636
WBC,1024,Spatial Frequency,1,5,1024,1024,1.048576,5.456786,5.606523
WBC,1024,Spatial Frequency,1,6,1024,1024,1.048576,4.900483,6.391717
WBC,1024,Spatial Frequency,2,0,1024,1024,1.048576,5.617756,6.546223
WBC,1024,Spatial Frequency,2,1,1024,1024,1.048576,4.792988,6.604172
WBC,1024,Spatial Frequency,2,2,1024,1024,1.048576,4.820491,5.207813
WBC,1024,Spatial Frequency,2,3,1024,1024,1.048576,5.342764,6.445387
WBC,1024,Spatial Frequency,2,4,1024,1024,1.048576,5.018751,6.911301
WBC,1024,Spatial Frequency,2,5,1024,1024,1.048576,5.127685,5.602122
WBC,1024,Spatial Frequency,2,6,1024,1024,1.048576,5.024234,5.464633
BMA,128,Intensity Skewness Index,0,0,108,128,0.013824,0.140368,12.200674
BMA,128,Intensity Skewness Index,0,1,108,128,0.013824,0.149636,8.347325
BMA,128,Intensity Skewness Index,0,2,108,128,0.013824,0.174247,8.526022
BMA,128,Intensity Skewness Index,0,3,108,128,0.013824,0.147374,8.13191
BMA,128,Intensity Skewness Index,0,4,108,128,0.013824,0.141254,8.644929
BMA,128,Intensity Skewness Index,0,5,108,128,0.013824,0.141143,8.272833
BMA,128,Intensity Skewness Index,0,6,108,128,0.013824,0.140074,8.464541
BMA,128,Intensity Skewness Index,1,0,108,128,0.013824,0.179655,8.335693
BMA,128,Intensity Skewness Index,1,1,108,128,0.013824,0.1433,8.144362
BMA,128,Intensity Skewness Index,1,2,108,128,0.013824,0.145271,8.352835
BMA,128,Intensity Skewness Index,1,3,108,128,0.013824,0.15197,8.130922
BMA,128,Intensity Skewness Index,1,4,108,128,0.013824,0.143076,7.741367
BMA,128,Intensity Skewness Index,1,5,108,128,0.013824,0.147853,8.021063
BMA,128,Intensity Skewness Index,1,6,108,128,0.013824,0.150359,8.192502
BMA,128,Intensity Skewness Index,2,0,108,128,0.013824,0.130669,10.796886
BMA,128,Intensity Skewness Index,2,1,108,128,0.013824,0.141945,8.507079
BMA,128,Intensity Skewness Index,2,2,108,128,0.013824,0.147988,8.393887
BMA,128,Intensity Skewness Index,2,3,108,128,0.013824,0.139154,8.355493
BMA,128,Intensity Skewness Index,2,4,108,128,0.013824,0.139468,8.457481
BMA,128,Intensity Skewness Index,2,5,108,128,0.013824,0.182126,8.652648
BMA,128,Intensity Skewness Index,2,6,108,128,0.013824,0.14497,8.34176
TBI,128,GLCM Contrast,0,0,96,128,0.012288,2.923413,15.100671
TBI,128,GLCM Contrast,0,1,96,128,0.012288,2.931753,18.472874
TBI,128,GLCM Contrast,0,2,96,128,0.012288,2.940481,18.318286
TBI,128,GLCM Contrast,0,3,96,128,0.012288,2.980282,18.739438
TBI,128,GLCM Contrast,0,4,96,128,0.012288,3.103091,18.515269
TBI,128,GLCM Contrast,0,5,96,128,0.012288,3.015078,18.501431
TBI,128,GLCM Contrast,0,6,96,128,0.012288,2.956524,20.812974
TBI,128,GLCM Contrast,1,0,96,128,0.012288,3.217747,27.356101
TBI,128,GLCM Contrast,1,1,96,128,0.012288,3.01739,18.876731
TBI,128,GLCM Contrast,1,2,96,128,0.012288,2.980642,18.516529
TBI,128,GLCM Contrast,1,3,96,128,0.012288,3.059161,19.143893
TBI,128,GLCM Contrast,1,4,96,128,0.012288,3.028923,18.669448
TBI,128,GLCM Contrast,1,5,96,128,0.012288,3.585413,19.842268
TBI,128,GLCM Contrast,1,6,96,128,0.012288,3.215626,19.206167
TBI,128,GLCM Contrast,2,0,96,128,0.012288,2.89464,21.740976
TBI,128,GLCM Contrast,2,1,96,128,0.012288,3.178485,18.729515
TBI,128,GLCM Contrast,2,2,96,128,0.012288,2.992364,18.1844
TBI,128,GLCM Contrast,2,3,96,128,0.012288,2.996049,18.503146
TBI,128,GLCM Contrast,2,4,96,128,0.012288,2.962162,18.853175
TBI,128,GLCM Contrast,2,5,96,128,0.012288,3.21708,18.723262
TBI,128,GLCM Contrast,2,6,96,128,0.012288,2.971751,18.204572
BMA,512,Maximal Intensity,0,0,432,512,0.221184,0.103959,11.693966
BMA,512,Maximal Intensity,0,1,432,512,0.221184,0.135146,9.535597
BMA,512,Maximal Intensity,0,2,432,512,0.221184,0.142362,7.546262
BMA,512,Maximal Intensity,0,3,432,512,0.221184,0.141701,8.215437
BMA,512,Maximal Intensity,0,4,432,512,0.221184,0.15056,7.654322
BMA,512,Maximal Intensity,0,5,432,512,0.221184,0.154878,7.93941
BMA,512,Maximal Intensity,0,6,432,512,0.221184,0.150157,7.472411
BMA,512,Maximal Intensity,1,0,432,512,0.221184,0.099369,7.90732
BMA,512,Maximal Intensity,1,1,432,512,0.221184,0.189395,7.521835
BMA,512,Maximal Intensity,1,2,432,512,0.221184,0.145885,7.311825
BMA,512,Maximal Intensity,1,3,432,512,0.221184,0.163014,7.108297
BMA,512,Maximal Intensity,1,4,432,512,0.221184,0.157717,7.426958
BMA,512,Maximal Intensity,1,5,432,512,0.221184,0.148472,7.510455
BMA,512,Maximal Intensity,1,6,432,512,0.221184,0.162203,7.487163
BMA,512,Maximal Intensity,2,0,432,512,0.221184,0.097915,7.865111
BMA,512,Maximal Intensity,2,1,432,512,0.221184,0.156864,7.39081
BMA,512,Maximal Intensity,2,2,432,512,0.221184,0.209489,7.647469
BMA,512,Maximal Intensity,2,3,432,512,0.221184,0.167768,8.34615
BMA,512,Maximal Intensity,2,4,432,512,0.221184,0.19684,7.736192
BMA,512,Maximal Intensity,2,5,432,512,0.221184,0.169614,7.582392
BMA,512,Maximal Intensity,2,6,432,512,0.221184,0.164636,7.48463
PBS,1024,Squared Gradient,0,0,864,1024,0.884736,2.302817,11.04792
PBS,1024,Squared Gradient,0,1,864,1024,0.884736,2.296453,9.792535
PBS,1024,Squared Gradient,0,2,864,1024,0.884736,2.347615,10.334997
PBS,1024,Squared Gradient,0,3,864,1024,0.884736,2.41613,10.710328
PBS,1024,Squared Gradient,0,4,864,1024,0.884736,2.196812,10.873586
PBS,1024,Squared Gradient,0,5,864,1024,0.884736,2.481086,10.373677
PBS,1024,Squared Gradient,0,6,864,1024,0.884736,2.424865,11.063282
PBS,1024,Squared Gradient,1,0,864,1024,0.884736,2.500496,10.399073
PBS,1024,Squared Gradient,1,1,864,1024,0.884736,2.72324,11.317671
PBS,1024,Squared Gradient,1,2,864,1024,0.884736,2.679292,10.990272
PBS,1024,Squared Gradient,1,3,864,1024,0.884736,2.560398,10.515441
PBS,1024,Squared Gradient,1,4,864,1024,0.884736,2.319172,10.472599
PBS,1024,Squared Gradient,1,5,864,1024,0.884736,2.176707,10.967479
PBS,1024,Squared Gradient,1,6,864,1024,0.884736,2.55138,10.316595
PBS,1024,Squared Gradient,2,0,864,1024,0.884736,2.44053,10.765389
PBS,1024,Squared Gradient,2,1,864,1024,0.884736,2.322762,10.554233
PBS,1024,Squared Gradient,2,2,864,1024,0.884736,2.43601,10.562955
PBS,1024,Squared Gradient,2,3,864,1024,0.884736,2.6167,10.665583
PBS,1024,Squared Gradient,2,4,864,1024,0.884736,2.222571,12.305352
PBS,1024,Squared Gradient,2,5,864,1024,0.884736,2.993025,10.98472
PBS,1024,Squared Gradient,2,6,864,1024,0.884736,2.32864,10.757789
PBS,512,Fourier Transform Sharpness Index,0,0,432,512,0.221184,3.461908,13.017281
PBS,512,Fourier Transform Sharpness Index,0,1,432,512,0.221184,3.373214,12.197905
PBS,512,Fourier Transform Sharpness Index,0,2,432,512,0.221184,3.491473,11.814756
PBS,512,Fourier Transform Sharpness Index,0,3,432,512,0.221184,3.411879,11.094346
PBS,512,Fourier Transform Sharpness Index,0,4,432,512,0.221184,3.510244,12.9417
PBS,512,Fourier Transform Sharpness Index,0,5,432,512,0.221184,3.439303,13.352606
PBS,512,Fourier Transform Sharpness Index,0,6,432,512,0.221184,3.489861,11.430849
PBS,512,Fourier Transform Sharpness Index,1,0,432,512,0.221184,3.40669,11.874413
PBS,512,Fourier Transform Sharpness Index,1,1,432,512,0.221184,3.451723,11.794468
PBS,512,Fourier Transform Sharpness Index,1,2,432,512,0.221184,3.60952,11.479723
PBS,512,Fourier Transform Sharpness Index,1,3,432,512,0.221184,3.541873,10.862374
PBS,512,Fourier Transform Sharpness Index,1,4,432,512,0.221184,3.3876,11.279811
PBS,512,Fourier Transform Sharpness Index,1,5,432,512,0.221184,3.549217,12.023999
PBS,512,Fourier Transform Sharpness Index,1,6,432,512,0.221184,3.551,11.933124
PBS,512,Fourier Transform Sharpness Index,2,0,432,512,0.221184,3.611749,12.021737
PBS,512,Fourier Transform Sharpness Index,2,1,432,512,0.221184,3.547056,12.317515
PBS,512,Fourier Transform Sharpness Index,2,2,432,512,0.221184,3.822643,11.981138
PBS,512,Fourier Transform Sharpness Index,2,3,432,512,0.221184,3.558212,12.073901
PBS,512,Fourier Transform Sharpness Index,2,4,432,512,0.221184,3.513768,11.379135
PBS,512,Fourier Transform Sharpness Index,2,5,432,512,0.221184,3.579041,12.057109
PBS,512,Fourier Transform Sharpness Index,2,6,432,512,0.221184,3.643553,12.657514
TBF,128,Variance of Gradient,0,0,108,128,0.013824,0.053555,7.987838
TBF,128,Variance of Gradient,0,1,108,128,0.013824,0.061651,8.408052
TBF,128,Variance of Gradient,0,2,108,128,0.013824,0.067536,7.597509
TBF,128,Variance of Gradient,0,3,108,128,0.013824,0.063761,7.724368
TBF,128,Variance of Gradient,0,4,108,128,0.013824,0.074854,7.859367
TBF,128,Variance of Gradient,0,5,108,128,0.013824,0.059089,8.135884
TBF,128,Variance of Gradient,0,6,108,128,0.013824,0.061977,7.992998
TBF,128,Variance of Gradient,1,0,108,128,0.013824,0.055417,10.607519
TBF,128,Variance of Gradient,1,1,108,128,0.013824,0.066156,7.888398
TBF,128,Variance of Gradient,1,2,108,128,0.013824,0.070675,8.405581
TBF,128,Variance of Gradient,1,3,108,128,0.013824,0.067046,7.496599
TBF,128,Variance of Gradient,1,4,108,128,0.013824,0.063548,7.688724
TBF,128,Variance of Gradient,1,5,108,128,0.013824,0.059957,7.665386
TBF,128,Variance of Gradient,1,6,108,128,0.013824,0.067396,7.764076
TBF,128,Variance of Gradient,2,0,108,128,0.013824,0.055436,7.334483
TBF,128,Variance of Gradient,2,1,108,128,0.013824,0.057776,7.693347
TBF,128,Variance of Gradient,2,2,108,128,0.013824,0.059429,7.768504
TBF,128,Variance of Gradient,2,3,108,128,0.013824,0.059928,7.519706
TBF,128,Variance of Gradient,2,4,108,128,0.013824,0.083191,7.68033
TBF,128,Variance of Gradient,2,5,108,128,0.013824,0.060931,7.801841
TBF,128,Variance of Gradient,2,6,108,128,0.013824,0.08165,8.021279
PBS,128,Squared Gradient,0,0,108,128,0.013824,0.036899,8.672919
PBS,128,Squared Gradient,0,1,108,128,0.013824,0.040944,8.418828
PBS,128,Squared Gradient,0,2,108,128,0.013824,0.042831,8.599948
PBS,128,Squared Gradient,0,3,108,128,0.013824,0.053498,8.338545
PBS,128,Squared Gradient,0,4,108,128,0.013824,0.042303,10.291005
PBS,128,Squared Gradient,0,5,108,128,0.013824,0.041127,8.44409
PBS,128,Squared Gradient,0,6,108,128,0.013824,0.050506,8.477747
PBS,128,Squared Gradient,1,0,108,128,0.013824,0.035892,7.948698
PBS,128,Squared Gradient,1,1,108,128,0.013824,0.041068,8.354536
PBS,128,Squared Gradient,1,2,108,128,0.013824,0.047002,8.245308
PBS,128,Squared Gradient,1,3,108,128,0.013824,0.040589,8.543972
PBS,128,Squared Gradient,1,4,108,128,0.013824,0.04174,8.344197
PBS,128,Squared Gradient,1,5,108,128,0.013824,0.060524,11.17414
PBS,128,Squared Gradient,1,6,108,128,0.013824,0.03983,7.884975
PBS,128,Squared Gradient,2,0,108,128,0.013824,0.035949,8.364685
PBS,128,Squared Gradient,2,1,108,128,0.013824,0.039479,7.922263
PBS,128,Squared Gradient,2,2,108,128,0.013824,0.040371,8.479203
PBS,128,Squared Gradient,2,3,108,128,0.013824,0.040485,8.13791
PBS,128,Squared Gradient,2,4,108,128,0.013824,0.04072,8.390422
PBS,128,Squared Gradient,2,5,108,128,0.013824,0.050312,13.587708
PBS,128,Squared Gradient,2,6,108,128,0.013824,0.055625,7.904812
WBC,native,Absolute Central Moment 4,0,0,200,200,0.04,0.525764,0.871418
WBC,native,Absolute Central Moment 4,0,1,200,200,0.04,0.582142,0.605759
WBC,native,Absolute Central Moment 4,0,2,200,200,0.04,0.500457,0.547308
WBC,native,Absolute Central Moment 4,0,3,200,200,0.04,0.536073,0.563371
WBC,native,Absolute Central Moment 4,0,4,200,200,0.04,0.522933,0.595713
WBC,native,Absolute Central Moment 4,0,5,200,200,0.04,0.511333,0.757336
WBC,native,Absolute Central Moment 4,0,6,200,200,0.04,0.542365,0.593481
WBC,native,Absolute Central Moment 4,1,0,200,200,0.04,0.505459,0.555785
WBC,native,Absolute Central Moment 4,1,1,200,200,0.04,0.498368,0.564212
WBC,native,Absolute Central Moment 4,1,2,200,200,0.04,0.518605,0.575584
WBC,native,Absolute Central Moment 4,1,3,200,200,0.04,0.513638,0.554978
WBC,native,Absolute Central Moment 4,1,4,200,200,0.04,0.503991,0.538064
WBC,native,Absolute Central Moment 4,1,5,200,200,0.04,0.509305,0.545258
WBC,native,Absolute Central Moment 4,1,6,200,200,0.04,0.488459,0.544428
WBC,native,Absolute Central Moment 4,2,0,200,200,0.04,0.485441,0.566214
WBC,native,Absolute Central Moment 4,2,1,200,200,0.04,0.492129,0.536843
WBC,native,Absolute Central Moment 4,2,2,200,200,0.04,0.498859,0.587783
WBC,native,Absolute Central Moment 4,2,3,200,200,0.04,0.506624,0.540246
WBC,native,Absolute Central Moment 4,2,4,200,200,0.04,0.499518,0.558898
WBC,native,Absolute Central Moment 4,2,5,200,200,0.04,0.557294,0.605037
WBC,native,Absolute Central Moment 4,2,6,200,200,0.04,0.489077,0.563492
TBF,128,Brenner Gradient,0,0,108,128,0.013824,0.016987,7.773506
TBF,128,Brenner Gradient,0,1,108,128,0.013824,0.0214,8.014765
TBF,128,Brenner Gradient,0,2,108,128,0.013824,0.020753,8.139184
TBF,128,Brenner Gradient,0,3,108,128,0.013824,0.027489,7.673375
TBF,128,Brenner Gradient,0,4,108,128,0.013824,0.023433,8.028613
TBF,128,Brenner Gradient,0,5,108,128,0.013824,0.021276,7.586742
TBF,128,Brenner Gradient,0,6,108,128,0.013824,0.020025,8.012174
TBF,128,Brenner Gradient,1,0,108,128,0.013824,0.018,8.176706
TBF,128,Brenner Gradient,1,1,108,128,0.013824,0.035419,7.583169
TBF,128,Brenner Gradient,1,2,108,128,0.013824,0.020378,7.993054
TBF,128,Brenner Gradient,1,3,108,128,0.013824,0.019869,7.655661
TBF,128,Brenner Gradient,1,4,108,128,0.013824,0.02271,8.113807
TBF,128,Brenner Gradient,1,5,108,128,0.013824,0.020594,7.771022
TBF,128,Brenner Gradient,1,6,108,128,0.013824,0.019421,7.957888
TBF,128,Brenner Gradient,2,0,108,128,0.013824,0.024687,7.792546
TBF,128,Brenner Gradient,2,1,108,128,0.013824,0.019014,7.920272
TBF,128,Brenner Gradient,2,2,108,128,0.013824,0.027743,7.707729
TBF,128,Brenner Gradient,2,3,108,128,0.013824,0.021021,7.670005
TBF,128,Brenner Gradient,2,4,108,128,0.013824,0.021319,7.549395
TBF,128,Brenner Gradient,2,5,108,128,0.013824,0.01974,7.518368
TBF,128,Brenner Gradient,2,6,108,128,0.013824,0.018775,7.538668
WBC,512,Intensity Range Index,0,0,512,512,0.262144,0.172566,0.568867
WBC,512,Intensity Range Index,0,1,512,512,0.262144,0.191751,0.464416
WBC,512,Intensity Range Index,0,2,512,512,0.262144,0.172739,0.402093
WBC,512,Intensity Range Index,0,3,512,512,0.262144,0.219779,0.405198
WBC,512,Intensity Range Index,0,4,512,512,0.262144,0.181806,0.389264
WBC,512,Intensity Range Index,0,5,512,512,0.262144,0.171543,0.380962
WBC,512,Intensity Range Index,0,6,512,512,0.262144,0.190886,0.4081
WBC,512,Intensity Range Index,1,0,512,512,0.262144,0.186895,0.41756
WBC,512,Intensity Range Index,1,1,512,512,0.262144,0.178718,0.541523
WBC,512,Intensity Range Index,1,2,512,512,0.262144,0.205534,0.40237
WBC,512,Intensity Range Index,1,3,512,512,0.262144,0.166815,0.41121
WBC,512,Intensity Range Index,1,4,512,512,0.262144,0.170295,0.383548
WBC,512,Intensity Range Index,1,5,512,512,0.262144,0.174913,0.371927
WBC,512,Intensity Range Index,1,6,512,512,0.262144,0.165312,0.372233
WBC,512,Intensity Range Index,2,0,512,512,0.262144,0.165989,0.409493
WBC,512,Intensity Range Index,2,1,512,512,0.262144,0.169117,0.436714
WBC,512,Intensity Range Index,2,2,512,512,0.262144,0.2128,0.570215
WBC,512,Intensity Range Index,2,3,512,512,0.262144,0.204919,0.439751
WBC,512,Intensity Range Index,2,4,512,512,0.262144,0.218493,0.405097
WBC,512,Intensity Range Index,2,5,512,512,0.262144,0.17918,0.371935
WBC,512,Intensity Range Index,2,6,512,512,0.262144,0.166049,0.40089
TBI,512,Mean Absolute Laplacian,0,0,384,512,0.196608,2.339647,16.270856
TBI,512,Mean Absolute Laplacian,0,1,384,512,0.196608,3.034533,21.717901
TBI,512,Mean Absolute Laplacian,0,2,384,512,0.196608,2.495242,23.190387
TBI,512,Mean Absolute Laplacian,0,3,384,512,0.196608,2.564963,19.78287
TBI,512,Mean Absolute Laplacian,0,4,384,512,0.196608,2.553735,20.276185
TBI,512,Mean Absolute Laplacian,0,5,384,512,0.196608,2.443223,21.03078
TBI,512,Mean Absolute Laplacian,0,6,384,512,0.196608,2.475311,19.513811
TBI,512,Mean Absolute Laplacian,1,0,384,512,0.196608,2.31425,19.410183
TBI,512,Mean Absolute Laplacian,1,1,384,512,0.196608,2.471824,19.646767
TBI,512,Mean Absolute Laplacian,1,2,384,512,0.196608,2.392483,19.363361
TBI,512,Mean Absolute Laplacian,1,3,384,512,0.196608,2.329628,19.008229
TBI,512,Mean Absolute Laplacian,1,4,384,512,0.196608,2.394678,21.964202
TBI,512,Mean Absolute Laplacian,1,5,384,512,0.196608,2.494411,20.014849
TBI,512,Mean Absolute Laplacian,1,6,384,512,0.196608,2.945668,29.107996
TBI,512,Mean Absolute Laplacian,2,0,384,512,0.196608,2.48976,23.393358
TBI,512,Mean Absolute Laplacian,2,1,384,512,0.196608,2.454733,19.78005
TBI,512,Mean Absolute Laplacian,2,2,384,512,0.196608,2.371473,20.053931
TBI,512,Mean Absolute Laplacian,2,3,384,512,0.196608,2.49736,18.886349
TBI,512,Mean Absolute Laplacian,2,4,384,512,0.196608,2.356208,21.402465
TBI,512,Mean Absolute Laplacian,2,5,384,512,0.196608,2.59631,19.51203
TBI,512,Mean Absolute Laplacian,2,6,384,512,0.196608,2.629527,19.75565
WBC,native,Spatial Frequency,0,0,200,200,0.04,0.097943,0.213485
WBC,native,Spatial Frequency,0,1,200,200,0.04,0.102997,0.180706
WBC,native,Spatial Frequency,0,2,200,200,0.04,0.101468,0.27839
WBC,native,Spatial Frequency,0,3,200,200,0.04,0.164883,0.172397
WBC,native,Spatial Frequency,0,4,200,200,0.04,0.100209,0.152035
WBC,native,Spatial Frequency,0,5,200,200,0.04,0.103172,0.155424
WBC,native,Spatial Frequency,0,6,200,200,0.04,0.099902,0.146601
WBC,native,Spatial Frequency,1,0,200,200,0.04,0.122023,0.164579
WBC,native,Spatial Frequency,1,1,200,200,0.04,0.10449,0.175207
WBC,native,Spatial Frequency,1,2,200,200,0.04,0.108412,0.151292
WBC,native,Spatial Frequency,1,3,200,200,0.04,0.101824,0.163935
WBC,native,Spatial Frequency,1,4,200,200,0.04,0.09878,0.21375
WBC,native,Spatial Frequency,1,5,200,200,0.04,0.104349,0.155479
WBC,native,Spatial Frequency,1,6,200,200,0.04,0.098448,0.143619
WBC,native,Spatial Frequency,2,0,200,200,0.04,0.097541,0.17314
WBC,native,Spatial Frequency,2,1,200,200,0.04,0.109902,0.152521
WBC,native,Spatial Frequency,2,2,200,200,0.04,0.098626,0.145884
WBC,native,Spatial Frequency,2,3,200,200,0.04,0.097708,0.142564
WBC,native,Spatial Frequency,2,4,200,200,0.04,0.100935,0.146852
WBC,native,Spatial Frequency,2,5,200,200,0.04,0.097884,0.143561
WBC,native,Spatial Frequency,2,6,200,200,0.04,0.099051,0.143662
TBI,512,Absolute Central Moment 2,0,0,384,512,0.196608,0.438565,17.14783
TBI,512,Absolute Central Moment 2,0,1,384,512,0.196608,0.413118,18.909376
TBI,512,Absolute Central Moment 2,0,2,384,512,0.196608,0.455776,18.17255
TBI,512,Absolute Central Moment 2,0,3,384,512,0.196608,0.446462,17.726782
TBI,512,Absolute Central Moment 2,0,4,384,512,0.196608,0.405993,17.612559
TBI,512,Absolute Central Moment 2,0,5,384,512,0.196608,0.435646,17.434278
TBI,512,Absolute Central Moment 2,0,6,384,512,0.196608,0.40499,17.531823
TBI,512,Absolute Central Moment 2,1,0,384,512,0.196608,0.377557,17.453628
TBI,512,Absolute Central Moment 2,1,1,384,512,0.196608,1.706209,17.153521
TBI,512,Absolute Central Moment 2,1,2,384,512,0.196608,0.43776,17.432423
TBI,512,Absolute Central Moment 2,1,3,384,512,0.196608,0.444939,16.949633
TBI,512,Absolute Central Moment 2,1,4,384,512,0.196608,0.406599,17.191833
TBI,512,Absolute Central Moment 2,1,5,384,512,0.196608,0.409798,17.374623
TBI,512,Absolute Central Moment 2,1,6,384,512,0.196608,0.46009,18.104799
TBI,512,Absolute Central Moment 2,2,0,384,512,0.196608,0.365236,17.698221
TBI,512,Absolute Central Moment 2,2,1,384,512,0.196608,0.426938,17.250374
TBI,512,Absolute Central Moment 2,2,2,384,512,0.196608,0.425022,17.350462
TBI,512,Absolute Central Moment 2,2,3,384,512,0.196608,0.456949,17.342763
TBI,512,Absolute Central Moment 2,2,4,384,512,0.196608,0.440448,19.828351
TBI,512,Absolute Central Moment 2,2,5,384,512,0.196608,0.418359,19.226789
TBI,512,Absolute Central Moment 2,2,6,384,512,0.196608,0.418993,17.297067
TBI,512,Curvelet Transform Sharpness Index,0,0,384,512,0.196608,1.682213,19.721606
TBI,512,Curvelet Transform Sharpness Index,0,1,384,512,0.196608,1.678356,18.95614
TBI,512,Curvelet Transform Sharpness Index,0,2,384,512,0.196608,1.702497,19.044813
TBI,512,Curvelet Transform Sharpness Index,0,3,384,512,0.196608,1.770699,18.443417
TBI,512,Curvelet Transform Sharpness Index,0,4,384,512,0.196608,1.769849,18.366375
TBI,512,Curvelet Transform Sharpness Index,0,5,384,512,0.196608,1.720531,18.267104
TBI,512,Curvelet Transform Sharpness Index,0,6,384,512,0.196608,1.832297,24.948082
TBI,512,Curvelet Transform Sharpness Index,1,0,384,512,0.196608,1.634655,24.437945
TBI,512,Curvelet Transform Sharpness Index,1,1,384,512,0.196608,1.811298,26.157658
TBI,512,Curvelet Transform Sharpness Index,1,2,384,512,0.196608,1.721441,20.010432
TBI,512,Curvelet Transform Sharpness Index,1,3,384,512,0.196608,1.687465,20.199182
TBI,512,Curvelet Transform Sharpness Index,1,4,384,512,0.196608,1.726472,19.005691
TBI,512,Curvelet Transform Sharpness Index,1,5,384,512,0.196608,1.742532,24.837251
TBI,512,Curvelet Transform Sharpness Index,1,6,384,512,0.196608,4.317541,19.300473
TBI,512,Curvelet Transform Sharpness Index,2,0,384,512,0.196608,1.619784,20.397092
TBI,512,Curvelet Transform Sharpness Index,2,1,384,512,0.196608,1.717807,19.216261
TBI,512,Curvelet Transform Sharpness Index,2,2,384,512,0.196608,1.716988,19.295811
TBI,512,Curvelet Transform Sharpness Index,2,3,384,512,0.196608,1.737493,21.741522
TBI,512,Curvelet Transform Sharpness Index,2,4,384,512,0.196608,1.771599,22.64264
TBI,512,Curvelet Transform Sharpness Index,2,5,384,512,0.196608,1.837878,19.072954
TBI,512,Curvelet Transform Sharpness Index,2,6,384,512,0.196608,1.720403,18.663333
PBS,128,Wavelet W2,0,0,108,128,0.013824,0.160146,12.502791
PBS,128,Wavelet W2,0,1,108,128,0.013824,0.19726,8.961294
PBS,128,Wavelet W2,0,2,108,128,0.013824,0.184887,8.497552
PBS,128,Wavelet W2,0,3,108,128,0.013824,0.171712,8.668651
PBS,128,Wavelet W2,0,4,108,128,0.013824,0.20096,8.289352
PBS,128,Wavelet W2,0,5,108,128,0.013824,0.190902,8.304509
PBS,128,Wavelet W2,0,6,108,128,0.013824,0.16844,8.372837
PBS,128,Wavelet W2,1,0,108,128,0.013824,0.166706,8.614265
PBS,128,Wavelet W2,1,1,108,128,0.013824,0.175419,9.178979
PBS,128,Wavelet W2,1,2,108,128,0.013824,0.20499,8.544737
PBS,128,Wavelet W2,1,3,108,128,0.013824,0.198234,8.567089
PBS,128,Wavelet W2,1,4,108,128,0.013824,0.175811,8.322288
PBS,128,Wavelet W2,1,5,108,128,0.013824,0.210481,8.707674
PBS,128,Wavelet W2,1,6,108,128,0.013824,0.202612,8.875929
PBS,128,Wavelet W2,2,0,108,128,0.013824,0.157205,8.527904
PBS,128,Wavelet W2,2,1,108,128,0.013824,0.16611,8.393318
PBS,128,Wavelet W2,2,2,108,128,0.013824,0.201945,8.687515
PBS,128,Wavelet W2,2,3,108,128,0.013824,0.179775,8.085577
PBS,128,Wavelet W2,2,4,108,128,0.013824,0.168261,8.576657
PBS,128,Wavelet W2,2,5,108,128,0.013824,0.175121,8.247266
PBS,128,Wavelet W2,2,6,108,128,0.013824,0.170546,8.268559
WBC,native,Squared Gradient,0,0,200,200,0.04,0.088029,0.161738
WBC,native,Squared Gradient,0,1,200,200,0.04,0.082017,0.120766
WBC,native,Squared Gradient,0,2,200,200,0.04,0.07921,0.132782
WBC,native,Squared Gradient,0,3,200,200,0.04,0.080854,0.119711
WBC,native,Squared Gradient,0,4,200,200,0.04,0.125816,0.131433
WBC,native,Squared Gradient,0,5,200,200,0.04,0.077672,0.118364
WBC,native,Squared Gradient,0,6,200,200,0.04,0.079129,0.113126
WBC,native,Squared Gradient,1,0,200,200,0.04,0.075607,0.121427
WBC,native,Squared Gradient,1,1,200,200,0.04,0.079419,0.113795
WBC,native,Squared Gradient,1,2,200,200,0.04,0.075852,0.115895
WBC,native,Squared Gradient,1,3,200,200,0.04,0.078825,0.111298
WBC,native,Squared Gradient,1,4,200,200,0.04,0.075421,0.115153
WBC,native,Squared Gradient,1,5,200,200,0.04,0.100604,0.134433
WBC,native,Squared Gradient,1,6,200,200,0.04,0.078055,0.119451
WBC,native,Squared Gradient,2,0,200,200,0.04,0.078597,0.118101
WBC,native,Squared Gradient,2,1,200,200,0.04,0.075792,0.117577
WBC,native,Squared Gradient,2,2,200,200,0.04,0.079999,0.111863
WBC,native,Squared Gradient,2,3,200,200,0.04,0.075663,0.11548
WBC,native,Squared Gradient,2,4,200,200,0.04,0.079219,0.111943
WBC,native,Squared Gradient,2,5,200,200,0.04,0.076014,0.147293
WBC,native,Squared Gradient,2,6,200,200,0.04,0.109053,0.158301
WBC,128,Sum Modified Laplacian,0,0,128,128,0.016384,0.073664,0.226925
WBC,128,Sum Modified Laplacian,0,1,128,128,0.016384,0.059453,0.194535
WBC,128,Sum Modified Laplacian,0,2,128,128,0.016384,0.058729,0.189048
WBC,128,Sum Modified Laplacian,0,3,128,128,0.016384,0.080481,0.202003
WBC,128,Sum Modified Laplacian,0,4,128,128,0.016384,0.058927,0.218337
WBC,128,Sum Modified Laplacian,0,5,128,128,0.016384,0.061371,0.195876
WBC,128,Sum Modified Laplacian,0,6,128,128,0.016384,0.058527,0.190079
WBC,128,Sum Modified Laplacian,1,0,128,128,0.016384,0.058136,0.190598
WBC,128,Sum Modified Laplacian,1,1,128,128,0.016384,0.058489,0.188579
WBC,128,Sum Modified Laplacian,1,2,128,128,0.016384,0.058569,0.18411
WBC,128,Sum Modified Laplacian,1,3,128,128,0.016384,0.057811,0.182961
WBC,128,Sum Modified Laplacian,1,4,128,128,0.016384,0.056957,0.209641
WBC,128,Sum Modified Laplacian,1,5,128,128,0.016384,0.057813,0.185752
WBC,128,Sum Modified Laplacian,1,6,128,128,0.016384,0.05705,0.192019
WBC,128,Sum Modified Laplacian,2,0,128,128,0.016384,0.05646,0.202815
WBC,128,Sum Modified Laplacian,2,1,128,128,0.016384,0.057181,0.18539
WBC,128,Sum Modified Laplacian,2,2,128,128,0.016384,0.056656,0.182975
WBC,128,Sum Modified Laplacian,2,3,128,128,0.016384,0.057621,0.184758
WBC,128,Sum Modified Laplacian,2,4,128,128,0.016384,0.075391,0.203205
WBC,128,Sum Modified Laplacian,2,5,128,128,0.016384,0.058872,0.186894
WBC,128,Sum Modified Laplacian,2,6,128,128,0.016384,0.057203,0.184404
PBS,native,Variance of Gradient,0,0,2160,2560,5.5296,54.69797,54.173525
PBS,native,Variance of Gradient,0,1,2160,2560,5.5296,37.906831,36.93621
PBS,native,Variance of Gradient,0,2,2160,2560,5.5296,24.843061,54.221702
PBS,native,Variance of Gradient,0,3,2160,2560,5.5296,43.739598,38.28159
PBS,native,Variance of Gradient,0,4,2160,2560,5.5296,25.432244,50.676565
PBS,native,Variance of Gradient,0,5,2160,2560,5.5296,42.965284,39.351165
PBS,native,Variance of Gradient,0,6,2160,2560,5.5296,25.312332,45.045963
PBS,native,Variance of Gradient,1,0,2160,2560,5.5296,43.060251,41.237077
PBS,native,Variance of Gradient,1,1,2160,2560,5.5296,24.012001,56.054255
PBS,native,Variance of Gradient,1,2,2160,2560,5.5296,37.479929,39.783551
PBS,native,Variance of Gradient,1,3,2160,2560,5.5296,24.713933,48.299475
PBS,native,Variance of Gradient,1,4,2160,2560,5.5296,46.062933,51.347919
PBS,native,Variance of Gradient,1,5,2160,2560,5.5296,28.53287,55.359388
PBS,native,Variance of Gradient,1,6,2160,2560,5.5296,45.789132,41.285873
PBS,native,Variance of Gradient,2,0,2160,2560,5.5296,28.362768,54.410477
PBS,native,Variance of Gradient,2,1,2160,2560,5.5296,44.146012,46.297222
PBS,native,Variance of Gradient,2,2,2160,2560,5.5296,26.105019,48.203771
PBS,native,Variance of Gradient,2,3,2160,2560,5.5296,45.528734,42.689647
PBS,native,Variance of Gradient,2,4,2160,2560,5.5296,28.111901,50.746043
PBS,native,Variance of Gradient,2,5,2160,2560,5.5296,40.725095,36.021628
PBS,native,Variance of Gradient,2,6,2160,2560,5.5296,24.048069,43.414807
TBF,1024,Spatial Frequency,0,0,864,1024,0.884736,3.544459,13.820868
TBF,1024,Spatial Frequency,0,1,864,1024,0.884736,3.362126,15.797391
TBF,1024,Spatial Frequency,0,2,864,1024,0.884736,3.925378,10.596885
TBF,1024,Spatial Frequency,0,3,864,1024,0.884736,3.26634,10.89229
TBF,1024,Spatial Frequency,0,4,864,1024,0.884736,3.592352,11.70329
TBF,1024,Spatial Frequency,0,5,864,1024,0.884736,3.158753,11.140144
TBF,1024,Spatial Frequency,0,6,864,1024,0.884736,3.523931,11.378659
TBF,1024,Spatial Frequency,1,0,864,1024,0.884736,2.991584,10.990501
TBF,1024,Spatial Frequency,1,1,864,1024,0.884736,3.222493,10.766792
TBF,1024,Spatial Frequency,1,2,864,1024,0.884736,3.40508,11.433204
TBF,1024,Spatial Frequency,1,3,864,1024,0.884736,5.039954,12.130572
TBF,1024,Spatial Frequency,1,4,864,1024,0.884736,3.15275,11.762992
TBF,1024,Spatial Frequency,1,5,864,1024,0.884736,3.512607,11.40833
TBF,1024,Spatial Frequency,1,6,864,1024,0.884736,3.441252,11.428146
TBF,1024,Spatial Frequency,2,0,864,1024,0.884736,4.022365,11.360309
TBF,1024,Spatial Frequency,2,1,864,1024,0.884736,3.322165,12.212392
TBF,1024,Spatial Frequency,2,2,864,1024,0.884736,3.815443,11.32265
TBF,1024,Spatial Frequency,2,3,864,1024,0.884736,3.454112,11.575945
TBF,1024,Spatial Frequency,2,4,864,1024,0.884736,3.522231,11.240202
TBF,1024,Spatial Frequency,2,5,864,1024,0.884736,3.666265,11.374445
TBF,1024,Spatial Frequency,2,6,864,1024,0.884736,3.476924,11.583517
TBI,native,Mean Intensity,0,0,2112,2816,5.947392,10.511488,17.240289
TBI,native,Mean Intensity,0,1,2112,2816,5.947392,6.703782,15.371808
TBI,native,Mean Intensity,0,2,2112,2816,5.947392,6.75419,13.359053
TBI,native,Mean Intensity,0,3,2112,2816,5.947392,6.666084,13.008446
TBI,native,Mean Intensity,0,4,2112,2816,5.947392,6.591597,13.767347
TBI,native,Mean Intensity,0,5,2112,2816,5.947392,6.665649,13.448095
TBI,native,Mean Intensity,0,6,2112,2816,5.947392,6.558773,13.143417
TBI,native,Mean Intensity,1,0,2112,2816,5.947392,6.251336,13.430337
TBI,native,Mean Intensity,1,1,2112,2816,5.947392,6.33521,14.94537
TBI,native,Mean Intensity,1,2,2112,2816,5.947392,6.514777,14.206006
TBI,native,Mean Intensity,1,3,2112,2816,5.947392,6.489274,14.047797
TBI,native,Mean Intensity,1,4,2112,2816,5.947392,6.340008,13.023298
TBI,native,Mean Intensity,1,5,2112,2816,5.947392,6.256526,13.643607
TBI,native,Mean Intensity,1,6,2112,2816,5.947392,6.337827,13.354207
TBI,native,Mean Intensity,2,0,2112,2816,5.947392,6.664671,13.527312
TBI,native,Mean Intensity,2,1,2112,2816,5.947392,6.229933,13.418416
TBI,native,Mean Intensity,2,2,2112,2816,5.947392,6.30249,14.353167
TBI,native,Mean Intensity,2,3,2112,2816,5.947392,6.403091,12.938243
TBI,native,Mean Intensity,2,4,2112,2816,5.947392,6.255526,13.471373
TBI,native,Mean Intensity,2,5,2112,2816,5.947392,6.308583,12.98309
TBI,native,Mean Intensity,2,6,2112,2816,5.947392,6.21745,13.604145
PBS,native,GLCM Contrast,0,0,2160,2560,5.5296,1401.979662,1399.654286
PBS,native,GLCM Contrast,0,1,2160,2560,5.5296,1427.663381,1415.28239
PBS,native,GLCM Contrast,0,2,2160,2560,5.5296,1410.164164,1407.892427
PBS,native,GLCM Contrast,0,3,2160,2560,5.5296,1424.921866,1416.064624
PBS,native,GLCM Contrast,0,4,2160,2560,5.5296,1392.082042,1442.53434
PBS,native,GLCM Contrast,0,5,2160,2560,5.5296,1207.119131,942.640927
PBS,native,GLCM Contrast,0,6,2160,2560,5.5296,886.188158,927.244862
PBS,native,GLCM Contrast,1,0,2160,2560,5.5296,1396.80424,1370.141549
PBS,native,GLCM Contrast,1,1,2160,2560,5.5296,1369.874221,1394.081662
PBS,native,GLCM Contrast,1,2,2160,2560,5.5296,1385.904568,1378.315899
PBS,native,GLCM Contrast,1,3,2160,2560,5.5296,1376.771352,1410.129057
PBS,native,GLCM Contrast,1,4,2160,2560,5.5296,1431.870549,1431.71343
PBS,native,GLCM Contrast,1,5,2160,2560,5.5296,1414.978492,1425.994709
PBS,native,GLCM Contrast,1,6,2160,2560,5.5296,1408.459467,1417.62882
PBS,native,GLCM Contrast,2,0,2160,2560,5.5296,1398.654119,1437.984705
PBS,native,GLCM Contrast,2,1,2160,2560,5.5296,1432.016133,1410.580677
PBS,native,GLCM Contrast,2,2,2160,2560,5.5296,1413.242481,1400.298958
PBS,native,GLCM Contrast,2,3,2160,2560,5.5296,1444.884419,1406.825978
PBS,native,GLCM Contrast,2,4,2160,2560,5.5296,1418.835982,1438.772353
PBS,native,GLCM Contrast,2,5,2160,2560,5.5296,1448.466332,1458.722421
PBS,native,GLCM Contrast,2,6,2160,2560,5.5296,1438.051237,1428.431077
PBS,1024,Curvelet Transform Sharpness Index,0,0,864,1024,0.884736,13.985335,24.749135
PBS,1024,Curvelet Transform Sharpness Index,0,1,864,1024,0.884736,13.956238,27.34525
PBS,1024,Curvelet Transform Sharpness Index,0,2,864,1024,0.884736,13.116765,23.109182
PBS,1024,Curvelet Transform Sharpness Index,0,3,864,1024,0.884736,14.228011,20.94682
PBS,1024,Curvelet Transform Sharpness Index,0,4,864,1024,0.884736,12.453625,22.045671
PBS,1024,Curvelet Transform Sharpness Index,0,5,864,1024,0.884736,13.183182,22.386004
PBS,1024,Curvelet Transform Sharpness Index,0,6,864,1024,0.884736,12.53282,21.624155
PBS,1024,Curvelet Transform Sharpness Index,1,0,864,1024,0.884736,13.111317,21.967962
PBS,1024,Curvelet Transform Sharpness Index,1,1,864,1024,0.884736,13.054756,21.640433
PBS,1024,Curvelet Transform Sharpness Index,1,2,864,1024,0.884736,13.657879,23.417692
PBS,1024,Curvelet Transform Sharpness Index,1,3,864,1024,0.884736,13.383294,25.639047
PBS,1024,Curvelet Transform Sharpness Index,1,4,864,1024,0.884736,14.775669,23.540791
PBS,1024,Curvelet Transform Sharpness Index,1,5,864,1024,0.884736,13.737177,23.824835
PBS,1024,Curvelet Transform Sharpness Index,1,6,864,1024,0.884736,14.106549,23.101058
PBS,1024,Curvelet Transform Sharpness Index,2,0,864,1024,0.884736,14.115246,23.931606
PBS,1024,Curvelet Transform Sharpness Index,2,1,864,1024,0.884736,14.098187,23.349788
PBS,1024,Curvelet Transform Sharpness Index,2,2,864,1024,0.884736,13.642448,23.459156
PBS,1024,Curvelet Transform Sharpness Index,2,3,864,1024,0.884736,13.621584,22.681465
PBS,1024,Curvelet Transform Sharpness Index,2,4,864,1024,0.884736,13.401656,23.553958
PBS,1024,Curvelet Transform Sharpness Index,2,5,864,1024,0.884736,14.250562,22.729908
PBS,1024,Curvelet Transform Sharpness Index,2,6,864,1024,0.884736,13.224496,23.388092
PBS,512,Sum Modified Laplacian,0,0,432,512,0.221184,0.714597,9.179231
PBS,512,Sum Modified Laplacian,0,1,432,512,0.221184,0.806554,9.112612
PBS,512,Sum Modified Laplacian,0,2,432,512,0.221184,0.797061,8.943554
PBS,512,Sum Modified Laplacian,0,3,432,512,0.221184,0.804942,8.598262
PBS,512,Sum Modified Laplacian,0,4,432,512,0.221184,0.869843,8.794714
PBS,512,Sum Modified Laplacian,0,5,432,512,0.221184,0.768246,8.674501
PBS,512,Sum Modified Laplacian,0,6,432,512,0.221184,0.787116,8.874602
PBS,512,Sum Modified Laplacian,1,0,432,512,0.221184,0.768872,8.694444
PBS,512,Sum Modified Laplacian,1,1,432,512,0.221184,0.847061,10.234233
PBS,512,Sum Modified Laplacian,1,2,432,512,0.221184,0.755279,8.829133
PBS,512,Sum Modified Laplacian,1,3,432,512,0.221184,0.788253,8.853882
PBS,512,Sum Modified Laplacian,1,4,432,512,0.221184,0.829014,9.246147
PBS,512,Sum Modified Laplacian,1,5,432,512,0.221184,0.759066,8.979089
PBS,512,Sum Modified Laplacian,1,6,432,512,0.221184,0.791309,8.957534
PBS,512,Sum Modified Laplacian,2,0,432,512,0.221184,0.760954,9.787951
PBS,512,Sum Modified Laplacian,2,1,432,512,0.221184,0.860757,9.205129
PBS,512,Sum Modified Laplacian,2,2,432,512,0.221184,0.854894,8.886487
PBS,512,Sum Modified Laplacian,2,3,432,512,0.221184,0.817051,9.090485
PBS,512,Sum Modified Laplacian,2,4,432,512,0.221184,0.795664,9.170665
PBS,512,Sum Modified Laplacian,2,5,432,512,0.221184,0.831523,9.032972
PBS,512,Sum Modified Laplacian,2,6,432,512,0.221184,0.817118,10.240376
TBF,128,Gradient Squared Energy,0,0,108,128,0.013824,0.038507,8.706027
TBF,128,Gradient Squared Energy,0,1,108,128,0.013824,0.04692,8.203584
TBF,128,Gradient Squared Energy,0,2,108,128,0.013824,0.045584,8.087381
TBF,128,Gradient Squared Energy,0,3,108,128,0.013824,0.0442,8.173501
TBF,128,Gradient Squared Energy,0,4,108,128,0.013824,0.044269,8.125931
TBF,128,Gradient Squared Energy,0,5,108,128,0.013824,0.04742,7.847516
TBF,128,Gradient Squared Energy,0,6,108,128,0.013824,0.044375,7.908118
TBF,128,Gradient Squared Energy,1,0,108,128,0.013824,0.039557,8.376151
TBF,128,Gradient Squared Energy,1,1,108,128,0.013824,0.042245,8.352396
TBF,128,Gradient Squared Energy,1,2,108,128,0.013824,0.084721,8.1681
TBF,128,Gradient Squared Energy,1,3,108,128,0.013824,0.043168,7.876664
TBF,128,Gradient Squared Energy,1,4,108,128,0.013824,0.073744,8.167057
TBF,128,Gradient Squared Energy,1,5,108,128,0.013824,0.043343,8.355282
TBF,128,Gradient Squared Energy,1,6,108,128,0.013824,0.051855,8.755582
TBF,128,Gradient Squared Energy,2,0,108,128,0.013824,0.040587,8.334788
TBF,128,Gradient Squared Energy,2,1,108,128,0.013824,0.047853,8.733456
TBF,128,Gradient Squared Energy,2,2,108,128,0.013824,0.096014,8.083247
TBF,128,Gradient Squared Energy,2,3,108,128,0.013824,0.059869,8.150894
TBF,128,Gradient Squared Energy,2,4,108,128,0.013824,0.046881,7.709578
TBF,128,Gradient Squared Energy,2,5,108,128,0.013824,0.045525,8.597416
TBF,128,Gradient Squared Energy,2,6,108,128,0.013824,0.044204,7.872319
WBC,512,Modified Tenengrad,0,0,512,512,0.262144,9.140885,8.346406
WBC,512,Modified Tenengrad,0,1,512,512,0.262144,8.812023,8.691557
WBC,512,Modified Tenengrad,0,2,512,512,0.262144,8.95929,9.209334
WBC,512,Modified Tenengrad,0,3,512,512,0.262144,9.037773,8.146685
WBC,512,Modified Tenengrad,0,4,512,512,0.262144,7.987894,8.127704
WBC,512,Modified Tenengrad,0,5,512,512,0.262144,7.627875,8.050073
WBC,512,Modified Tenengrad,0,6,512,512,0.262144,7.597702,8.606814
WBC,512,Modified Tenengrad,1,0,512,512,0.262144,8.087984,8.675491
WBC,512,Modified Tenengrad,1,1,512,512,0.262144,8.17884,8.340808
WBC,512,Modified Tenengrad,1,2,512,512,0.262144,8.656656,8.525876
WBC,512,Modified Tenengrad,1,3,512,512,0.262144,10.236335,9.033181
WBC,512,Modified Tenengrad,1,4,512,512,0.262144,8.427828,8.485589
WBC,512,Modified Tenengrad,1,5,512,512,0.262144,8.018858,9.07198
WBC,512,Modified Tenengrad,1,6,512,512,0.262144,8.296588,9.270684
WBC,512,Modified Tenengrad,2,0,512,512,0.262144,7.769376,7.959693
WBC,512,Modified Tenengrad,2,1,512,512,0.262144,8.001983,8.317783
WBC,512,Modified Tenengrad,2,2,512,512,0.262144,8.437718,8.296027
WBC,512,Modified Tenengrad,2,3,512,512,0.262144,8.448274,8.17886
WBC,512,Modified Tenengrad,2,4,512,512,0.262144,8.10035,8.242819
WBC,512,Modified Tenengrad,2,5,512,512,0.262144,7.628529,8.741499
WBC,512,Modified Tenengrad,2,6,512,512,0.262144,7.703939,8.144325
BMA,native,Brenner Gradient,0,0,2160,2560,5.5296,13.203537,32.694781
BMA,native,Brenner Gradient,0,1,2160,2560,5.5296,23.250029,20.780093
BMA,native,Brenner Gradient,0,2,2160,2560,5.5296,13.127045,25.509803
BMA,native,Brenner Gradient,0,3,2160,2560,5.5296,17.91563,20.699442
BMA,native,Brenner Gradient,0,4,2160,2560,5.5296,13.896696,26.15162
BMA,native,Brenner Gradient,0,5,2160,2560,5.5296,18.251127,20.141956
BMA,native,Brenner Gradient,0,6,2160,2560,5.5296,13.304524,25.591306
BMA,native,Brenner Gradient,1,0,2160,2560,5.5296,17.843471,20.41945
BMA,native,Brenner Gradient,1,1,2160,2560,5.5296,13.633078,28.767753
BMA,native,Brenner Gradient,1,2,2160,2560,5.5296,18.446985,20.779523
BMA,native,Brenner Gradient,1,3,2160,2560,5.5296,13.234457,26.459786
BMA,native,Brenner Gradient,1,4,2160,2560,5.5296,18.879295,21.768783
BMA,native,Brenner Gradient,1,5,2160,2560,5.5296,14.369753,29.103149
BMA,native,Brenner Gradient,1,6,2160,2560,5.5296,20.293703,20.885053
BMA,native,Brenner Gradient,2,0,2160,2560,5.5296,14.977719,26.497279
BMA,native,Brenner Gradient,2,1,2160,2560,5.5296,19.241236,21.421922
BMA,native,Brenner Gradient,2,2,2160,2560,5.5296,14.875703,26.954624
BMA,native,Brenner Gradient,2,3,2160,2560,5.5296,19.446313,22.092544
BMA,native,Brenner Gradient,2,4,2160,2560,5.5296,14.895992,27.909404
BMA,native,Brenner Gradient,2,5,2160,2560,5.5296,18.928265,21.841572
BMA,native,Brenner Gradient,2,6,2160,2560,5.5296,14.26826,26.827073
BMA,512,Variance of Gradient,0,0,432,512,0.221184,0.737589,11.400684
BMA,512,Variance of Gradient,0,1,432,512,0.221184,0.849773,14.534642
BMA,512,Variance of Gradient,0,2,432,512,0.221184,0.860643,8.973574
BMA,512,Variance of Gradient,0,3,432,512,0.221184,1.005647,9.772089
BMA,512,Variance of Gradient,0,4,432,512,0.221184,0.845387,10.338872
BMA,512,Variance of Gradient,0,5,432,512,0.221184,0.801104,9.798325
BMA,512,Variance of Gradient,0,6,432,512,0.221184,0.921669,9.979377
BMA,512,Variance of Gradient,1,0,432,512,0.221184,0.709251,9.698857
BMA,512,Variance of Gradient,1,1,432,512,0.221184,0.763395,9.630517
BMA,512,Variance of Gradient,1,2,432,512,0.221184,0.76834,9.178787
BMA,512,Variance of Gradient,1,3,432,512,0.221184,0.899739,9.488214
BMA,512,Variance of Gradient,1,4,432,512,0.221184,0.797333,9.438408
BMA,512,Variance of Gradient,1,5,432,512,0.221184,0.849935,9.819318
BMA,512,Variance of Gradient,1,6,432,512,0.221184,0.796743,9.409003
BMA,512,Variance of Gradient,2,0,432,512,0.221184,0.753617,9.61344
BMA,512,Variance of Gradient,2,1,432,512,0.221184,0.974921,9.983001
BMA,512,Variance of Gradient,2,2,432,512,0.221184,0.84755,9.447229
BMA,512,Variance of Gradient,2,3,432,512,0.221184,0.809174,9.852189
BMA,512,Variance of Gradient,2,4,432,512,0.221184,0.828403,9.323734
BMA,512,Variance of Gradient,2,5,432,512,0.221184,0.937351,9.306258
BMA,512,Variance of Gradient,2,6,432,512,0.221184,0.827602,9.892093
WBC,128,Variance of Laplacian,0,0,128,128,0.016384,0.040692,0.42988
WBC,128,Variance of Laplacian,0,1,128,128,0.016384,0.058495,0.21837
WBC,128,Variance of Laplacian,0,2,128,128,0.016384,0.042237,0.189427
WBC,128,Variance of Laplacian,0,3,128,128,0.016384,0.039952,0.185404
WBC,128,Variance of Laplacian,0,4,128,128,0.016384,0.039761,0.182353
WBC,128,Variance of Laplacian,0,5,128,128,0.016384,0.039168,0.182394
WBC,128,Variance of Laplacian,0,6,128,128,0.016384,0.038357,0.220099
WBC,128,Variance of Laplacian,1,0,128,128,0.016384,0.038862,0.191689
WBC,128,Variance of Laplacian,1,1,128,128,0.016384,0.038575,0.186156
WBC,128,Variance of Laplacian,1,2,128,128,0.016384,0.039259,0.182214
WBC,128,Variance of Laplacian,1,3,128,128,0.016384,0.038843,0.223601
WBC,128,Variance of Laplacian,1,4,128,128,0.016384,0.041513,0.192809
WBC,128,Variance of Laplacian,1,5,128,128,0.016384,0.039179,0.183781
WBC,128,Variance of Laplacian,1,6,128,128,0.016384,0.040103,0.184899
WBC,128,Variance of Laplacian,2,0,128,128,0.016384,0.060898,0.225448
WBC,128,Variance of Laplacian,2,1,128,128,0.016384,0.041545,0.189631
WBC,128,Variance of Laplacian,2,2,128,128,0.016384,0.038594,0.187569
WBC,128,Variance of Laplacian,2,3,128,128,0.016384,0.039566,0.189171
WBC,128,Variance of Laplacian,2,4,128,128,0.016384,0.039632,0.216742
WBC,128,Variance of Laplacian,2,5,128,128,0.016384,0.041456,0.190549
WBC,128,Variance of Laplacian,2,6,128,128,0.016384,0.039306,0.185074
BMA,native,Energy of Gradient,0,0,2160,2560,5.5296,51.970874,57.92754
BMA,native,Energy of Gradient,0,1,2160,2560,5.5296,40.873098,34.868855
BMA,native,Energy of Gradient,0,2,2160,2560,5.5296,18.823792,41.306706
BMA,native,Energy of Gradient,0,3,2160,2560,5.5296,32.280126,34.155077
BMA,native,Energy of Gradient,0,4,2160,2560,5.5296,20.124584,41.401797
BMA,native,Energy of Gradient,0,5,2160,2560,5.5296,35.157906,33.604474
BMA,native,Energy of Gradient,0,6,2160,2560,5.5296,18.360156,47.940266
BMA,native,Energy of Gradient,1,0,2160,2560,5.5296,37.985217,33.574286
BMA,native,Energy of Gradient,1,1,2160,2560,5.5296,20.506402,47.282115
BMA,native,Energy of Gradient,1,2,2160,2560,5.5296,37.891571,33.021667
BMA,native,Energy of Gradient,1,3,2160,2560,5.5296,19.855012,47.765511
BMA,native,Energy of Gradient,1,4,2160,2560,5.5296,37.783898,32.874532
BMA,native,Energy of Gradient,1,5,2160,2560,5.5296,18.754682,48.083309
BMA,native,Energy of Gradient,1,6,2160,2560,5.5296,38.625582,35.918201
BMA,native,Energy of Gradient,2,0,2160,2560,5.5296,19.485739,44.668733
BMA,native,Energy of Gradient,2,1,2160,2560,5.5296,59.300812,32.208724
BMA,native,Energy of Gradient,2,2,2160,2560,5.5296,18.368411,38.770668
BMA,native,Energy of Gradient,2,3,2160,2560,5.5296,30.57637,34.090958
BMA,native,Energy of Gradient,2,4,2160,2560,5.5296,18.461784,46.539591
BMA,native,Energy of Gradient,2,5,2160,2560,5.5296,38.22929,32.55862
BMA,native,Energy of Gradient,2,6,2160,2560,5.5296,18.180981,47.793241
TBI,512,Maximal Intensity,0,0,384,512,0.196608,0.093652,19.372046
TBI,512,Maximal Intensity,0,1,384,512,0.196608,0.185128,14.636808
TBI,512,Maximal Intensity,0,2,384,512,0.196608,0.134394,19.421038
TBI,512,Maximal Intensity,0,3,384,512,0.196608,0.130587,20.375023
TBI,512,Maximal Intensity,0,4,384,512,0.196608,0.145351,19.029357
TBI,512,Maximal Intensity,0,5,384,512,0.196608,0.140554,18.665349
TBI,512,Maximal Intensity,0,6,384,512,0.196608,0.147887,18.294446
TBI,512,Maximal Intensity,1,0,384,512,0.196608,0.105382,18.6168
TBI,512,Maximal Intensity,1,1,384,512,0.196608,0.134821,18.536462
TBI,512,Maximal Intensity,1,2,384,512,0.196608,0.143203,18.416227
TBI,512,Maximal Intensity,1,3,384,512,0.196608,0.140098,18.774249
TBI,512,Maximal Intensity,1,4,384,512,0.196608,0.125496,18.65516
TBI,512,Maximal Intensity,1,5,384,512,0.196608,0.135588,18.846418
TBI,512,Maximal Intensity,1,6,384,512,0.196608,0.135973,18.316605
TBI,512,Maximal Intensity,2,0,384,512,0.196608,0.089554,18.578913
TBI,512,Maximal Intensity,2,1,384,512,0.196608,0.212937,18.799088
TBI,512,Maximal Intensity,2,2,384,512,0.196608,0.159484,17.991416
TBI,512,Maximal Intensity,2,3,384,512,0.196608,0.146317,18.048541
TBI,512,Maximal Intensity,2,4,384,512,0.196608,0.143845,18.273443
TBI,512,Maximal Intensity,2,5,384,512,0.196608,0.156639,18.664532
TBI,512,Maximal Intensity,2,6,384,512,0.196608,0.151329,18.532454
BMA,native,Fourier Transform Sharpness Index,0,0,2160,2560,5.5296,227.195715,239.442989
BMA,native,Fourier Transform Sharpness Index,0,1,2160,2560,5.5296,211.930771,243.012095
BMA,native,Fourier Transform Sharpness Index,0,2,2160,2560,5.5296,198.67978,222.09117
BMA,native,Fourier Transform Sharpness Index,0,3,2160,2560,5.5296,208.642545,190.615693
BMA,native,Fourier Transform Sharpness Index,0,4,2160,2560,5.5296,199.210602,205.195465
BMA,native,Fourier Transform Sharpness Index,0,5,2160,2560,5.5296,207.556513,196.524547
BMA,native,Fourier Transform Sharpness Index,0,6,2160,2560,5.5296,193.9721,209.088795
BMA,native,Fourier Transform Sharpness Index,1,0,2160,2560,5.5296,203.645615,201.61275
BMA,native,Fourier Transform Sharpness Index,1,1,2160,2560,5.5296,191.501275,217.890348
BMA,native,Fourier Transform Sharpness Index,1,2,2160,2560,5.5296,217.75161,211.756716
BMA,native,Fourier Transform Sharpness Index,1,3,2160,2560,5.5296,203.941838,247.221174
BMA,native,Fourier Transform Sharpness Index,1,4,2160,2560,5.5296,217.165544,219.547762
BMA,native,Fourier Transform Sharpness Index,1,5,2160,2560,5.5296,195.778311,211.795222
BMA,native,Fourier Transform Sharpness Index,1,6,2160,2560,5.5296,205.229842,241.823559
BMA,native,Fourier Transform Sharpness Index,2,0,2160,2560,5.5296,191.197406,188.327773
BMA,native,Fourier Transform Sharpness Index,2,1,2160,2560,5.5296,192.461905,180.788003
BMA,native,Fourier Transform Sharpness Index,2,2,2160,2560,5.5296,146.201006,170.423918
BMA,native,Fourier Transform Sharpness Index,2,3,2160,2560,5.5296,158.433132,147.456085
BMA,native,Fourier Transform Sharpness Index,2,4,2160,2560,5.5296,151.074811,163.349209
BMA,native,Fourier Transform Sharpness Index,2,5,2160,2560,5.5296,153.118288,147.647262
BMA,native,Fourier Transform Sharpness Index,2,6,2160,2560,5.5296,138.068503,174.681742
PBS,512,Normalized Variance,0,0,432,512,0.221184,0.198114,7.494563
PBS,512,Normalized Variance,0,1,432,512,0.221184,0.270149,10.595163
PBS,512,Normalized Variance,0,2,432,512,0.221184,0.266363,6.811162
PBS,512,Normalized Variance,0,3,432,512,0.221184,0.367132,6.22327
PBS,512,Normalized Variance,0,4,432,512,0.221184,0.273883,6.545228
PBS,512,Normalized Variance,0,5,432,512,0.221184,0.250739,6.848776
PBS,512,Normalized Variance,0,6,432,512,0.221184,0.26041,7.345016
PBS,512,Normalized Variance,1,0,432,512,0.221184,0.258162,6.566986
PBS,512,Normalized Variance,1,1,432,512,0.221184,0.216297,6.468115
PBS,512,Normalized Variance,1,2,432,512,0.221184,0.225156,12.314168
PBS,512,Normalized Variance,1,3,432,512,0.221184,0.292585,7.413744
PBS,512,Normalized Variance,1,4,432,512,0.221184,0.264192,6.862938
PBS,512,Normalized Variance,1,5,432,512,0.221184,0.246356,6.713585
PBS,512,Normalized Variance,1,6,432,512,0.221184,0.294185,6.564389
PBS,512,Normalized Variance,2,0,432,512,0.221184,0.199612,6.419325
PBS,512,Normalized Variance,2,1,432,512,0.221184,0.235345,5.852281
PBS,512,Normalized Variance,2,2,432,512,0.221184,0.243026,6.450124
PBS,512,Normalized Variance,2,3,432,512,0.221184,0.24266,6.171744
PBS,512,Normalized Variance,2,4,432,512,0.221184,0.257004,6.91014
PBS,512,Normalized Variance,2,5,432,512,0.221184,0.275969,8.089761
PBS,512,Normalized Variance,2,6,432,512,0.221184,0.229926,6.409294
PBS,512,Intensity Skewness Index,0,0,432,512,0.221184,1.129868,7.900271
PBS,512,Intensity Skewness Index,0,1,432,512,0.221184,1.230672,9.080414
PBS,512,Intensity Skewness Index,0,2,432,512,0.221184,1.097652,7.415001
PBS,512,Intensity Skewness Index,0,3,432,512,0.221184,1.073513,7.436866
PBS,512,Intensity Skewness Index,0,4,432,512,0.221184,1.100437,8.321726
PBS,512,Intensity Skewness Index,0,5,432,512,0.221184,1.144632,7.83985
PBS,512,Intensity Skewness Index,0,6,432,512,0.221184,1.160738,7.096227
PBS,512,Intensity Skewness Index,1,0,432,512,0.221184,1.037681,7.690078
PBS,512,Intensity Skewness Index,1,1,432,512,0.221184,1.201166,10.28481
PBS,512,Intensity Skewness Index,1,2,432,512,0.221184,1.089178,7.126266
PBS,512,Intensity Skewness Index,1,3,432,512,0.221184,1.132012,7.169487
PBS,512,Intensity Skewness Index,1,4,432,512,0.221184,1.048869,7.636196
PBS,512,Intensity Skewness Index,1,5,432,512,0.221184,1.143766,7.123504
PBS,512,Intensity Skewness Index,1,6,432,512,0.221184,1.058255,7.75266
PBS,512,Intensity Skewness Index,2,0,432,512,0.221184,1.090729,7.451751
PBS,512,Intensity Skewness Index,2,1,432,512,0.221184,1.079874,7.985268
PBS,512,Intensity Skewness Index,2,2,432,512,0.221184,1.143782,7.474016
PBS,512,Intensity Skewness Index,2,3,432,512,0.221184,1.013299,7.491071
PBS,512,Intensity Skewness Index,2,4,432,512,0.221184,1.218143,7.09869
PBS,512,Intensity Skewness Index,2,5,432,512,0.221184,1.01767,7.059369
PBS,512,Intensity Skewness Index,2,6,432,512,0.221184,1.389793,7.278604
PBS,128,Fourier Transform Sharpness Index,0,0,108,128,0.013824,0.129343,6.822585
PBS,128,Fourier Transform Sharpness Index,0,1,108,128,0.013824,0.119537,6.466608
PBS,128,Fourier Transform Sharpness Index,0,2,108,128,0.013824,0.132946,7.352507
PBS,128,Fourier Transform Sharpness Index,0,3,108,128,0.013824,0.149979,6.835325
PBS,128,Fourier Transform Sharpness Index,0,4,108,128,0.013824,0.161404,6.963439
PBS,128,Fourier Transform Sharpness Index,0,5,108,128,0.013824,0.133786,7.070969
PBS,128,Fourier Transform Sharpness Index,0,6,108,128,0.013824,0.128214,6.680518
PBS,128,Fourier Transform Sharpness Index,1,0,108,128,0.013824,0.109326,6.678415
PBS,128,Fourier Transform Sharpness Index,1,1,108,128,0.013824,0.122399,6.623032
PBS,128,Fourier Transform Sharpness Index,1,2,108,128,0.013824,0.121668,6.98703
PBS,128,Fourier Transform Sharpness Index,1,3,108,128,0.013824,0.233783,6.792626
PBS,128,Fourier Transform Sharpness Index,1,4,108,128,0.013824,0.117836,6.802955
PBS,128,Fourier Transform Sharpness Index,1,5,108,128,0.013824,0.166853,6.685183
PBS,128,Fourier Transform Sharpness Index,1,6,108,128,0.013824,0.116767,6.841063
PBS,128,Fourier Transform Sharpness Index,2,0,108,128,0.013824,0.157845,6.802732
PBS,128,Fourier Transform Sharpness Index,2,1,108,128,0.013824,0.118147,6.856738
PBS,128,Fourier Transform Sharpness Index,2,2,108,128,0.013824,0.119591,6.263606
PBS,128,Fourier Transform Sharpness Index,2,3,108,128,0.013824,0.126534,6.732551
PBS,128,Fourier Transform Sharpness Index,2,4,108,128,0.013824,0.121974,6.864991
PBS,128,Fourier Transform Sharpness Index,2,5,108,128,0.013824,0.124275,6.880325
PBS,128,Fourier Transform Sharpness Index,2,6,108,128,0.013824,0.123358,6.910664
PBS,1024,Wavelet W1,0,0,864,1024,0.884736,7.248472,15.772676
PBS,1024,Wavelet W1,0,1,864,1024,0.884736,8.370765,14.164176
PBS,1024,Wavelet W1,0,2,864,1024,0.884736,7.696868,15.008145
PBS,1024,Wavelet W1,0,3,864,1024,0.884736,7.37942,15.234828
PBS,1024,Wavelet W1,0,4,864,1024,0.884736,7.110051,14.718772
PBS,1024,Wavelet W1,0,5,864,1024,0.884736,7.520354,14.828309
PBS,1024,Wavelet W1,0,6,864,1024,0.884736,6.930408,15.097697
PBS,1024,Wavelet W1,1,0,864,1024,0.884736,7.209355,14.3145
PBS,1024,Wavelet W1,1,1,864,1024,0.884736,7.123262,15.855975
PBS,1024,Wavelet W1,1,2,864,1024,0.884736,7.473384,14.556026
PBS,1024,Wavelet W1,1,3,864,1024,0.884736,6.910081,15.471578
PBS,1024,Wavelet W1,1,4,864,1024,0.884736,7.359098,14.57948
PBS,1024,Wavelet W1,1,5,864,1024,0.884736,7.113026,14.846479
PBS,1024,Wavelet W1,1,6,864,1024,0.884736,7.529841,14.157807
PBS,1024,Wavelet W1,2,0,864,1024,0.884736,6.641115,14.867121
PBS,1024,Wavelet W1,2,1,864,1024,0.884736,7.272012,14.529159
PBS,1024,Wavelet W1,2,2,864,1024,0.884736,7.050884,15.365448
PBS,1024,Wavelet W1,2,3,864,1024,0.884736,7.266218,17.632652
PBS,1024,Wavelet W1,2,4,864,1024,0.884736,7.481908,14.820595
PBS,1024,Wavelet W1,2,5,864,1024,0.884736,7.505555,14.352659
PBS,1024,Wavelet W1,2,6,864,1024,0.884736,7.016486,15.515766
PBS,128,Variance of Laplacian,0,0,108,128,0.013824,0.025394,6.581053
PBS,128,Variance of Laplacian,0,1,108,128,0.013824,0.031595,6.486773
PBS,128,Variance of Laplacian,0,2,108,128,0.013824,0.025888,6.420832
PBS,128,Variance of Laplacian,0,3,108,128,0.013824,0.025138,6.802048
PBS,128,Variance of Laplacian,0,4,108,128,0.013824,0.026232,6.351782
PBS,128,Variance of Laplacian,0,5,108,128,0.013824,0.022576,6.706707
PBS,128,Variance of Laplacian,0,6,108,128,0.013824,0.023847,6.257126
PBS,128,Variance of Laplacian,1,0,108,128,0.013824,0.019506,6.710287
PBS,128,Variance of Laplacian,1,1,108,128,0.013824,0.029742,6.694915
PBS,128,Variance of Laplacian,1,2,108,128,0.013824,0.029243,6.733649
PBS,128,Variance of Laplacian,1,3,108,128,0.013824,0.024513,6.289325
PBS,128,Variance of Laplacian,1,4,108,128,0.013824,0.027794,6.41039
PBS,128,Variance of Laplacian,1,5,108,128,0.013824,0.026844,6.589982
PBS,128,Variance of Laplacian,1,6,108,128,0.013824,0.022686,6.433269
PBS,128,Variance of Laplacian,2,0,108,128,0.013824,0.020141,6.395533
PBS,128,Variance of Laplacian,2,1,108,128,0.013824,0.029,6.898152
PBS,128,Variance of Laplacian,2,2,108,128,0.013824,0.032065,6.733992
PBS,128,Variance of Laplacian,2,3,108,128,0.013824,0.031658,6.955321
PBS,128,Variance of Laplacian,2,4,108,128,0.013824,0.038512,6.395512
PBS,128,Variance of Laplacian,2,5,108,128,0.013824,0.025587,6.944679
PBS,128,Variance of Laplacian,2,6,108,128,0.013824,0.028757,7.15925
TBI,512,Squared Gradient,0,0,384,512,0.196608,0.267638,11.10685
TBI,512,Squared Gradient,0,1,384,512,0.196608,0.391199,13.287084
TBI,512,Squared Gradient,0,2,384,512,0.196608,0.324103,13.451479
TBI,512,Squared Gradient,0,3,384,512,0.196608,0.296017,13.581107
TBI,512,Squared Gradient,0,4,384,512,0.196608,0.329083,14.322491
TBI,512,Squared Gradient,0,5,384,512,0.196608,0.403658,13.364606
TBI,512,Squared Gradient,0,6,384,512,0.196608,0.354473,13.668231
TBI,512,Squared Gradient,1,0,384,512,0.196608,0.29238,13.612215
TBI,512,Squared Gradient,1,1,384,512,0.196608,0.313122,13.441658
TBI,512,Squared Gradient,1,2,384,512,0.196608,0.37096,13.481534
TBI,512,Squared Gradient,1,3,384,512,0.196608,0.322278,13.777694
TBI,512,Squared Gradient,1,4,384,512,0.196608,0.343443,13.861579
TBI,512,Squared Gradient,1,5,384,512,0.196608,0.279584,13.400521
TBI,512,Squared Gradient,1,6,384,512,0.196608,0.387994,14.260938
TBI,512,Squared Gradient,2,0,384,512,0.196608,0.2281,13.605317
TBI,512,Squared Gradient,2,1,384,512,0.196608,0.381556,14.222732
TBI,512,Squared Gradient,2,2,384,512,0.196608,0.339482,13.784297
TBI,512,Squared Gradient,2,3,384,512,0.196608,0.437085,13.866276
TBI,512,Squared Gradient,2,4,384,512,0.196608,0.394124,13.834693
TBI,512,Squared Gradient,2,5,384,512,0.196608,0.352917,13.734994
TBI,512,Squared Gradient,2,6,384,512,0.196608,0.343558,13.61292
TBF,128,Intensity Range Index,0,0,108,128,0.013824,0.006354,9.571135
TBF,128,Intensity Range Index,0,1,108,128,0.013824,0.010481,5.949011
TBF,128,Intensity Range Index,0,2,108,128,0.013824,0.01148,6.664861
TBF,128,Intensity Range Index,0,3,108,128,0.013824,0.010063,6.398629
TBF,128,Intensity Range Index,0,4,108,128,0.013824,0.009897,6.788547
TBF,128,Intensity Range Index,0,5,108,128,0.013824,0.013939,7.103834
TBF,128,Intensity Range Index,0,6,108,128,0.013824,0.014327,7.350952
TBF,128,Intensity Range Index,1,0,108,128,0.013824,0.011519,7.062381
TBF,128,Intensity Range Index,1,1,108,128,0.013824,0.015256,7.630556
TBF,128,Intensity Range Index,1,2,108,128,0.013824,0.016214,8.035506
TBF,128,Intensity Range Index,1,3,108,128,0.013824,0.022823,7.744567
TBF,128,Intensity Range Index,1,4,108,128,0.013824,0.015548,7.204393
TBF,128,Intensity Range Index,1,5,108,128,0.013824,0.01398,7.116579
TBF,128,Intensity Range Index,1,6,108,128,0.013824,0.014227,7.360629
TBF,128,Intensity Range Index,2,0,108,128,0.013824,0.01141,7.343648
TBF,128,Intensity Range Index,2,1,108,128,0.013824,0.017043,7.049019
TBF,128,Intensity Range Index,2,2,108,128,0.013824,0.013647,7.084759
TBF,128,Intensity Range Index,2,3,108,128,0.013824,0.014246,7.819932
TBF,128,Intensity Range Index,2,4,108,128,0.013824,0.017847,8.267788
TBF,128,Intensity Range Index,2,5,108,128,0.013824,0.01982,7.559919
TBF,128,Intensity Range Index,2,6,108,128,0.013824,0.01405,7.223444
PBS,native,DCT Focus Measure,0,0,2160,2560,5.5296,76.034694,91.822328
PBS,native,DCT Focus Measure,0,1,2160,2560,5.5296,78.371225,85.446838
PBS,native,DCT Focus Measure,0,2,2160,2560,5.5296,91.624429,82.499736
PBS,native,DCT Focus Measure,0,3,2160,2560,5.5296,76.715309,80.021677
PBS,native,DCT Focus Measure,0,4,2160,2560,5.5296,72.930681,86.789764
PBS,native,DCT Focus Measure,0,5,2160,2560,5.5296,77.309301,77.677575
PBS,native,DCT Focus Measure,0,6,2160,2560,5.5296,77.079074,85.874899
PBS,native,DCT Focus Measure,1,0,2160,2560,5.5296,78.314737,79.279652
PBS,native,DCT Focus Measure,1,1,2160,2560,5.5296,75.532558,84.138661
PBS,native,DCT Focus Measure,1,2,2160,2560,5.5296,78.440182,85.077393
PBS,native,DCT Focus Measure,1,3,2160,2560,5.5296,73.99751,84.655158
PBS,native,DCT Focus Measure,1,4,2160,2560,5.5296,77.59837,79.935266
PBS,native,DCT Focus Measure,1,5,2160,2560,5.5296,72.130779,82.685494
PBS,native,DCT Focus Measure,1,6,2160,2560,5.5296,78.803768,77.69306
PBS,native,DCT Focus Measure,2,0,2160,2560,5.5296,74.262639,89.428705
PBS,native,DCT Focus Measure,2,1,2160,2560,5.5296,80.931553,78.514129
PBS,native,DCT Focus Measure,2,2,2160,2560,5.5296,73.316965,81.451665
PBS,native,DCT Focus Measure,2,3,2160,2560,5.5296,74.375678,77.604496
PBS,native,DCT Focus Measure,2,4,2160,2560,5.5296,72.335362,83.063639
PBS,native,DCT Focus Measure,2,5,2160,2560,5.5296,75.704055,78.555464
PBS,native,DCT Focus Measure,2,6,2160,2560,5.5296,71.649407,81.335268
WBC,native,Mean Absolute Laplacian,0,0,200,200,0.04,0.376846,0.982308
WBC,native,Mean Absolute Laplacian,0,1,200,200,0.04,0.320421,0.376815
WBC,native,Mean Absolute Laplacian,0,2,200,200,0.04,0.300814,0.356246
WBC,native,Mean Absolute Laplacian,0,3,200,200,0.04,0.340431,0.362761
WBC,native,Mean Absolute Laplacian,0,4,200,200,0.04,0.302587,0.365188
WBC,native,Mean Absolute Laplacian,0,5,200,200,0.04,0.330467,0.374106
WBC,native,Mean Absolute Laplacian,0,6,200,200,0.04,0.319651,0.425929
WBC,native,Mean Absolute Laplacian,1,0,200,200,0.04,0.296606,0.563259
WBC,native,Mean Absolute Laplacian,1,1,200,200,0.04,0.341826,0.39014
WBC,native,Mean Absolute Laplacian,1,2,200,200,0.04,0.492348,0.468976
WBC,native,Mean Absolute Laplacian,1,3,200,200,0.04,0.336062,0.379705
WBC,native,Mean Absolute Laplacian,1,4,200,200,0.04,0.314345,0.387324
WBC,native,Mean Absolute Laplacian,1,5,200,200,0.04,0.33467,0.370351
WBC,native,Mean Absolute Laplacian,1,6,200,200,0.04,0.309779,0.357136
WBC,native,Mean Absolute Laplacian,2,0,200,200,0.04,0.372249,0.387075
WBC,native,Mean Absolute Laplacian,2,1,200,200,0.04,0.315329,0.3696
WBC,native,Mean Absolute Laplacian,2,2,200,200,0.04,0.312555,0.396077
WBC,native,Mean Absolute Laplacian,2,3,200,200,0.04,0.32548,0.351702
WBC,native,Mean Absolute Laplacian,2,4,200,200,0.04,0.298621,0.349942
WBC,native,Mean Absolute Laplacian,2,5,200,200,0.04,0.354195,0.398814
WBC,native,Mean Absolute Laplacian,2,6,200,200,0.04,0.311191,0.354452
WBC,native,Gradient Squared Energy,0,0,200,200,0.04,0.07787,0.127923
WBC,native,Gradient Squared Energy,0,1,200,200,0.04,0.091023,0.124214
WBC,native,Gradient Squared Energy,0,2,200,200,0.04,0.075169,0.114535
WBC,native,Gradient Squared Energy,0,3,200,200,0.04,0.076319,0.109803
WBC,native,Gradient Squared Energy,0,4,200,200,0.04,0.07302,0.112081
WBC,native,Gradient Squared Energy,0,5,200,200,0.04,0.076463,0.10936
WBC,native,Gradient Squared Energy,0,6,200,200,0.04,0.072887,0.111551
WBC,native,Gradient Squared Energy,1,0,200,200,0.04,0.076003,0.111272
WBC,native,Gradient Squared Energy,1,1,200,200,0.04,0.073885,0.197718
WBC,native,Gradient Squared Energy,1,2,200,200,0.04,0.079149,0.113745
WBC,native,Gradient Squared Energy,1,3,200,200,0.04,0.073548,0.113985
WBC,native,Gradient Squared Energy,1,4,200,200,0.04,0.076286,0.118033
WBC,native,Gradient Squared Energy,1,5,200,200,0.04,0.074974,0.113467
WBC,native,Gradient Squared Energy,1,6,200,200,0.04,0.08329,0.135909
WBC,native,Gradient Squared Energy,2,0,200,200,0.04,0.07193,0.11383
WBC,native,Gradient Squared Energy,2,1,200,200,0.04,0.076265,0.108689
WBC,native,Gradient Squared Energy,2,2,200,200,0.04,0.101501,0.15024
WBC,native,Gradient Squared Energy,2,3,200,200,0.04,0.080031,0.115214
WBC,native,Gradient Squared Energy,2,4,200,200,0.04,0.073358,0.139951
WBC,native,Gradient Squared Energy,2,5,200,200,0.04,0.098795,0.11867
WBC,native,Gradient Squared Energy,2,6,200,200,0.04,0.072911,0.113737
BMA,1024,Wavelet W1,0,0,864,1024,0.884736,12.734919,27.616573
BMA,1024,Wavelet W1,0,1,864,1024,0.884736,12.343337,20.149876
BMA,1024,Wavelet W1,0,2,864,1024,0.884736,13.393273,22.312088
BMA,1024,Wavelet W1,0,3,864,1024,0.884736,12.898441,21.005256
BMA,1024,Wavelet W1,0,4,864,1024,0.884736,12.057245,21.116314
BMA,1024,Wavelet W1,0,5,864,1024,0.884736,12.808215,21.242898
BMA,1024,Wavelet W1,0,6,864,1024,0.884736,12.367089,22.111422
BMA,1024,Wavelet W1,1,0,864,1024,0.884736,12.450119,20.703032
BMA,1024,Wavelet W1,1,1,864,1024,0.884736,12.088036,21.470053
BMA,1024,Wavelet W1,1,2,864,1024,0.884736,12.583458,20.623948
BMA,1024,Wavelet W1,1,3,864,1024,0.884736,12.21145,21.728659
BMA,1024,Wavelet W1,1,4,864,1024,0.884736,12.540812,21.815814
BMA,1024,Wavelet W1,1,5,864,1024,0.884736,12.718086,21.45781
BMA,1024,Wavelet W1,1,6,864,1024,0.884736,13.283058,22.610363
BMA,1024,Wavelet W1,2,0,864,1024,0.884736,12.319061,22.784129
BMA,1024,Wavelet W1,2,1,864,1024,0.884736,13.371229,21.628502
BMA,1024,Wavelet W1,2,2,864,1024,0.884736,12.448606,21.631631
BMA,1024,Wavelet W1,2,3,864,1024,0.884736,12.56676,21.098609
BMA,1024,Wavelet W1,2,4,864,1024,0.884736,12.55906,22.533474
BMA,1024,Wavelet W1,2,5,864,1024,0.884736,12.956058,21.912241
BMA,1024,Wavelet W1,2,6,864,1024,0.884736,12.68726,23.020151
BMA,native,Squared Gradient,0,0,2160,2560,5.5296,43.216608,46.042914
BMA,native,Squared Gradient,0,1,2160,2560,5.5296,36.747767,30.871722
BMA,native,Squared Gradient,0,2,2160,2560,5.5296,18.729892,47.899679
BMA,native,Squared Gradient,0,3,2160,2560,5.5296,35.445884,29.806421
BMA,native,Squared Gradient,0,4,2160,2560,5.5296,17.460679,44.654432
BMA,native,Squared Gradient,0,5,2160,2560,5.5296,34.670278,29.623791
BMA,native,Squared Gradient,0,6,2160,2560,5.5296,16.885367,43.839558
BMA,native,Squared Gradient,1,0,2160,2560,5.5296,36.864058,31.018055
BMA,native,Squared Gradient,1,1,2160,2560,5.5296,17.639695,43.229779
BMA,native,Squared Gradient,1,2,2160,2560,5.5296,35.707738,29.217955
BMA,native,Squared Gradient,1,3,2160,2560,5.5296,17.115747,38.563274
BMA,native,Squared Gradient,1,4,2160,2560,5.5296,33.661639,30.707976
BMA,native,Squared Gradient,1,5,2160,2560,5.5296,18.098447,41.986509
BMA,native,Squared Gradient,1,6,2160,2560,5.5296,35.450316,29.479863
BMA,native,Squared Gradient,2,0,2160,2560,5.5296,17.053241,42.554779
BMA,native,Squared Gradient,2,1,2160,2560,5.5296,34.04687,29.556987
BMA,native,Squared Gradient,2,2,2160,2560,5.5296,16.783001,41.81915
BMA,native,Squared Gradient,2,3,2160,2560,5.5296,35.245911,31.970674
BMA,native,Squared Gradient,2,4,2160,2560,5.5296,17.325478,44.082014
BMA,native,Squared Gradient,2,5,2160,2560,5.5296,35.521933,29.285761
BMA,native,Squared Gradient,2,6,2160,2560,5.5296,16.645854,42.671738
TBI,1024,DCT Focus Measure,0,0,768,1024,0.786432,5.278469,22.710686
TBI,1024,DCT Focus Measure,0,1,768,1024,0.786432,5.725684,18.582559
TBI,1024,DCT Focus Measure,0,2,768,1024,0.786432,5.713827,21.869491
TBI,1024,DCT Focus Measure,0,3,768,1024,0.786432,5.945977,24.688979
TBI,1024,DCT Focus Measure,0,4,768,1024,0.786432,6.715935,23.990102
TBI,1024,DCT Focus Measure,0,5,768,1024,0.786432,6.753743,24.071511
TBI,1024,DCT Focus Measure,0,6,768,1024,0.786432,5.787127,22.742518
TBI,1024,DCT Focus Measure,1,0,768,1024,0.786432,5.433615,21.600932
TBI,1024,DCT Focus Measure,1,1,768,1024,0.786432,6.718095,23.532154
TBI,1024,DCT Focus Measure,1,2,768,1024,0.786432,5.804761,23.907017
TBI,1024,DCT Focus Measure,1,3,768,1024,0.786432,6.100787,22.993886
TBI,1024,DCT Focus Measure,1,4,768,1024,0.786432,6.252876,22.496514
TBI,1024,DCT Focus Measure,1,5,768,1024,0.786432,5.727142,22.642416
TBI,1024,DCT Focus Measure,1,6,768,1024,0.786432,5.747182,23.521806
TBI,1024,DCT Focus Measure,2,0,768,1024,0.786432,5.344288,21.501156
TBI,1024,DCT Focus Measure,2,1,768,1024,0.786432,5.456894,21.994479
TBI,1024,DCT Focus Measure,2,2,768,1024,0.786432,5.282961,21.381936
TBI,1024,DCT Focus Measure,2,3,768,1024,0.786432,5.525504,35.237733
TBI,1024,DCT Focus Measure,2,4,768,1024,0.786432,5.298362,21.521826
TBI,1024,DCT Focus Measure,2,5,768,1024,0.786432,5.573053,21.487444
TBI,1024,DCT Focus Measure,2,6,768,1024,0.786432,5.260194,23.27875
BMA,128,Histogram Entropy,0,0,108,128,0.013824,0.073587,13.065617
BMA,128,Histogram Entropy,0,1,108,128,0.013824,0.260212,9.174175
BMA,128,Histogram Entropy,0,2,108,128,0.013824,0.089489,8.565893
BMA,128,Histogram Entropy,0,3,108,128,0.013824,0.085163,7.946075
BMA,128,Histogram Entropy,0,4,108,128,0.013824,0.089938,7.808851
BMA,128,Histogram Entropy,0,5,108,128,0.013824,0.085729,8.190008
BMA,128,Histogram Entropy,0,6,108,128,0.013824,0.090457,9.312198
BMA,128,Histogram Entropy,1,0,108,128,0.013824,0.210164,7.946236
BMA,128,Histogram Entropy,1,1,108,128,0.013824,0.098029,8.288855
BMA,128,Histogram Entropy,1,2,108,128,0.013824,0.086973,7.913399
BMA,128,Histogram Entropy,1,3,108,128,0.013824,0.082078,8.135393
BMA,128,Histogram Entropy,1,4,108,128,0.013824,0.082047,7.821723
BMA,128,Histogram Entropy,1,5,108,128,0.013824,0.086032,8.51193
BMA,128,Histogram Entropy,1,6,108,128,0.013824,0.082514,7.880663
BMA,128,Histogram Entropy,2,0,108,128,0.013824,0.073488,8.242672
BMA,128,Histogram Entropy,2,1,108,128,0.013824,0.081884,8.398093
BMA,128,Histogram Entropy,2,2,108,128,0.013824,0.11585,8.312206
BMA,128,Histogram Entropy,2,3,108,128,0.013824,0.093738,8.729368
BMA,128,Histogram Entropy,2,4,108,128,0.013824,0.096336,8.862894
BMA,128,Histogram Entropy,2,5,108,128,0.013824,0.091279,8.715338
BMA,128,Histogram Entropy,2,6,108,128,0.013824,0.091578,8.562572
PBS,128,Absolute Central Moment 2,0,0,108,128,0.013824,0.024277,8.848122
PBS,128,Absolute Central Moment 2,0,1,108,128,0.013824,0.029495,7.824891
PBS,128,Absolute Central Moment 2,0,2,108,128,0.013824,0.027709,8.38873
PBS,128,Absolute Central Moment 2,0,3,108,128,0.013824,0.027993,7.922385
PBS,128,Absolute Central Moment 2,0,4,108,128,0.013824,0.02779,9.167491
PBS,128,Absolute Central Moment 2,0,5,108,128,0.013824,0.029669,8.594048
PBS,128,Absolute Central Moment 2,0,6,108,128,0.013824,0.029647,8.699606
PBS,128,Absolute Central Moment 2,1,0,108,128,0.013824,0.030791,8.213582
PBS,128,Absolute Central Moment 2,1,1,108,128,0.013824,0.029774,8.450533
PBS,128,Absolute Central Moment 2,1,2,108,128,0.013824,0.037014,8.487825
PBS,128,Absolute Central Moment 2,1,3,108,128,0.013824,0.029095,8.901303
PBS,128,Absolute Central Moment 2,1,4,108,128,0.013824,0.029488,7.879552
PBS,128,Absolute Central Moment 2,1,5,108,128,0.013824,0.029858,8.043207
PBS,128,Absolute Central Moment 2,1,6,108,128,0.013824,0.027229,7.685823
PBS,128,Absolute Central Moment 2,2,0,108,128,0.013824,0.028142,8.328079
PBS,128,Absolute Central Moment 2,2,1,108,128,0.013824,0.026866,7.684108
PBS,128,Absolute Central Moment 2,2,2,108,128,0.013824,0.028574,8.56044
PBS,128,Absolute Central Moment 2,2,3,108,128,0.013824,0.027906,7.771803
PBS,128,Absolute Central Moment 2,2,4,108,128,0.013824,0.033708,8.15115
PBS,128,Absolute Central Moment 2,2,5,108,128,0.013824,0.028507,7.69711
PBS,128,Absolute Central Moment 2,2,6,108,128,0.013824,0.033722,8.514559
BMA,512,Wavelet W1,0,0,432,512,0.221184,1.992782,9.60151
BMA,512,Wavelet W1,0,1,432,512,0.221184,2.176903,10.641158
BMA,512,Wavelet W1,0,2,432,512,0.221184,1.897419,9.770259
BMA,512,Wavelet W1,0,3,432,512,0.221184,1.939108,9.325217
BMA,512,Wavelet W1,0,4,432,512,0.221184,1.999857,9.348404
BMA,512,Wavelet W1,0,5,432,512,0.221184,1.93202,9.306652
BMA,512,Wavelet W1,0,6,432,512,0.221184,1.982855,10.131121
BMA,512,Wavelet W1,1,0,432,512,0.221184,1.790966,10.090622
BMA,512,Wavelet W1,1,1,432,512,0.221184,2.032858,9.765933
BMA,512,Wavelet W1,1,2,432,512,0.221184,2.1573,9.701191
BMA,512,Wavelet W1,1,3,432,512,0.221184,1.898098,9.458272
BMA,512,Wavelet W1,1,4,432,512,0.221184,1.932384,9.451901
BMA,512,Wavelet W1,1,5,432,512,0.221184,1.859063,10.133737
BMA,512,Wavelet W1,1,6,432,512,0.221184,2.17538,9.568903
BMA,512,Wavelet W1,2,0,432,512,0.221184,1.841814,9.559264
BMA,512,Wavelet W1,2,1,432,512,0.221184,2.007843,11.079239
BMA,512,Wavelet W1,2,2,432,512,0.221184,1.896069,9.802298
BMA,512,Wavelet W1,2,3,432,512,0.221184,1.971905,9.955581
BMA,512,Wavelet W1,2,4,432,512,0.221184,1.892431,9.701096
BMA,512,Wavelet W1,2,5,432,512,0.221184,1.940259,9.342627
BMA,512,Wavelet W1,2,6,432,512,0.221184,1.930803,9.599357
WBC,128,Intensity Skewness Index,0,0,128,128,0.016384,0.152724,0.413432
WBC,128,Intensity Skewness Index,0,1,128,128,0.016384,0.155691,0.291477
WBC,128,Intensity Skewness Index,0,2,128,128,0.016384,0.151172,0.277565
WBC,128,Intensity Skewness Index,0,3,128,128,0.016384,0.152322,0.356846
WBC,128,Intensity Skewness Index,0,4,128,128,0.016384,0.166983,0.292071
WBC,128,Intensity Skewness Index,0,5,128,128,0.016384,0.151999,0.276374
WBC,128,Intensity Skewness Index,0,6,128,128,0.016384,0.1516,0.273507
WBC,128,Intensity Skewness Index,1,0,128,128,0.016384,0.174424,0.29514
WBC,128,Intensity Skewness Index,1,1,128,128,0.016384,0.162398,0.396397
WBC,128,Intensity Skewness Index,1,2,128,128,0.016384,0.245158,0.379464
WBC,128,Intensity Skewness Index,1,3,128,128,0.016384,0.174632,0.297638
WBC,128,Intensity Skewness Index,1,4,128,128,0.016384,0.157583,0.283644
WBC,128,Intensity Skewness Index,1,5,128,128,0.016384,0.175826,0.302279
WBC,128,Intensity Skewness Index,1,6,128,128,0.016384,0.157517,0.279987
WBC,128,Intensity Skewness Index,2,0,128,128,0.016384,0.152281,0.281426
WBC,128,Intensity Skewness Index,2,1,128,128,0.016384,0.152611,0.30559
WBC,128,Intensity Skewness Index,2,2,128,128,0.016384,0.166088,0.303886
WBC,128,Intensity Skewness Index,2,3,128,128,0.016384,0.183855,0.286318
WBC,128,Intensity Skewness Index,2,4,128,128,0.016384,0.151842,0.280366
WBC,128,Intensity Skewness Index,2,5,128,128,0.016384,0.152663,0.298792
WBC,128,Intensity Skewness Index,2,6,128,128,0.016384,0.162243,0.310173
TBF,1024,Mean Absolute Laplacian,0,0,864,1024,0.884736,11.27358,19.726467
TBF,1024,Mean Absolute Laplacian,0,1,864,1024,0.884736,12.087639,18.642919
TBF,1024,Mean Absolute Laplacian,0,2,864,1024,0.884736,11.721933,19.533639
TBF,1024,Mean Absolute Laplacian,0,3,864,1024,0.884736,12.721666,20.407629
TBF,1024,Mean Absolute Laplacian,0,4,864,1024,0.884736,11.402205,19.134737
TBF,1024,Mean Absolute Laplacian,0,5,864,1024,0.884736,12.278998,19.661917
TBF,1024,Mean Absolute Laplacian,0,6,864,1024,0.884736,11.777734,18.754256
TBF,1024,Mean Absolute Laplacian,1,0,864,1024,0.884736,10.493237,18.261143
TBF,1024,Mean Absolute Laplacian,1,1,864,1024,0.884736,10.532967,18.728919
TBF,1024,Mean Absolute Laplacian,1,2,864,1024,0.884736,11.052641,18.776419
TBF,1024,Mean Absolute Laplacian,1,3,864,1024,0.884736,11.452968,19.818534
TBF,1024,Mean Absolute Laplacian,1,4,864,1024,0.884736,11.672892,19.268082
TBF,1024,Mean Absolute Laplacian,1,5,864,1024,0.884736,10.936064,18.786298
TBF,1024,Mean Absolute Laplacian,1,6,864,1024,0.884736,11.11678,19.056657
TBF,1024,Mean Absolute Laplacian,2,0,864,1024,0.884736,12.979665,20.041606
TBF,1024,Mean Absolute Laplacian,2,1,864,1024,0.884736,11.160953,19.451957
TBF,1024,Mean Absolute Laplacian,2,2,864,1024,0.884736,10.990027,19.94635
TBF,1024,Mean Absolute Laplacian,2,3,864,1024,0.884736,11.598014,20.046542
TBF,1024,Mean Absolute Laplacian,2,4,864,1024,0.884736,11.531904,19.720754
TBF,1024,Mean Absolute Laplacian,2,5,864,1024,0.884736,12.032699,19.23834
TBF,1024,Mean Absolute Laplacian,2,6,864,1024,0.884736,11.124278,18.997754
BMA,128,Wavelet W3,0,0,108,128,0.013824,0.191967,7.884256
BMA,128,Wavelet W3,0,1,108,128,0.013824,0.230795,8.564502
BMA,128,Wavelet W3,0,2,108,128,0.013824,0.194323,8.935911
BMA,128,Wavelet W3,0,3,108,128,0.013824,0.300308,9.852221
BMA,128,Wavelet W3,0,4,108,128,0.013824,0.199593,8.58831
BMA,128,Wavelet W3,0,5,108,128,0.013824,0.263609,8.111813
BMA,128,Wavelet W3,0,6,108,128,0.013824,0.226731,8.200132
BMA,128,Wavelet W3,1,0,108,128,0.013824,0.218177,8.015966
BMA,128,Wavelet W3,1,1,108,128,0.013824,0.189391,8.296432
BMA,128,Wavelet W3,1,2,108,128,0.013824,0.199044,7.96832
BMA,128,Wavelet W3,1,3,108,128,0.013824,0.201606,8.355506
BMA,128,Wavelet W3,1,4,108,128,0.013824,0.192229,7.723569
BMA,128,Wavelet W3,1,5,108,128,0.013824,0.207275,8.269312
BMA,128,Wavelet W3,1,6,108,128,0.013824,0.202898,8.061723
BMA,128,Wavelet W3,2,0,108,128,0.013824,0.19641,8.419858
BMA,128,Wavelet W3,2,1,108,128,0.013824,0.225612,7.991964
BMA,128,Wavelet W3,2,2,108,128,0.013824,0.194421,8.112511
BMA,128,Wavelet W3,2,3,108,128,0.013824,0.205955,8.187587
BMA,128,Wavelet W3,2,4,108,128,0.013824,0.231642,8.165545
BMA,128,Wavelet W3,2,5,108,128,0.013824,0.197006,8.134721
BMA,128,Wavelet W3,2,6,108,128,0.013824,0.193126,9.303645
TBF,native,Roberts Focus Measure,0,0,2160,2560,5.5296,35.421742,47.315675
TBF,native,Roberts Focus Measure,0,1,2160,2560,5.5296,31.928749,35.519649
TBF,native,Roberts Focus Measure,0,2,2160,2560,5.5296,22.319594,42.394097
TBF,native,Roberts Focus Measure,0,3,2160,2560,5.5296,35.596376,34.333152
TBF,native,Roberts Focus Measure,0,4,2160,2560,5.5296,22.479418,44.689186
TBF,native,Roberts Focus Measure,0,5,2160,2560,5.5296,39.175271,34.971437
TBF,native,Roberts Focus Measure,0,6,2160,2560,5.5296,24.251261,47.087878
TBF,native,Roberts Focus Measure,1,0,2160,2560,5.5296,32.206817,35.193087
TBF,native,Roberts Focus Measure,1,1,2160,2560,5.5296,21.9397,40.706791
TBF,native,Roberts Focus Measure,1,2,2160,2560,5.5296,33.069552,34.801399
TBF,native,Roberts Focus Measure,1,3,2160,2560,5.5296,22.32662,39.161354
TBF,native,Roberts Focus Measure,1,4,2160,2560,5.5296,32.820302,34.612801
TBF,native,Roberts Focus Measure,1,5,2160,2560,5.5296,21.266513,38.94499
TBF,native,Roberts Focus Measure,1,6,2160,2560,5.5296,32.201593,33.415064
TBF,native,Roberts Focus Measure,2,0,2160,2560,5.5296,21.89086,39.103101
TBF,native,Roberts Focus Measure,2,1,2160,2560,5.5296,33.469681,35.319434
TBF,native,Roberts Focus Measure,2,2,2160,2560,5.5296,23.986811,39.958694
TBF,native,Roberts Focus Measure,2,3,2160,2560,5.5296,33.526438,34.941241
TBF,native,Roberts Focus Measure,2,4,2160,2560,5.5296,22.363777,42.125211
TBF,native,Roberts Focus Measure,2,5,2160,2560,5.5296,35.377314,34.006816
TBF,native,Roberts Focus Measure,2,6,2160,2560,5.5296,22.487166,42.673206
WBC,1024,Squared Gradient,0,0,1024,1024,1.048576,3.224353,4.225363
WBC,1024,Squared Gradient,0,1,1024,1024,1.048576,3.454488,3.918194
WBC,1024,Squared Gradient,0,2,1024,1024,1.048576,2.850224,3.864754
WBC,1024,Squared Gradient,0,3,1024,1024,1.048576,3.291072,4.38159
WBC,1024,Squared Gradient,0,4,1024,1024,1.048576,3.358022,4.566366
WBC,1024,Squared Gradient,0,5,1024,1024,1.048576,3.190203,3.763104
WBC,1024,Squared Gradient,0,6,1024,1024,1.048576,2.809199,3.915079
WBC,1024,Squared Gradient,1,0,1024,1024,1.048576,3.213602,3.615029
WBC,1024,Squared Gradient,1,1,1024,1024,1.048576,2.667572,3.807446
WBC,1024,Squared Gradient,1,2,1024,1024,1.048576,2.979136,3.714209
WBC,1024,Squared Gradient,1,3,1024,1024,1.048576,3.042514,4.003848
WBC,1024,Squared Gradient,1,4,1024,1024,1.048576,3.158831,3.613068
WBC,1024,Squared Gradient,1,5,1024,1024,1.048576,2.65527,3.883635
WBC,1024,Squared Gradient,1,6,1024,1024,1.048576,3.197661,3.747174
WBC,1024,Squared Gradient,2,0,1024,1024,1.048576,2.856854,4.098337
WBC,1024,Squared Gradient,2,1,1024,1024,1.048576,3.332275,3.783867
WBC,1024,Squared Gradient,2,2,1024,1024,1.048576,2.773836,3.818735
WBC,1024,Squared Gradient,2,3,1024,1024,1.048576,3.277375,3.964309
WBC,1024,Squared Gradient,2,4,1024,1024,1.048576,2.813668,4.185597
WBC,1024,Squared Gradient,2,5,1024,1024,1.048576,3.684464,4.416726
WBC,1024,Squared Gradient,2,6,1024,1024,1.048576,2.90303,4.12933
TBI,128,Image Power,0,0,96,128,0.012288,0.011,13.03406
TBI,128,Image Power,0,1,96,128,0.012288,0.014829,15.941555
TBI,128,Image Power,0,2,96,128,0.012288,0.01398,16.810776
TBI,128,Image Power,0,3,96,128,0.012288,0.014273,16.291695
TBI,128,Image Power,0,4,96,128,0.012288,0.015694,16.785565
TBI,128,Image Power,0,5,96,128,0.012288,0.014761,16.773584
TBI,128,Image Power,0,6,96,128,0.012288,0.015314,17.203849
TBI,128,Image Power,1,0,96,128,0.012288,0.010841,16.257396
TBI,128,Image Power,1,1,96,128,0.012288,0.016149,15.922575
TBI,128,Image Power,1,2,96,128,0.012288,0.019686,15.759689
TBI,128,Image Power,1,3,96,128,0.012288,0.014898,15.42318
TBI,128,Image Power,1,4,96,128,0.012288,0.014123,15.434564
TBI,128,Image Power,1,5,96,128,0.012288,0.015823,16.213767
TBI,128,Image Power,1,6,96,128,0.012288,0.014777,15.288841
TBI,128,Image Power,2,0,96,128,0.012288,0.010649,16.331478
TBI,128,Image Power,2,1,96,128,0.012288,0.019414,16.5666
TBI,128,Image Power,2,2,96,128,0.012288,0.01922,16.165933
TBI,128,Image Power,2,3,96,128,0.012288,0.014671,16.220031
TBI,128,Image Power,2,4,96,128,0.012288,0.014617,16.35573
TBI,128,Image Power,2,5,96,128,0.012288,0.014762,16.700485
TBI,128,Image Power,2,6,96,128,0.012288,0.013891,16.1384
TBF,1024,Histogram Entropy,0,0,864,1024,0.884736,4.520768,16.941443
TBF,1024,Histogram Entropy,0,1,864,1024,0.884736,4.425071,12.160753
TBF,1024,Histogram Entropy,0,2,864,1024,0.884736,4.637732,12.245569
TBF,1024,Histogram Entropy,0,3,864,1024,0.884736,4.438157,12.182194
TBF,1024,Histogram Entropy,0,4,864,1024,0.884736,4.440326,11.771848
TBF,1024,Histogram Entropy,0,5,864,1024,0.884736,4.368204,12.058973
TBF,1024,Histogram Entropy,0,6,864,1024,0.884736,4.650247,11.798085
TBF,1024,Histogram Entropy,1,0,864,1024,0.884736,4.264567,12.116206
TBF,1024,Histogram Entropy,1,1,864,1024,0.884736,4.545207,12.375472
TBF,1024,Histogram Entropy,1,2,864,1024,0.884736,4.279889,12.420704
TBF,1024,Histogram Entropy,1,3,864,1024,0.884736,4.700359,12.081592
TBF,1024,Histogram Entropy,1,4,864,1024,0.884736,4.507834,12.594157
TBF,1024,Histogram Entropy,1,5,864,1024,0.884736,4.709659,13.016053
TBF,1024,Histogram Entropy,1,6,864,1024,0.884736,5.394157,13.171662
TBF,1024,Histogram Entropy,2,0,864,1024,0.884736,4.626328,12.249535
TBF,1024,Histogram Entropy,2,1,864,1024,0.884736,4.438205,11.995456
TBF,1024,Histogram Entropy,2,2,864,1024,0.884736,4.84123,11.934232
TBF,1024,Histogram Entropy,2,3,864,1024,0.884736,6.483913,25.77494
TBF,1024,Histogram Entropy,2,4,864,1024,0.884736,6.163262,13.579671
TBF,1024,Histogram Entropy,2,5,864,1024,0.884736,5.23841,14.947684
TBF,1024,Histogram Entropy,2,6,864,1024,0.884736,5.444334,14.156122
TBF,128,Fourier Transform Sharpness Index,0,0,108,128,0.013824,0.200104,11.510058
TBF,128,Fourier Transform Sharpness Index,0,1,108,128,0.013824,0.441217,11.669251
TBF,128,Fourier Transform Sharpness Index,0,2,108,128,0.013824,0.241675,10.215297
TBF,128,Fourier Transform Sharpness Index,0,3,108,128,0.013824,0.238988,13.03159
TBF,128,Fourier Transform Sharpness Index,0,4,108,128,0.013824,0.245309,9.687164
TBF,128,Fourier Transform Sharpness Index,0,5,108,128,0.013824,0.243659,10.294322
TBF,128,Fourier Transform Sharpness Index,0,6,108,128,0.013824,0.263469,10.378002
TBF,128,Fourier Transform Sharpness Index,1,0,108,128,0.013824,0.20514,9.746797
TBF,128,Fourier Transform Sharpness Index,1,1,108,128,0.013824,0.286235,12.040499
TBF,128,Fourier Transform Sharpness Index,1,2,108,128,0.013824,0.269755,8.799409
TBF,128,Fourier Transform Sharpness Index,1,3,108,128,0.013824,0.21784,9.079315
TBF,128,Fourier Transform Sharpness Index,1,4,108,128,0.013824,0.282239,10.634253
TBF,128,Fourier Transform Sharpness Index,1,5,108,128,0.013824,0.234715,9.200007
TBF,128,Fourier Transform Sharpness Index,1,6,108,128,0.013824,0.252277,7.952376
TBF,128,Fourier Transform Sharpness Index,2,0,108,128,0.013824,0.206739,8.475754
TBF,128,Fourier Transform Sharpness Index,2,1,108,128,0.013824,0.216728,8.117774
TBF,128,Fourier Transform Sharpness Index,2,2,108,128,0.013824,0.407296,8.292321
TBF,128,Fourier Transform Sharpness Index,2,3,108,128,0.013824,0.230549,8.603548
TBF,128,Fourier Transform Sharpness Index,2,4,108,128,0.013824,0.240314,8.675636
TBF,128,Fourier Transform Sharpness Index,2,5,108,128,0.013824,0.247962,8.588613
TBF,128,Fourier Transform Sharpness Index,2,6,108,128,0.013824,0.269815,8.141545
PBS,128,Mean Absolute Laplacian,0,0,108,128,0.013824,0.161408,10.015783
PBS,128,Mean Absolute Laplacian,0,1,108,128,0.013824,0.180749,12.314187
PBS,128,Mean Absolute Laplacian,0,2,108,128,0.013824,0.462653,14.366575
PBS,128,Mean Absolute Laplacian,0,3,108,128,0.013824,0.163615,11.748532
PBS,128,Mean Absolute Laplacian,0,4,108,128,0.013824,0.154664,9.301836
PBS,128,Mean Absolute Laplacian,0,5,108,128,0.013824,0.195387,11.247256
PBS,128,Mean Absolute Laplacian,0,6,108,128,0.013824,0.157532,8.705364
PBS,128,Mean Absolute Laplacian,1,0,108,128,0.013824,0.168409,9.490873
PBS,128,Mean Absolute Laplacian,1,1,108,128,0.013824,0.168836,8.496624
PBS,128,Mean Absolute Laplacian,1,2,108,128,0.013824,0.175138,9.266807
PBS,128,Mean Absolute Laplacian,1,3,108,128,0.013824,0.163872,9.993994
PBS,128,Mean Absolute Laplacian,1,4,108,128,0.013824,0.154745,9.609861
PBS,128,Mean Absolute Laplacian,1,5,108,128,0.013824,0.162845,8.901694
PBS,128,Mean Absolute Laplacian,1,6,108,128,0.013824,0.168583,8.696158
PBS,128,Mean Absolute Laplacian,2,0,108,128,0.013824,0.140621,9.702966
PBS,128,Mean Absolute Laplacian,2,1,108,128,0.013824,0.211489,9.284958
PBS,128,Mean Absolute Laplacian,2,2,108,128,0.013824,0.155072,8.68763
PBS,128,Mean Absolute Laplacian,2,3,108,128,0.013824,0.179077,9.258862
PBS,128,Mean Absolute Laplacian,2,4,108,128,0.013824,0.161948,8.899287
PBS,128,Mean Absolute Laplacian,2,5,108,128,0.013824,0.196369,9.033141
PBS,128,Mean Absolute Laplacian,2,6,108,128,0.013824,0.159729,9.224846
TBF,1024,Normalized Variance,0,0,864,1024,0.884736,1.675004,9.901674
TBF,1024,Normalized Variance,0,1,864,1024,0.884736,1.795951,10.482596
TBF,1024,Normalized Variance,0,2,864,1024,0.884736,1.672512,10.445239
TBF,1024,Normalized Variance,0,3,864,1024,0.884736,1.987952,9.553959
TBF,1024,Normalized Variance,0,4,864,1024,0.884736,1.962043,9.754464
TBF,1024,Normalized Variance,0,5,864,1024,0.884736,2.417151,10.300599
TBF,1024,Normalized Variance,0,6,864,1024,0.884736,1.667351,9.739549
TBF,1024,Normalized Variance,1,0,864,1024,0.884736,1.833327,10.773579
TBF,1024,Normalized Variance,1,1,864,1024,0.884736,2.415115,10.225949
TBF,1024,Normalized Variance,1,2,864,1024,0.884736,1.785588,9.953434
TBF,1024,Normalized Variance,1,3,864,1024,0.884736,1.678849,9.808671
TBF,1024,Normalized Variance,1,4,864,1024,0.884736,1.781154,10.414351
TBF,1024,Normalized Variance,1,5,864,1024,0.884736,2.000655,9.700939
TBF,1024,Normalized Variance,1,6,864,1024,0.884736,1.885053,10.056684
TBF,1024,Normalized Variance,2,0,864,1024,0.884736,1.650078,9.815362
TBF,1024,Normalized Variance,2,1,864,1024,0.884736,2.049936,9.423548
TBF,1024,Normalized Variance,2,2,864,1024,0.884736,1.804248,9.776269
TBF,1024,Normalized Variance,2,3,864,1024,0.884736,1.864744,9.747459
TBF,1024,Normalized Variance,2,4,864,1024,0.884736,1.756081,9.933215
TBF,1024,Normalized Variance,2,5,864,1024,0.884736,1.768162,9.84383
TBF,1024,Normalized Variance,2,6,864,1024,0.884736,1.653752,10.111075
TBI,1024,Curvelet Transform Sharpness Index,0,0,768,1024,0.786432,12.826402,32.878529
TBI,1024,Curvelet Transform Sharpness Index,0,1,768,1024,0.786432,11.876172,32.21544
TBI,1024,Curvelet Transform Sharpness Index,0,2,768,1024,0.786432,11.853324,27.845101
TBI,1024,Curvelet Transform Sharpness Index,0,3,768,1024,0.786432,11.538111,29.38411
TBI,1024,Curvelet Transform Sharpness Index,0,4,768,1024,0.786432,12.55059,28.652052
TBI,1024,Curvelet Transform Sharpness Index,0,5,768,1024,0.786432,15.317681,29.144424
TBI,1024,Curvelet Transform Sharpness Index,0,6,768,1024,0.786432,11.816606,27.577847
TBI,1024,Curvelet Transform Sharpness Index,1,0,768,1024,0.786432,10.99432,28.934158
TBI,1024,Curvelet Transform Sharpness Index,1,1,768,1024,0.786432,11.681289,29.328538
TBI,1024,Curvelet Transform Sharpness Index,1,2,768,1024,0.786432,12.773492,35.603291
TBI,1024,Curvelet Transform Sharpness Index,1,3,768,1024,0.786432,14.8699,29.147518
TBI,1024,Curvelet Transform Sharpness Index,1,4,768,1024,0.786432,12.075842,29.051445
TBI,1024,Curvelet Transform Sharpness Index,1,5,768,1024,0.786432,12.131568,28.853445
TBI,1024,Curvelet Transform Sharpness Index,1,6,768,1024,0.786432,11.435207,28.923254
TBI,1024,Curvelet Transform Sharpness Index,2,0,768,1024,0.786432,12.10848,29.526162
TBI,1024,Curvelet Transform Sharpness Index,2,1,768,1024,0.786432,11.707302,28.592883
TBI,1024,Curvelet Transform Sharpness Index,2,2,768,1024,0.786432,12.03842,27.069281
TBI,1024,Curvelet Transform Sharpness Index,2,3,768,1024,0.786432,10.815031,27.683686
TBI,1024,Curvelet Transform Sharpness Index,2,4,768,1024,0.786432,11.258594,27.247723
TBI,1024,Curvelet Transform Sharpness Index,2,5,768,1024,0.786432,10.948864,28.518373
TBI,1024,Curvelet Transform Sharpness Index,2,6,768,1024,0.786432,11.289581,27.642679
BMA,128,Normalized Variance,0,0,108,128,0.013824,0.036043,12.202319
BMA,128,Normalized Variance,0,1,108,128,0.013824,0.038711,8.297949
BMA,128,Normalized Variance,0,2,108,128,0.013824,0.041292,8.138071
BMA,128,Normalized Variance,0,3,108,128,0.013824,0.039895,7.960448
BMA,128,Normalized Variance,0,4,108,128,0.013824,0.042523,8.002707
BMA,128,Normalized Variance,0,5,108,128,0.013824,0.044344,8.150674
BMA,128,Normalized Variance,0,6,108,128,0.013824,0.039718,8.7778
BMA,128,Normalized Variance,1,0,108,128,0.013824,0.032207,8.049771
BMA,128,Normalized Variance,1,1,108,128,0.013824,0.040475,8.368414
BMA,128,Normalized Variance,1,2,108,128,0.013824,0.056911,7.829584
BMA,128,Normalized Variance,1,3,108,128,0.013824,0.042035,8.399892
BMA,128,Normalized Variance,1,4,108,128,0.013824,0.050214,10.661837
BMA,128,Normalized Variance,1,5,108,128,0.013824,0.072456,8.533904
BMA,128,Normalized Variance,1,6,108,128,0.013824,0.041901,7.80332
BMA,128,Normalized Variance,2,0,108,128,0.013824,0.031705,8.223219
BMA,128,Normalized Variance,2,1,108,128,0.013824,0.037542,7.938529
BMA,128,Normalized Variance,2,2,108,128,0.013824,0.03678,7.960519
BMA,128,Normalized Variance,2,3,108,128,0.013824,0.037743,8.055015
BMA,128,Normalized Variance,2,4,108,128,0.013824,0.036206,8.014304
BMA,128,Normalized Variance,2,5,108,128,0.013824,0.053682,8.318681
BMA,128,Normalized Variance,2,6,108,128,0.013824,0.046752,8.937993
TBF,128,DCT Focus Measure,0,0,108,128,0.013824,0.089993,7.726678
TBF,128,DCT Focus Measure,0,1,108,128,0.013824,0.115304,7.408889
TBF,128,DCT Focus Measure,0,2,108,128,0.013824,0.089195,7.292432
TBF,128,DCT Focus Measure,0,3,108,128,0.013824,0.087628,10.763098
TBF,128,DCT Focus Measure,0,4,108,128,0.013824,0.100824,7.745722
TBF,128,DCT Focus Measure,0,5,108,128,0.013824,0.114399,10.661531
TBF,128,DCT Focus Measure,0,6,108,128,0.013824,0.100326,8.178088
TBF,128,DCT Focus Measure,1,0,108,128,0.013824,0.081458,7.976598
TBF,128,DCT Focus Measure,1,1,108,128,0.013824,0.110127,8.034153
TBF,128,DCT Focus Measure,1,2,108,128,0.013824,0.112569,8.739713
TBF,128,DCT Focus Measure,1,3,108,128,0.013824,0.112664,7.977961
TBF,128,DCT Focus Measure,1,4,108,128,0.013824,0.094153,8.445441
TBF,128,DCT Focus Measure,1,5,108,128,0.013824,0.20427,7.728369
TBF,128,DCT Focus Measure,1,6,108,128,0.013824,0.098381,7.665585
TBF,128,DCT Focus Measure,2,0,108,128,0.013824,0.084171,8.281043
TBF,128,DCT Focus Measure,2,1,108,128,0.013824,0.110814,8.256758
TBF,128,DCT Focus Measure,2,2,108,128,0.013824,0.099013,9.400979
TBF,128,DCT Focus Measure,2,3,108,128,0.013824,0.091611,7.214918
TBF,128,DCT Focus Measure,2,4,108,128,0.013824,0.08957,9.037432
TBF,128,DCT Focus Measure,2,5,108,128,0.013824,0.088792,7.147151
TBF,128,DCT Focus Measure,2,6,108,128,0.013824,0.086315,9.025217
PBS,128,Wavelet W3,0,0,108,128,0.013824,0.227674,8.868344
PBS,128,Wavelet W3,0,1,108,128,0.013824,0.248111,8.467072
PBS,128,Wavelet W3,0,2,108,128,0.013824,0.210145,10.511237
PBS,128,Wavelet W3,0,3,108,128,0.013824,0.208649,10.600675
PBS,128,Wavelet W3,0,4,108,128,0.013824,0.236267,8.548437
PBS,128,Wavelet W3,0,5,108,128,0.013824,0.246988,8.398362
PBS,128,Wavelet W3,0,6,108,128,0.013824,0.196168,8.079174
PBS,128,Wavelet W3,1,0,108,128,0.013824,0.188534,8.430543
PBS,128,Wavelet W3,1,1,108,128,0.013824,0.233744,8.434183
PBS,128,Wavelet W3,1,2,108,128,0.013824,0.196433,8.419646
PBS,128,Wavelet W3,1,3,108,128,0.013824,0.259706,8.144838
PBS,128,Wavelet W3,1,4,108,128,0.013824,0.200802,8.450244
PBS,128,Wavelet W3,1,5,108,128,0.013824,0.20141,8.915539
PBS,128,Wavelet W3,1,6,108,128,0.013824,0.229851,8.011762
PBS,128,Wavelet W3,2,0,108,128,0.013824,0.185497,8.000862
PBS,128,Wavelet W3,2,1,108,128,0.013824,0.225837,9.248771
PBS,128,Wavelet W3,2,2,108,128,0.013824,0.20252,8.618306
PBS,128,Wavelet W3,2,3,108,128,0.013824,0.242512,8.405837
PBS,128,Wavelet W3,2,4,108,128,0.013824,0.197485,8.099652
PBS,128,Wavelet W3,2,5,108,128,0.013824,0.192542,8.320041
PBS,128,Wavelet W3,2,6,108,128,0.013824,0.199085,8.592855
PBS,512,Absolute Central Moment 2,0,0,432,512,0.221184,0.43228,8.640873
PBS,512,Absolute Central Moment 2,0,1,432,512,0.221184,0.531495,8.211954
PBS,512,Absolute Central Moment 2,0,2,432,512,0.221184,0.518885,7.715967
PBS,512,Absolute Central Moment 2,0,3,432,512,0.221184,0.470677,8.080944
PBS,512,Absolute Central Moment 2,0,4,432,512,0.221184,0.533538,7.818611
PBS,512,Absolute Central Moment 2,0,5,432,512,0.221184,0.500085,8.267847
PBS,512,Absolute Central Moment 2,0,6,432,512,0.221184,0.532744,8.196542
PBS,512,Absolute Central Moment 2,1,0,432,512,0.221184,0.420781,8.520147
PBS,512,Absolute Central Moment 2,1,1,432,512,0.221184,0.544123,8.036925
PBS,512,Absolute Central Moment 2,1,2,432,512,0.221184,0.495754,8.16644
PBS,512,Absolute Central Moment 2,1,3,432,512,0.221184,0.499422,7.921147
PBS,512,Absolute Central Moment 2,1,4,432,512,0.221184,0.486449,7.891824
PBS,512,Absolute Central Moment 2,1,5,432,512,0.221184,0.45991,10.644606
PBS,512,Absolute Central Moment 2,1,6,432,512,0.221184,0.455407,7.70617
PBS,512,Absolute Central Moment 2,2,0,432,512,0.221184,0.423931,7.800824
PBS,512,Absolute Central Moment 2,2,1,432,512,0.221184,0.462405,7.709173
PBS,512,Absolute Central Moment 2,2,2,432,512,0.221184,0.469885,8.035726
PBS,512,Absolute Central Moment 2,2,3,432,512,0.221184,0.515988,7.832067
PBS,512,Absolute Central Moment 2,2,4,432,512,0.221184,0.507652,8.535838
PBS,512,Absolute Central Moment 2,2,5,432,512,0.221184,0.541751,9.952669
PBS,512,Absolute Central Moment 2,2,6,432,512,0.221184,0.498464,8.107011
WBC,512,Curvelet Transform Sharpness Index,0,0,512,512,0.262144,2.436182,5.451299
WBC,512,Curvelet Transform Sharpness Index,0,1,512,512,0.262144,2.28542,2.483667
WBC,512,Curvelet Transform Sharpness Index,0,2,512,512,0.262144,2.179781,2.440272
WBC,512,Curvelet Transform Sharpness Index,0,3,512,512,0.262144,2.157475,2.421077
WBC,512,Curvelet Transform Sharpness Index,0,4,512,512,0.262144,2.534999,2.506394
WBC,512,Curvelet Transform Sharpness Index,0,5,512,512,0.262144,2.287251,2.502432
WBC,512,Curvelet Transform Sharpness Index,0,6,512,512,0.262144,2.271041,2.480882
WBC,512,Curvelet Transform Sharpness Index,1,0,512,512,0.262144,2.152608,2.525152
WBC,512,Curvelet Transform Sharpness Index,1,1,512,512,0.262144,2.142638,2.446312
WBC,512,Curvelet Transform Sharpness Index,1,2,512,512,0.262144,2.174557,3.163238
WBC,512,Curvelet Transform Sharpness Index,1,3,512,512,0.262144,2.267746,2.488594
WBC,512,Curvelet Transform Sharpness Index,1,4,512,512,0.262144,2.171657,2.429496
WBC,512,Curvelet Transform Sharpness Index,1,5,512,512,0.262144,2.3181,2.483295
WBC,512,Curvelet Transform Sharpness Index,1,6,512,512,0.262144,2.17127,2.436426
WBC,512,Curvelet Transform Sharpness Index,2,0,512,512,0.262144,2.170156,2.442946
WBC,512,Curvelet Transform Sharpness Index,2,1,512,512,0.262144,2.189075,2.505896
WBC,512,Curvelet Transform Sharpness Index,2,2,512,512,0.262144,2.276362,2.46733
WBC,512,Curvelet Transform Sharpness Index,2,3,512,512,0.262144,2.200871,2.39409
WBC,512,Curvelet Transform Sharpness Index,2,4,512,512,0.262144,2.129646,2.654203
WBC,512,Curvelet Transform Sharpness Index,2,5,512,512,0.262144,2.204669,2.423467
WBC,512,Curvelet Transform Sharpness Index,2,6,512,512,0.262144,2.15481,2.474874
TBI,512,Variance of Laplacian,0,0,384,512,0.196608,0.320734,14.063698
TBI,512,Variance of Laplacian,0,1,384,512,0.196608,0.404782,16.363992
TBI,512,Variance of Laplacian,0,2,384,512,0.196608,0.361426,17.733498
TBI,512,Variance of Laplacian,0,3,384,512,0.196608,0.369994,18.31773
TBI,512,Variance of Laplacian,0,4,384,512,0.196608,0.384584,18.322543
TBI,512,Variance of Laplacian,0,5,384,512,0.196608,0.408666,18.350681
TBI,512,Variance of Laplacian,0,6,384,512,0.196608,0.35688,17.807036
TBI,512,Variance of Laplacian,1,0,384,512,0.196608,0.336223,17.90449
TBI,512,Variance of Laplacian,1,1,384,512,0.196608,0.357814,17.458922
TBI,512,Variance of Laplacian,1,2,384,512,0.196608,0.418114,17.505353
TBI,512,Variance of Laplacian,1,3,384,512,0.196608,0.356364,17.121697
TBI,512,Variance of Laplacian,1,4,384,512,0.196608,0.404915,18.160845
TBI,512,Variance of Laplacian,1,5,384,512,0.196608,0.382604,17.503063
TBI,512,Variance of Laplacian,1,6,384,512,0.196608,0.371559,17.694261
TBI,512,Variance of Laplacian,2,0,384,512,0.196608,0.303982,18.12339
TBI,512,Variance of Laplacian,2,1,384,512,0.196608,0.417151,18.729392
TBI,512,Variance of Laplacian,2,2,384,512,0.196608,0.389336,33.003892
TBI,512,Variance of Laplacian,2,3,384,512,0.196608,0.382881,17.173064
TBI,512,Variance of Laplacian,2,4,384,512,0.196608,0.454894,16.970925
TBI,512,Variance of Laplacian,2,5,384,512,0.196608,0.382137,19.063456
TBI,512,Variance of Laplacian,2,6,384,512,0.196608,0.431226,17.182165
PBS,512,Intensity Variance,0,0,432,512,0.221184,0.324998,12.345538
PBS,512,Intensity Variance,0,1,432,512,0.221184,0.38847,8.382682
PBS,512,Intensity Variance,0,2,432,512,0.221184,0.419747,7.879272
PBS,512,Intensity Variance,0,3,432,512,0.221184,0.465791,7.970708
PBS,512,Intensity Variance,0,4,432,512,0.221184,0.416724,7.678384
PBS,512,Intensity Variance,0,5,432,512,0.221184,0.401817,7.9454
PBS,512,Intensity Variance,0,6,432,512,0.221184,0.405802,7.610304
PBS,512,Intensity Variance,1,0,432,512,0.221184,0.33485,8.601544
PBS,512,Intensity Variance,1,1,432,512,0.221184,0.426393,7.69626
PBS,512,Intensity Variance,1,2,432,512,0.221184,0.398605,8.542005
PBS,512,Intensity Variance,1,3,432,512,0.221184,0.374348,8.425222
PBS,512,Intensity Variance,1,4,432,512,0.221184,0.370761,8.147853
PBS,512,Intensity Variance,1,5,432,512,0.221184,0.35952,8.451363
PBS,512,Intensity Variance,1,6,432,512,0.221184,0.428251,9.286099
PBS,512,Intensity Variance,2,0,432,512,0.221184,0.477997,7.430669
PBS,512,Intensity Variance,2,1,432,512,0.221184,0.444692,7.913064
PBS,512,Intensity Variance,2,2,432,512,0.221184,0.392068,7.855175
PBS,512,Intensity Variance,2,3,432,512,0.221184,0.371057,8.113465
PBS,512,Intensity Variance,2,4,432,512,0.221184,0.3574,7.718145
PBS,512,Intensity Variance,2,5,432,512,0.221184,0.353979,8.138001
PBS,512,Intensity Variance,2,6,432,512,0.221184,0.375107,7.933034
WBC,512,Gradient Squared Energy,0,0,512,512,0.262144,0.732817,1.053747
WBC,512,Gradient Squared Energy,0,1,512,512,0.262144,0.719437,1.083212
WBC,512,Gradient Squared Energy,0,2,512,512,0.262144,0.69204,1.001559
WBC,512,Gradient Squared Energy,0,3,512,512,0.262144,0.714439,0.922037
WBC,512,Gradient Squared Energy,0,4,512,512,0.262144,0.715887,0.892268
WBC,512,Gradient Squared Energy,0,5,512,512,0.262144,0.665065,0.895575
WBC,512,Gradient Squared Energy,0,6,512,512,0.262144,0.698973,0.920447
WBC,512,Gradient Squared Energy,1,0,512,512,0.262144,0.691619,0.954014
WBC,512,Gradient Squared Energy,1,1,512,512,0.262144,0.699559,0.885824
WBC,512,Gradient Squared Energy,1,2,512,512,0.262144,0.702365,0.886019
WBC,512,Gradient Squared Energy,1,3,512,512,0.262144,0.718708,0.908818
WBC,512,Gradient Squared Energy,1,4,512,512,0.262144,0.685677,0.883184
WBC,512,Gradient Squared Energy,1,5,512,512,0.262144,0.691584,0.935644
WBC,512,Gradient Squared Energy,1,6,512,512,0.262144,0.713132,0.885015
WBC,512,Gradient Squared Energy,2,0,512,512,0.262144,0.703975,1.104497
WBC,512,Gradient Squared Energy,2,1,512,512,0.262144,0.727339,0.992355
WBC,512,Gradient Squared Energy,2,2,512,512,0.262144,0.687534,0.979426
WBC,512,Gradient Squared Energy,2,3,512,512,0.262144,0.736132,0.923135
WBC,512,Gradient Squared Energy,2,4,512,512,0.262144,0.776706,0.899537
WBC,512,Gradient Squared Energy,2,5,512,512,0.262144,0.75373,0.883806
WBC,512,Gradient Squared Energy,2,6,512,512,0.262144,0.693986,0.911783
BMA,native,Intensity Range Index,0,0,2160,2560,5.5296,8.578853,22.475145
BMA,native,Intensity Range Index,0,1,2160,2560,5.5296,12.489151,17.701565
BMA,native,Intensity Range Index,0,2,2160,2560,5.5296,7.734976,23.956102
BMA,native,Intensity Range Index,0,3,2160,2560,5.5296,11.356304,14.574191
BMA,native,Intensity Range Index,0,4,2160,2560,5.5296,7.699021,19.203728
BMA,native,Intensity Range Index,0,5,2160,2560,5.5296,13.131918,14.704555
BMA,native,Intensity Range Index,0,6,2160,2560,5.5296,8.496072,20.00899
BMA,native,Intensity Range Index,1,0,2160,2560,5.5296,11.450288,16.353264
BMA,native,Intensity Range Index,1,1,2160,2560,5.5296,8.110541,19.309856
BMA,native,Intensity Range Index,1,2,2160,2560,5.5296,11.740998,15.61982
BMA,native,Intensity Range Index,1,3,2160,2560,5.5296,8.320275,19.323876
BMA,native,Intensity Range Index,1,4,2160,2560,5.5296,11.350277,14.879336
BMA,native,Intensity Range Index,1,5,2160,2560,5.5296,7.89046,18.523307
BMA,native,Intensity Range Index,1,6,2160,2560,5.5296,11.336321,14.662505
BMA,native,Intensity Range Index,2,0,2160,2560,5.5296,7.109879,18.633751
BMA,native,Intensity Range Index,2,1,2160,2560,5.5296,12.455238,14.66628
BMA,native,Intensity Range Index,2,2,2160,2560,5.5296,7.601197,18.074828
BMA,native,Intensity Range Index,2,3,2160,2560,5.5296,10.983862,14.710454
BMA,native,Intensity Range Index,2,4,2160,2560,5.5296,7.867408,19.051205
BMA,native,Intensity Range Index,2,5,2160,2560,5.5296,11.971617,15.470523
BMA,native,Intensity Range Index,2,6,2160,2560,5.5296,8.291325,19.714687
BMA,native,Normalized Variance,0,0,2160,2560,5.5296,20.829957,22.147586
BMA,native,Normalized Variance,0,1,2160,2560,5.5296,15.256329,26.254759
BMA,native,Normalized Variance,0,2,2160,2560,5.5296,18.461117,22.31015
BMA,native,Normalized Variance,0,3,2160,2560,5.5296,14.591052,26.425907
BMA,native,Normalized Variance,0,4,2160,2560,5.5296,18.9342,21.688591
BMA,native,Normalized Variance,0,5,2160,2560,5.5296,14.884556,26.285482
BMA,native,Normalized Variance,0,6,2160,2560,5.5296,19.315109,21.000117
BMA,native,Normalized Variance,1,0,2160,2560,5.5296,15.500111,27.625654
BMA,native,Normalized Variance,1,1,2160,2560,5.5296,19.60263,22.349009
BMA,native,Normalized Variance,1,2,2160,2560,5.5296,15.674033,27.209286
BMA,native,Normalized Variance,1,3,2160,2560,5.5296,21.456509,22.541222
BMA,native,Normalized Variance,1,4,2160,2560,5.5296,15.30285,27.371371
BMA,native,Normalized Variance,1,5,2160,2560,5.5296,19.88164,22.638417
BMA,native,Normalized Variance,1,6,2160,2560,5.5296,16.781175,27.18888
BMA,native,Normalized Variance,2,0,2160,2560,5.5296,20.421835,22.292116
BMA,native,Normalized Variance,2,1,2160,2560,5.5296,15.504552,28.155152
BMA,native,Normalized Variance,2,2,2160,2560,5.5296,21.746151,22.061444
BMA,native,Normalized Variance,2,3,2160,2560,5.5296,15.507494,28.332929
BMA,native,Normalized Variance,2,4,2160,2560,5.5296,21.195116,23.097425
BMA,native,Normalized Variance,2,5,2160,2560,5.5296,15.827105,29.201895
BMA,native,Normalized Variance,2,6,2160,2560,5.5296,20.109484,22.407337
TBI,1024,Normalized Variance,0,0,768,1024,0.786432,1.878279,16.895806
TBI,1024,Normalized Variance,0,1,768,1024,0.786432,1.644336,19.069803
TBI,1024,Normalized Variance,0,2,768,1024,0.786432,1.935138,18.958029
TBI,1024,Normalized Variance,0,3,768,1024,0.786432,1.660256,26.748677
TBI,1024,Normalized Variance,0,4,768,1024,0.786432,1.832673,38.171395
TBI,1024,Normalized Variance,0,5,768,1024,0.786432,1.724416,19.369299
TBI,1024,Normalized Variance,0,6,768,1024,0.786432,2.061634,18.457938
TBI,1024,Normalized Variance,1,0,768,1024,0.786432,1.477166,18.486151
TBI,1024,Normalized Variance,1,1,768,1024,0.786432,1.6311,18.540891
TBI,1024,Normalized Variance,1,2,768,1024,0.786432,1.620536,18.691345
TBI,1024,Normalized Variance,1,3,768,1024,0.786432,1.886859,19.028085
TBI,1024,Normalized Variance,1,4,768,1024,0.786432,1.683951,18.545308
TBI,1024,Normalized Variance,1,5,768,1024,0.786432,1.731833,18.826255
TBI,1024,Normalized Variance,1,6,768,1024,0.786432,1.661334,18.150551
TBI,1024,Normalized Variance,2,0,768,1024,0.786432,1.504624,19.120814
TBI,1024,Normalized Variance,2,1,768,1024,0.786432,1.778839,18.076371
TBI,1024,Normalized Variance,2,2,768,1024,0.786432,1.693572,18.190987
TBI,1024,Normalized Variance,2,3,768,1024,0.786432,1.607328,17.712487
TBI,1024,Normalized Variance,2,4,768,1024,0.786432,1.625642,17.805435
TBI,1024,Normalized Variance,2,5,768,1024,0.786432,1.548964,17.508355
TBI,1024,Normalized Variance,2,6,768,1024,0.786432,1.620299,17.895839
BMA,native,Curvelet Transform Sharpness Index,0,0,2160,2560,5.5296,143.004511,156.886644
BMA,native,Curvelet Transform Sharpness Index,0,1,2160,2560,5.5296,145.438932,143.932928
BMA,native,Curvelet Transform Sharpness Index,0,2,2160,2560,5.5296,147.893808,148.031579
BMA,native,Curvelet Transform Sharpness Index,0,3,2160,2560,5.5296,138.604162,142.428411
BMA,native,Curvelet Transform Sharpness Index,0,4,2160,2560,5.5296,135.794675,157.630175
BMA,native,Curvelet Transform Sharpness Index,0,5,2160,2560,5.5296,144.256803,137.255046
BMA,native,Curvelet Transform Sharpness Index,0,6,2160,2560,5.5296,138.315574,149.46746
BMA,native,Curvelet Transform Sharpness Index,1,0,2160,2560,5.5296,141.960149,148.650591
BMA,native,Curvelet Transform Sharpness Index,1,1,2160,2560,5.5296,144.279902,151.578205
BMA,native,Curvelet Transform Sharpness Index,1,2,2160,2560,5.5296,145.666967,143.480727
BMA,native,Curvelet Transform Sharpness Index,1,3,2160,2560,5.5296,138.76384,151.309285
BMA,native,Curvelet Transform Sharpness Index,1,4,2160,2560,5.5296,151.59431,145.095239
BMA,native,Curvelet Transform Sharpness Index,1,5,2160,2560,5.5296,134.819387,153.201713
BMA,native,Curvelet Transform Sharpness Index,1,6,2160,2560,5.5296,149.519267,141.887466
BMA,native,Curvelet Transform Sharpness Index,2,0,2160,2560,5.5296,138.726265,148.809145
BMA,native,Curvelet Transform Sharpness Index,2,1,2160,2560,5.5296,139.511101,141.286223
BMA,native,Curvelet Transform Sharpness Index,2,2,2160,2560,5.5296,137.103816,144.713679
BMA,native,Curvelet Transform Sharpness Index,2,3,2160,2560,5.5296,144.640936,146.272403
BMA,native,Curvelet Transform Sharpness Index,2,4,2160,2560,5.5296,135.116796,148.702886
BMA,native,Curvelet Transform Sharpness Index,2,5,2160,2560,5.5296,150.458516,141.665031
BMA,native,Curvelet Transform Sharpness Index,2,6,2160,2560,5.5296,141.376528,160.278829
WBC,512,Maximal Intensity,0,0,512,512,0.262144,0.124234,1.324749
WBC,512,Maximal Intensity,0,1,512,512,0.262144,0.15462,0.457738
WBC,512,Maximal Intensity,0,2,512,512,0.262144,0.136197,0.353199
WBC,512,Maximal Intensity,0,3,512,512,0.262144,0.132765,0.340459
WBC,512,Maximal Intensity,0,4,512,512,0.262144,0.132135,0.379998
WBC,512,Maximal Intensity,0,5,512,512,0.262144,0.148367,0.442912
WBC,512,Maximal Intensity,0,6,512,512,0.262144,0.133786,0.352032
WBC,512,Maximal Intensity,1,0,512,512,0.262144,0.115223,0.373959
WBC,512,Maximal Intensity,1,1,512,512,0.262144,0.116399,0.347065
WBC,512,Maximal Intensity,1,2,512,512,0.262144,0.140062,0.359125
WBC,512,Maximal Intensity,1,3,512,512,0.262144,0.135713,0.377194
WBC,512,Maximal Intensity,1,4,512,512,0.262144,0.123174,0.375812
WBC,512,Maximal Intensity,1,5,512,512,0.262144,0.134291,0.353135
WBC,512,Maximal Intensity,1,6,512,512,0.262144,0.15669,0.334111
WBC,512,Maximal Intensity,2,0,512,512,0.262144,0.128869,0.385185
WBC,512,Maximal Intensity,2,1,512,512,0.262144,0.132928,0.346985
WBC,512,Maximal Intensity,2,2,512,512,0.262144,0.139491,0.327709
WBC,512,Maximal Intensity,2,3,512,512,0.262144,0.113111,0.316484
WBC,512,Maximal Intensity,2,4,512,512,0.262144,0.110431,0.358388
WBC,512,Maximal Intensity,2,5,512,512,0.262144,0.113213,0.335256
WBC,512,Maximal Intensity,2,6,512,512,0.262144,0.123942,0.706837
WBC,native,Histogram Entropy,0,0,200,200,0.04,0.167358,0.251706
WBC,native,Histogram Entropy,0,1,200,200,0.04,0.17007,0.263041
WBC,native,Histogram Entropy,0,2,200,200,0.04,0.168827,0.245442
WBC,native,Histogram Entropy,0,3,200,200,0.04,0.178498,0.216627
WBC,native,Histogram Entropy,0,4,200,200,0.04,0.16902,0.216406
WBC,native,Histogram Entropy,0,5,200,200,0.04,0.166979,0.206416
WBC,native,Histogram Entropy,0,6,200,200,0.04,0.208777,0.226412
WBC,native,Histogram Entropy,1,0,200,200,0.04,0.159511,0.205745
WBC,native,Histogram Entropy,1,1,200,200,0.04,0.158894,0.20564
WBC,native,Histogram Entropy,1,2,200,200,0.04,0.326039,0.429971
WBC,native,Histogram Entropy,1,3,200,200,0.04,0.202306,0.22401
WBC,native,Histogram Entropy,1,4,200,200,0.04,0.177292,0.205864
WBC,native,Histogram Entropy,1,5,200,200,0.04,0.158871,0.206151
WBC,native,Histogram Entropy,1,6,200,200,0.04,0.158813,0.237186
WBC,native,Histogram Entropy,2,0,200,200,0.04,0.169187,0.235111
WBC,native,Histogram Entropy,2,1,200,200,0.04,0.168245,0.20323
WBC,native,Histogram Entropy,2,2,200,200,0.04,0.160105,0.202356
WBC,native,Histogram Entropy,2,3,200,200,0.04,0.159216,0.236158
WBC,native,Histogram Entropy,2,4,200,200,0.04,0.169656,0.207534
WBC,native,Histogram Entropy,2,5,200,200,0.04,0.16184,0.198365
WBC,native,Histogram Entropy,2,6,200,200,0.04,0.156357,0.199872
PBS,native,Energy of Gradient,0,0,2160,2560,5.5296,31.759956,42.302676
PBS,native,Energy of Gradient,0,1,2160,2560,5.5296,34.233991,31.114695
PBS,native,Energy of Gradient,0,2,2160,2560,5.5296,18.318311,42.660778
PBS,native,Energy of Gradient,0,3,2160,2560,5.5296,35.655422,30.05129
PBS,native,Energy of Gradient,0,4,2160,2560,5.5296,17.325799,41.871913
PBS,native,Energy of Gradient,0,5,2160,2560,5.5296,34.924497,28.688144
PBS,native,Energy of Gradient,0,6,2160,2560,5.5296,17.98532,42.617563
PBS,native,Energy of Gradient,1,0,2160,2560,5.5296,35.32403,31.842733
PBS,native,Energy of Gradient,1,1,2160,2560,5.5296,16.976743,41.777694
PBS,native,Energy of Gradient,1,2,2160,2560,5.5296,34.771858,30.082861
PBS,native,Energy of Gradient,1,3,2160,2560,5.5296,17.358548,50.073367
PBS,native,Energy of Gradient,1,4,2160,2560,5.5296,34.769555,29.306388
PBS,native,Energy of Gradient,1,5,2160,2560,5.5296,16.621069,42.324824
PBS,native,Energy of Gradient,1,6,2160,2560,5.5296,34.662742,29.888918
PBS,native,Energy of Gradient,2,0,2160,2560,5.5296,16.984165,43.430085
PBS,native,Energy of Gradient,2,1,2160,2560,5.5296,35.558602,30.342678
PBS,native,Energy of Gradient,2,2,2160,2560,5.5296,17.295892,42.92064
PBS,native,Energy of Gradient,2,3,2160,2560,5.5296,35.533017,31.205083
PBS,native,Energy of Gradient,2,4,2160,2560,5.5296,18.479123,37.59551
PBS,native,Energy of Gradient,2,5,2160,2560,5.5296,37.285609,38.666912
PBS,native,Energy of Gradient,2,6,2160,2560,5.5296,19.167631,48.774409
WBC,1024,Absolute Central Moment 4,0,0,1024,1024,1.048576,15.278458,15.728026
WBC,1024,Absolute Central Moment 4,0,1,1024,1024,1.048576,15.834712,16.744334
WBC,1024,Absolute Central Moment 4,0,2,1024,1024,1.048576,14.592997,15.884825
WBC,1024,Absolute Central Moment 4,0,3,1024,1024,1.048576,15.323432,15.605827
WBC,1024,Absolute Central Moment 4,0,4,1024,1024,1.048576,14.75498,16.357377
WBC,1024,Absolute Central Moment 4,0,5,1024,1024,1.048576,17.009102,15.799585
WBC,1024,Absolute Central Moment 4,0,6,1024,1024,1.048576,14.886138,15.636854
WBC,1024,Absolute Central Moment 4,1,0,1024,1024,1.048576,15.170771,16.271836
WBC,1024,Absolute Central Moment 4,1,1,1024,1024,1.048576,14.827565,16.162551
WBC,1024,Absolute Central Moment 4,1,2,1024,1024,1.048576,15.170477,17.5592
WBC,1024,Absolute Central Moment 4,1,3,1024,1024,1.048576,14.858969,15.771599
WBC,1024,Absolute Central Moment 4,1,4,1024,1024,1.048576,14.74237,16.845695
WBC,1024,Absolute Central Moment 4,1,5,1024,1024,1.048576,15.272352,15.33466
WBC,1024,Absolute Central Moment 4,1,6,1024,1024,1.048576,15.326758,15.96624
WBC,1024,Absolute Central Moment 4,2,0,1024,1024,1.048576,16.468567,17.010507
WBC,1024,Absolute Central Moment 4,2,1,1024,1024,1.048576,18.485282,16.660978
WBC,1024,Absolute Central Moment 4,2,2,1024,1024,1.048576,15.900307,17.080029
WBC,1024,Absolute Central Moment 4,2,3,1024,1024,1.048576,15.399954,15.553619
WBC,1024,Absolute Central Moment 4,2,4,1024,1024,1.048576,14.770088,15.311116
WBC,1024,Absolute Central Moment 4,2,5,1024,1024,1.048576,14.480379,15.174452
WBC,1024,Absolute Central Moment 4,2,6,1024,1024,1.048576,14.458342,15.09627
PBS,1024,DCT Focus Measure,0,0,864,1024,0.884736,7.27425,16.079207
PBS,1024,DCT Focus Measure,0,1,864,1024,0.884736,8.277648,16.364888
PBS,1024,DCT Focus Measure,0,2,864,1024,0.884736,7.393661,14.882474
PBS,1024,DCT Focus Measure,0,3,864,1024,0.884736,7.629911,14.994782
PBS,1024,DCT Focus Measure,0,4,864,1024,0.884736,6.316024,14.980357
PBS,1024,DCT Focus Measure,0,5,864,1024,0.884736,6.53059,14.1739
PBS,1024,DCT Focus Measure,0,6,864,1024,0.884736,6.405168,13.982082
PBS,1024,DCT Focus Measure,1,0,864,1024,0.884736,6.025568,15.502752
PBS,1024,DCT Focus Measure,1,1,864,1024,0.884736,6.436705,15.124023
PBS,1024,DCT Focus Measure,1,2,864,1024,0.884736,6.827831,15.288514
PBS,1024,DCT Focus Measure,1,3,864,1024,0.884736,6.381904,14.154823
PBS,1024,DCT Focus Measure,1,4,864,1024,0.884736,6.352197,14.004058
PBS,1024,DCT Focus Measure,1,5,864,1024,0.884736,6.371562,14.835428
PBS,1024,DCT Focus Measure,1,6,864,1024,0.884736,6.082438,16.345874
PBS,1024,DCT Focus Measure,2,0,864,1024,0.884736,6.501322,16.190595
PBS,1024,DCT Focus Measure,2,1,864,1024,0.884736,7.16293,15.596435
PBS,1024,DCT Focus Measure,2,2,864,1024,0.884736,6.953632,15.741684
PBS,1024,DCT Focus Measure,2,3,864,1024,0.884736,6.547761,14.792675
PBS,1024,DCT Focus Measure,2,4,864,1024,0.884736,6.396945,14.646678
PBS,1024,DCT Focus Measure,2,5,864,1024,0.884736,6.485801,16.270239
PBS,1024,DCT Focus Measure,2,6,864,1024,0.884736,6.980874,15.282038
PBS,512,Spatial Frequency,0,0,432,512,0.221184,0.679941,8.051175
PBS,512,Spatial Frequency,0,1,432,512,0.221184,0.75659,8.130767
PBS,512,Spatial Frequency,0,2,432,512,0.221184,0.871561,8.362821
PBS,512,Spatial Frequency,0,3,432,512,0.221184,0.725574,8.809189
PBS,512,Spatial Frequency,0,4,432,512,0.221184,1.12322,8.763158
PBS,512,Spatial Frequency,0,5,432,512,0.221184,0.924504,8.597782
PBS,512,Spatial Frequency,0,6,432,512,0.221184,0.823307,8.371676
PBS,512,Spatial Frequency,1,0,432,512,0.221184,0.878096,8.5289
PBS,512,Spatial Frequency,1,1,432,512,0.221184,0.727446,9.127095
PBS,512,Spatial Frequency,1,2,432,512,0.221184,0.902695,8.863386
PBS,512,Spatial Frequency,1,3,432,512,0.221184,0.915575,8.776472
PBS,512,Spatial Frequency,1,4,432,512,0.221184,0.782747,8.889419
PBS,512,Spatial Frequency,1,5,432,512,0.221184,0.771564,8.700409
PBS,512,Spatial Frequency,1,6,432,512,0.221184,0.80659,8.81193
PBS,512,Spatial Frequency,2,0,432,512,0.221184,0.740892,8.348896
PBS,512,Spatial Frequency,2,1,432,512,0.221184,0.761108,8.631031
PBS,512,Spatial Frequency,2,2,432,512,0.221184,0.759384,8.561857
PBS,512,Spatial Frequency,2,3,432,512,0.221184,0.693181,8.234322
PBS,512,Spatial Frequency,2,4,432,512,0.221184,0.783252,9.586702
PBS,512,Spatial Frequency,2,5,432,512,0.221184,0.803511,8.870124
PBS,512,Spatial Frequency,2,6,432,512,0.221184,0.766576,9.169755
BMA,512,DCT Focus Measure,0,0,432,512,0.221184,1.42491,9.06305
BMA,512,DCT Focus Measure,0,1,432,512,0.221184,1.415755,9.020727
BMA,512,DCT Focus Measure,0,2,432,512,0.221184,1.474632,9.265641
BMA,512,DCT Focus Measure,0,3,432,512,0.221184,1.491474,9.215395
BMA,512,DCT Focus Measure,0,4,432,512,0.221184,1.421895,9.193612
BMA,512,DCT Focus Measure,0,5,432,512,0.221184,1.437007,8.950573
BMA,512,DCT Focus Measure,0,6,432,512,0.221184,1.470661,9.899171
BMA,512,DCT Focus Measure,1,0,432,512,0.221184,1.475444,9.877682
BMA,512,DCT Focus Measure,1,1,432,512,0.221184,1.450012,9.906471
BMA,512,DCT Focus Measure,1,2,432,512,0.221184,1.450494,9.186068
BMA,512,DCT Focus Measure,1,3,432,512,0.221184,1.600908,9.674551
BMA,512,DCT Focus Measure,1,4,432,512,0.221184,1.467357,9.299151
BMA,512,DCT Focus Measure,1,5,432,512,0.221184,1.422989,9.101798
BMA,512,DCT Focus Measure,1,6,432,512,0.221184,1.48714,8.779742
BMA,512,DCT Focus Measure,2,0,432,512,0.221184,1.350669,9.009391
BMA,512,DCT Focus Measure,2,1,432,512,0.221184,1.503821,10.597524
BMA,512,DCT Focus Measure,2,2,432,512,0.221184,1.598709,9.433039
BMA,512,DCT Focus Measure,2,3,432,512,0.221184,1.50239,8.986914
BMA,512,DCT Focus Measure,2,4,432,512,0.221184,1.48736,9.368594
BMA,512,DCT Focus Measure,2,5,432,512,0.221184,1.565048,8.823047
BMA,512,DCT Focus Measure,2,6,432,512,0.221184,1.458936,9.758644
PBS,512,GLCM Contrast,0,0,432,512,0.221184,54.665338,61.01403
PBS,512,GLCM Contrast,0,1,432,512,0.221184,64.942707,62.834769
PBS,512,GLCM Contrast,0,2,432,512,0.221184,52.88889,62.142811
PBS,512,GLCM Contrast,0,3,432,512,0.221184,53.396963,61.185883
PBS,512,GLCM Contrast,0,4,432,512,0.221184,54.954419,63.249047
PBS,512,GLCM Contrast,0,5,432,512,0.221184,54.479222,62.623216
PBS,512,GLCM Contrast,0,6,432,512,0.221184,55.35178,61.803084
PBS,512,GLCM Contrast,1,0,432,512,0.221184,55.698567,61.122324
PBS,512,GLCM Contrast,1,1,432,512,0.221184,53.705778,61.908016
PBS,512,GLCM Contrast,1,2,432,512,0.221184,56.430765,63.094284
PBS,512,GLCM Contrast,1,3,432,512,0.221184,59.04564,64.890577
PBS,512,GLCM Contrast,1,4,432,512,0.221184,54.97664,63.888784
PBS,512,GLCM Contrast,1,5,432,512,0.221184,55.807873,62.237076
PBS,512,GLCM Contrast,1,6,432,512,0.221184,55.091545,61.827768
PBS,512,GLCM Contrast,2,0,432,512,0.221184,54.345111,62.763535
PBS,512,GLCM Contrast,2,1,432,512,0.221184,53.209315,62.927126
PBS,512,GLCM Contrast,2,2,432,512,0.221184,54.948808,63.011251
PBS,512,GLCM Contrast,2,3,432,512,0.221184,54.865014,62.636455
PBS,512,GLCM Contrast,2,4,432,512,0.221184,54.471609,63.939378
PBS,512,GLCM Contrast,2,5,432,512,0.221184,54.067433,62.258641
PBS,512,GLCM Contrast,2,6,432,512,0.221184,56.07394,61.319389
WBC,512,Laplacian Energy,0,0,512,512,0.262144,2.909428,3.400219
WBC,512,Laplacian Energy,0,1,512,512,0.262144,3.340349,3.254905
WBC,512,Laplacian Energy,0,2,512,512,0.262144,3.388805,3.599353
WBC,512,Laplacian Energy,0,3,512,512,0.262144,3.009321,3.32572
WBC,512,Laplacian Energy,0,4,512,512,0.262144,3.536384,3.311606
WBC,512,Laplacian Energy,0,5,512,512,0.262144,3.295237,2.984612
WBC,512,Laplacian Energy,0,6,512,512,0.262144,3.063711,3.381707
WBC,512,Laplacian Energy,1,0,512,512,0.262144,2.627642,3.225089
WBC,512,Laplacian Energy,1,1,512,512,0.262144,3.21616,3.375288
WBC,512,Laplacian Energy,1,2,512,512,0.262144,2.71539,2.956676
WBC,512,Laplacian Energy,1,3,512,512,0.262144,2.968076,3.653856
WBC,512,Laplacian Energy,1,4,512,512,0.262144,3.252694,3.404344
WBC,512,Laplacian Energy,1,5,512,512,0.262144,2.986376,3.185952
WBC,512,Laplacian Energy,1,6,512,512,0.262144,3.424014,3.68152
WBC,512,Laplacian Energy,2,0,512,512,0.262144,3.250524,3.326268
WBC,512,Laplacian Energy,2,1,512,512,0.262144,3.14636,3.641255
WBC,512,Laplacian Energy,2,2,512,512,0.262144,2.917179,3.725801
WBC,512,Laplacian Energy,2,3,512,512,0.262144,3.063416,3.559933
WBC,512,Laplacian Energy,2,4,512,512,0.262144,3.117859,3.124428
WBC,512,Laplacian Energy,2,5,512,512,0.262144,3.04663,3.378518
WBC,512,Laplacian Energy,2,6,512,512,0.262144,2.89976,3.402593
WBC,128,Curvelet Transform Sharpness Index,0,0,128,128,0.016384,0.151643,0.332853
WBC,128,Curvelet Transform Sharpness Index,0,1,128,128,0.016384,0.143111,0.32539
WBC,128,Curvelet Transform Sharpness Index,0,2,128,128,0.016384,0.151056,0.30278
WBC,128,Curvelet Transform Sharpness Index,0,3,128,128,0.016384,0.141743,0.311342
WBC,128,Curvelet Transform Sharpness Index,0,4,128,128,0.016384,0.138089,0.275569
WBC,128,Curvelet Transform Sharpness Index,0,5,128,128,0.016384,0.13611,0.290485
WBC,128,Curvelet Transform Sharpness Index,0,6,128,128,0.016384,0.152092,0.279747
WBC,128,Curvelet Transform Sharpness Index,1,0,128,128,0.016384,0.13495,0.281837
WBC,128,Curvelet Transform Sharpness Index,1,1,128,128,0.016384,0.136935,0.274119
WBC,128,Curvelet Transform Sharpness Index,1,2,128,128,0.016384,0.136677,0.324498
WBC,128,Curvelet Transform Sharpness Index,1,3,128,128,0.016384,0.173021,0.301636
WBC,128,Curvelet Transform Sharpness Index,1,4,128,128,0.016384,0.149415,0.306704
WBC,128,Curvelet Transform Sharpness Index,1,5,128,128,0.016384,0.1433,0.341791
WBC,128,Curvelet Transform Sharpness Index,1,6,128,128,0.016384,0.193825,0.599747
WBC,128,Curvelet Transform Sharpness Index,2,0,128,128,0.016384,0.134472,0.290854
WBC,128,Curvelet Transform Sharpness Index,2,1,128,128,0.016384,0.138308,0.274511
WBC,128,Curvelet Transform Sharpness Index,2,2,128,128,0.016384,0.161613,0.302971
WBC,128,Curvelet Transform Sharpness Index,2,3,128,128,0.016384,0.140853,0.275686
WBC,128,Curvelet Transform Sharpness Index,2,4,128,128,0.016384,0.136189,0.284928
WBC,128,Curvelet Transform Sharpness Index,2,5,128,128,0.016384,0.140972,0.298487
WBC,128,Curvelet Transform Sharpness Index,2,6,128,128,0.016384,0.138076,0.311228
WBC,1024,Wavelet W3,0,0,1024,1024,1.048576,18.1199,19.154664
WBC,1024,Wavelet W3,0,1,1024,1024,1.048576,18.120475,19.009357
WBC,1024,Wavelet W3,0,2,1024,1024,1.048576,17.962117,20.489633
WBC,1024,Wavelet W3,0,3,1024,1024,1.048576,17.457439,18.990675
WBC,1024,Wavelet W3,0,4,1024,1024,1.048576,18.051509,19.220337
WBC,1024,Wavelet W3,0,5,1024,1024,1.048576,18.157914,18.395131
WBC,1024,Wavelet W3,0,6,1024,1024,1.048576,17.534193,19.063798
WBC,1024,Wavelet W3,1,0,1024,1024,1.048576,17.858967,18.948884
WBC,1024,Wavelet W3,1,1,1024,1024,1.048576,17.17601,18.432721
WBC,1024,Wavelet W3,1,2,1024,1024,1.048576,18.19768,19.072525
WBC,1024,Wavelet W3,1,3,1024,1024,1.048576,18.603557,19.107215
WBC,1024,Wavelet W3,1,4,1024,1024,1.048576,19.431905,20.020495
WBC,1024,Wavelet W3,1,5,1024,1024,1.048576,18.151846,19.186948
WBC,1024,Wavelet W3,1,6,1024,1024,1.048576,19.745905,19.083538
WBC,1024,Wavelet W3,2,0,1024,1024,1.048576,17.959049,20.078496
WBC,1024,Wavelet W3,2,1,1024,1024,1.048576,18.816525,20.438444
WBC,1024,Wavelet W3,2,2,1024,1024,1.048576,18.44177,19.571991
WBC,1024,Wavelet W3,2,3,1024,1024,1.048576,19.734482,19.2092
WBC,1024,Wavelet W3,2,4,1024,1024,1.048576,17.680811,20.24917
WBC,1024,Wavelet W3,2,5,1024,1024,1.048576,19.093796,20.036265
WBC,1024,Wavelet W3,2,6,1024,1024,1.048576,19.469296,19.320194
TBF,native,Variance of Gradient,0,0,2160,2560,5.5296,38.239168,51.979278
TBF,native,Variance of Gradient,0,1,2160,2560,5.5296,35.493064,36.868695
TBF,native,Variance of Gradient,0,2,2160,2560,5.5296,24.515309,43.182843
TBF,native,Variance of Gradient,0,3,2160,2560,5.5296,36.76881,36.441462
TBF,native,Variance of Gradient,0,4,2160,2560,5.5296,23.541626,45.455362
TBF,native,Variance of Gradient,0,5,2160,2560,5.5296,41.788269,38.333099
TBF,native,Variance of Gradient,0,6,2160,2560,5.5296,25.442978,43.444527
TBF,native,Variance of Gradient,1,0,2160,2560,5.5296,40.416928,36.026503
TBF,native,Variance of Gradient,1,1,2160,2560,5.5296,23.572173,44.160422
TBF,native,Variance of Gradient,1,2,2160,2560,5.5296,40.565192,35.140245
TBF,native,Variance of Gradient,1,3,2160,2560,5.5296,23.565417,48.579804
TBF,native,Variance of Gradient,1,4,2160,2560,5.5296,41.48673,35.520584
TBF,native,Variance of Gradient,1,5,2160,2560,5.5296,23.503426,48.289654
TBF,native,Variance of Gradient,1,6,2160,2560,5.5296,42.496087,35.077612
TBF,native,Variance of Gradient,2,0,2160,2560,5.5296,24.352668,46.799849
TBF,native,Variance of Gradient,2,1,2160,2560,5.5296,41.104918,35.038529
TBF,native,Variance of Gradient,2,2,2160,2560,5.5296,24.487799,47.882516
TBF,native,Variance of Gradient,2,3,2160,2560,5.5296,41.634817,35.179317
TBF,native,Variance of Gradient,2,4,2160,2560,5.5296,23.331716,46.551886
TBF,native,Variance of Gradient,2,5,2160,2560,5.5296,40.63261,36.437138
TBF,native,Variance of Gradient,2,6,2160,2560,5.5296,22.75652,42.993052
BMA,native,Spatial Frequency,0,0,2160,2560,5.5296,49.880906,54.191024
BMA,native,Spatial Frequency,0,1,2160,2560,5.5296,46.355553,92.98108
BMA,native,Spatial Frequency,0,2,2160,2560,5.5296,51.933101,52.261677
BMA,native,Spatial Frequency,0,3,2160,2560,5.5296,47.344657,55.805573
BMA,native,Spatial Frequency,0,4,2160,2560,5.5296,51.47049,54.406575
BMA,native,Spatial Frequency,0,5,2160,2560,5.5296,45.898347,57.141381
BMA,native,Spatial Frequency,0,6,2160,2560,5.5296,49.425439,52.272133
BMA,native,Spatial Frequency,1,0,2160,2560,5.5296,46.753041,56.59465
BMA,native,Spatial Frequency,1,1,2160,2560,5.5296,50.056016,53.10667
BMA,native,Spatial Frequency,1,2,2160,2560,5.5296,47.119457,55.933567
BMA,native,Spatial Frequency,1,3,2160,2560,5.5296,49.124351,51.621237
BMA,native,Spatial Frequency,1,4,2160,2560,5.5296,45.695335,59.726967
BMA,native,Spatial Frequency,1,5,2160,2560,5.5296,49.73305,53.908409
BMA,native,Spatial Frequency,1,6,2160,2560,5.5296,50.038318,57.410399
BMA,native,Spatial Frequency,2,0,2160,2560,5.5296,51.202842,52.641255
BMA,native,Spatial Frequency,2,1,2160,2560,5.5296,47.595284,58.635854
BMA,native,Spatial Frequency,2,2,2160,2560,5.5296,49.925819,53.700804
BMA,native,Spatial Frequency,2,3,2160,2560,5.5296,47.64107,58.436376
BMA,native,Spatial Frequency,2,4,2160,2560,5.5296,50.367782,51.571629
BMA,native,Spatial Frequency,2,5,2160,2560,5.5296,55.676822,64.735501
BMA,native,Spatial Frequency,2,6,2160,2560,5.5296,48.813584,53.324853
WBC,512,Mean Intensity,0,0,512,512,0.262144,0.148395,1.11687
WBC,512,Mean Intensity,0,1,512,512,0.262144,0.154598,0.541245
WBC,512,Mean Intensity,0,2,512,512,0.262144,0.162639,0.402019
WBC,512,Mean Intensity,0,3,512,512,0.262144,0.174948,0.397711
WBC,512,Mean Intensity,0,4,512,512,0.262144,0.137998,0.369815
WBC,512,Mean Intensity,0,5,512,512,0.262144,0.133907,0.366629
WBC,512,Mean Intensity,0,6,512,512,0.262144,0.140036,0.405404
WBC,512,Mean Intensity,1,0,512,512,0.262144,0.126809,0.357366
WBC,512,Mean Intensity,1,1,512,512,0.262144,0.128249,0.336314
WBC,512,Mean Intensity,1,2,512,512,0.262144,0.155614,0.39866
WBC,512,Mean Intensity,1,3,512,512,0.262144,0.147222,0.358504
WBC,512,Mean Intensity,1,4,512,512,0.262144,0.144233,0.347488
WBC,512,Mean Intensity,1,5,512,512,0.262144,0.138593,0.334757
WBC,512,Mean Intensity,1,6,512,512,0.262144,0.127522,0.371194
WBC,512,Mean Intensity,2,0,512,512,0.262144,0.245884,0.596883
WBC,512,Mean Intensity,2,1,512,512,0.262144,0.158535,0.39771
WBC,512,Mean Intensity,2,2,512,512,0.262144,0.165894,0.44683
WBC,512,Mean Intensity,2,3,512,512,0.262144,0.152258,0.462822
WBC,512,Mean Intensity,2,4,512,512,0.262144,0.145916,0.347163
WBC,512,Mean Intensity,2,5,512,512,0.262144,0.173629,0.369894
WBC,512,Mean Intensity,2,6,512,512,0.262144,0.156122,0.349425
WBC,1024,Gradient Squared Energy,0,0,1024,1024,1.048576,2.660261,3.451578
WBC,1024,Gradient Squared Energy,0,1,1024,1024,1.048576,2.810911,3.284361
WBC,1024,Gradient Squared Energy,0,2,1024,1024,1.048576,2.422554,3.423562
WBC,1024,Gradient Squared Energy,0,3,1024,1024,1.048576,3.036039,3.522755
WBC,1024,Gradient Squared Energy,0,4,1024,1024,1.048576,2.780354,3.78017
WBC,1024,Gradient Squared Energy,0,5,1024,1024,1.048576,2.76755,3.409443
WBC,1024,Gradient Squared Energy,0,6,1024,1024,1.048576,2.549874,3.666965
WBC,1024,Gradient Squared Energy,1,0,1024,1024,1.048576,2.555662,3.484199
WBC,1024,Gradient Squared Energy,1,1,1024,1024,1.048576,2.413295,3.4459
WBC,1024,Gradient Squared Energy,1,2,1024,1024,1.048576,2.647906,3.307117
WBC,1024,Gradient Squared Energy,1,3,1024,1024,1.048576,2.591236,3.630205
WBC,1024,Gradient Squared Energy,1,4,1024,1024,1.048576,2.907476,3.419018
WBC,1024,Gradient Squared Energy,1,5,1024,1024,1.048576,2.563088,3.434752
WBC,1024,Gradient Squared Energy,1,6,1024,1024,1.048576,2.843022,3.278584
WBC,1024,Gradient Squared Energy,2,0,1024,1024,1.048576,2.463191,3.535758
WBC,1024,Gradient Squared Energy,2,1,1024,1024,1.048576,2.870917,3.315592
WBC,1024,Gradient Squared Energy,2,2,1024,1024,1.048576,2.563382,3.388174
WBC,1024,Gradient Squared Energy,2,3,1024,1024,1.048576,2.880974,3.609226
WBC,1024,Gradient Squared Energy,2,4,1024,1024,1.048576,2.695354,3.99611
WBC,1024,Gradient Squared Energy,2,5,1024,1024,1.048576,3.314487,3.634389
WBC,1024,Gradient Squared Energy,2,6,1024,1024,1.048576,2.743044,3.820181
TBF,128,Spatial Frequency,0,0,108,128,0.013824,0.042667,12.045873
TBF,128,Spatial Frequency,0,1,108,128,0.013824,0.047578,7.47847
TBF,128,Spatial Frequency,0,2,108,128,0.013824,0.045928,7.409957
TBF,128,Spatial Frequency,0,3,108,128,0.013824,0.046086,7.388653
TBF,128,Spatial Frequency,0,4,108,128,0.013824,0.045432,7.152911
TBF,128,Spatial Frequency,0,5,108,128,0.013824,0.043675,7.187492
TBF,128,Spatial Frequency,0,6,108,128,0.013824,0.042253,7.347933
TBF,128,Spatial Frequency,1,0,108,128,0.013824,0.038904,7.435711
TBF,128,Spatial Frequency,1,1,108,128,0.013824,0.049194,7.377028
TBF,128,Spatial Frequency,1,2,108,128,0.013824,0.044574,7.243597
TBF,128,Spatial Frequency,1,3,108,128,0.013824,0.044338,7.870519
TBF,128,Spatial Frequency,1,4,108,128,0.013824,0.049232,7.265674
TBF,128,Spatial Frequency,1,5,108,128,0.013824,0.050787,7.327882
TBF,128,Spatial Frequency,1,6,108,128,0.013824,0.043346,7.217713
TBF,128,Spatial Frequency,2,0,108,128,0.013824,0.0387,7.386876
TBF,128,Spatial Frequency,2,1,108,128,0.013824,0.073585,7.685817
TBF,128,Spatial Frequency,2,2,108,128,0.013824,0.049165,7.591528
TBF,128,Spatial Frequency,2,3,108,128,0.013824,0.045615,7.261242
TBF,128,Spatial Frequency,2,4,108,128,0.013824,0.043635,7.479384
TBF,128,Spatial Frequency,2,5,108,128,0.013824,0.046083,7.58899
TBF,128,Spatial Frequency,2,6,108,128,0.013824,0.069945,7.345369
TBI,128,Wavelet W3,0,0,96,128,0.012288,0.207393,12.795631
TBI,128,Wavelet W3,0,1,96,128,0.012288,0.198361,16.170838
TBI,128,Wavelet W3,0,2,96,128,0.012288,0.220514,16.121183
TBI,128,Wavelet W3,0,3,96,128,0.012288,0.199853,16.331899
TBI,128,Wavelet W3,0,4,96,128,0.012288,0.18737,15.79104
TBI,128,Wavelet W3,0,5,96,128,0.012288,0.191033,16.257948
TBI,128,Wavelet W3,0,6,96,128,0.012288,0.184371,16.12496
TBI,128,Wavelet W3,1,0,96,128,0.012288,0.181154,16.122131
TBI,128,Wavelet W3,1,1,96,128,0.012288,0.184677,16.041042
TBI,128,Wavelet W3,1,2,96,128,0.012288,0.211012,16.747414
TBI,128,Wavelet W3,1,3,96,128,0.012288,0.196787,15.96906
TBI,128,Wavelet W3,1,4,96,128,0.012288,0.190277,16.458276
TBI,128,Wavelet W3,1,5,96,128,0.012288,0.183594,16.476884
TBI,128,Wavelet W3,1,6,96,128,0.012288,0.25329,16.038998
TBI,128,Wavelet W3,2,0,96,128,0.012288,0.174606,16.107731
TBI,128,Wavelet W3,2,1,96,128,0.012288,0.194201,15.886447
TBI,128,Wavelet W3,2,2,96,128,0.012288,0.222082,16.420379
TBI,128,Wavelet W3,2,3,96,128,0.012288,0.196481,15.649349
TBI,128,Wavelet W3,2,4,96,128,0.012288,0.187225,15.740703
TBI,128,Wavelet W3,2,5,96,128,0.012288,0.190064,15.800885
TBI,128,Wavelet W3,2,6,96,128,0.012288,0.213959,15.60129
BMA,1024,Gradient Squared Energy,0,0,864,1024,0.884736,2.158948,15.407096
BMA,1024,Gradient Squared Energy,0,1,864,1024,0.884736,2.383612,10.447618
BMA,1024,Gradient Squared Energy,0,2,864,1024,0.884736,2.22519,10.513103
BMA,1024,Gradient Squared Energy,0,3,864,1024,0.884736,2.349044,10.480351
BMA,1024,Gradient Squared Energy,0,4,864,1024,0.884736,2.181939,10.446401
BMA,1024,Gradient Squared Energy,0,5,864,1024,0.884736,2.380446,10.94908
BMA,1024,Gradient Squared Energy,0,6,864,1024,0.884736,2.233902,10.870631
BMA,1024,Gradient Squared Energy,1,0,864,1024,0.884736,2.112493,10.330273
BMA,1024,Gradient Squared Energy,1,1,864,1024,0.884736,2.44697,10.405008
BMA,1024,Gradient Squared Energy,1,2,864,1024,0.884736,2.552034,12.996276
BMA,1024,Gradient Squared Energy,1,3,864,1024,0.884736,2.345493,10.907865
BMA,1024,Gradient Squared Energy,1,4,864,1024,0.884736,2.423139,10.388682
BMA,1024,Gradient Squared Energy,1,5,864,1024,0.884736,2.379181,10.719613
BMA,1024,Gradient Squared Energy,1,6,864,1024,0.884736,2.741267,12.357033
BMA,1024,Gradient Squared Energy,2,0,864,1024,0.884736,2.085504,10.980987
BMA,1024,Gradient Squared Energy,2,1,864,1024,0.884736,2.489912,10.646053
BMA,1024,Gradient Squared Energy,2,2,864,1024,0.884736,2.280047,11.318317
BMA,1024,Gradient Squared Energy,2,3,864,1024,0.884736,2.243472,10.107019
BMA,1024,Gradient Squared Energy,2,4,864,1024,0.884736,2.292255,11.100264
BMA,1024,Gradient Squared Energy,2,5,864,1024,0.884736,2.386749,10.175002
BMA,1024,Gradient Squared Energy,2,6,864,1024,0.884736,2.20774,11.114187
WBC,native,Intensity Range Index,0,0,200,200,0.04,0.02441,0.127721
WBC,native,Intensity Range Index,0,1,200,200,0.04,0.024915,0.065078
WBC,native,Intensity Range Index,0,2,200,200,0.04,0.024225,0.060291
WBC,native,Intensity Range Index,0,3,200,200,0.04,0.023632,0.060338
WBC,native,Intensity Range Index,0,4,200,200,0.04,0.023775,0.059238
WBC,native,Intensity Range Index,0,5,200,200,0.04,0.024014,0.059783
WBC,native,Intensity Range Index,0,6,200,200,0.04,0.02405,0.058955
WBC,native,Intensity Range Index,1,0,200,200,0.04,0.02371,0.064096
WBC,native,Intensity Range Index,1,1,200,200,0.04,0.023499,0.060121
WBC,native,Intensity Range Index,1,2,200,200,0.04,0.023817,0.059808
WBC,native,Intensity Range Index,1,3,200,200,0.04,0.023682,0.060458
WBC,native,Intensity Range Index,1,4,200,200,0.04,0.023715,0.059632
WBC,native,Intensity Range Index,1,5,200,200,0.04,0.023582,0.059437
WBC,native,Intensity Range Index,1,6,200,200,0.04,0.023978,0.059275
WBC,native,Intensity Range Index,2,0,200,200,0.04,0.031725,0.06802
WBC,native,Intensity Range Index,2,1,200,200,0.04,0.02389,0.060031
WBC,native,Intensity Range Index,2,2,200,200,0.04,0.023689,0.058841
WBC,native,Intensity Range Index,2,3,200,200,0.04,0.023573,0.075123
WBC,native,Intensity Range Index,2,4,200,200,0.04,0.029284,0.06974
WBC,native,Intensity Range Index,2,5,200,200,0.04,0.024554,0.060849
WBC,native,Intensity Range Index,2,6,200,200,0.04,0.023932,0.058526
TBI,1024,Intensity Skewness Index,0,0,768,1024,0.786432,6.482859,19.246216
TBI,1024,Intensity Skewness Index,0,1,768,1024,0.786432,6.711958,27.025779
TBI,1024,Intensity Skewness Index,0,2,768,1024,0.786432,7.284476,24.785624
TBI,1024,Intensity Skewness Index,0,3,768,1024,0.786432,6.686834,23.03269
TBI,1024,Intensity Skewness Index,0,4,768,1024,0.786432,7.27102,22.504666
TBI,1024,Intensity Skewness Index,0,5,768,1024,0.786432,6.707778,24.374944
TBI,1024,Intensity Skewness Index,0,6,768,1024,0.786432,7.374728,23.348336
TBI,1024,Intensity Skewness Index,1,0,768,1024,0.786432,6.725721,23.100383
TBI,1024,Intensity Skewness Index,1,1,768,1024,0.786432,7.492061,23.020078
TBI,1024,Intensity Skewness Index,1,2,768,1024,0.786432,6.802136,23.46981
TBI,1024,Intensity Skewness Index,1,3,768,1024,0.786432,7.308,22.952189
TBI,1024,Intensity Skewness Index,1,4,768,1024,0.786432,6.849181,24.105476
TBI,1024,Intensity Skewness Index,1,5,768,1024,0.786432,7.595371,23.10741
TBI,1024,Intensity Skewness Index,1,6,768,1024,0.786432,7.106544,23.369356
TBI,1024,Intensity Skewness Index,2,0,768,1024,0.786432,7.533596,24.406221
TBI,1024,Intensity Skewness Index,2,1,768,1024,0.786432,7.12995,24.225946
TBI,1024,Intensity Skewness Index,2,2,768,1024,0.786432,7.571151,24.562908
TBI,1024,Intensity Skewness Index,2,3,768,1024,0.786432,7.190205,23.83656
TBI,1024,Intensity Skewness Index,2,4,768,1024,0.786432,7.546659,22.884781
TBI,1024,Intensity Skewness Index,2,5,768,1024,0.786432,7.138399,24.51282
TBI,1024,Intensity Skewness Index,2,6,768,1024,0.786432,7.536607,23.940374
PBS,512,Wavelet Detail Energy (db1),0,0,432,512,0.221184,1.828102,14.174265
PBS,512,Wavelet Detail Energy (db1),0,1,432,512,0.221184,1.924047,9.384885
PBS,512,Wavelet Detail Energy (db1),0,2,432,512,0.221184,1.942261,9.202375
PBS,512,Wavelet Detail Energy (db1),0,3,432,512,0.221184,2.031408,9.528271
PBS,512,Wavelet Detail Energy (db1),0,4,432,512,0.221184,1.94913,9.393583
PBS,512,Wavelet Detail Energy (db1),0,5,432,512,0.221184,1.918083,9.690991
PBS,512,Wavelet Detail Energy (db1),0,6,432,512,0.221184,2.10535,9.418999
PBS,512,Wavelet Detail Energy (db1),1,0,432,512,0.221184,1.856089,9.373751
PBS,512,Wavelet Detail Energy (db1),1,1,432,512,0.221184,1.97472,9.818749
PBS,512,Wavelet Detail Energy (db1),1,2,432,512,0.221184,1.962121,9.292963
PBS,512,Wavelet Detail Energy (db1),1,3,432,512,0.221184,1.893673,9.713076
PBS,512,Wavelet Detail Energy (db1),1,4,432,512,0.221184,1.892085,9.788484
PBS,512,Wavelet Detail Energy (db1),1,5,432,512,0.221184,1.904331,9.366158
PBS,512,Wavelet Detail Energy (db1),1,6,432,512,0.221184,1.886287,12.013883
PBS,512,Wavelet Detail Energy (db1),2,0,432,512,0.221184,1.884493,9.607023
PBS,512,Wavelet Detail Energy (db1),2,1,432,512,0.221184,2.068405,10.303426
PBS,512,Wavelet Detail Energy (db1),2,2,432,512,0.221184,2.03576,9.683538
PBS,512,Wavelet Detail Energy (db1),2,3,432,512,0.221184,1.905412,9.493822
PBS,512,Wavelet Detail Energy (db1),2,4,432,512,0.221184,1.959563,9.428548
PBS,512,Wavelet Detail Energy (db1),2,5,432,512,0.221184,1.884959,9.1624
PBS,512,Wavelet Detail Energy (db1),2,6,432,512,0.221184,1.946802,9.637661
BMA,1024,Wavelet Detail Energy (db1),0,0,864,1024,0.884736,13.498909,21.894779
BMA,1024,Wavelet Detail Energy (db1),0,1,864,1024,0.884736,14.659747,21.741004
BMA,1024,Wavelet Detail Energy (db1),0,2,864,1024,0.884736,12.863315,21.814466
BMA,1024,Wavelet Detail Energy (db1),0,3,864,1024,0.884736,12.688897,21.999078
BMA,1024,Wavelet Detail Energy (db1),0,4,864,1024,0.884736,12.200755,22.209277
BMA,1024,Wavelet Detail Energy (db1),0,5,864,1024,0.884736,12.67027,20.6922
BMA,1024,Wavelet Detail Energy (db1),0,6,864,1024,0.884736,12.307907,22.322272
BMA,1024,Wavelet Detail Energy (db1),1,0,864,1024,0.884736,13.485202,21.220169
BMA,1024,Wavelet Detail Energy (db1),1,1,864,1024,0.884736,12.539022,22.191855
BMA,1024,Wavelet Detail Energy (db1),1,2,864,1024,0.884736,13.010915,21.769162
BMA,1024,Wavelet Detail Energy (db1),1,3,864,1024,0.884736,12.575783,23.476888
BMA,1024,Wavelet Detail Energy (db1),1,4,864,1024,0.884736,12.714361,21.207002
BMA,1024,Wavelet Detail Energy (db1),1,5,864,1024,0.884736,12.390617,21.747063
BMA,1024,Wavelet Detail Energy (db1),1,6,864,1024,0.884736,12.511529,23.263361
BMA,1024,Wavelet Detail Energy (db1),2,0,864,1024,0.884736,12.376925,22.219306
BMA,1024,Wavelet Detail Energy (db1),2,1,864,1024,0.884736,12.542679,21.821061
BMA,1024,Wavelet Detail Energy (db1),2,2,864,1024,0.884736,12.234663,22.194584
BMA,1024,Wavelet Detail Energy (db1),2,3,864,1024,0.884736,13.679784,21.742431
BMA,1024,Wavelet Detail Energy (db1),2,4,864,1024,0.884736,12.485914,21.35058
BMA,1024,Wavelet Detail Energy (db1),2,5,864,1024,0.884736,12.694264,22.002835
BMA,1024,Wavelet Detail Energy (db1),2,6,864,1024,0.884736,12.41956,22.085969
BMA,native,Modified Tenengrad,0,0,2160,2560,5.5296,348.45089,372.938298
BMA,native,Modified Tenengrad,0,1,2160,2560,5.5296,373.389454,346.817733
BMA,native,Modified Tenengrad,0,2,2160,2560,5.5296,366.662477,361.519257
BMA,native,Modified Tenengrad,0,3,2160,2560,5.5296,346.566146,351.184372
BMA,native,Modified Tenengrad,0,4,2160,2560,5.5296,354.351519,398.907065
BMA,native,Modified Tenengrad,0,5,2160,2560,5.5296,352.71971,346.844979
BMA,native,Modified Tenengrad,0,6,2160,2560,5.5296,353.85527,374.497281
BMA,native,Modified Tenengrad,1,0,2160,2560,5.5296,362.179229,374.5165
BMA,native,Modified Tenengrad,1,1,2160,2560,5.5296,341.458601,375.584333
BMA,native,Modified Tenengrad,1,2,2160,2560,5.5296,346.349761,342.572075
BMA,native,Modified Tenengrad,1,3,2160,2560,5.5296,337.88175,360.99778
BMA,native,Modified Tenengrad,1,4,2160,2560,5.5296,363.707288,376.224618
BMA,native,Modified Tenengrad,1,5,2160,2560,5.5296,336.89013,360.875149
BMA,native,Modified Tenengrad,1,6,2160,2560,5.5296,364.380936,352.402117
BMA,native,Modified Tenengrad,2,0,2160,2560,5.5296,339.983916,369.594899
BMA,native,Modified Tenengrad,2,1,2160,2560,5.5296,347.125363,346.126347
BMA,native,Modified Tenengrad,2,2,2160,2560,5.5296,358.325081,363.334672
BMA,native,Modified Tenengrad,2,3,2160,2560,5.5296,353.477765,356.134456
BMA,native,Modified Tenengrad,2,4,2160,2560,5.5296,355.714728,355.785433
BMA,native,Modified Tenengrad,2,5,2160,2560,5.5296,376.236103,347.859323
BMA,native,Modified Tenengrad,2,6,2160,2560,5.5296,338.432997,357.604278
WBC,1024,Modified Tenengrad,0,0,1024,1024,1.048576,31.815164,34.865409
WBC,1024,Modified Tenengrad,0,1,1024,1024,1.048576,31.504167,31.198357
WBC,1024,Modified Tenengrad,0,2,1024,1024,1.048576,30.348758,32.668762
WBC,1024,Modified Tenengrad,0,3,1024,1024,1.048576,36.054267,34.627226
WBC,1024,Modified Tenengrad,0,4,1024,1024,1.048576,32.628322,33.775157
WBC,1024,Modified Tenengrad,0,5,1024,1024,1.048576,31.724303,33.377235
WBC,1024,Modified Tenengrad,0,6,1024,1024,1.048576,33.799705,33.315123
WBC,1024,Modified Tenengrad,1,0,1024,1024,1.048576,33.810142,34.185214
WBC,1024,Modified Tenengrad,1,1,1024,1024,1.048576,33.690038,35.526279
WBC,1024,Modified Tenengrad,1,2,1024,1024,1.048576,37.153017,34.920937
WBC,1024,Modified Tenengrad,1,3,1024,1024,1.048576,33.020257,35.113546
WBC,1024,Modified Tenengrad,1,4,1024,1024,1.048576,35.454049,33.234267
WBC,1024,Modified Tenengrad,1,5,1024,1024,1.048576,33.904164,35.456547
WBC,1024,Modified Tenengrad,1,6,1024,1024,1.048576,31.499726,33.867038
WBC,1024,Modified Tenengrad,2,0,1024,1024,1.048576,32.908469,33.681425
WBC,1024,Modified Tenengrad,2,1,1024,1024,1.048576,37.325094,35.061607
WBC,1024,Modified Tenengrad,2,2,1024,1024,1.048576,32.941853,34.787045
WBC,1024,Modified Tenengrad,2,3,1024,1024,1.048576,32.240911,32.749071
WBC,1024,Modified Tenengrad,2,4,1024,1024,1.048576,32.677884,33.390646
WBC,1024,Modified Tenengrad,2,5,1024,1024,1.048576,32.199589,32.530582
WBC,1024,Modified Tenengrad,2,6,1024,1024,1.048576,32.258261,35.694075
WBC,128,Image Power,0,0,128,128,0.016384,0.01375,0.231077
WBC,128,Image Power,0,1,128,128,0.016384,0.013483,0.150066
WBC,128,Image Power,0,2,128,128,0.016384,0.013131,0.142787
WBC,128,Image Power,0,3,128,128,0.016384,0.012863,0.142125
WBC,128,Image Power,0,4,128,128,0.016384,0.012961,0.140314
WBC,128,Image Power,0,5,128,128,0.016384,0.012803,0.140028
WBC,128,Image Power,0,6,128,128,0.016384,0.012655,0.349189
WBC,128,Image Power,1,0,128,128,0.016384,0.01289,0.189341
WBC,128,Image Power,1,1,128,128,0.016384,0.014593,0.153221
WBC,128,Image Power,1,2,128,128,0.016384,0.012865,0.143846
WBC,128,Image Power,1,3,128,128,0.016384,0.014194,0.142956
WBC,128,Image Power,1,4,128,128,0.016384,0.012941,0.142427
WBC,128,Image Power,1,5,128,128,0.016384,0.012735,0.141035
WBC,128,Image Power,1,6,128,128,0.016384,0.012889,0.164769
WBC,128,Image Power,2,0,128,128,0.016384,0.012811,0.150141
WBC,128,Image Power,2,1,128,128,0.016384,0.013263,0.153089
WBC,128,Image Power,2,2,128,128,0.016384,0.012598,0.145249
WBC,128,Image Power,2,3,128,128,0.016384,0.012709,0.161205
WBC,128,Image Power,2,4,128,128,0.016384,0.01286,0.168425
WBC,128,Image Power,2,5,128,128,0.016384,0.01417,0.154415
WBC,128,Image Power,2,6,128,128,0.016384,0.024007,0.161788
TBF,512,Energy of Gradient,0,0,432,512,0.221184,0.559881,11.817649
TBF,512,Energy of Gradient,0,1,432,512,0.221184,0.698335,7.924067
TBF,512,Energy of Gradient,0,2,432,512,0.221184,0.754201,7.476269
TBF,512,Energy of Gradient,0,3,432,512,0.221184,0.624635,7.63306
TBF,512,Energy of Gradient,0,4,432,512,0.221184,0.682658,8.434526
TBF,512,Energy of Gradient,0,5,432,512,0.221184,0.592464,8.229938
TBF,512,Energy of Gradient,0,6,432,512,0.221184,1.960897,8.650531
TBF,512,Energy of Gradient,1,0,432,512,0.221184,0.517626,8.126492
TBF,512,Energy of Gradient,1,1,432,512,0.221184,0.556695,7.791013
TBF,512,Energy of Gradient,1,2,432,512,0.221184,0.620509,7.372479
TBF,512,Energy of Gradient,1,3,432,512,0.221184,0.528889,8.611917
TBF,512,Energy of Gradient,1,4,432,512,0.221184,0.561811,7.273352
TBF,512,Energy of Gradient,1,5,432,512,0.221184,0.564186,8.043695
TBF,512,Energy of Gradient,1,6,432,512,0.221184,0.671112,7.773222
TBF,512,Energy of Gradient,2,0,432,512,0.221184,0.517652,7.484988
TBF,512,Energy of Gradient,2,1,432,512,0.221184,0.561879,7.23901
TBF,512,Energy of Gradient,2,2,432,512,0.221184,0.751849,7.650231
TBF,512,Energy of Gradient,2,3,432,512,0.221184,0.624768,7.941234
TBF,512,Energy of Gradient,2,4,432,512,0.221184,0.586118,8.111057
TBF,512,Energy of Gradient,2,5,432,512,0.221184,0.559399,8.115864
TBF,512,Energy of Gradient,2,6,432,512,0.221184,0.597842,7.842762
WBC,128,Mean Absolute Laplacian,0,0,128,128,0.016384,0.170062,0.363208
WBC,128,Mean Absolute Laplacian,0,1,128,128,0.016384,0.160858,0.313871
WBC,128,Mean Absolute Laplacian,0,2,128,128,0.016384,0.201758,0.381942
WBC,128,Mean Absolute Laplacian,0,3,128,128,0.016384,0.169968,0.348304
WBC,128,Mean Absolute Laplacian,0,4,128,128,0.016384,0.159281,0.296849
WBC,128,Mean Absolute Laplacian,0,5,128,128,0.016384,0.154088,0.308165
WBC,128,Mean Absolute Laplacian,0,6,128,128,0.016384,0.214518,0.307873
WBC,128,Mean Absolute Laplacian,1,0,128,128,0.016384,0.151359,0.358555
WBC,128,Mean Absolute Laplacian,1,1,128,128,0.016384,0.165014,0.300694
WBC,128,Mean Absolute Laplacian,1,2,128,128,0.016384,0.154,0.34002
WBC,128,Mean Absolute Laplacian,1,3,128,128,0.016384,0.156198,0.310458
WBC,128,Mean Absolute Laplacian,1,4,128,128,0.016384,0.159303,0.304218
WBC,128,Mean Absolute Laplacian,1,5,128,128,0.016384,0.179123,0.310578
WBC,128,Mean Absolute Laplacian,1,6,128,128,0.016384,0.166246,0.315477
WBC,128,Mean Absolute Laplacian,2,0,128,128,0.016384,0.163561,0.33056
WBC,128,Mean Absolute Laplacian,2,1,128,128,0.016384,0.161522,0.331264
WBC,128,Mean Absolute Laplacian,2,2,128,128,0.016384,0.154743,0.296894
WBC,128,Mean Absolute Laplacian,2,3,128,128,0.016384,0.15348,0.309624
WBC,128,Mean Absolute Laplacian,2,4,128,128,0.016384,0.164232,0.293514
WBC,128,Mean Absolute Laplacian,2,5,128,128,0.016384,0.207423,0.316079
WBC,128,Mean Absolute Laplacian,2,6,128,128,0.016384,0.155915,0.302577
WBC,512,Fourier Transform Sharpness Index,0,0,512,512,0.262144,3.916108,4.250785
WBC,512,Fourier Transform Sharpness Index,0,1,512,512,0.262144,3.955652,3.947333
WBC,512,Fourier Transform Sharpness Index,0,2,512,512,0.262144,3.674262,4.046764
WBC,512,Fourier Transform Sharpness Index,0,3,512,512,0.262144,3.790417,3.798257
WBC,512,Fourier Transform Sharpness Index,0,4,512,512,0.262144,3.599279,4.094145
WBC,512,Fourier Transform Sharpness Index,0,5,512,512,0.262144,3.893587,3.987754
WBC,512,Fourier Transform Sharpness Index,0,6,512,512,0.262144,3.914843,4.384879
WBC,512,Fourier Transform Sharpness Index,1,0,512,512,0.262144,4.147341,3.986316
WBC,512,Fourier Transform Sharpness Index,1,1,512,512,0.262144,3.980881,4.304729
WBC,512,Fourier Transform Sharpness Index,1,2,512,512,0.262144,4.080641,3.926437
WBC,512,Fourier Transform Sharpness Index,1,3,512,512,0.262144,3.81439,4.295194
WBC,512,Fourier Transform Sharpness Index,1,4,512,512,0.262144,4.496932,4.438636
WBC,512,Fourier Transform Sharpness Index,1,5,512,512,0.262144,4.298328,4.191938
WBC,512,Fourier Transform Sharpness Index,1,6,512,512,0.262144,4.529394,4.321246
WBC,512,Fourier Transform Sharpness Index,2,0,512,512,0.262144,4.192898,4.148491
WBC,512,Fourier Transform Sharpness Index,2,1,512,512,0.262144,3.820077,4.204058
WBC,512,Fourier Transform Sharpness Index,2,2,512,512,0.262144,3.987825,4.788432
WBC,512,Fourier Transform Sharpness Index,2,3,512,512,0.262144,4.174324,4.086541
WBC,512,Fourier Transform Sharpness Index,2,4,512,512,0.262144,3.791494,4.370917
WBC,512,Fourier Transform Sharpness Index,2,5,512,512,0.262144,4.794411,4.21117
WBC,512,Fourier Transform Sharpness Index,2,6,512,512,0.262144,3.678433,3.912992
TBI,1024,Energy of Gradient,0,0,768,1024,0.786432,2.249956,18.083528
TBI,1024,Energy of Gradient,0,1,768,1024,0.786432,2.197918,21.757698
TBI,1024,Energy of Gradient,0,2,768,1024,0.786432,2.257037,20.411818
TBI,1024,Energy of Gradient,0,3,768,1024,0.786432,2.099252,21.263169
TBI,1024,Energy of Gradient,0,4,768,1024,0.786432,2.428867,19.235336
TBI,1024,Energy of Gradient,0,5,768,1024,0.786432,2.381368,22.616225
TBI,1024,Energy of Gradient,0,6,768,1024,0.786432,2.051089,21.288508
TBI,1024,Energy of Gradient,1,0,768,1024,0.786432,2.002532,19.403133
TBI,1024,Energy of Gradient,1,1,768,1024,0.786432,2.124308,20.348606
TBI,1024,Energy of Gradient,1,2,768,1024,0.786432,2.035045,19.003653
TBI,1024,Energy of Gradient,1,3,768,1024,0.786432,2.075517,19.350315
TBI,1024,Energy of Gradient,1,4,768,1024,0.786432,2.048492,20.333927
TBI,1024,Energy of Gradient,1,5,768,1024,0.786432,2.465342,19.040517
TBI,1024,Energy of Gradient,1,6,768,1024,0.786432,2.037467,18.49938
TBI,1024,Energy of Gradient,2,0,768,1024,0.786432,1.953099,19.073473
TBI,1024,Energy of Gradient,2,1,768,1024,0.786432,2.061619,22.206807
TBI,1024,Energy of Gradient,2,2,768,1024,0.786432,2.110202,19.384643
TBI,1024,Energy of Gradient,2,3,768,1024,0.786432,1.968727,19.453047
TBI,1024,Energy of Gradient,2,4,768,1024,0.786432,2.061361,18.582455
TBI,1024,Energy of Gradient,2,5,768,1024,0.786432,2.088758,18.828121
TBI,1024,Energy of Gradient,2,6,768,1024,0.786432,2.010949,18.238529
WBC,1024,Variance of Laplacian,0,0,1024,1024,1.048576,2.051004,2.891078
WBC,1024,Variance of Laplacian,0,1,1024,1024,1.048576,2.104737,3.061133
WBC,1024,Variance of Laplacian,0,2,1024,1024,1.048576,2.183158,2.926599
WBC,1024,Variance of Laplacian,0,3,1024,1024,1.048576,2.327323,3.091771
WBC,1024,Variance of Laplacian,0,4,1024,1024,1.048576,2.108969,2.840357
WBC,1024,Variance of Laplacian,0,5,1024,1024,1.048576,2.128125,2.711108
WBC,1024,Variance of Laplacian,0,6,1024,1024,1.048576,2.320756,3.04633
WBC,1024,Variance of Laplacian,1,0,1024,1024,1.048576,2.093959,2.882164
WBC,1024,Variance of Laplacian,1,1,1024,1024,1.048576,2.002434,2.883647
WBC,1024,Variance of Laplacian,1,2,1024,1024,1.048576,3.135984,2.944386
WBC,1024,Variance of Laplacian,1,3,1024,1024,1.048576,2.066983,3.363702
WBC,1024,Variance of Laplacian,1,4,1024,1024,1.048576,1.499497,2.389832
WBC,1024,Variance of Laplacian,1,5,1024,1024,1.048576,1.416159,1.992887
WBC,1024,Variance of Laplacian,1,6,1024,1024,1.048576,1.766675,5.155576
WBC,1024,Variance of Laplacian,2,0,1024,1024,1.048576,1.500215,2.129966
WBC,1024,Variance of Laplacian,2,1,1024,1024,1.048576,1.418599,2.109826
WBC,1024,Variance of Laplacian,2,2,1024,1024,1.048576,3.926007,2.555074
WBC,1024,Variance of Laplacian,2,3,1024,1024,1.048576,1.454531,2.324293
WBC,1024,Variance of Laplacian,2,4,1024,1024,1.048576,2.05146,2.048911
WBC,1024,Variance of Laplacian,2,5,1024,1024,1.048576,1.353881,1.941064
WBC,1024,Variance of Laplacian,2,6,1024,1024,1.048576,1.492161,1.999481
PBS,512,Variance of Gradient,0,0,432,512,0.221184,0.424669,9.925008
PBS,512,Variance of Gradient,0,1,432,512,0.221184,0.600549,6.771345
PBS,512,Variance of Gradient,0,2,432,512,0.221184,0.543618,6.921949
PBS,512,Variance of Gradient,0,3,432,512,0.221184,0.496839,7.239181
PBS,512,Variance of Gradient,0,4,432,512,0.221184,0.478682,6.701401
PBS,512,Variance of Gradient,0,5,432,512,0.221184,0.402237,6.821048
PBS,512,Variance of Gradient,0,6,432,512,0.221184,0.456589,7.332921
PBS,512,Variance of Gradient,1,0,432,512,0.221184,0.412455,6.693586
PBS,512,Variance of Gradient,1,1,432,512,0.221184,0.400057,10.011913
PBS,512,Variance of Gradient,1,2,432,512,0.221184,0.452077,7.12699
PBS,512,Variance of Gradient,1,3,432,512,0.221184,0.438787,7.113486
PBS,512,Variance of Gradient,1,4,432,512,0.221184,0.457598,6.521638
PBS,512,Variance of Gradient,1,5,432,512,0.221184,0.416032,7.282668
PBS,512,Variance of Gradient,1,6,432,512,0.221184,0.401634,7.096671
PBS,512,Variance of Gradient,2,0,432,512,0.221184,0.358815,7.438613
PBS,512,Variance of Gradient,2,1,432,512,0.221184,0.461798,7.419452
PBS,512,Variance of Gradient,2,2,432,512,0.221184,0.465717,7.306507
PBS,512,Variance of Gradient,2,3,432,512,0.221184,0.511313,6.597579
PBS,512,Variance of Gradient,2,4,432,512,0.221184,0.537733,6.917495
PBS,512,Variance of Gradient,2,5,432,512,0.221184,0.460125,7.100287
PBS,512,Variance of Gradient,2,6,432,512,0.221184,0.499146,6.999428
WBC,1024,Laplacian Energy,0,0,1024,1024,1.048576,12.080469,13.33375
WBC,1024,Laplacian Energy,0,1,1024,1024,1.048576,15.398882,16.486311
WBC,1024,Laplacian Energy,0,2,1024,1024,1.048576,20.332776,15.366387
WBC,1024,Laplacian Energy,0,3,1024,1024,1.048576,16.00007,17.598579
WBC,1024,Laplacian Energy,0,4,1024,1024,1.048576,15.03392,11.0085
WBC,1024,Laplacian Energy,0,5,1024,1024,1.048576,21.646758,18.566454
WBC,1024,Laplacian Energy,0,6,1024,1024,1.048576,14.80341,14.411366
WBC,1024,Laplacian Energy,1,0,1024,1024,1.048576,12.816018,13.474095
WBC,1024,Laplacian Energy,1,1,1024,1024,1.048576,11.131384,13.809656
WBC,1024,Laplacian Energy,1,2,1024,1024,1.048576,11.512502,10.963727
WBC,1024,Laplacian Energy,1,3,1024,1024,1.048576,10.693425,11.970185
WBC,1024,Laplacian Energy,1,4,1024,1024,1.048576,10.022942,10.414209
WBC,1024,Laplacian Energy,1,5,1024,1024,1.048576,10.225657,10.094777
WBC,1024,Laplacian Energy,1,6,1024,1024,1.048576,9.368852,11.16883
WBC,1024,Laplacian Energy,2,0,1024,1024,1.048576,9.277874,10.069136
WBC,1024,Laplacian Energy,2,1,1024,1024,1.048576,9.583063,10.222728
WBC,1024,Laplacian Energy,2,2,1024,1024,1.048576,9.173017,10.070897
WBC,1024,Laplacian Energy,2,3,1024,1024,1.048576,8.834641,9.782726
WBC,1024,Laplacian Energy,2,4,1024,1024,1.048576,9.038565,10.524904
WBC,1024,Laplacian Energy,2,5,1024,1024,1.048576,9.888014,10.105486
WBC,1024,Laplacian Energy,2,6,1024,1024,1.048576,9.07565,10.777912
WBC,512,Variance of Laplacian,0,0,512,512,0.262144,0.347826,0.681487
WBC,512,Variance of Laplacian,0,1,512,512,0.262144,0.329333,0.519987
WBC,512,Variance of Laplacian,0,2,512,512,0.262144,0.318151,0.46261
WBC,512,Variance of Laplacian,0,3,512,512,0.262144,0.280766,0.406247
WBC,512,Variance of Laplacian,0,4,512,512,0.262144,0.280176,0.39418
WBC,512,Variance of Laplacian,0,5,512,512,0.262144,0.313917,0.422531
WBC,512,Variance of Laplacian,0,6,512,512,0.262144,0.303761,0.404159
WBC,512,Variance of Laplacian,1,0,512,512,0.262144,0.278592,0.445608
WBC,512,Variance of Laplacian,1,1,512,512,0.262144,0.313257,0.424972
WBC,512,Variance of Laplacian,1,2,512,512,0.262144,0.297787,0.451993
WBC,512,Variance of Laplacian,1,3,512,512,0.262144,0.31279,0.43048
WBC,512,Variance of Laplacian,1,4,512,512,0.262144,0.284882,0.432394
WBC,512,Variance of Laplacian,1,5,512,512,0.262144,0.3309,0.400322
WBC,512,Variance of Laplacian,1,6,512,512,0.262144,0.300341,0.441311
WBC,512,Variance of Laplacian,2,0,512,512,0.262144,0.314643,0.625899
WBC,512,Variance of Laplacian,2,1,512,512,0.262144,0.412846,0.502264
WBC,512,Variance of Laplacian,2,2,512,512,0.262144,0.324452,0.564781
WBC,512,Variance of Laplacian,2,3,512,512,0.262144,0.336524,0.628062
WBC,512,Variance of Laplacian,2,4,512,512,0.262144,0.422357,0.446421
WBC,512,Variance of Laplacian,2,5,512,512,0.262144,0.284732,0.449095
WBC,512,Variance of Laplacian,2,6,512,512,0.262144,0.481081,0.479226
WBC,1024,Sum Modified Laplacian,0,0,1024,1024,1.048576,2.382099,2.917159
WBC,1024,Sum Modified Laplacian,0,1,1024,1024,1.048576,2.475096,2.882563
WBC,1024,Sum Modified Laplacian,0,2,1024,1024,1.048576,2.475822,3.120293
WBC,1024,Sum Modified Laplacian,0,3,1024,1024,1.048576,2.520913,2.920485
WBC,1024,Sum Modified Laplacian,0,4,1024,1024,1.048576,2.402186,2.926591
WBC,1024,Sum Modified Laplacian,0,5,1024,1024,1.048576,2.656888,3.211524
WBC,1024,Sum Modified Laplacian,0,6,1024,1024,1.048576,2.656762,3.160818
WBC,1024,Sum Modified Laplacian,1,0,1024,1024,1.048576,2.581553,2.880061
WBC,1024,Sum Modified Laplacian,1,1,1024,1024,1.048576,2.627567,3.155413
WBC,1024,Sum Modified Laplacian,1,2,1024,1024,1.048576,2.395406,3.173465
WBC,1024,Sum Modified Laplacian,1,3,1024,1024,1.048576,2.643178,3.201184
WBC,1024,Sum Modified Laplacian,1,4,1024,1024,1.048576,2.447286,2.940072
WBC,1024,Sum Modified Laplacian,1,5,1024,1024,1.048576,2.75627,3.195899
WBC,1024,Sum Modified Laplacian,1,6,1024,1024,1.048576,2.802688,3.078753
WBC,1024,Sum Modified Laplacian,2,0,1024,1024,1.048576,2.306228,3.099918
WBC,1024,Sum Modified Laplacian,2,1,1024,1024,1.048576,2.585146,2.874371
WBC,1024,Sum Modified Laplacian,2,2,1024,1024,1.048576,2.456206,3.282318
WBC,1024,Sum Modified Laplacian,2,3,1024,1024,1.048576,2.575919,2.826182
WBC,1024,Sum Modified Laplacian,2,4,1024,1024,1.048576,2.494563,2.989768
WBC,1024,Sum Modified Laplacian,2,5,1024,1024,1.048576,2.657851,3.191835
WBC,1024,Sum Modified Laplacian,2,6,1024,1024,1.048576,2.553832,3.301587
TBI,128,Spatial Frequency,0,0,96,128,0.012288,0.021517,12.492061
TBI,128,Spatial Frequency,0,1,96,128,0.012288,0.040919,13.054923
TBI,128,Spatial Frequency,0,2,96,128,0.012288,0.023844,15.086542
TBI,128,Spatial Frequency,0,3,96,128,0.012288,0.026161,16.284931
TBI,128,Spatial Frequency,0,4,96,128,0.012288,0.030505,12.406732
TBI,128,Spatial Frequency,0,5,96,128,0.012288,0.025668,12.129979
TBI,128,Spatial Frequency,0,6,96,128,0.012288,0.02765,12.535645
TBI,128,Spatial Frequency,1,0,96,128,0.012288,0.021899,14.986161
TBI,128,Spatial Frequency,1,1,96,128,0.012288,0.028276,12.46332
TBI,128,Spatial Frequency,1,2,96,128,0.012288,0.028269,11.953897
TBI,128,Spatial Frequency,1,3,96,128,0.012288,0.026446,13.290988
TBI,128,Spatial Frequency,1,4,96,128,0.012288,0.028276,12.140895
TBI,128,Spatial Frequency,1,5,96,128,0.012288,0.031136,11.895532
TBI,128,Spatial Frequency,1,6,96,128,0.012288,0.027535,12.136814
TBI,128,Spatial Frequency,2,0,96,128,0.012288,0.021672,12.822075
TBI,128,Spatial Frequency,2,1,96,128,0.012288,0.024778,14.492558
TBI,128,Spatial Frequency,2,2,96,128,0.012288,0.027523,12.353535
TBI,128,Spatial Frequency,2,3,96,128,0.012288,0.023167,12.493601
TBI,128,Spatial Frequency,2,4,96,128,0.012288,0.026201,12.587282
TBI,128,Spatial Frequency,2,5,96,128,0.012288,0.0246,13.231622
TBI,128,Spatial Frequency,2,6,96,128,0.012288,0.028229,13.897668
TBI,1024,Mean Intensity,0,0,768,1024,0.786432,0.428287,13.940236
TBI,1024,Mean Intensity,0,1,768,1024,0.786432,0.42202,15.275204
TBI,1024,Mean Intensity,0,2,768,1024,0.786432,0.492418,13.569197
TBI,1024,Mean Intensity,0,3,768,1024,0.786432,0.447267,13.899067
TBI,1024,Mean Intensity,0,4,768,1024,0.786432,0.392125,14.02258
TBI,1024,Mean Intensity,0,5,768,1024,0.786432,0.419847,14.033558
TBI,1024,Mean Intensity,0,6,768,1024,0.786432,0.483598,13.41657
TBI,1024,Mean Intensity,1,0,768,1024,0.786432,0.280118,12.875181
TBI,1024,Mean Intensity,1,1,768,1024,0.786432,0.405761,13.175318
TBI,1024,Mean Intensity,1,2,768,1024,0.786432,0.435869,12.924584
TBI,1024,Mean Intensity,1,3,768,1024,0.786432,0.489786,13.131401
TBI,1024,Mean Intensity,1,4,768,1024,0.786432,0.563159,12.726707
TBI,1024,Mean Intensity,1,5,768,1024,0.786432,0.377224,12.95354
TBI,1024,Mean Intensity,1,6,768,1024,0.786432,0.405886,12.74216
TBI,1024,Mean Intensity,2,0,768,1024,0.786432,0.354989,12.73795
TBI,1024,Mean Intensity,2,1,768,1024,0.786432,0.481983,13.040299
TBI,1024,Mean Intensity,2,2,768,1024,0.786432,0.445402,13.261709
TBI,1024,Mean Intensity,2,3,768,1024,0.786432,0.443338,12.841035
TBI,1024,Mean Intensity,2,4,768,1024,0.786432,0.526369,12.921738
TBI,1024,Mean Intensity,2,5,768,1024,0.786432,0.471784,13.895401
TBI,1024,Mean Intensity,2,6,768,1024,0.786432,0.582941,13.17844
TBF,1024,Sum Modified Laplacian,0,0,864,1024,0.884736,2.005191,11.895875
TBF,1024,Sum Modified Laplacian,0,1,864,1024,0.884736,2.05332,8.211727
TBF,1024,Sum Modified Laplacian,0,2,864,1024,0.884736,2.600943,8.703472
TBF,1024,Sum Modified Laplacian,0,3,864,1024,0.884736,2.147957,8.660206
TBF,1024,Sum Modified Laplacian,0,4,864,1024,0.884736,1.992575,8.487662
TBF,1024,Sum Modified Laplacian,0,5,864,1024,0.884736,2.214731,9.017734
TBF,1024,Sum Modified Laplacian,0,6,864,1024,0.884736,2.013121,8.57258
TBF,1024,Sum Modified Laplacian,1,0,864,1024,0.884736,1.966362,8.894387
TBF,1024,Sum Modified Laplacian,1,1,864,1024,0.884736,1.976455,8.666557
TBF,1024,Sum Modified Laplacian,1,2,864,1024,0.884736,2.097488,8.543641
TBF,1024,Sum Modified Laplacian,1,3,864,1024,0.884736,2.022282,8.513101
TBF,1024,Sum Modified Laplacian,1,4,864,1024,0.884736,2.365589,8.051695
TBF,1024,Sum Modified Laplacian,1,5,864,1024,0.884736,2.042891,8.4316
TBF,1024,Sum Modified Laplacian,1,6,864,1024,0.884736,2.026752,8.638818
TBF,1024,Sum Modified Laplacian,2,0,864,1024,0.884736,1.822315,9.341146
TBF,1024,Sum Modified Laplacian,2,1,864,1024,0.884736,2.042364,8.831943
TBF,1024,Sum Modified Laplacian,2,2,864,1024,0.884736,1.910945,9.401572
TBF,1024,Sum Modified Laplacian,2,3,864,1024,0.884736,2.056606,9.515637
TBF,1024,Sum Modified Laplacian,2,4,864,1024,0.884736,2.256633,8.828911
TBF,1024,Sum Modified Laplacian,2,5,864,1024,0.884736,2.046489,9.467356
TBF,1024,Sum Modified Laplacian,2,6,864,1024,0.884736,2.247208,9.117146
TBF,512,Fourier Transform Sharpness Index,0,0,432,512,0.221184,1.937771,8.339655
TBF,512,Fourier Transform Sharpness Index,0,1,432,512,0.221184,1.957282,8.376607
TBF,512,Fourier Transform Sharpness Index,0,2,432,512,0.221184,2.127377,8.077506
TBF,512,Fourier Transform Sharpness Index,0,3,432,512,0.221184,2.019372,8.251687
TBF,512,Fourier Transform Sharpness Index,0,4,432,512,0.221184,1.83006,7.76718
TBF,512,Fourier Transform Sharpness Index,0,5,432,512,0.221184,1.832691,8.115502
TBF,512,Fourier Transform Sharpness Index,0,6,432,512,0.221184,1.863607,8.341987
TBF,512,Fourier Transform Sharpness Index,1,0,432,512,0.221184,2.019153,7.8854
TBF,512,Fourier Transform Sharpness Index,1,1,432,512,0.221184,2.149308,8.113465
TBF,512,Fourier Transform Sharpness Index,1,2,432,512,0.221184,1.946978,8.068821
TBF,512,Fourier Transform Sharpness Index,1,3,432,512,0.221184,1.827119,10.562828
TBF,512,Fourier Transform Sharpness Index,1,4,432,512,0.221184,1.888135,7.902415
TBF,512,Fourier Transform Sharpness Index,1,5,432,512,0.221184,2.194913,7.868662
TBF,512,Fourier Transform Sharpness Index,1,6,432,512,0.221184,1.923001,7.853688
TBF,512,Fourier Transform Sharpness Index,2,0,432,512,0.221184,1.964953,8.678087
TBF,512,Fourier Transform Sharpness Index,2,1,432,512,0.221184,1.968571,8.62438
TBF,512,Fourier Transform Sharpness Index,2,2,432,512,0.221184,1.902191,10.491095
TBF,512,Fourier Transform Sharpness Index,2,3,432,512,0.221184,2.045102,8.808775
TBF,512,Fourier Transform Sharpness Index,2,4,432,512,0.221184,1.972863,7.873435
TBF,512,Fourier Transform Sharpness Index,2,5,432,512,0.221184,1.86303,8.186677
TBF,512,Fourier Transform Sharpness Index,2,6,432,512,0.221184,2.080585,8.272252
TBF,128,Intensity Skewness Index,0,0,108,128,0.013824,0.072758,5.784864
TBF,128,Intensity Skewness Index,0,1,108,128,0.013824,0.083438,6.145874
TBF,128,Intensity Skewness Index,0,2,108,128,0.013824,0.082128,6.447756
TBF,128,Intensity Skewness Index,0,3,108,128,0.013824,0.086983,6.26838
TBF,128,Intensity Skewness Index,0,4,108,128,0.013824,0.083856,6.07343
TBF,128,Intensity Skewness Index,0,5,108,128,0.013824,0.080343,6.305801
TBF,128,Intensity Skewness Index,0,6,108,128,0.013824,0.091789,6.429022
TBF,128,Intensity Skewness Index,1,0,108,128,0.013824,0.078752,6.431006
TBF,128,Intensity Skewness Index,1,1,108,128,0.013824,0.088689,6.321118
TBF,128,Intensity Skewness Index,1,2,108,128,0.013824,0.079823,6.315583
TBF,128,Intensity Skewness Index,1,3,108,128,0.013824,0.098043,5.823998
TBF,128,Intensity Skewness Index,1,4,108,128,0.013824,0.077078,6.219838
TBF,128,Intensity Skewness Index,1,5,108,128,0.013824,0.085733,6.290475
TBF,128,Intensity Skewness Index,1,6,108,128,0.013824,0.091602,6.376834
TBF,128,Intensity Skewness Index,2,0,108,128,0.013824,0.08214,6.211063
TBF,128,Intensity Skewness Index,2,1,108,128,0.013824,0.083429,5.634644
TBF,128,Intensity Skewness Index,2,2,108,128,0.013824,0.091285,6.05221
TBF,128,Intensity Skewness Index,2,3,108,128,0.013824,0.079827,6.634803
TBF,128,Intensity Skewness Index,2,4,108,128,0.013824,0.103067,6.299493
TBF,128,Intensity Skewness Index,2,5,108,128,0.013824,0.089022,6.58455
TBF,128,Intensity Skewness Index,2,6,108,128,0.013824,0.094638,6.646089
TBF,1024,Fourier High Frequency Energy Ratio,0,0,864,1024,0.884736,15.105363,22.930208
TBF,1024,Fourier High Frequency Energy Ratio,0,1,864,1024,0.884736,15.191075,23.874445
TBF,1024,Fourier High Frequency Energy Ratio,0,2,864,1024,0.884736,19.546948,23.946788
TBF,1024,Fourier High Frequency Energy Ratio,0,3,864,1024,0.884736,14.718526,21.339348
TBF,1024,Fourier High Frequency Energy Ratio,0,4,864,1024,0.884736,14.289758,21.94496
TBF,1024,Fourier High Frequency Energy Ratio,0,5,864,1024,0.884736,14.782486,21.913805
TBF,1024,Fourier High Frequency Energy Ratio,0,6,864,1024,0.884736,16.218154,22.376768
TBF,1024,Fourier High Frequency Energy Ratio,1,0,864,1024,0.884736,14.052501,21.112357
TBF,1024,Fourier High Frequency Energy Ratio,1,1,864,1024,0.884736,15.380088,22.19799
TBF,1024,Fourier High Frequency Energy Ratio,1,2,864,1024,0.884736,13.683753,19.894787
TBF,1024,Fourier High Frequency Energy Ratio,1,3,864,1024,0.884736,14.01987,21.392076
TBF,1024,Fourier High Frequency Energy Ratio,1,4,864,1024,0.884736,15.539791,21.533664
TBF,1024,Fourier High Frequency Energy Ratio,1,5,864,1024,0.884736,14.95362,22.837902
TBF,1024,Fourier High Frequency Energy Ratio,1,6,864,1024,0.884736,14.715818,22.487135
TBF,1024,Fourier High Frequency Energy Ratio,2,0,864,1024,0.884736,15.708389,30.129073
TBF,1024,Fourier High Frequency Energy Ratio,2,1,864,1024,0.884736,22.381416,30.884202
TBF,1024,Fourier High Frequency Energy Ratio,2,2,864,1024,0.884736,21.183972,31.528918
TBF,1024,Fourier High Frequency Energy Ratio,2,3,864,1024,0.884736,20.444634,29.723129
TBF,1024,Fourier High Frequency Energy Ratio,2,4,864,1024,0.884736,20.491252,28.380519
TBF,1024,Fourier High Frequency Energy Ratio,2,5,864,1024,0.884736,20.618959,30.369356
TBF,1024,Fourier High Frequency Energy Ratio,2,6,864,1024,0.884736,21.259763,28.872997
TBI,native,Roberts Focus Measure,0,0,2112,2816,5.947392,38.940069,49.45738
TBI,native,Roberts Focus Measure,0,1,2112,2816,5.947392,26.355009,33.864123
TBI,native,Roberts Focus Measure,0,2,2112,2816,5.947392,26.54595,32.855599
TBI,native,Roberts Focus Measure,0,3,2112,2816,5.947392,27.432093,32.52616
TBI,native,Roberts Focus Measure,0,4,2112,2816,5.947392,26.028977,36.097464
TBI,native,Roberts Focus Measure,0,5,2112,2816,5.947392,26.561429,32.541658
TBI,native,Roberts Focus Measure,0,6,2112,2816,5.947392,26.960662,33.401858
TBI,native,Roberts Focus Measure,1,0,2112,2816,5.947392,27.173848,37.488118
TBI,native,Roberts Focus Measure,1,1,2112,2816,5.947392,29.283782,36.754644
TBI,native,Roberts Focus Measure,1,2,2112,2816,5.947392,27.635279,35.387477
TBI,native,Roberts Focus Measure,1,3,2112,2816,5.947392,28.691732,35.493139
TBI,native,Roberts Focus Measure,1,4,2112,2816,5.947392,27.71675,35.402515
TBI,native,Roberts Focus Measure,1,5,2112,2816,5.947392,27.221456,34.699036
TBI,native,Roberts Focus Measure,1,6,2112,2816,5.947392,26.730108,32.480974
TBI,native,Roberts Focus Measure,2,0,2112,2816,5.947392,27.406258,33.366384
TBI,native,Roberts Focus Measure,2,1,2112,2816,5.947392,26.86261,33.505543
TBI,native,Roberts Focus Measure,2,2,2112,2816,5.947392,26.515793,35.177441
TBI,native,Roberts Focus Measure,2,3,2112,2816,5.947392,26.939454,32.833025
TBI,native,Roberts Focus Measure,2,4,2112,2816,5.947392,26.574808,35.804466
TBI,native,Roberts Focus Measure,2,5,2112,2816,5.947392,26.344986,32.173629
TBI,native,Roberts Focus Measure,2,6,2112,2816,5.947392,26.659792,32.775752
TBI,native,Intensity Skewness Index,0,0,2112,2816,5.947392,56.285356,66.418735
TBI,native,Intensity Skewness Index,0,1,2112,2816,5.947392,55.578731,64.300183
TBI,native,Intensity Skewness Index,0,2,2112,2816,5.947392,54.549218,65.825239
TBI,native,Intensity Skewness Index,0,3,2112,2816,5.947392,55.370797,64.913321
TBI,native,Intensity Skewness Index,0,4,2112,2816,5.947392,57.392329,67.192645
TBI,native,Intensity Skewness Index,0,5,2112,2816,5.947392,55.085576,63.845128
TBI,native,Intensity Skewness Index,0,6,2112,2816,5.947392,55.254899,65.260564
TBI,native,Intensity Skewness Index,1,0,2112,2816,5.947392,57.974931,70.327223
TBI,native,Intensity Skewness Index,1,1,2112,2816,5.947392,58.240035,68.076185
TBI,native,Intensity Skewness Index,1,2,2112,2816,5.947392,58.207526,67.357099
TBI,native,Intensity Skewness Index,1,3,2112,2816,5.947392,58.232067,71.271723
TBI,native,Intensity Skewness Index,1,4,2112,2816,5.947392,59.727036,67.960365
TBI,native,Intensity Skewness Index,1,5,2112,2816,5.947392,58.294524,69.226124
TBI,native,Intensity Skewness Index,1,6,2112,2816,5.947392,58.469514,68.955251
TBI,native,Intensity Skewness Index,2,0,2112,2816,5.947392,62.534939,71.814065
TBI,native,Intensity Skewness Index,2,1,2112,2816,5.947392,61.00847,70.111296
TBI,native,Intensity Skewness Index,2,2,2112,2816,5.947392,60.781846,71.657655
TBI,native,Intensity Skewness Index,2,3,2112,2816,5.947392,65.66549,71.382548
TBI,native,Intensity Skewness Index,2,4,2112,2816,5.947392,63.958513,71.566999
TBI,native,Intensity Skewness Index,2,5,2112,2816,5.947392,61.181691,70.399934
TBI,native,Intensity Skewness Index,2,6,2112,2816,5.947392,61.333431,71.496429
PBS,native,Roberts Focus Measure,0,0,2160,2560,5.5296,22.262252,43.033283
PBS,native,Roberts Focus Measure,0,1,2160,2560,5.5296,33.250575,35.705418
PBS,native,Roberts Focus Measure,0,2,2160,2560,5.5296,21.82016,41.067792
PBS,native,Roberts Focus Measure,0,3,2160,2560,5.5296,32.588607,35.074028
PBS,native,Roberts Focus Measure,0,4,2160,2560,5.5296,22.172831,41.364163
PBS,native,Roberts Focus Measure,0,5,2160,2560,5.5296,32.885913,35.120322
PBS,native,Roberts Focus Measure,0,6,2160,2560,5.5296,22.238266,40.161883
PBS,native,Roberts Focus Measure,1,0,2160,2560,5.5296,34.734415,34.866762
PBS,native,Roberts Focus Measure,1,1,2160,2560,5.5296,21.703668,40.44495
PBS,native,Roberts Focus Measure,1,2,2160,2560,5.5296,33.850203,37.746931
PBS,native,Roberts Focus Measure,1,3,2160,2560,5.5296,22.612515,42.9552
PBS,native,Roberts Focus Measure,1,4,2160,2560,5.5296,33.335178,34.571837
PBS,native,Roberts Focus Measure,1,5,2160,2560,5.5296,21.516487,41.186093
PBS,native,Roberts Focus Measure,1,6,2160,2560,5.5296,33.280959,36.545443
PBS,native,Roberts Focus Measure,2,0,2160,2560,5.5296,22.18864,40.336181
PBS,native,Roberts Focus Measure,2,1,2160,2560,5.5296,33.249827,34.752693
PBS,native,Roberts Focus Measure,2,2,2160,2560,5.5296,22.121659,40.154213
PBS,native,Roberts Focus Measure,2,3,2160,2560,5.5296,32.439937,35.546365
PBS,native,Roberts Focus Measure,2,4,2160,2560,5.5296,22.16951,43.415738
PBS,native,Roberts Focus Measure,2,5,2160,2560,5.5296,33.038438,34.636306
PBS,native,Roberts Focus Measure,2,6,2160,2560,5.5296,23.077802,57.315153
WBC,1024,Normalized Variance,0,0,1024,1024,1.048576,2.162088,2.667886
WBC,1024,Normalized Variance,0,1,1024,1024,1.048576,1.981981,3.111666
WBC,1024,Normalized Variance,0,2,1024,1024,1.048576,2.076044,2.519381
WBC,1024,Normalized Variance,0,3,1024,1024,1.048576,1.797241,2.541191
WBC,1024,Normalized Variance,0,4,1024,1024,1.048576,1.918388,2.377325
WBC,1024,Normalized Variance,0,5,1024,1024,1.048576,1.800574,2.558339
WBC,1024,Normalized Variance,0,6,1024,1024,1.048576,1.901419,2.405612
WBC,1024,Normalized Variance,1,0,1024,1024,1.048576,1.779269,2.692192
WBC,1024,Normalized Variance,1,1,1024,1024,1.048576,1.919913,2.391112
WBC,1024,Normalized Variance,1,2,1024,1024,1.048576,1.861981,2.621866
WBC,1024,Normalized Variance,1,3,1024,1024,1.048576,1.937915,2.543545
WBC,1024,Normalized Variance,1,4,1024,1024,1.048576,1.935434,2.935234
WBC,1024,Normalized Variance,1,5,1024,1024,1.048576,1.9455,2.406352
WBC,1024,Normalized Variance,1,6,1024,1024,1.048576,1.8149,2.612856
WBC,1024,Normalized Variance,2,0,1024,1024,1.048576,1.869187,2.690999
WBC,1024,Normalized Variance,2,1,1024,1024,1.048576,1.794704,2.903848
WBC,1024,Normalized Variance,2,2,1024,1024,1.048576,1.953813,2.480885
WBC,1024,Normalized Variance,2,3,1024,1024,1.048576,1.786035,2.516237
WBC,1024,Normalized Variance,2,4,1024,1024,1.048576,1.888562,2.439176
WBC,1024,Normalized Variance,2,5,1024,1024,1.048576,1.751603,2.562854
WBC,1024,Normalized Variance,2,6,1024,1024,1.048576,1.90959,2.602933
BMA,512,Spatial Frequency,0,0,432,512,0.221184,0.745187,8.397604
BMA,512,Spatial Frequency,0,1,432,512,0.221184,0.74653,8.434839
BMA,512,Spatial Frequency,0,2,432,512,0.221184,0.80291,8.985059
BMA,512,Spatial Frequency,0,3,432,512,0.221184,0.781232,8.510389
BMA,512,Spatial Frequency,0,4,432,512,0.221184,0.806783,8.979277
BMA,512,Spatial Frequency,0,5,432,512,0.221184,0.797296,8.040209
BMA,512,Spatial Frequency,0,6,432,512,0.221184,0.755974,8.707269
BMA,512,Spatial Frequency,1,0,432,512,0.221184,0.933708,8.338833
BMA,512,Spatial Frequency,1,1,432,512,0.221184,0.7884,8.799667
BMA,512,Spatial Frequency,1,2,432,512,0.221184,0.790234,8.647059
BMA,512,Spatial Frequency,1,3,432,512,0.221184,0.825334,8.710949
BMA,512,Spatial Frequency,1,4,432,512,0.221184,0.802442,8.678767
BMA,512,Spatial Frequency,1,5,432,512,0.221184,0.815391,11.158375
BMA,512,Spatial Frequency,1,6,432,512,0.221184,0.823564,8.448394
BMA,512,Spatial Frequency,2,0,432,512,0.221184,0.728383,9.156539
BMA,512,Spatial Frequency,2,1,432,512,0.221184,0.809439,9.340915
BMA,512,Spatial Frequency,2,2,432,512,0.221184,0.819891,9.316279
BMA,512,Spatial Frequency,2,3,432,512,0.221184,0.823965,8.270063
BMA,512,Spatial Frequency,2,4,432,512,0.221184,0.795615,8.719173
BMA,512,Spatial Frequency,2,5,432,512,0.221184,0.814883,8.719786
BMA,512,Spatial Frequency,2,6,432,512,0.221184,0.796232,8.168453
WBC,128,Squared Gradient,0,0,128,128,0.016384,0.039512,0.221745
WBC,128,Squared Gradient,0,1,128,128,0.016384,0.041284,0.167252
WBC,128,Squared Gradient,0,2,128,128,0.016384,0.040901,0.16047
WBC,128,Squared Gradient,0,3,128,128,0.016384,0.040527,0.158619
WBC,128,Squared Gradient,0,4,128,128,0.016384,0.059894,0.16851
WBC,128,Squared Gradient,0,5,128,128,0.016384,0.041067,0.161857
WBC,128,Squared Gradient,0,6,128,128,0.016384,0.040169,0.187722
WBC,128,Squared Gradient,1,0,128,128,0.016384,0.042008,0.182367
WBC,128,Squared Gradient,1,1,128,128,0.016384,0.04059,0.162038
WBC,128,Squared Gradient,1,2,128,128,0.016384,0.040489,0.159045
WBC,128,Squared Gradient,1,3,128,128,0.016384,0.043909,0.166248
WBC,128,Squared Gradient,1,4,128,128,0.016384,0.040074,0.17251
WBC,128,Squared Gradient,1,5,128,128,0.016384,0.04129,0.182601
WBC,128,Squared Gradient,1,6,128,128,0.016384,0.040775,0.162874
WBC,128,Squared Gradient,2,0,128,128,0.016384,0.040383,0.192706
WBC,128,Squared Gradient,2,1,128,128,0.016384,0.042197,0.166896
WBC,128,Squared Gradient,2,2,128,128,0.016384,0.04059,0.159377
WBC,128,Squared Gradient,2,3,128,128,0.016384,0.039928,0.158356
WBC,128,Squared Gradient,2,4,128,128,0.016384,0.040604,0.158414
WBC,128,Squared Gradient,2,5,128,128,0.016384,0.03989,0.185598
WBC,128,Squared Gradient,2,6,128,128,0.016384,0.041963,0.162599
TBF,512,Histogram Entropy,0,0,432,512,0.221184,1.044831,7.800725
TBF,512,Histogram Entropy,0,1,432,512,0.221184,1.126877,7.720838
TBF,512,Histogram Entropy,0,2,432,512,0.221184,1.141412,8.350595
TBF,512,Histogram Entropy,0,3,432,512,0.221184,1.293359,9.104327
TBF,512,Histogram Entropy,0,4,432,512,0.221184,1.165156,8.371265
TBF,512,Histogram Entropy,0,5,432,512,0.221184,1.331678,8.641172
TBF,512,Histogram Entropy,0,6,432,512,0.221184,1.362568,8.723137
TBF,512,Histogram Entropy,1,0,432,512,0.221184,1.115216,8.340684
TBF,512,Histogram Entropy,1,1,432,512,0.221184,1.161923,8.774593
TBF,512,Histogram Entropy,1,2,432,512,0.221184,1.222972,8.174078
TBF,512,Histogram Entropy,1,3,432,512,0.221184,1.084169,8.26843
TBF,512,Histogram Entropy,1,4,432,512,0.221184,1.088346,7.894591
TBF,512,Histogram Entropy,1,5,432,512,0.221184,1.091108,8.464036
TBF,512,Histogram Entropy,1,6,432,512,0.221184,1.160397,7.973479
TBF,512,Histogram Entropy,2,0,432,512,0.221184,0.988505,8.314949
TBF,512,Histogram Entropy,2,1,432,512,0.221184,1.117925,8.470531
TBF,512,Histogram Entropy,2,2,432,512,0.221184,1.180583,9.91425
TBF,512,Histogram Entropy,2,3,432,512,0.221184,1.072957,8.343711
TBF,512,Histogram Entropy,2,4,432,512,0.221184,1.132044,11.405992
TBF,512,Histogram Entropy,2,5,432,512,0.221184,1.327295,11.899035
TBF,512,Histogram Entropy,2,6,432,512,0.221184,1.058399,8.263136
BMA,512,Absolute Central Moment 4,0,0,432,512,0.221184,2.904579,10.534609
BMA,512,Absolute Central Moment 4,0,1,432,512,0.221184,3.027457,10.84206
BMA,512,Absolute Central Moment 4,0,2,432,512,0.221184,2.981362,10.506607
BMA,512,Absolute Central Moment 4,0,3,432,512,0.221184,2.946525,11.155097
BMA,512,Absolute Central Moment 4,0,4,432,512,0.221184,2.973939,10.648787
BMA,512,Absolute Central Moment 4,0,5,432,512,0.221184,2.938726,10.810015
BMA,512,Absolute Central Moment 4,0,6,432,512,0.221184,3.058993,10.597417
BMA,512,Absolute Central Moment 4,1,0,432,512,0.221184,2.901151,9.860571
BMA,512,Absolute Central Moment 4,1,1,432,512,0.221184,3.004722,10.88204
BMA,512,Absolute Central Moment 4,1,2,432,512,0.221184,3.05221,10.640532
BMA,512,Absolute Central Moment 4,1,3,432,512,0.221184,3.078976,11.944507
BMA,512,Absolute Central Moment 4,1,4,432,512,0.221184,3.060064,11.015269
BMA,512,Absolute Central Moment 4,1,5,432,512,0.221184,3.037197,10.414235
BMA,512,Absolute Central Moment 4,1,6,432,512,0.221184,3.026967,11.056547
BMA,512,Absolute Central Moment 4,2,0,432,512,0.221184,2.888272,10.482498
BMA,512,Absolute Central Moment 4,2,1,432,512,0.221184,2.987387,11.066923
BMA,512,Absolute Central Moment 4,2,2,432,512,0.221184,2.995663,10.461269
BMA,512,Absolute Central Moment 4,2,3,432,512,0.221184,3.095918,13.246242
BMA,512,Absolute Central Moment 4,2,4,432,512,0.221184,2.951792,10.727302
BMA,512,Absolute Central Moment 4,2,5,432,512,0.221184,3.011436,10.289566
BMA,512,Absolute Central Moment 4,2,6,432,512,0.221184,3.016806,12.103216
WBC,1024,Fourier High Frequency Energy Ratio,0,0,1024,1024,1.048576,26.213468,31.511535
WBC,1024,Fourier High Frequency Energy Ratio,0,1,1024,1024,1.048576,26.854865,29.450395
WBC,1024,Fourier High Frequency Energy Ratio,0,2,1024,1024,1.048576,30.771304,31.645782
WBC,1024,Fourier High Frequency Energy Ratio,0,3,1024,1024,1.048576,26.749485,27.33755
WBC,1024,Fourier High Frequency Energy Ratio,0,4,1024,1024,1.048576,26.488428,29.608353
WBC,1024,Fourier High Frequency Energy Ratio,0,5,1024,1024,1.048576,25.775474,26.179441
WBC,1024,Fourier High Frequency Energy Ratio,0,6,1024,1024,1.048576,26.455476,27.881606
WBC,1024,Fourier High Frequency Energy Ratio,1,0,1024,1024,1.048576,25.636912,26.345128
WBC,1024,Fourier High Frequency Energy Ratio,1,1,1024,1024,1.048576,25.335531,30.30579
WBC,1024,Fourier High Frequency Energy Ratio,1,2,1024,1024,1.048576,26.37622,29.460572
WBC,1024,Fourier High Frequency Energy Ratio,1,3,1024,1024,1.048576,28.411168,28.823894
WBC,1024,Fourier High Frequency Energy Ratio,1,4,1024,1024,1.048576,28.369239,29.988714
WBC,1024,Fourier High Frequency Energy Ratio,1,5,1024,1024,1.048576,25.85892,27.893071
WBC,1024,Fourier High Frequency Energy Ratio,1,6,1024,1024,1.048576,26.384745,27.743515
WBC,1024,Fourier High Frequency Energy Ratio,2,0,1024,1024,1.048576,26.120625,26.944372
WBC,1024,Fourier High Frequency Energy Ratio,2,1,1024,1024,1.048576,25.39267,26.482054
WBC,1024,Fourier High Frequency Energy Ratio,2,2,1024,1024,1.048576,27.133377,25.876341
WBC,1024,Fourier High Frequency Energy Ratio,2,3,1024,1024,1.048576,26.400241,26.852514
WBC,1024,Fourier High Frequency Energy Ratio,2,4,1024,1024,1.048576,27.974633,26.378196
WBC,1024,Fourier High Frequency Energy Ratio,2,5,1024,1024,1.048576,29.977757,26.128641
WBC,1024,Fourier High Frequency Energy Ratio,2,6,1024,1024,1.048576,30.389047,27.357995
PBS,1024,Gradient Squared Energy,0,0,864,1024,0.884736,2.416589,11.093393
PBS,1024,Gradient Squared Energy,0,1,864,1024,0.884736,2.566528,12.384425
PBS,1024,Gradient Squared Energy,0,2,864,1024,0.884736,2.538031,11.314726
PBS,1024,Gradient Squared Energy,0,3,864,1024,0.884736,2.262925,12.034484
PBS,1024,Gradient Squared Energy,0,4,864,1024,0.884736,2.495502,11.145543
PBS,1024,Gradient Squared Energy,0,5,864,1024,0.884736,2.400624,11.393162
PBS,1024,Gradient Squared Energy,0,6,864,1024,0.884736,3.017772,10.97448
PBS,1024,Gradient Squared Energy,1,0,864,1024,0.884736,2.225257,11.060864
PBS,1024,Gradient Squared Energy,1,1,864,1024,0.884736,2.493106,10.49831
PBS,1024,Gradient Squared Energy,1,2,864,1024,0.884736,2.261163,11.494564
PBS,1024,Gradient Squared Energy,1,3,864,1024,0.884736,2.917081,11.329927
PBS,1024,Gradient Squared Energy,1,4,864,1024,0.884736,2.518993,11.187537
PBS,1024,Gradient Squared Energy,1,5,864,1024,0.884736,2.466804,10.951768
PBS,1024,Gradient Squared Energy,1,6,864,1024,0.884736,2.334004,10.982926
PBS,1024,Gradient Squared Energy,2,0,864,1024,0.884736,2.321205,10.854373
PBS,1024,Gradient Squared Energy,2,1,864,1024,0.884736,2.210166,10.727065
PBS,1024,Gradient Squared Energy,2,2,864,1024,0.884736,2.439907,10.560945
PBS,1024,Gradient Squared Energy,2,3,864,1024,0.884736,2.304144,11.74588
PBS,1024,Gradient Squared Energy,2,4,864,1024,0.884736,2.66241,10.560889
PBS,1024,Gradient Squared Energy,2,5,864,1024,0.884736,2.273894,10.931935
PBS,1024,Gradient Squared Energy,2,6,864,1024,0.884736,2.248492,11.319981
TBF,512,Mean Absolute Laplacian,0,0,432,512,0.221184,2.653906,9.537292
TBF,512,Mean Absolute Laplacian,0,1,432,512,0.221184,2.647122,9.649576
TBF,512,Mean Absolute Laplacian,0,2,432,512,0.221184,2.720796,9.553865
TBF,512,Mean Absolute Laplacian,0,3,432,512,0.221184,2.664232,9.617954
TBF,512,Mean Absolute Laplacian,0,4,432,512,0.221184,2.778359,9.930567
TBF,512,Mean Absolute Laplacian,0,5,432,512,0.221184,2.760959,9.935487
TBF,512,Mean Absolute Laplacian,0,6,432,512,0.221184,2.81219,9.792749
TBF,512,Mean Absolute Laplacian,1,0,432,512,0.221184,2.569468,9.576068
TBF,512,Mean Absolute Laplacian,1,1,432,512,0.221184,2.717429,9.558529
TBF,512,Mean Absolute Laplacian,1,2,432,512,0.221184,2.700276,9.771048
TBF,512,Mean Absolute Laplacian,1,3,432,512,0.221184,2.759777,10.133302
TBF,512,Mean Absolute Laplacian,1,4,432,512,0.221184,2.786949,11.150309
TBF,512,Mean Absolute Laplacian,1,5,432,512,0.221184,2.855111,10.11338
TBF,512,Mean Absolute Laplacian,1,6,432,512,0.221184,2.778788,10.716176
TBF,512,Mean Absolute Laplacian,2,0,432,512,0.221184,2.932952,10.747382
TBF,512,Mean Absolute Laplacian,2,1,432,512,0.221184,2.790635,10.87019
TBF,512,Mean Absolute Laplacian,2,2,432,512,0.221184,2.871128,10.354581
TBF,512,Mean Absolute Laplacian,2,3,432,512,0.221184,2.642959,9.688685
TBF,512,Mean Absolute Laplacian,2,4,432,512,0.221184,2.70192,9.793839
TBF,512,Mean Absolute Laplacian,2,5,432,512,0.221184,2.664656,9.692291
TBF,512,Mean Absolute Laplacian,2,6,432,512,0.221184,2.723682,9.501725
BMA,128,Maximal Intensity,0,0,108,128,0.013824,0.008,8.69868
BMA,128,Maximal Intensity,0,1,108,128,0.013824,0.010989,7.889069
BMA,128,Maximal Intensity,0,2,108,128,0.013824,0.010471,8.582266
BMA,128,Maximal Intensity,0,3,108,128,0.013824,0.012292,8.299296
BMA,128,Maximal Intensity,0,4,108,128,0.013824,0.042518,9.174701
BMA,128,Maximal Intensity,0,5,108,128,0.013824,0.017564,8.221639
BMA,128,Maximal Intensity,0,6,108,128,0.013824,0.01327,8.590156
BMA,128,Maximal Intensity,1,0,108,128,0.013824,0.008017,8.464479
BMA,128,Maximal Intensity,1,1,108,128,0.013824,0.010552,7.956587
BMA,128,Maximal Intensity,1,2,108,128,0.013824,0.014331,8.769247
BMA,128,Maximal Intensity,1,3,108,128,0.013824,0.01031,7.809468
BMA,128,Maximal Intensity,1,4,108,128,0.013824,0.011506,8.336633
BMA,128,Maximal Intensity,1,5,108,128,0.013824,0.011664,9.029177
BMA,128,Maximal Intensity,1,6,108,128,0.013824,0.01597,8.797317
BMA,128,Maximal Intensity,2,0,108,128,0.013824,0.007757,8.681749
BMA,128,Maximal Intensity,2,1,108,128,0.013824,0.014897,8.888153
BMA,128,Maximal Intensity,2,2,108,128,0.013824,0.01366,8.176259
BMA,128,Maximal Intensity,2,3,108,128,0.013824,0.011471,8.44912
BMA,128,Maximal Intensity,2,4,108,128,0.013824,0.012661,8.232118
BMA,128,Maximal Intensity,2,5,108,128,0.013824,0.012664,8.989298
BMA,128,Maximal Intensity,2,6,108,128,0.013824,0.012855,7.726558
TBI,128,Modified Tenengrad,0,0,96,128,0.012288,0.324617,18.644724
TBI,128,Modified Tenengrad,0,1,96,128,0.012288,0.366021,17.414706
TBI,128,Modified Tenengrad,0,2,96,128,0.012288,0.351246,18.095462
TBI,128,Modified Tenengrad,0,3,96,128,0.012288,0.453375,16.391553
TBI,128,Modified Tenengrad,0,4,96,128,0.012288,0.389841,18.000952
TBI,128,Modified Tenengrad,0,5,96,128,0.012288,0.374886,16.244295
TBI,128,Modified Tenengrad,0,6,96,128,0.012288,0.374343,16.516829
TBI,128,Modified Tenengrad,1,0,96,128,0.012288,0.405541,16.081864
TBI,128,Modified Tenengrad,1,1,96,128,0.012288,0.326018,16.527813
TBI,128,Modified Tenengrad,1,2,96,128,0.012288,0.326029,16.799974
TBI,128,Modified Tenengrad,1,3,96,128,0.012288,0.313197,16.668676
TBI,128,Modified Tenengrad,1,4,96,128,0.012288,0.374876,16.488232
TBI,128,Modified Tenengrad,1,5,96,128,0.012288,0.331289,16.863809
TBI,128,Modified Tenengrad,1,6,96,128,0.012288,0.402189,17.638181
TBI,128,Modified Tenengrad,2,0,96,128,0.012288,0.309455,16.256401
TBI,128,Modified Tenengrad,2,1,96,128,0.012288,0.365084,17.238406
TBI,128,Modified Tenengrad,2,2,96,128,0.012288,0.329689,16.123791
TBI,128,Modified Tenengrad,2,3,96,128,0.012288,0.384886,16.318905
TBI,128,Modified Tenengrad,2,4,96,128,0.012288,0.385914,16.20483
TBI,128,Modified Tenengrad,2,5,96,128,0.012288,0.327814,16.767205
TBI,128,Modified Tenengrad,2,6,96,128,0.012288,0.378862,16.527281
WBC,native,Modified Tenengrad,0,0,200,200,0.04,0.788749,0.905584
WBC,native,Modified Tenengrad,0,1,200,200,0.04,0.774925,0.931406
WBC,native,Modified Tenengrad,0,2,200,200,0.04,0.863131,0.84518
WBC,native,Modified Tenengrad,0,3,200,200,0.04,0.818945,0.835083
WBC,native,Modified Tenengrad,0,4,200,200,0.04,0.803694,0.873175
WBC,native,Modified Tenengrad,0,5,200,200,0.04,0.785728,0.823938
WBC,native,Modified Tenengrad,0,6,200,200,0.04,0.766168,0.829162
WBC,native,Modified Tenengrad,1,0,200,200,0.04,0.759622,0.875346
WBC,native,Modified Tenengrad,1,1,200,200,0.04,0.774952,0.915201
WBC,native,Modified Tenengrad,1,2,200,200,0.04,0.773079,0.874912
WBC,native,Modified Tenengrad,1,3,200,200,0.04,0.763192,0.874827
WBC,native,Modified Tenengrad,1,4,200,200,0.04,0.793364,0.843392
WBC,native,Modified Tenengrad,1,5,200,200,0.04,0.792027,0.817153
WBC,native,Modified Tenengrad,1,6,200,200,0.04,0.821184,0.830632
WBC,native,Modified Tenengrad,2,0,200,200,0.04,0.826725,1.184641
WBC,native,Modified Tenengrad,2,1,200,200,0.04,0.949568,0.860615
WBC,native,Modified Tenengrad,2,2,200,200,0.04,0.767188,0.850911
WBC,native,Modified Tenengrad,2,3,200,200,0.04,0.837901,0.789994
WBC,native,Modified Tenengrad,2,4,200,200,0.04,0.76968,0.798169
WBC,native,Modified Tenengrad,2,5,200,200,0.04,0.759038,0.837312
WBC,native,Modified Tenengrad,2,6,200,200,0.04,0.725395,0.823134
TBF,native,Mean Intensity,0,0,2160,2560,5.5296,9.710469,24.186118
TBF,native,Mean Intensity,0,1,2160,2560,5.5296,9.779538,14.075052
TBF,native,Mean Intensity,0,2,2160,2560,5.5296,7.049313,21.643125
TBF,native,Mean Intensity,0,3,2160,2560,5.5296,9.467828,11.777838
TBF,native,Mean Intensity,0,4,2160,2560,5.5296,5.695545,16.554211
TBF,native,Mean Intensity,0,5,2160,2560,5.5296,10.762668,12.822847
TBF,native,Mean Intensity,0,6,2160,2560,5.5296,6.147109,16.204194
TBF,native,Mean Intensity,1,0,2160,2560,5.5296,9.260698,12.774313
TBF,native,Mean Intensity,1,1,2160,2560,5.5296,6.153238,16.16582
TBF,native,Mean Intensity,1,2,2160,2560,5.5296,10.23372,11.886276
TBF,native,Mean Intensity,1,3,2160,2560,5.5296,5.984709,17.272642
TBF,native,Mean Intensity,1,4,2160,2560,5.5296,10.479558,12.174934
TBF,native,Mean Intensity,1,5,2160,2560,5.5296,6.129934,17.521351
TBF,native,Mean Intensity,1,6,2160,2560,5.5296,10.01899,11.981364
TBF,native,Mean Intensity,2,0,2160,2560,5.5296,7.045133,16.130269
TBF,native,Mean Intensity,2,1,2160,2560,5.5296,9.713829,12.226537
TBF,native,Mean Intensity,2,2,2160,2560,5.5296,6.005571,16.009857
TBF,native,Mean Intensity,2,3,2160,2560,5.5296,10.104167,12.674835
TBF,native,Mean Intensity,2,4,2160,2560,5.5296,6.084497,16.116719
TBF,native,Mean Intensity,2,5,2160,2560,5.5296,9.46863,11.623797
TBF,native,Mean Intensity,2,6,2160,2560,5.5296,5.87078,16.503194
PBS,512,Curvelet Transform Sharpness Index,0,0,432,512,0.221184,1.845143,10.475673
PBS,512,Curvelet Transform Sharpness Index,0,1,432,512,0.221184,2.0227,15.647234
PBS,512,Curvelet Transform Sharpness Index,0,2,432,512,0.221184,2.016148,9.716903
PBS,512,Curvelet Transform Sharpness Index,0,3,432,512,0.221184,2.16567,10.406426
PBS,512,Curvelet Transform Sharpness Index,0,4,432,512,0.221184,2.208023,10.975919
PBS,512,Curvelet Transform Sharpness Index,0,5,432,512,0.221184,2.136067,11.437038
PBS,512,Curvelet Transform Sharpness Index,0,6,432,512,0.221184,2.042547,9.357996
PBS,512,Curvelet Transform Sharpness Index,1,0,432,512,0.221184,1.890595,9.712074
PBS,512,Curvelet Transform Sharpness Index,1,1,432,512,0.221184,1.906883,10.277808
PBS,512,Curvelet Transform Sharpness Index,1,2,432,512,0.221184,1.888522,10.862889
PBS,512,Curvelet Transform Sharpness Index,1,3,432,512,0.221184,2.048659,11.208821
PBS,512,Curvelet Transform Sharpness Index,1,4,432,512,0.221184,2.012736,10.031275
PBS,512,Curvelet Transform Sharpness Index,1,5,432,512,0.221184,2.066989,10.158911
PBS,512,Curvelet Transform Sharpness Index,1,6,432,512,0.221184,2.051575,10.283103
PBS,512,Curvelet Transform Sharpness Index,2,0,432,512,0.221184,1.908175,9.534738
PBS,512,Curvelet Transform Sharpness Index,2,1,432,512,0.221184,1.916578,10.223876
PBS,512,Curvelet Transform Sharpness Index,2,2,432,512,0.221184,1.920148,9.992536
PBS,512,Curvelet Transform Sharpness Index,2,3,432,512,0.221184,1.914496,9.77855
PBS,512,Curvelet Transform Sharpness Index,2,4,432,512,0.221184,1.933657,11.026027
PBS,512,Curvelet Transform Sharpness Index,2,5,432,512,0.221184,2.100217,10.878651
PBS,512,Curvelet Transform Sharpness Index,2,6,432,512,0.221184,1.952408,11.383322
PBS,512,DCT Focus Measure,0,0,432,512,0.221184,1.4206,9.502217
PBS,512,DCT Focus Measure,0,1,432,512,0.221184,1.614889,10.225503
PBS,512,DCT Focus Measure,0,2,432,512,0.221184,2.144006,10.056597
PBS,512,DCT Focus Measure,0,3,432,512,0.221184,1.563379,9.225628
PBS,512,DCT Focus Measure,0,4,432,512,0.221184,1.453656,9.105078
PBS,512,DCT Focus Measure,0,5,432,512,0.221184,1.579974,10.123418
PBS,512,DCT Focus Measure,0,6,432,512,0.221184,1.462342,9.432921
PBS,512,DCT Focus Measure,1,0,432,512,0.221184,1.445199,9.552421
PBS,512,DCT Focus Measure,1,1,432,512,0.221184,1.508545,9.016999
PBS,512,DCT Focus Measure,1,2,432,512,0.221184,1.528555,10.08975
PBS,512,DCT Focus Measure,1,3,432,512,0.221184,1.95433,9.150754
PBS,512,DCT Focus Measure,1,4,432,512,0.221184,1.537749,9.050902
PBS,512,DCT Focus Measure,1,5,432,512,0.221184,1.624357,10.394934
PBS,512,DCT Focus Measure,1,6,432,512,0.221184,1.563377,8.779403
PBS,512,DCT Focus Measure,2,0,432,512,0.221184,1.387434,9.902818
PBS,512,DCT Focus Measure,2,1,432,512,0.221184,1.483516,9.435874
PBS,512,DCT Focus Measure,2,2,432,512,0.221184,1.528656,8.913778
PBS,512,DCT Focus Measure,2,3,432,512,0.221184,1.43008,9.168698
PBS,512,DCT Focus Measure,2,4,432,512,0.221184,1.455739,9.29776
PBS,512,DCT Focus Measure,2,5,432,512,0.221184,1.429764,9.475522
PBS,512,DCT Focus Measure,2,6,432,512,0.221184,1.691225,9.370436
WBC,native,Curvelet Transform Sharpness Index,0,0,200,200,0.04,0.251029,0.37866
WBC,native,Curvelet Transform Sharpness Index,0,1,200,200,0.04,0.261086,0.327285
WBC,native,Curvelet Transform Sharpness Index,0,2,200,200,0.04,0.255058,0.300507
WBC,native,Curvelet Transform Sharpness Index,0,3,200,200,0.04,0.307856,0.504161
WBC,native,Curvelet Transform Sharpness Index,0,4,200,200,0.04,0.28377,0.312514
WBC,native,Curvelet Transform Sharpness Index,0,5,200,200,0.04,0.254631,0.299152
WBC,native,Curvelet Transform Sharpness Index,0,6,200,200,0.04,0.252864,0.336885
WBC,native,Curvelet Transform Sharpness Index,1,0,200,200,0.04,0.24913,0.303198
WBC,native,Curvelet Transform Sharpness Index,1,1,200,200,0.04,0.248478,0.320874
WBC,native,Curvelet Transform Sharpness Index,1,2,200,200,0.04,0.267567,0.311743
WBC,native,Curvelet Transform Sharpness Index,1,3,200,200,0.04,0.27458,0.334412
WBC,native,Curvelet Transform Sharpness Index,1,4,200,200,0.04,0.25513,0.292433
WBC,native,Curvelet Transform Sharpness Index,1,5,200,200,0.04,0.271404,0.29664
WBC,native,Curvelet Transform Sharpness Index,1,6,200,200,0.04,0.24308,0.286361
WBC,native,Curvelet Transform Sharpness Index,2,0,200,200,0.04,0.263051,0.303004
WBC,native,Curvelet Transform Sharpness Index,2,1,200,200,0.04,0.261519,0.311635
WBC,native,Curvelet Transform Sharpness Index,2,2,200,200,0.04,0.266942,0.299902
WBC,native,Curvelet Transform Sharpness Index,2,3,200,200,0.04,0.283748,0.305253
WBC,native,Curvelet Transform Sharpness Index,2,4,200,200,0.04,0.244262,0.289249
WBC,native,Curvelet Transform Sharpness Index,2,5,200,200,0.04,0.268851,0.297748
WBC,native,Curvelet Transform Sharpness Index,2,6,200,200,0.04,0.242712,0.311827
TBF,1024,Squared Gradient,0,0,864,1024,0.884736,2.357655,10.310535
TBF,1024,Squared Gradient,0,1,864,1024,0.884736,2.351248,11.179229
TBF,1024,Squared Gradient,0,2,864,1024,0.884736,2.324725,10.702477
TBF,1024,Squared Gradient,0,3,864,1024,0.884736,3.209565,10.577018
TBF,1024,Squared Gradient,0,4,864,1024,0.884736,2.288525,10.989884
TBF,1024,Squared Gradient,0,5,864,1024,0.884736,3.485256,10.564151
TBF,1024,Squared Gradient,0,6,864,1024,0.884736,2.41096,10.759549
TBF,1024,Squared Gradient,1,0,864,1024,0.884736,2.465321,11.111328
TBF,1024,Squared Gradient,1,1,864,1024,0.884736,2.295039,10.368069
TBF,1024,Squared Gradient,1,2,864,1024,0.884736,2.309141,10.325723
TBF,1024,Squared Gradient,1,3,864,1024,0.884736,3.072938,10.646122
TBF,1024,Squared Gradient,1,4,864,1024,0.884736,2.955148,10.58784
TBF,1024,Squared Gradient,1,5,864,1024,0.884736,2.327686,10.397402
TBF,1024,Squared Gradient,1,6,864,1024,0.884736,2.701193,10.376566
TBF,1024,Squared Gradient,2,0,864,1024,0.884736,2.520948,11.343321
TBF,1024,Squared Gradient,2,1,864,1024,0.884736,2.889813,10.53653
TBF,1024,Squared Gradient,2,2,864,1024,0.884736,2.451595,12.206026
TBF,1024,Squared Gradient,2,3,864,1024,0.884736,2.666344,11.217624
TBF,1024,Squared Gradient,2,4,864,1024,0.884736,2.575058,12.674201
TBF,1024,Squared Gradient,2,5,864,1024,0.884736,3.207828,10.807139
TBF,1024,Squared Gradient,2,6,864,1024,0.884736,2.454746,11.755166
BMA,128,Wavelet Detail Energy (db1),0,0,108,128,0.013824,0.127619,9.080165
BMA,128,Wavelet Detail Energy (db1),0,1,108,128,0.013824,0.154948,9.276006
BMA,128,Wavelet Detail Energy (db1),0,2,108,128,0.013824,0.131632,8.364756
BMA,128,Wavelet Detail Energy (db1),0,3,108,128,0.013824,0.156966,7.991357
BMA,128,Wavelet Detail Energy (db1),0,4,108,128,0.013824,0.141904,8.851775
BMA,128,Wavelet Detail Energy (db1),0,5,108,128,0.013824,0.152738,8.269157
BMA,128,Wavelet Detail Energy (db1),0,6,108,128,0.013824,0.128145,8.600746
BMA,128,Wavelet Detail Energy (db1),1,0,108,128,0.013824,0.123178,8.504518
BMA,128,Wavelet Detail Energy (db1),1,1,108,128,0.013824,0.126051,8.892685
BMA,128,Wavelet Detail Energy (db1),1,2,108,128,0.013824,0.157431,8.010752
BMA,128,Wavelet Detail Energy (db1),1,3,108,128,0.013824,0.136163,8.448648
BMA,128,Wavelet Detail Energy (db1),1,4,108,128,0.013824,0.138846,8.259464
BMA,128,Wavelet Detail Energy (db1),1,5,108,128,0.013824,0.125054,8.783031
BMA,128,Wavelet Detail Energy (db1),1,6,108,128,0.013824,0.1301,9.078468
BMA,128,Wavelet Detail Energy (db1),2,0,108,128,0.013824,0.118156,8.980926
BMA,128,Wavelet Detail Energy (db1),2,1,108,128,0.013824,0.140705,9.556623
BMA,128,Wavelet Detail Energy (db1),2,2,108,128,0.013824,0.142025,8.115075
BMA,128,Wavelet Detail Energy (db1),2,3,108,128,0.013824,0.145701,8.848243
BMA,128,Wavelet Detail Energy (db1),2,4,108,128,0.013824,0.131341,8.495313
BMA,128,Wavelet Detail Energy (db1),2,5,108,128,0.013824,0.141668,8.419444
BMA,128,Wavelet Detail Energy (db1),2,6,108,128,0.013824,0.12716,8.413977
TBF,native,Squared Gradient,0,0,2160,2560,5.5296,45.294485,51.292732
TBF,native,Squared Gradient,0,1,2160,2560,5.5296,31.189576,29.216812
TBF,native,Squared Gradient,0,2,2160,2560,5.5296,17.577149,43.543338
TBF,native,Squared Gradient,0,3,2160,2560,5.5296,36.180801,30.988729
TBF,native,Squared Gradient,0,4,2160,2560,5.5296,18.742913,41.88787
TBF,native,Squared Gradient,0,5,2160,2560,5.5296,34.484892,30.520054
TBF,native,Squared Gradient,0,6,2160,2560,5.5296,17.712139,40.793448
TBF,native,Squared Gradient,1,0,2160,2560,5.5296,36.687912,29.961821
TBF,native,Squared Gradient,1,1,2160,2560,5.5296,18.983347,41.76167
TBF,native,Squared Gradient,1,2,2160,2560,5.5296,35.574005,29.104613
TBF,native,Squared Gradient,1,3,2160,2560,5.5296,17.313361,42.266998
TBF,native,Squared Gradient,1,4,2160,2560,5.5296,39.784219,33.392863
TBF,native,Squared Gradient,1,5,2160,2560,5.5296,17.561903,36.719169
TBF,native,Squared Gradient,1,6,2160,2560,5.5296,31.358662,29.803533
TBF,native,Squared Gradient,2,0,2160,2560,5.5296,17.000012,41.320077
TBF,native,Squared Gradient,2,1,2160,2560,5.5296,35.157661,30.019457
TBF,native,Squared Gradient,2,2,2160,2560,5.5296,19.100027,37.023097
TBF,native,Squared Gradient,2,3,2160,2560,5.5296,34.099928,29.988785
TBF,native,Squared Gradient,2,4,2160,2560,5.5296,17.745274,43.172455
TBF,native,Squared Gradient,2,5,2160,2560,5.5296,36.295676,33.302873
TBF,native,Squared Gradient,2,6,2160,2560,5.5296,18.950168,41.923524
PBS,native,Intensity Skewness Index,0,0,2160,2560,5.5296,56.59611,59.621518
PBS,native,Intensity Skewness Index,0,1,2160,2560,5.5296,53.325135,64.015767
PBS,native,Intensity Skewness Index,0,2,2160,2560,5.5296,56.975221,58.845372
PBS,native,Intensity Skewness Index,0,3,2160,2560,5.5296,52.501626,71.163379
PBS,native,Intensity Skewness Index,0,4,2160,2560,5.5296,64.441152,58.268241
PBS,native,Intensity Skewness Index,0,5,2160,2560,5.5296,51.498849,61.379181
PBS,native,Intensity Skewness Index,0,6,2160,2560,5.5296,55.468128,59.546134
PBS,native,Intensity Skewness Index,1,0,2160,2560,5.5296,50.603276,60.138808
PBS,native,Intensity Skewness Index,1,1,2160,2560,5.5296,55.0102,58.743101
PBS,native,Intensity Skewness Index,1,2,2160,2560,5.5296,49.759419,61.244781
PBS,native,Intensity Skewness Index,1,3,2160,2560,5.5296,54.463719,57.920825
PBS,native,Intensity Skewness Index,1,4,2160,2560,5.5296,52.168647,64.489237
PBS,native,Intensity Skewness Index,1,5,2160,2560,5.5296,55.68193,58.764864
PBS,native,Intensity Skewness Index,1,6,2160,2560,5.5296,51.76578,63.064402
PBS,native,Intensity Skewness Index,2,0,2160,2560,5.5296,54.850034,60.384809
PBS,native,Intensity Skewness Index,2,1,2160,2560,5.5296,55.407437,62.068004
PBS,native,Intensity Skewness Index,2,2,2160,2560,5.5296,56.039932,59.123514
PBS,native,Intensity Skewness Index,2,3,2160,2560,5.5296,52.665659,61.635896
PBS,native,Intensity Skewness Index,2,4,2160,2560,5.5296,57.05144,57.698726
PBS,native,Intensity Skewness Index,2,5,2160,2560,5.5296,49.922061,72.455043
PBS,native,Intensity Skewness Index,2,6,2160,2560,5.5296,63.2313,56.811933
BMA,native,Wavelet W1,0,0,2160,2560,5.5296,135.276052,141.034907
BMA,native,Wavelet W1,0,1,2160,2560,5.5296,141.31561,138.297387
BMA,native,Wavelet W1,0,2,2160,2560,5.5296,132.528088,142.804396
BMA,native,Wavelet W1,0,3,2160,2560,5.5296,133.40164,138.062091
BMA,native,Wavelet W1,0,4,2160,2560,5.5296,131.061539,139.241247
BMA,native,Wavelet W1,0,5,2160,2560,5.5296,137.94111,143.100905
BMA,native,Wavelet W1,0,6,2160,2560,5.5296,139.829389,156.818172
BMA,native,Wavelet W1,1,0,2160,2560,5.5296,136.820389,136.382737
BMA,native,Wavelet W1,1,1,2160,2560,5.5296,135.266616,135.967279
BMA,native,Wavelet W1,1,2,2160,2560,5.5296,141.646691,138.841982
BMA,native,Wavelet W1,1,3,2160,2560,5.5296,142.592383,147.847286
BMA,native,Wavelet W1,1,4,2160,2560,5.5296,137.774778,141.031625
BMA,native,Wavelet W1,1,5,2160,2560,5.5296,133.738698,149.183999
BMA,native,Wavelet W1,1,6,2160,2560,5.5296,148.605452,148.445107
BMA,native,Wavelet W1,2,0,2160,2560,5.5296,133.572409,141.217523
BMA,native,Wavelet W1,2,1,2160,2560,5.5296,137.566168,140.799833
BMA,native,Wavelet W1,2,2,2160,2560,5.5296,132.682781,144.926188
BMA,native,Wavelet W1,2,3,2160,2560,5.5296,146.85202,149.90974
BMA,native,Wavelet W1,2,4,2160,2560,5.5296,132.301654,147.024566
BMA,native,Wavelet W1,2,5,2160,2560,5.5296,150.216624,141.131302
BMA,native,Wavelet W1,2,6,2160,2560,5.5296,132.158091,145.651844
BMA,1024,Fourier Transform Sharpness Index,0,0,864,1024,0.884736,20.532627,31.525341
BMA,1024,Fourier Transform Sharpness Index,0,1,864,1024,0.884736,19.044889,34.30995
BMA,1024,Fourier Transform Sharpness Index,0,2,864,1024,0.884736,18.983495,29.194212
BMA,1024,Fourier Transform Sharpness Index,0,3,864,1024,0.884736,18.747216,26.638806
BMA,1024,Fourier Transform Sharpness Index,0,4,864,1024,0.884736,18.173088,27.159147
BMA,1024,Fourier Transform Sharpness Index,0,5,864,1024,0.884736,18.019138,30.512784
BMA,1024,Fourier Transform Sharpness Index,0,6,864,1024,0.884736,18.460483,28.448652
BMA,1024,Fourier Transform Sharpness Index,1,0,864,1024,0.884736,18.748421,27.369911
BMA,1024,Fourier Transform Sharpness Index,1,1,864,1024,0.884736,18.562283,27.382593
BMA,1024,Fourier Transform Sharpness Index,1,2,864,1024,0.884736,18.250964,26.833318
BMA,1024,Fourier Transform Sharpness Index,1,3,864,1024,0.884736,18.827143,28.261409
BMA,1024,Fourier Transform Sharpness Index,1,4,864,1024,0.884736,18.75613,27.237019
BMA,1024,Fourier Transform Sharpness Index,1,5,864,1024,0.884736,18.154588,27.534113
BMA,1024,Fourier Transform Sharpness Index,1,6,864,1024,0.884736,17.973008,26.603978
BMA,1024,Fourier Transform Sharpness Index,2,0,864,1024,0.884736,19.521349,27.93153
BMA,1024,Fourier Transform Sharpness Index,2,1,864,1024,0.884736,18.343091,27.501715
BMA,1024,Fourier Transform Sharpness Index,2,2,864,1024,0.884736,19.855369,27.04861
BMA,1024,Fourier Transform Sharpness Index,2,3,864,1024,0.884736,18.730068,26.79064
BMA,1024,Fourier Transform Sharpness Index,2,4,864,1024,0.884736,18.564864,27.294342
BMA,1024,Fourier Transform Sharpness Index,2,5,864,1024,0.884736,18.527571,29.202252
BMA,1024,Fourier Transform Sharpness Index,2,6,864,1024,0.884736,18.845771,27.087609
TBF,native,Fourier Transform Sharpness Index,0,0,2160,2560,5.5296,192.905012,213.742409
TBF,native,Fourier Transform Sharpness Index,0,1,2160,2560,5.5296,204.729395,199.147163
TBF,native,Fourier Transform Sharpness Index,0,2,2160,2560,5.5296,190.320542,205.807909
TBF,native,Fourier Transform Sharpness Index,0,3,2160,2560,5.5296,200.716289,210.673444
TBF,native,Fourier Transform Sharpness Index,0,4,2160,2560,5.5296,192.458634,204.780478
TBF,native,Fourier Transform Sharpness Index,0,5,2160,2560,5.5296,202.529034,200.559741
TBF,native,Fourier Transform Sharpness Index,0,6,2160,2560,5.5296,187.897033,210.974676
TBF,native,Fourier Transform Sharpness Index,1,0,2160,2560,5.5296,200.435161,197.705272
TBF,native,Fourier Transform Sharpness Index,1,1,2160,2560,5.5296,189.093427,205.201754
TBF,native,Fourier Transform Sharpness Index,1,2,2160,2560,5.5296,195.603156,198.309246
TBF,native,Fourier Transform Sharpness Index,1,3,2160,2560,5.5296,221.704031,211.306173
TBF,native,Fourier Transform Sharpness Index,1,4,2160,2560,5.5296,201.017894,199.507145
TBF,native,Fourier Transform Sharpness Index,1,5,2160,2560,5.5296,195.636848,210.272442
TBF,native,Fourier Transform Sharpness Index,1,6,2160,2560,5.5296,196.044564,201.626843
TBF,native,Fourier Transform Sharpness Index,2,0,2160,2560,5.5296,245.307611,221.675561
TBF,native,Fourier Transform Sharpness Index,2,1,2160,2560,5.5296,202.857953,200.000606
TBF,native,Fourier Transform Sharpness Index,2,2,2160,2560,5.5296,188.123768,209.427227
TBF,native,Fourier Transform Sharpness Index,2,3,2160,2560,5.5296,201.595254,199.781758
TBF,native,Fourier Transform Sharpness Index,2,4,2160,2560,5.5296,189.653521,205.013661
TBF,native,Fourier Transform Sharpness Index,2,5,2160,2560,5.5296,204.208776,197.986455
TBF,native,Fourier Transform Sharpness Index,2,6,2160,2560,5.5296,187.906176,211.192007
WBC,1024,Image Power,0,0,1024,1024,1.048576,1.618571,2.912923
WBC,1024,Image Power,0,1,1024,1024,1.048576,1.51437,2.076996
WBC,1024,Image Power,0,2,1024,1024,1.048576,1.37376,2.018066
WBC,1024,Image Power,0,3,1024,1024,1.048576,1.574331,2.201511
WBC,1024,Image Power,0,4,1024,1024,1.048576,1.518919,2.227402
WBC,1024,Image Power,0,5,1024,1024,1.048576,1.592082,2.14016
WBC,1024,Image Power,0,6,1024,1024,1.048576,1.341016,2.083625
WBC,1024,Image Power,1,0,1024,1024,1.048576,1.268899,2.296389
WBC,1024,Image Power,1,1,1024,1024,1.048576,1.325524,2.195313
WBC,1024,Image Power,1,2,1024,1024,1.048576,1.43907,1.988855
WBC,1024,Image Power,1,3,1024,1024,1.048576,1.413192,2.109792
WBC,1024,Image Power,1,4,1024,1024,1.048576,1.443638,2.020262
WBC,1024,Image Power,1,5,1024,1024,1.048576,1.412244,2.097671
WBC,1024,Image Power,1,6,1024,1024,1.048576,1.355991,2.183988
WBC,1024,Image Power,2,0,1024,1024,1.048576,1.204119,2.096713
WBC,1024,Image Power,2,1,1024,1024,1.048576,1.347646,1.90837
WBC,1024,Image Power,2,2,1024,1024,1.048576,1.28085,2.123984
WBC,1024,Image Power,2,3,1024,1024,1.048576,1.332746,3.861438
WBC,1024,Image Power,2,4,1024,1024,1.048576,1.466438,2.102268
WBC,1024,Image Power,2,5,1024,1024,1.048576,1.543015,1.895334
WBC,1024,Image Power,2,6,1024,1024,1.048576,1.26619,1.876646
PBS,128,Variance of Gradient,0,0,108,128,0.013824,0.052314,11.876527
PBS,128,Variance of Gradient,0,1,108,128,0.013824,0.064506,8.099038
PBS,128,Variance of Gradient,0,2,108,128,0.013824,0.06853,8.384363
PBS,128,Variance of Gradient,0,3,108,128,0.013824,0.067658,7.813538
PBS,128,Variance of Gradient,0,4,108,128,0.013824,0.089078,8.109469
PBS,128,Variance of Gradient,0,5,108,128,0.013824,0.060506,7.85802
PBS,128,Variance of Gradient,0,6,108,128,0.013824,0.07155,8.030193
PBS,128,Variance of Gradient,1,0,108,128,0.013824,0.053615,10.432516
PBS,128,Variance of Gradient,1,1,108,128,0.013824,0.062817,7.838066
PBS,128,Variance of Gradient,1,2,108,128,0.013824,0.089611,8.154414
PBS,128,Variance of Gradient,1,3,108,128,0.013824,0.066257,8.054721
PBS,128,Variance of Gradient,1,4,108,128,0.013824,0.081487,8.338443
PBS,128,Variance of Gradient,1,5,108,128,0.013824,0.063604,7.787122
PBS,128,Variance of Gradient,1,6,108,128,0.013824,0.087499,8.397947
PBS,128,Variance of Gradient,2,0,108,128,0.013824,0.054246,8.241273
PBS,128,Variance of Gradient,2,1,108,128,0.013824,0.070699,8.200706
PBS,128,Variance of Gradient,2,2,108,128,0.013824,0.084118,8.478279
PBS,128,Variance of Gradient,2,3,108,128,0.013824,0.066178,8.427647
PBS,128,Variance of Gradient,2,4,108,128,0.013824,0.065678,7.896862
PBS,128,Variance of Gradient,2,5,108,128,0.013824,0.069116,8.242479
PBS,128,Variance of Gradient,2,6,108,128,0.013824,0.072065,10.301702
WBC,512,Mean Absolute Laplacian,0,0,512,512,0.262144,3.255489,3.721378
WBC,512,Mean Absolute Laplacian,0,1,512,512,0.262144,3.210992,3.639022
WBC,512,Mean Absolute Laplacian,0,2,512,512,0.262144,3.185166,3.417041
WBC,512,Mean Absolute Laplacian,0,3,512,512,0.262144,3.103902,3.493531
WBC,512,Mean Absolute Laplacian,0,4,512,512,0.262144,3.124805,3.301421
WBC,512,Mean Absolute Laplacian,0,5,512,512,0.262144,3.046134,3.447728
WBC,512,Mean Absolute Laplacian,0,6,512,512,0.262144,3.12605,3.371728
WBC,512,Mean Absolute Laplacian,1,0,512,512,0.262144,3.087903,3.62332
WBC,512,Mean Absolute Laplacian,1,1,512,512,0.262144,3.127444,3.478536
WBC,512,Mean Absolute Laplacian,1,2,512,512,0.262144,3.171054,3.496399
WBC,512,Mean Absolute Laplacian,1,3,512,512,0.262144,3.162927,3.347884
WBC,512,Mean Absolute Laplacian,1,4,512,512,0.262144,3.034653,3.357906
WBC,512,Mean Absolute Laplacian,1,5,512,512,0.262144,3.130728,3.303909
WBC,512,Mean Absolute Laplacian,1,6,512,512,0.262144,3.005196,3.331112
WBC,512,Mean Absolute Laplacian,2,0,512,512,0.262144,3.04754,3.258488
WBC,512,Mean Absolute Laplacian,2,1,512,512,0.262144,2.963154,3.304167
WBC,512,Mean Absolute Laplacian,2,2,512,512,0.262144,3.245734,3.262315
WBC,512,Mean Absolute Laplacian,2,3,512,512,0.262144,2.9838,3.304405
WBC,512,Mean Absolute Laplacian,2,4,512,512,0.262144,3.065481,3.229164
WBC,512,Mean Absolute Laplacian,2,5,512,512,0.262144,3.040468,3.31609
WBC,512,Mean Absolute Laplacian,2,6,512,512,0.262144,3.067163,3.416014
TBI,native,Wavelet W3,0,0,2112,2816,5.947392,152.63763,163.004148
TBI,native,Wavelet W3,0,1,2112,2816,5.947392,147.495476,161.277011
TBI,native,Wavelet W3,0,2,2112,2816,5.947392,151.307072,158.518876
TBI,native,Wavelet W3,0,3,2112,2816,5.947392,145.062123,159.674316
TBI,native,Wavelet W3,0,4,2112,2816,5.947392,121.955237,114.464162
TBI,native,Wavelet W3,0,5,2112,2816,5.947392,107.355695,110.688444
TBI,native,Wavelet W3,0,6,2112,2816,5.947392,101.012181,104.385663
TBI,native,Wavelet W3,1,0,2112,2816,5.947392,95.889176,107.999926
TBI,native,Wavelet W3,1,1,2112,2816,5.947392,103.383635,104.727828
TBI,native,Wavelet W3,1,2,2112,2816,5.947392,98.82919,105.810576
TBI,native,Wavelet W3,1,3,2112,2816,5.947392,102.099585,105.257332
TBI,native,Wavelet W3,1,4,2112,2816,5.947392,99.688113,107.285703
TBI,native,Wavelet W3,1,5,2112,2816,5.947392,101.14357,103.801731
TBI,native,Wavelet W3,1,6,2112,2816,5.947392,97.03692,107.839259
TBI,native,Wavelet W3,2,0,2112,2816,5.947392,99.0758,102.905653
TBI,native,Wavelet W3,2,1,2112,2816,5.947392,96.845979,107.740375
TBI,native,Wavelet W3,2,2,2112,2816,5.947392,99.106591,104.681552
TBI,native,Wavelet W3,2,3,2112,2816,5.947392,98.860186,106.84766
TBI,native,Wavelet W3,2,4,2112,2816,5.947392,100.932432,106.020191
TBI,native,Wavelet W3,2,5,2112,2816,5.947392,96.089978,148.004774
TBI,native,Wavelet W3,2,6,2112,2816,5.947392,150.658228,153.361652
TBI,128,Absolute Central Moment 4,0,0,96,128,0.012288,0.153175,10.440054
TBI,128,Absolute Central Moment 4,0,1,96,128,0.012288,0.164757,17.749952
TBI,128,Absolute Central Moment 4,0,2,96,128,0.012288,0.164438,17.694524
TBI,128,Absolute Central Moment 4,0,3,96,128,0.012288,0.164701,18.267575
TBI,128,Absolute Central Moment 4,0,4,96,128,0.012288,0.165261,16.448138
TBI,128,Absolute Central Moment 4,0,5,96,128,0.012288,0.192404,15.834805
TBI,128,Absolute Central Moment 4,0,6,96,128,0.012288,0.20984,16.659329
TBI,128,Absolute Central Moment 4,1,0,96,128,0.012288,0.17505,16.99007
TBI,128,Absolute Central Moment 4,1,1,96,128,0.012288,0.164357,16.295401
TBI,128,Absolute Central Moment 4,1,2,96,128,0.012288,0.166722,16.631686
TBI,128,Absolute Central Moment 4,1,3,96,128,0.012288,0.17766,17.357124
TBI,128,Absolute Central Moment 4,1,4,96,128,0.012288,0.176826,16.448563
TBI,128,Absolute Central Moment 4,1,5,96,128,0.012288,0.160763,16.089786
TBI,128,Absolute Central Moment 4,1,6,96,128,0.012288,0.16703,16.491481
TBI,128,Absolute Central Moment 4,2,0,96,128,0.012288,0.158183,16.737548
TBI,128,Absolute Central Moment 4,2,1,96,128,0.012288,0.202099,17.230547
TBI,128,Absolute Central Moment 4,2,2,96,128,0.012288,0.165315,17.84509
TBI,128,Absolute Central Moment 4,2,3,96,128,0.012288,0.164285,16.881255
TBI,128,Absolute Central Moment 4,2,4,96,128,0.012288,0.243768,17.22645
TBI,128,Absolute Central Moment 4,2,5,96,128,0.012288,0.165082,17.299084
TBI,128,Absolute Central Moment 4,2,6,96,128,0.012288,0.171703,17.170086
WBC,native,Tenengrad,0,0,200,200,0.04,0.079762,0.157219
WBC,native,Tenengrad,0,1,200,200,0.04,0.081301,0.157579
WBC,native,Tenengrad,0,2,200,200,0.04,0.08304,0.127939
WBC,native,Tenengrad,0,3,200,200,0.04,0.077553,0.120348
WBC,native,Tenengrad,0,4,200,200,0.04,0.101134,0.128183
WBC,native,Tenengrad,0,5,200,200,0.04,0.078596,0.150871
WBC,native,Tenengrad,0,6,200,200,0.04,0.086671,0.120919
WBC,native,Tenengrad,1,0,200,200,0.04,0.103513,0.142169
WBC,native,Tenengrad,1,1,200,200,0.04,0.082947,0.117105
WBC,native,Tenengrad,1,2,200,200,0.04,0.076129,0.117218
WBC,native,Tenengrad,1,3,200,200,0.04,0.083208,0.114017
WBC,native,Tenengrad,1,4,200,200,0.04,0.089467,0.121899
WBC,native,Tenengrad,1,5,200,200,0.04,0.080156,0.178588
WBC,native,Tenengrad,1,6,200,200,0.04,0.225623,0.141597
WBC,native,Tenengrad,2,0,200,200,0.04,0.078587,0.122328
WBC,native,Tenengrad,2,1,200,200,0.04,0.083812,0.128646
WBC,native,Tenengrad,2,2,200,200,0.04,0.079605,0.152287
WBC,native,Tenengrad,2,3,200,200,0.04,0.079098,0.122827
WBC,native,Tenengrad,2,4,200,200,0.04,0.079315,0.114286
WBC,native,Tenengrad,2,5,200,200,0.04,0.080349,0.144437
WBC,native,Tenengrad,2,6,200,200,0.04,0.080603,0.141621
TBI,native,Variance of Gradient,0,0,2112,2816,5.947392,58.980791,57.937526
TBI,native,Variance of Gradient,0,1,2112,2816,5.947392,35.682205,50.97301
TBI,native,Variance of Gradient,0,2,2112,2816,5.947392,40.620457,41.814414
TBI,native,Variance of Gradient,0,3,2112,2816,5.947392,36.673337,45.611745
TBI,native,Variance of Gradient,0,4,2112,2816,5.947392,37.294459,40.80987
TBI,native,Variance of Gradient,0,5,2112,2816,5.947392,35.520574,47.384891
TBI,native,Variance of Gradient,0,6,2112,2816,5.947392,38.545211,39.473886
TBI,native,Variance of Gradient,1,0,2112,2816,5.947392,36.999977,47.272604
TBI,native,Variance of Gradient,1,1,2112,2816,5.947392,40.583602,39.004068
TBI,native,Variance of Gradient,1,2,2112,2816,5.947392,34.62978,50.066134
TBI,native,Variance of Gradient,1,3,2112,2816,5.947392,36.374163,38.678488
TBI,native,Variance of Gradient,1,4,2112,2816,5.947392,33.974455,47.614769
TBI,native,Variance of Gradient,1,5,2112,2816,5.947392,48.349364,37.723406
TBI,native,Variance of Gradient,1,6,2112,2816,5.947392,33.807436,50.313581
TBI,native,Variance of Gradient,2,0,2112,2816,5.947392,40.881828,39.981059
TBI,native,Variance of Gradient,2,1,2112,2816,5.947392,34.634079,44.113905
TBI,native,Variance of Gradient,2,2,2112,2816,5.947392,37.006736,60.00465
TBI,native,Variance of Gradient,2,3,2112,2816,5.947392,33.786646,53.88853
TBI,native,Variance of Gradient,2,4,2112,2816,5.947392,40.034828,39.831291
TBI,native,Variance of Gradient,2,5,2112,2816,5.947392,34.046024,51.474751
TBI,native,Variance of Gradient,2,6,2112,2816,5.947392,40.914051,38.246017
TBF,512,Intensity Variance,0,0,432,512,0.221184,0.357592,7.50014
TBF,512,Intensity Variance,0,1,432,512,0.221184,0.360511,7.974044
TBF,512,Intensity Variance,0,2,432,512,0.221184,0.377363,11.754493
TBF,512,Intensity Variance,0,3,432,512,0.221184,1.026167,7.349086
TBF,512,Intensity Variance,0,4,432,512,0.221184,0.396302,7.268266
TBF,512,Intensity Variance,0,5,432,512,0.221184,0.385287,7.319383
TBF,512,Intensity Variance,0,6,432,512,0.221184,0.368478,7.0866
TBF,512,Intensity Variance,1,0,432,512,0.221184,0.334371,7.326969
TBF,512,Intensity Variance,1,1,432,512,0.221184,0.38864,7.260835
TBF,512,Intensity Variance,1,2,432,512,0.221184,0.355066,7.115694
TBF,512,Intensity Variance,1,3,432,512,0.221184,0.417187,7.308987
TBF,512,Intensity Variance,1,4,432,512,0.221184,0.396361,7.068896
TBF,512,Intensity Variance,1,5,432,512,0.221184,0.381588,7.637457
TBF,512,Intensity Variance,1,6,432,512,0.221184,0.375308,7.538083
TBF,512,Intensity Variance,2,0,432,512,0.221184,0.344997,7.661987
TBF,512,Intensity Variance,2,1,432,512,0.221184,0.439729,7.588504
TBF,512,Intensity Variance,2,2,432,512,0.221184,0.389211,7.546605
TBF,512,Intensity Variance,2,3,432,512,0.221184,0.403069,7.258103
TBF,512,Intensity Variance,2,4,432,512,0.221184,0.360572,7.255551
TBF,512,Intensity Variance,2,5,432,512,0.221184,0.420545,7.718502
TBF,512,Intensity Variance,2,6,432,512,0.221184,0.36286,7.570565
PBS,native,Variance of Laplacian,0,0,2160,2560,5.5296,15.351916,27.014751
PBS,native,Variance of Laplacian,0,1,2160,2560,5.5296,18.234876,20.512348
PBS,native,Variance of Laplacian,0,2,2160,2560,5.5296,13.890935,24.87249
PBS,native,Variance of Laplacian,0,3,2160,2560,5.5296,18.094058,21.554242
PBS,native,Variance of Laplacian,0,4,2160,2560,5.5296,14.373933,25.204744
PBS,native,Variance of Laplacian,0,5,2160,2560,5.5296,18.613869,20.909782
PBS,native,Variance of Laplacian,0,6,2160,2560,5.5296,14.269127,26.021168
PBS,native,Variance of Laplacian,1,0,2160,2560,5.5296,18.985638,20.887816
PBS,native,Variance of Laplacian,1,1,2160,2560,5.5296,14.374846,25.968789
PBS,native,Variance of Laplacian,1,2,2160,2560,5.5296,19.403151,21.23718
PBS,native,Variance of Laplacian,1,3,2160,2560,5.5296,14.730075,27.542577
PBS,native,Variance of Laplacian,1,4,2160,2560,5.5296,19.520645,22.688702
PBS,native,Variance of Laplacian,1,5,2160,2560,5.5296,15.472291,26.701541
PBS,native,Variance of Laplacian,1,6,2160,2560,5.5296,19.1238,25.102404
PBS,native,Variance of Laplacian,2,0,2160,2560,5.5296,18.626169,27.012066
PBS,native,Variance of Laplacian,2,1,2160,2560,5.5296,18.847987,22.968153
PBS,native,Variance of Laplacian,2,2,2160,2560,5.5296,15.145914,25.54252
PBS,native,Variance of Laplacian,2,3,2160,2560,5.5296,20.501869,22.336558
PBS,native,Variance of Laplacian,2,4,2160,2560,5.5296,17.408924,25.936108
PBS,native,Variance of Laplacian,2,5,2160,2560,5.5296,18.936946,23.54678
PBS,native,Variance of Laplacian,2,6,2160,2560,5.5296,17.170542,28.779358
PBS,128,DCT Focus Measure,0,0,108,128,0.013824,0.09465,9.037378
PBS,128,DCT Focus Measure,0,1,108,128,0.013824,0.112217,13.670106
PBS,128,DCT Focus Measure,0,2,108,128,0.013824,0.100382,8.988633
PBS,128,DCT Focus Measure,0,3,108,128,0.013824,0.11072,8.143914
PBS,128,DCT Focus Measure,0,4,108,128,0.013824,0.089873,9.043467
PBS,128,DCT Focus Measure,0,5,108,128,0.013824,0.133249,8.079831
PBS,128,DCT Focus Measure,0,6,108,128,0.013824,0.09016,9.198162
PBS,128,DCT Focus Measure,1,0,108,128,0.013824,0.089915,8.507228
PBS,128,DCT Focus Measure,1,1,108,128,0.013824,0.154434,8.567041
PBS,128,DCT Focus Measure,1,2,108,128,0.013824,0.094961,10.703617
PBS,128,DCT Focus Measure,1,3,108,128,0.013824,0.095543,8.340516
PBS,128,DCT Focus Measure,1,4,108,128,0.013824,0.10274,8.430961
PBS,128,DCT Focus Measure,1,5,108,128,0.013824,0.093522,8.476536
PBS,128,DCT Focus Measure,1,6,108,128,0.013824,0.104003,8.223702
PBS,128,DCT Focus Measure,2,0,108,128,0.013824,0.082632,8.298488
PBS,128,DCT Focus Measure,2,1,108,128,0.013824,0.106253,8.370973
PBS,128,DCT Focus Measure,2,2,108,128,0.013824,0.092222,8.269115
PBS,128,DCT Focus Measure,2,3,108,128,0.013824,0.091885,8.897818
PBS,128,DCT Focus Measure,2,4,108,128,0.013824,0.099938,8.036829
PBS,128,DCT Focus Measure,2,5,108,128,0.013824,0.08851,8.893327
PBS,128,DCT Focus Measure,2,6,108,128,0.013824,0.101837,9.754488
PBS,1024,Mean Absolute Laplacian,0,0,864,1024,0.884736,11.560371,20.90635
PBS,1024,Mean Absolute Laplacian,0,1,864,1024,0.884736,11.817723,19.660078
PBS,1024,Mean Absolute Laplacian,0,2,864,1024,0.884736,11.889484,20.188036
PBS,1024,Mean Absolute Laplacian,0,3,864,1024,0.884736,11.720676,19.267338
PBS,1024,Mean Absolute Laplacian,0,4,864,1024,0.884736,11.628899,20.551441
PBS,1024,Mean Absolute Laplacian,0,5,864,1024,0.884736,11.414044,19.696779
PBS,1024,Mean Absolute Laplacian,0,6,864,1024,0.884736,11.154057,20.385555
PBS,1024,Mean Absolute Laplacian,1,0,864,1024,0.884736,11.864959,19.70206
PBS,1024,Mean Absolute Laplacian,1,1,864,1024,0.884736,11.745522,20.430346
PBS,1024,Mean Absolute Laplacian,1,2,864,1024,0.884736,21.710484,22.783572
PBS,1024,Mean Absolute Laplacian,1,3,864,1024,0.884736,11.967788,21.25855
PBS,1024,Mean Absolute Laplacian,1,4,864,1024,0.884736,11.640939,20.509245
PBS,1024,Mean Absolute Laplacian,1,5,864,1024,0.884736,11.675744,20.636916
PBS,1024,Mean Absolute Laplacian,1,6,864,1024,0.884736,11.644155,19.788801
PBS,1024,Mean Absolute Laplacian,2,0,864,1024,0.884736,11.242143,20.127425
PBS,1024,Mean Absolute Laplacian,2,1,864,1024,0.884736,11.73915,20.383308
PBS,1024,Mean Absolute Laplacian,2,2,864,1024,0.884736,11.068174,19.870077
PBS,1024,Mean Absolute Laplacian,2,3,864,1024,0.884736,11.683832,22.156647
PBS,1024,Mean Absolute Laplacian,2,4,864,1024,0.884736,11.678564,20.68375
PBS,1024,Mean Absolute Laplacian,2,5,864,1024,0.884736,11.799731,19.604699
PBS,1024,Mean Absolute Laplacian,2,6,864,1024,0.884736,11.561408,19.119208
TBF,1024,Brenner Gradient,0,0,864,1024,0.884736,1.300795,8.805708
TBF,1024,Brenner Gradient,0,1,864,1024,0.884736,1.32701,10.382023
TBF,1024,Brenner Gradient,0,2,864,1024,0.884736,1.725354,9.908183
TBF,1024,Brenner Gradient,0,3,864,1024,0.884736,1.384806,9.346893
TBF,1024,Brenner Gradient,0,4,864,1024,0.884736,1.666473,9.778338
TBF,1024,Brenner Gradient,0,5,864,1024,0.884736,1.38433,8.968988
TBF,1024,Brenner Gradient,0,6,864,1024,0.884736,1.523176,9.193323
TBF,1024,Brenner Gradient,1,0,864,1024,0.884736,1.276922,10.247364
TBF,1024,Brenner Gradient,1,1,864,1024,0.884736,1.44079,9.057556
TBF,1024,Brenner Gradient,1,2,864,1024,0.884736,1.302005,9.884737
TBF,1024,Brenner Gradient,1,3,864,1024,0.884736,1.709293,10.189925
TBF,1024,Brenner Gradient,1,4,864,1024,0.884736,1.309386,10.033718
TBF,1024,Brenner Gradient,1,5,864,1024,0.884736,1.355312,9.924265
TBF,1024,Brenner Gradient,1,6,864,1024,0.884736,1.652001,10.933208
TBF,1024,Brenner Gradient,2,0,864,1024,0.884736,1.522455,10.512302
TBF,1024,Brenner Gradient,2,1,864,1024,0.884736,1.35467,9.781505
TBF,1024,Brenner Gradient,2,2,864,1024,0.884736,1.44148,8.894409
TBF,1024,Brenner Gradient,2,3,864,1024,0.884736,1.270179,9.19039
TBF,1024,Brenner Gradient,2,4,864,1024,0.884736,1.411378,9.468806
TBF,1024,Brenner Gradient,2,5,864,1024,0.884736,1.290922,9.055049
TBF,1024,Brenner Gradient,2,6,864,1024,0.884736,1.419022,8.792749
TBI,512,Intensity Range Index,0,0,384,512,0.196608,0.10975,18.762122
TBI,512,Intensity Range Index,0,1,384,512,0.196608,0.18372,17.236351
TBI,512,Intensity Range Index,0,2,384,512,0.196608,0.162606,17.879
TBI,512,Intensity Range Index,0,3,384,512,0.196608,0.241941,17.804037
TBI,512,Intensity Range Index,0,4,384,512,0.196608,0.182293,17.637005
TBI,512,Intensity Range Index,0,5,384,512,0.196608,0.168001,17.376864
TBI,512,Intensity Range Index,0,6,384,512,0.196608,0.143652,17.298385
TBI,512,Intensity Range Index,1,0,384,512,0.196608,0.111048,17.354228
TBI,512,Intensity Range Index,1,1,384,512,0.196608,0.144878,16.620909
TBI,512,Intensity Range Index,1,2,384,512,0.196608,0.156886,17.110932
TBI,512,Intensity Range Index,1,3,384,512,0.196608,0.150662,17.324569
TBI,512,Intensity Range Index,1,4,384,512,0.196608,0.160717,17.123594
TBI,512,Intensity Range Index,1,5,384,512,0.196608,0.154446,16.9612
TBI,512,Intensity Range Index,1,6,384,512,0.196608,0.142443,17.007299
TBI,512,Intensity Range Index,2,0,384,512,0.196608,0.108152,16.470127
TBI,512,Intensity Range Index,2,1,384,512,0.196608,0.152196,16.479971
TBI,512,Intensity Range Index,2,2,384,512,0.196608,0.183241,16.652015
TBI,512,Intensity Range Index,2,3,384,512,0.196608,0.223567,16.574818
TBI,512,Intensity Range Index,2,4,384,512,0.196608,0.159473,16.597874
TBI,512,Intensity Range Index,2,5,384,512,0.196608,0.160824,16.496136
TBI,512,Intensity Range Index,2,6,384,512,0.196608,0.159859,17.030458
PBS,128,Intensity Skewness Index,0,0,108,128,0.013824,0.207921,14.296475
PBS,128,Intensity Skewness Index,0,1,108,128,0.013824,0.158285,9.252073
PBS,128,Intensity Skewness Index,0,2,108,128,0.013824,0.378575,9.101143
PBS,128,Intensity Skewness Index,0,3,108,128,0.013824,0.156987,8.490698
PBS,128,Intensity Skewness Index,0,4,108,128,0.013824,0.180594,8.263784
PBS,128,Intensity Skewness Index,0,5,108,128,0.013824,0.186476,9.659308
PBS,128,Intensity Skewness Index,0,6,108,128,0.013824,0.175488,8.730561
PBS,128,Intensity Skewness Index,1,0,108,128,0.013824,0.138272,8.632804
PBS,128,Intensity Skewness Index,1,1,108,128,0.013824,0.150651,8.537057
PBS,128,Intensity Skewness Index,1,2,108,128,0.013824,0.145612,8.912426
PBS,128,Intensity Skewness Index,1,3,108,128,0.013824,0.19132,8.373486
PBS,128,Intensity Skewness Index,1,4,108,128,0.013824,0.15332,8.472763
PBS,128,Intensity Skewness Index,1,5,108,128,0.013824,0.148232,9.483922
PBS,128,Intensity Skewness Index,1,6,108,128,0.013824,0.167217,8.618217
PBS,128,Intensity Skewness Index,2,0,108,128,0.013824,0.175578,8.289995
PBS,128,Intensity Skewness Index,2,1,108,128,0.013824,0.13986,8.318447
PBS,128,Intensity Skewness Index,2,2,108,128,0.013824,0.141744,9.043976
PBS,128,Intensity Skewness Index,2,3,108,128,0.013824,0.14304,8.317657
PBS,128,Intensity Skewness Index,2,4,108,128,0.013824,0.148772,8.86666
PBS,128,Intensity Skewness Index,2,5,108,128,0.013824,0.158431,8.6716
PBS,128,Intensity Skewness Index,2,6,108,128,0.013824,0.139219,8.379938
WBC,native,Fourier High Frequency Energy Ratio,0,0,200,200,0.04,0.599362,0.698526
WBC,native,Fourier High Frequency Energy Ratio,0,1,200,200,0.04,0.619696,0.677903
WBC,native,Fourier High Frequency Energy Ratio,0,2,200,200,0.04,0.579765,0.619612
WBC,native,Fourier High Frequency Energy Ratio,0,3,200,200,0.04,0.609432,0.685089
WBC,native,Fourier High Frequency Energy Ratio,0,4,200,200,0.04,0.642507,0.659838
WBC,native,Fourier High Frequency Energy Ratio,0,5,200,200,0.04,0.576918,0.611053
WBC,native,Fourier High Frequency Energy Ratio,0,6,200,200,0.04,0.59601,0.647265
WBC,native,Fourier High Frequency Energy Ratio,1,0,200,200,0.04,0.564001,0.611931
WBC,native,Fourier High Frequency Energy Ratio,1,1,200,200,0.04,0.602298,0.622746
WBC,native,Fourier High Frequency Energy Ratio,1,2,200,200,0.04,0.591581,0.712743
WBC,native,Fourier High Frequency Energy Ratio,1,3,200,200,0.04,0.558491,0.594768
WBC,native,Fourier High Frequency Energy Ratio,1,4,200,200,0.04,0.57851,0.588192
WBC,native,Fourier High Frequency Energy Ratio,1,5,200,200,0.04,0.564961,0.626138
WBC,native,Fourier High Frequency Energy Ratio,1,6,200,200,0.04,0.610439,0.591086
WBC,native,Fourier High Frequency Energy Ratio,2,0,200,200,0.04,0.750384,0.708172
WBC,native,Fourier High Frequency Energy Ratio,2,1,200,200,0.04,0.645997,0.613323
WBC,native,Fourier High Frequency Energy Ratio,2,2,200,200,0.04,0.54236,0.779803
WBC,native,Fourier High Frequency Energy Ratio,2,3,200,200,0.04,0.711179,0.737042
WBC,native,Fourier High Frequency Energy Ratio,2,4,200,200,0.04,0.757765,0.695599
WBC,native,Fourier High Frequency Energy Ratio,2,5,200,200,0.04,0.715307,0.686742
WBC,native,Fourier High Frequency Energy Ratio,2,6,200,200,0.04,0.553315,0.889745
TBI,512,Spatial Frequency,0,0,384,512,0.196608,0.64071,14.48498
TBI,512,Spatial Frequency,0,1,384,512,0.196608,0.661066,20.225452
TBI,512,Spatial Frequency,0,2,384,512,0.196608,0.722297,17.343117
TBI,512,Spatial Frequency,0,3,384,512,0.196608,0.67358,17.46713
TBI,512,Spatial Frequency,0,4,384,512,0.196608,0.739807,17.765417
TBI,512,Spatial Frequency,0,5,384,512,0.196608,0.734251,18.014611
TBI,512,Spatial Frequency,0,6,384,512,0.196608,0.758557,17.574935
TBI,512,Spatial Frequency,1,0,384,512,0.196608,0.662262,17.996694
TBI,512,Spatial Frequency,1,1,384,512,0.196608,0.670789,17.36991
TBI,512,Spatial Frequency,1,2,384,512,0.196608,0.723764,17.427133
TBI,512,Spatial Frequency,1,3,384,512,0.196608,0.668528,17.83789
TBI,512,Spatial Frequency,1,4,384,512,0.196608,0.686304,17.483236
TBI,512,Spatial Frequency,1,5,384,512,0.196608,0.677669,17.288879
TBI,512,Spatial Frequency,1,6,384,512,0.196608,0.682995,17.289281
TBI,512,Spatial Frequency,2,0,384,512,0.196608,0.637763,17.995293
TBI,512,Spatial Frequency,2,1,384,512,0.196608,0.72357,18.220916
TBI,512,Spatial Frequency,2,2,384,512,0.196608,0.712422,18.00733
TBI,512,Spatial Frequency,2,3,384,512,0.196608,0.70594,18.480607
TBI,512,Spatial Frequency,2,4,384,512,0.196608,0.749299,18.423064
TBI,512,Spatial Frequency,2,5,384,512,0.196608,0.668252,18.446604
TBI,512,Spatial Frequency,2,6,384,512,0.196608,0.70224,17.806218
TBI,128,Curvelet Transform Sharpness Index,0,0,96,128,0.012288,0.112206,16.071697
TBI,128,Curvelet Transform Sharpness Index,0,1,96,128,0.012288,0.140564,16.537171
TBI,128,Curvelet Transform Sharpness Index,0,2,96,128,0.012288,0.135753,16.186786
TBI,128,Curvelet Transform Sharpness Index,0,3,96,128,0.012288,0.125198,16.949091
TBI,128,Curvelet Transform Sharpness Index,0,4,96,128,0.012288,0.123289,17.036869
TBI,128,Curvelet Transform Sharpness Index,0,5,96,128,0.012288,0.128845,16.437206
TBI,128,Curvelet Transform Sharpness Index,0,6,96,128,0.012288,0.123354,16.503326
TBI,128,Curvelet Transform Sharpness Index,1,0,96,128,0.012288,0.112104,16.4144
TBI,128,Curvelet Transform Sharpness Index,1,1,96,128,0.012288,0.131846,16.80947
TBI,128,Curvelet Transform Sharpness Index,1,2,96,128,0.012288,0.148195,15.808855
TBI,128,Curvelet Transform Sharpness Index,1,3,96,128,0.012288,0.160114,15.762211
TBI,128,Curvelet Transform Sharpness Index,1,4,96,128,0.012288,0.13731,15.575174
TBI,128,Curvelet Transform Sharpness Index,1,5,96,128,0.012288,0.121224,16.982405
TBI,128,Curvelet Transform Sharpness Index,1,6,96,128,0.012288,0.145596,15.649699
TBI,128,Curvelet Transform Sharpness Index,2,0,96,128,0.012288,0.108788,16.474022
TBI,128,Curvelet Transform Sharpness Index,2,1,96,128,0.012288,0.157952,16.92827
TBI,128,Curvelet Transform Sharpness Index,2,2,96,128,0.012288,0.12447,16.323689
TBI,128,Curvelet Transform Sharpness Index,2,3,96,128,0.012288,0.130231,16.46845
TBI,128,Curvelet Transform Sharpness Index,2,4,96,128,0.012288,0.124127,16.280733
TBI,128,Curvelet Transform Sharpness Index,2,5,96,128,0.012288,0.156089,16.230494
TBI,128,Curvelet Transform Sharpness Index,2,6,96,128,0.012288,0.124452,16.363659
TBF,1024,Gradient Squared Energy,0,0,864,1024,0.884736,2.265709,16.016354
TBF,1024,Gradient Squared Energy,0,1,864,1024,0.884736,2.56934,10.456299
TBF,1024,Gradient Squared Energy,0,2,864,1024,0.884736,3.228103,10.820992
TBF,1024,Gradient Squared Energy,0,3,864,1024,0.884736,2.653471,10.825653
TBF,1024,Gradient Squared Energy,0,4,864,1024,0.884736,2.578594,13.396667
TBF,1024,Gradient Squared Energy,0,5,864,1024,0.884736,3.527577,12.290659
TBF,1024,Gradient Squared Energy,0,6,864,1024,0.884736,2.696459,10.386245
TBF,1024,Gradient Squared Energy,1,0,864,1024,0.884736,3.038638,11.025024
TBF,1024,Gradient Squared Energy,1,1,864,1024,0.884736,2.395826,12.765267
TBF,1024,Gradient Squared Energy,1,2,864,1024,0.884736,3.257852,12.922194
TBF,1024,Gradient Squared Energy,1,3,864,1024,0.884736,2.615351,11.750253
TBF,1024,Gradient Squared Energy,1,4,864,1024,0.884736,2.855919,10.458379
TBF,1024,Gradient Squared Energy,1,5,864,1024,0.884736,2.309591,10.711532
TBF,1024,Gradient Squared Energy,1,6,864,1024,0.884736,2.514782,10.755134
TBF,1024,Gradient Squared Energy,2,0,864,1024,0.884736,2.449205,10.262678
TBF,1024,Gradient Squared Energy,2,1,864,1024,0.884736,2.632695,10.397372
TBF,1024,Gradient Squared Energy,2,2,864,1024,0.884736,2.333691,10.552696
TBF,1024,Gradient Squared Energy,2,3,864,1024,0.884736,2.833521,10.474516
TBF,1024,Gradient Squared Energy,2,4,864,1024,0.884736,2.344547,10.864283
TBF,1024,Gradient Squared Energy,2,5,864,1024,0.884736,2.287211,10.249947
TBF,1024,Gradient Squared Energy,2,6,864,1024,0.884736,2.327655,9.805218
TBF,1024,Intensity Variance,0,0,864,1024,0.884736,1.424184,9.83677
TBF,1024,Intensity Variance,0,1,864,1024,0.884736,1.565541,9.688368
TBF,1024,Intensity Variance,0,2,864,1024,0.884736,1.517352,9.697755
TBF,1024,Intensity Variance,0,3,864,1024,0.884736,1.608258,9.344345
TBF,1024,Intensity Variance,0,4,864,1024,0.884736,1.59349,9.617001
TBF,1024,Intensity Variance,0,5,864,1024,0.884736,1.584085,9.014467
TBF,1024,Intensity Variance,0,6,864,1024,0.884736,1.504626,9.948149
TBF,1024,Intensity Variance,1,0,864,1024,0.884736,1.492362,9.346675
TBF,1024,Intensity Variance,1,1,864,1024,0.884736,1.637296,9.776055
TBF,1024,Intensity Variance,1,2,864,1024,0.884736,1.702032,9.453234
TBF,1024,Intensity Variance,1,3,864,1024,0.884736,1.542499,9.932385
TBF,1024,Intensity Variance,1,4,864,1024,0.884736,1.525771,9.816759
TBF,1024,Intensity Variance,1,5,864,1024,0.884736,1.708266,9.847655
TBF,1024,Intensity Variance,1,6,864,1024,0.884736,1.516203,9.640012
TBF,1024,Intensity Variance,2,0,864,1024,0.884736,1.609227,9.621792
TBF,1024,Intensity Variance,2,1,864,1024,0.884736,1.647364,9.278133
TBF,1024,Intensity Variance,2,2,864,1024,0.884736,1.592405,9.279199
TBF,1024,Intensity Variance,2,3,864,1024,0.884736,1.575279,9.462132
TBF,1024,Intensity Variance,2,4,864,1024,0.884736,1.576479,9.70528
TBF,1024,Intensity Variance,2,5,864,1024,0.884736,1.69862,9.43663
TBF,1024,Intensity Variance,2,6,864,1024,0.884736,1.670555,9.393717
TBI,1024,Gradient Squared Energy,0,0,768,1024,0.786432,2.115242,15.123465
TBI,1024,Gradient Squared Energy,0,1,768,1024,0.786432,2.161761,19.009344
TBI,1024,Gradient Squared Energy,0,2,768,1024,0.786432,2.085899,18.837906
TBI,1024,Gradient Squared Energy,0,3,768,1024,0.786432,2.078236,19.516153
TBI,1024,Gradient Squared Energy,0,4,768,1024,0.786432,2.150009,19.782431
TBI,1024,Gradient Squared Energy,0,5,768,1024,0.786432,2.108793,19.951427
TBI,1024,Gradient Squared Energy,0,6,768,1024,0.786432,2.200738,23.137853
TBI,1024,Gradient Squared Energy,1,0,768,1024,0.786432,1.908455,18.598279
TBI,1024,Gradient Squared Energy,1,1,768,1024,0.786432,2.206982,18.904634
TBI,1024,Gradient Squared Energy,1,2,768,1024,0.786432,2.098181,18.797143
TBI,1024,Gradient Squared Energy,1,3,768,1024,0.786432,2.161343,19.197304
TBI,1024,Gradient Squared Energy,1,4,768,1024,0.786432,2.094011,18.519544
TBI,1024,Gradient Squared Energy,1,5,768,1024,0.786432,2.126148,18.456423
TBI,1024,Gradient Squared Energy,1,6,768,1024,0.786432,2.077438,19.682027
TBI,1024,Gradient Squared Energy,2,0,768,1024,0.786432,2.030522,19.44045
TBI,1024,Gradient Squared Energy,2,1,768,1024,0.786432,2.233692,18.804554
TBI,1024,Gradient Squared Energy,2,2,768,1024,0.786432,2.15437,18.672987
TBI,1024,Gradient Squared Energy,2,3,768,1024,0.786432,2.094451,18.931486
TBI,1024,Gradient Squared Energy,2,4,768,1024,0.786432,2.194361,18.745548
TBI,1024,Gradient Squared Energy,2,5,768,1024,0.786432,2.14254,19.185715
TBI,1024,Gradient Squared Energy,2,6,768,1024,0.786432,2.180864,19.065944
PBS,128,Wavelet W1,0,0,108,128,0.013824,0.121053,12.955314
PBS,128,Wavelet W1,0,1,108,128,0.013824,0.193562,8.237538
PBS,128,Wavelet W1,0,2,108,128,0.013824,0.163415,8.369231
PBS,128,Wavelet W1,0,3,108,128,0.013824,0.146217,8.781329
PBS,128,Wavelet W1,0,4,108,128,0.013824,0.134792,8.05503
PBS,128,Wavelet W1,0,5,108,128,0.013824,0.173825,7.93019
PBS,128,Wavelet W1,0,6,108,128,0.013824,0.156661,8.776367
PBS,128,Wavelet W1,1,0,108,128,0.013824,0.16032,7.900086
PBS,128,Wavelet W1,1,1,108,128,0.013824,0.131062,8.444999
PBS,128,Wavelet W1,1,2,108,128,0.013824,0.137398,8.022752
PBS,128,Wavelet W1,1,3,108,128,0.013824,0.137361,8.140374
PBS,128,Wavelet W1,1,4,108,128,0.013824,0.132198,8.196439
PBS,128,Wavelet W1,1,5,108,128,0.013824,0.128092,8.578085
PBS,128,Wavelet W1,1,6,108,128,0.013824,0.145682,8.121057
PBS,128,Wavelet W1,2,0,108,128,0.013824,0.118942,9.26448
PBS,128,Wavelet W1,2,1,108,128,0.013824,0.162297,8.341834
PBS,128,Wavelet W1,2,2,108,128,0.013824,0.146935,9.042449
PBS,128,Wavelet W1,2,3,108,128,0.013824,0.14643,8.415104
PBS,128,Wavelet W1,2,4,108,128,0.013824,0.134861,8.608841
PBS,128,Wavelet W1,2,5,108,128,0.013824,0.197843,8.129907
PBS,128,Wavelet W1,2,6,108,128,0.013824,0.131342,8.832796
TBI,512,Fourier Transform Sharpness Index,0,0,384,512,0.196608,2.900204,17.345128
TBI,512,Fourier Transform Sharpness Index,0,1,384,512,0.196608,2.744327,20.824513
TBI,512,Fourier Transform Sharpness Index,0,2,384,512,0.196608,2.945871,20.753381
TBI,512,Fourier Transform Sharpness Index,0,3,384,512,0.196608,3.01117,20.786566
TBI,512,Fourier Transform Sharpness Index,0,4,384,512,0.196608,2.781145,21.593725
TBI,512,Fourier Transform Sharpness Index,0,5,384,512,0.196608,2.902532,20.603761
TBI,512,Fourier Transform Sharpness Index,0,6,384,512,0.196608,2.963196,20.614559
TBI,512,Fourier Transform Sharpness Index,1,0,384,512,0.196608,2.698771,19.988169
TBI,512,Fourier Transform Sharpness Index,1,1,384,512,0.196608,2.757777,20.076817
TBI,512,Fourier Transform Sharpness Index,1,2,384,512,0.196608,2.725325,21.115165
TBI,512,Fourier Transform Sharpness Index,1,3,384,512,0.196608,2.943248,20.658991
TBI,512,Fourier Transform Sharpness Index,1,4,384,512,0.196608,2.86774,20.715257
TBI,512,Fourier Transform Sharpness Index,1,5,384,512,0.196608,2.84437,21.073666
TBI,512,Fourier Transform Sharpness Index,1,6,384,512,0.196608,2.76663,21.530673
TBI,512,Fourier Transform Sharpness Index,2,0,384,512,0.196608,2.795613,20.187693
TBI,512,Fourier Transform Sharpness Index,2,1,384,512,0.196608,2.749197,21.369201
TBI,512,Fourier Transform Sharpness Index,2,2,384,512,0.196608,3.153998,20.291509
TBI,512,Fourier Transform Sharpness Index,2,3,384,512,0.196608,2.869262,20.87314
TBI,512,Fourier Transform Sharpness Index,2,4,384,512,0.196608,3.139613,20.035579
TBI,512,Fourier Transform Sharpness Index,2,5,384,512,0.196608,2.761923,20.213947
TBI,512,Fourier Transform Sharpness Index,2,6,384,512,0.196608,2.770082,20.865141
WBC,1024,Wavelet W2,0,0,1024,1024,1.048576,18.043689,19.664947
WBC,1024,Wavelet W2,0,1,1024,1024,1.048576,18.148585,18.233087
WBC,1024,Wavelet W2,0,2,1024,1024,1.048576,17.885925,18.270758
WBC,1024,Wavelet W2,0,3,1024,1024,1.048576,17.655575,18.263658
WBC,1024,Wavelet W2,0,4,1024,1024,1.048576,18.520535,19.084452
WBC,1024,Wavelet W2,0,5,1024,1024,1.048576,17.521806,18.292793
WBC,1024,Wavelet W2,0,6,1024,1024,1.048576,18.869944,22.250967
WBC,1024,Wavelet W2,1,0,1024,1024,1.048576,22.314777,19.559593
WBC,1024,Wavelet W2,1,1,1024,1024,1.048576,18.042954,19.46188
WBC,1024,Wavelet W2,1,2,1024,1024,1.048576,18.029778,18.149965
WBC,1024,Wavelet W2,1,3,1024,1024,1.048576,17.190575,18.567485
WBC,1024,Wavelet W2,1,4,1024,1024,1.048576,20.552471,18.782096
WBC,1024,Wavelet W2,1,5,1024,1024,1.048576,17.796533,18.891696
WBC,1024,Wavelet W2,1,6,1024,1024,1.048576,17.966792,20.641425
WBC,1024,Wavelet W2,2,0,1024,1024,1.048576,17.409917,18.484287
WBC,1024,Wavelet W2,2,1,1024,1024,1.048576,17.473434,19.118099
WBC,1024,Wavelet W2,2,2,1024,1024,1.048576,17.385023,19.478038
WBC,1024,Wavelet W2,2,3,1024,1024,1.048576,19.098165,18.381534
WBC,1024,Wavelet W2,2,4,1024,1024,1.048576,18.137898,21.160105
WBC,1024,Wavelet W2,2,5,1024,1024,1.048576,17.791191,17.952258
WBC,1024,Wavelet W2,2,6,1024,1024,1.048576,17.282714,19.387705
WBC,1024,Absolute Central Moment 2,0,0,1024,1024,1.048576,2.923377,3.595704
WBC,1024,Absolute Central Moment 2,0,1,1024,1024,1.048576,2.876774,4.169177
WBC,1024,Absolute Central Moment 2,0,2,1024,1024,1.048576,3.420239,4.365417
WBC,1024,Absolute Central Moment 2,0,3,1024,1024,1.048576,2.975614,3.909449
WBC,1024,Absolute Central Moment 2,0,4,1024,1024,1.048576,3.004078,4.14577
WBC,1024,Absolute Central Moment 2,0,5,1024,1024,1.048576,2.977886,3.762325
WBC,1024,Absolute Central Moment 2,0,6,1024,1024,1.048576,2.993001,3.685348
WBC,1024,Absolute Central Moment 2,1,0,1024,1024,1.048576,2.817182,3.743742
WBC,1024,Absolute Central Moment 2,1,1,1024,1024,1.048576,3.129609,3.582395
WBC,1024,Absolute Central Moment 2,1,2,1024,1024,1.048576,3.147084,3.8293
WBC,1024,Absolute Central Moment 2,1,3,1024,1024,1.048576,2.843774,3.760213
WBC,1024,Absolute Central Moment 2,1,4,1024,1024,1.048576,3.07323,3.830548
WBC,1024,Absolute Central Moment 2,1,5,1024,1024,1.048576,3.053625,4.084958
WBC,1024,Absolute Central Moment 2,1,6,1024,1024,1.048576,12.40818,4.340526
WBC,1024,Absolute Central Moment 2,2,0,1024,1024,1.048576,4.02818,3.858922
WBC,1024,Absolute Central Moment 2,2,1,1024,1024,1.048576,2.896457,3.995008
WBC,1024,Absolute Central Moment 2,2,2,1024,1024,1.048576,4.075575,4.024674
WBC,1024,Absolute Central Moment 2,2,3,1024,1024,1.048576,3.24767,3.842162
WBC,1024,Absolute Central Moment 2,2,4,1024,1024,1.048576,3.209487,4.630664
WBC,1024,Absolute Central Moment 2,2,5,1024,1024,1.048576,3.306055,4.179547
WBC,1024,Absolute Central Moment 2,2,6,1024,1024,1.048576,2.907224,3.603137
WBC,512,Absolute Central Moment 2,0,0,512,512,0.262144,0.678674,1.070005
WBC,512,Absolute Central Moment 2,0,1,512,512,0.262144,0.789351,1.01289
WBC,512,Absolute Central Moment 2,0,2,512,512,0.262144,0.750063,0.977953
WBC,512,Absolute Central Moment 2,0,3,512,512,0.262144,0.781582,0.95524
WBC,512,Absolute Central Moment 2,0,4,512,512,0.262144,0.755062,0.939
WBC,512,Absolute Central Moment 2,0,5,512,512,0.262144,0.709012,0.998627
WBC,512,Absolute Central Moment 2,0,6,512,512,0.262144,0.715989,0.970262
WBC,512,Absolute Central Moment 2,1,0,512,512,0.262144,0.793034,1.036877
WBC,512,Absolute Central Moment 2,1,1,512,512,0.262144,0.85408,1.039597
WBC,512,Absolute Central Moment 2,1,2,512,512,0.262144,0.779644,0.972904
WBC,512,Absolute Central Moment 2,1,3,512,512,0.262144,0.730377,0.97179
WBC,512,Absolute Central Moment 2,1,4,512,512,0.262144,0.782553,0.95012
WBC,512,Absolute Central Moment 2,1,5,512,512,0.262144,0.753148,0.926636
WBC,512,Absolute Central Moment 2,1,6,512,512,0.262144,0.749132,0.995373
WBC,512,Absolute Central Moment 2,2,0,512,512,0.262144,0.743722,0.982294
WBC,512,Absolute Central Moment 2,2,1,512,512,0.262144,0.761568,0.974767
WBC,512,Absolute Central Moment 2,2,2,512,512,0.262144,0.74505,0.936057
WBC,512,Absolute Central Moment 2,2,3,512,512,0.262144,0.724176,0.978671
WBC,512,Absolute Central Moment 2,2,4,512,512,0.262144,0.740476,0.949863
WBC,512,Absolute Central Moment 2,2,5,512,512,0.262144,0.707967,0.96783
WBC,512,Absolute Central Moment 2,2,6,512,512,0.262144,0.719526,0.968242
PBS,native,Laplacian Energy,0,0,2160,2560,5.5296,166.274458,183.824234
PBS,native,Laplacian Energy,0,1,2160,2560,5.5296,162.356492,169.809258
PBS,native,Laplacian Energy,0,2,2160,2560,5.5296,157.453668,183.588723
PBS,native,Laplacian Energy,0,3,2160,2560,5.5296,171.018368,170.926174
PBS,native,Laplacian Energy,0,4,2160,2560,5.5296,162.393205,179.624779
PBS,native,Laplacian Energy,0,5,2160,2560,5.5296,191.164918,171.725724
PBS,native,Laplacian Energy,0,6,2160,2560,5.5296,157.361813,167.166705
PBS,native,Laplacian Energy,1,0,2160,2560,5.5296,171.868758,165.353458
PBS,native,Laplacian Energy,1,1,2160,2560,5.5296,155.463767,172.010771
PBS,native,Laplacian Energy,1,2,2160,2560,5.5296,164.600495,163.824491
PBS,native,Laplacian Energy,1,3,2160,2560,5.5296,162.91526,181.481417
PBS,native,Laplacian Energy,1,4,2160,2560,5.5296,162.185059,162.404528
PBS,native,Laplacian Energy,1,5,2160,2560,5.5296,155.910707,167.356808
PBS,native,Laplacian Energy,1,6,2160,2560,5.5296,160.503063,158.837529
PBS,native,Laplacian Energy,2,0,2160,2560,5.5296,156.27258,170.533111
PBS,native,Laplacian Energy,2,1,2160,2560,5.5296,159.329742,157.508683
PBS,native,Laplacian Energy,2,2,2160,2560,5.5296,151.890309,165.703303
PBS,native,Laplacian Energy,2,3,2160,2560,5.5296,158.755006,157.127575
PBS,native,Laplacian Energy,2,4,2160,2560,5.5296,149.043051,164.631959
PBS,native,Laplacian Energy,2,5,2160,2560,5.5296,158.154088,157.763316
PBS,native,Laplacian Energy,2,6,2160,2560,5.5296,150.579407,165.852454
TBF,128,Squared Gradient,0,0,108,128,0.013824,0.046389,8.176808
TBF,128,Squared Gradient,0,1,108,128,0.013824,0.051765,12.262534
TBF,128,Squared Gradient,0,2,108,128,0.013824,0.040911,7.340191
TBF,128,Squared Gradient,0,3,108,128,0.013824,0.040469,7.756059
TBF,128,Squared Gradient,0,4,108,128,0.013824,0.048229,7.379237
TBF,128,Squared Gradient,0,5,108,128,0.013824,0.042737,7.193582
TBF,128,Squared Gradient,0,6,108,128,0.013824,0.040369,7.902675
TBF,128,Squared Gradient,1,0,108,128,0.013824,0.037207,7.582391
TBF,128,Squared Gradient,1,1,108,128,0.013824,0.040618,7.421623
TBF,128,Squared Gradient,1,2,108,128,0.013824,0.041352,7.557609
TBF,128,Squared Gradient,1,3,108,128,0.013824,0.040197,7.381799
TBF,128,Squared Gradient,1,4,108,128,0.013824,0.044464,7.377786
TBF,128,Squared Gradient,1,5,108,128,0.013824,0.040109,7.336158
TBF,128,Squared Gradient,1,6,108,128,0.013824,0.040325,7.434709
TBF,128,Squared Gradient,2,0,108,128,0.013824,0.054234,7.914217
TBF,128,Squared Gradient,2,1,108,128,0.013824,0.041937,7.304835
TBF,128,Squared Gradient,2,2,108,128,0.013824,0.039153,7.66992
TBF,128,Squared Gradient,2,3,108,128,0.013824,0.039607,7.309808
TBF,128,Squared Gradient,2,4,108,128,0.013824,0.039497,7.129883
TBF,128,Squared Gradient,2,5,108,128,0.013824,0.041088,7.498006
TBF,128,Squared Gradient,2,6,108,128,0.013824,0.040149,7.445783
TBI,128,Wavelet W2,0,0,96,128,0.012288,0.174842,13.140603
TBI,128,Wavelet W2,0,1,96,128,0.012288,0.172646,16.669923
TBI,128,Wavelet W2,0,2,96,128,0.012288,0.161704,17.815193
TBI,128,Wavelet W2,0,3,96,128,0.012288,0.250864,16.702817
TBI,128,Wavelet W2,0,4,96,128,0.012288,0.174316,16.299499
TBI,128,Wavelet W2,0,5,96,128,0.012288,0.174153,40.324355
TBI,128,Wavelet W2,0,6,96,128,0.012288,0.202095,16.252552
TBI,128,Wavelet W2,1,0,96,128,0.012288,0.157373,16.492941
TBI,128,Wavelet W2,1,1,96,128,0.012288,0.160828,16.432161
TBI,128,Wavelet W2,1,2,96,128,0.012288,0.187637,16.206751
TBI,128,Wavelet W2,1,3,96,128,0.012288,0.163041,16.207817
TBI,128,Wavelet W2,1,4,96,128,0.012288,0.199499,16.366131
TBI,128,Wavelet W2,1,5,96,128,0.012288,0.160614,16.627236
TBI,128,Wavelet W2,1,6,96,128,0.012288,0.172308,16.670498
TBI,128,Wavelet W2,2,0,96,128,0.012288,0.193439,17.059395
TBI,128,Wavelet W2,2,1,96,128,0.012288,0.172019,16.437264
TBI,128,Wavelet W2,2,2,96,128,0.012288,0.160334,16.896004
TBI,128,Wavelet W2,2,3,96,128,0.012288,0.176961,17.868911
TBI,128,Wavelet W2,2,4,96,128,0.012288,0.179849,16.654434
TBI,128,Wavelet W2,2,5,96,128,0.012288,0.167074,16.589493
TBI,128,Wavelet W2,2,6,96,128,0.012288,0.16313,17.051908
WBC,native,Normalized Variance,0,0,200,200,0.04,0.072307,0.160142
WBC,native,Normalized Variance,0,1,200,200,0.04,0.069181,0.109777
WBC,native,Normalized Variance,0,2,200,200,0.04,0.078692,0.110186
WBC,native,Normalized Variance,0,3,200,200,0.04,0.066775,0.178943
WBC,native,Normalized Variance,0,4,200,200,0.04,0.070305,0.111669
WBC,native,Normalized Variance,0,5,200,200,0.04,0.066769,0.105436
WBC,native,Normalized Variance,0,6,200,200,0.04,0.066886,0.104091
WBC,native,Normalized Variance,1,0,200,200,0.04,0.066995,0.115159
WBC,native,Normalized Variance,1,1,200,200,0.04,0.067001,0.105584
WBC,native,Normalized Variance,1,2,200,200,0.04,0.06601,0.104228
WBC,native,Normalized Variance,1,3,200,200,0.04,0.088209,0.113512
WBC,native,Normalized Variance,1,4,200,200,0.04,0.067554,0.107439
WBC,native,Normalized Variance,1,5,200,200,0.04,0.065951,0.104228
WBC,native,Normalized Variance,1,6,200,200,0.04,0.066253,0.103311
WBC,native,Normalized Variance,2,0,200,200,0.04,0.06597,0.108201
WBC,native,Normalized Variance,2,1,200,200,0.04,0.065763,0.121916
WBC,native,Normalized Variance,2,2,200,200,0.04,0.077306,0.111263
WBC,native,Normalized Variance,2,3,200,200,0.04,0.066363,0.104611
WBC,native,Normalized Variance,2,4,200,200,0.04,0.066654,0.103424
WBC,native,Normalized Variance,2,5,200,200,0.04,0.066861,0.102907
WBC,native,Normalized Variance,2,6,200,200,0.04,0.071242,0.10342
BMA,128,Fourier Transform Sharpness Index,0,0,108,128,0.013824,0.194519,12.75981
BMA,128,Fourier Transform Sharpness Index,0,1,108,128,0.013824,0.22398,8.465015
BMA,128,Fourier Transform Sharpness Index,0,2,108,128,0.013824,0.255438,8.852673
BMA,128,Fourier Transform Sharpness Index,0,3,108,128,0.013824,0.235169,8.808437
BMA,128,Fourier Transform Sharpness Index,0,4,108,128,0.013824,0.267946,8.572538
BMA,128,Fourier Transform Sharpness Index,0,5,108,128,0.013824,0.218927,9.071178
BMA,128,Fourier Transform Sharpness Index,0,6,108,128,0.013824,0.217125,8.379826
BMA,128,Fourier Transform Sharpness Index,1,0,108,128,0.013824,0.197297,8.702727
BMA,128,Fourier Transform Sharpness Index,1,1,108,128,0.013824,0.24394,8.37578
BMA,128,Fourier Transform Sharpness Index,1,2,108,128,0.013824,0.203591,9.02257
BMA,128,Fourier Transform Sharpness Index,1,3,108,128,0.013824,0.206847,8.740006
BMA,128,Fourier Transform Sharpness Index,1,4,108,128,0.013824,0.222304,8.856006
BMA,128,Fourier Transform Sharpness Index,1,5,108,128,0.013824,0.23231,8.498545
BMA,128,Fourier Transform Sharpness Index,1,6,108,128,0.013824,0.20816,9.348215
BMA,128,Fourier Transform Sharpness Index,2,0,108,128,0.013824,0.204414,8.813023
BMA,128,Fourier Transform Sharpness Index,2,1,108,128,0.013824,0.272808,8.482448
BMA,128,Fourier Transform Sharpness Index,2,2,108,128,0.013824,0.205142,8.897351
BMA,128,Fourier Transform Sharpness Index,2,3,108,128,0.013824,0.220034,8.688202
BMA,128,Fourier Transform Sharpness Index,2,4,108,128,0.013824,0.21476,8.409003
BMA,128,Fourier Transform Sharpness Index,2,5,108,128,0.013824,0.240534,8.175893
BMA,128,Fourier Transform Sharpness Index,2,6,108,128,0.013824,0.220651,9.000123
PBS,512,Variance of Laplacian,0,0,432,512,0.221184,0.400054,8.079799
PBS,512,Variance of Laplacian,0,1,432,512,0.221184,0.468511,8.676557
PBS,512,Variance of Laplacian,0,2,432,512,0.221184,0.512483,8.006728
PBS,512,Variance of Laplacian,0,3,432,512,0.221184,0.449221,8.149574
PBS,512,Variance of Laplacian,0,4,432,512,0.221184,0.631222,8.388955
PBS,512,Variance of Laplacian,0,5,432,512,0.221184,0.50497,8.577372
PBS,512,Variance of Laplacian,0,6,432,512,0.221184,0.529286,8.560903
PBS,512,Variance of Laplacian,1,0,432,512,0.221184,0.398226,8.136708
PBS,512,Variance of Laplacian,1,1,432,512,0.221184,0.448272,7.955165
PBS,512,Variance of Laplacian,1,2,432,512,0.221184,0.430129,7.669042
PBS,512,Variance of Laplacian,1,3,432,512,0.221184,0.446239,8.309024
PBS,512,Variance of Laplacian,1,4,432,512,0.221184,0.463819,7.985146
PBS,512,Variance of Laplacian,1,5,432,512,0.221184,0.402709,8.375003
PBS,512,Variance of Laplacian,1,6,432,512,0.221184,0.490276,8.101989
PBS,512,Variance of Laplacian,2,0,432,512,0.221184,0.487663,8.154253
PBS,512,Variance of Laplacian,2,1,432,512,0.221184,0.433617,7.981548
PBS,512,Variance of Laplacian,2,2,432,512,0.221184,0.422088,7.975027
PBS,512,Variance of Laplacian,2,3,432,512,0.221184,0.479861,7.895649
PBS,512,Variance of Laplacian,2,4,432,512,0.221184,0.417641,8.101756
PBS,512,Variance of Laplacian,2,5,432,512,0.221184,0.48456,7.686412
PBS,512,Variance of Laplacian,2,6,432,512,0.221184,0.475,8.03911
TBI,native,Absolute Central Moment 2,0,0,2112,2816,5.947392,34.458173,41.077388
TBI,native,Absolute Central Moment 2,0,1,2112,2816,5.947392,30.312982,40.33952
TBI,native,Absolute Central Moment 2,0,2,2112,2816,5.947392,30.433538,37.556925
TBI,native,Absolute Central Moment 2,0,3,2112,2816,5.947392,30.420722,36.945949
TBI,native,Absolute Central Moment 2,0,4,2112,2816,5.947392,30.440099,37.210661
TBI,native,Absolute Central Moment 2,0,5,2112,2816,5.947392,30.875922,36.766508
TBI,native,Absolute Central Moment 2,0,6,2112,2816,5.947392,30.212392,37.242497
TBI,native,Absolute Central Moment 2,1,0,2112,2816,5.947392,30.455652,37.837006
TBI,native,Absolute Central Moment 2,1,1,2112,2816,5.947392,30.39928,37.449766
TBI,native,Absolute Central Moment 2,1,2,2112,2816,5.947392,30.772871,36.85787
TBI,native,Absolute Central Moment 2,1,3,2112,2816,5.947392,30.920957,37.855835
TBI,native,Absolute Central Moment 2,1,4,2112,2816,5.947392,32.417332,37.745968
TBI,native,Absolute Central Moment 2,1,5,2112,2816,5.947392,30.502695,40.145496
TBI,native,Absolute Central Moment 2,1,6,2112,2816,5.947392,30.519094,38.06854
TBI,native,Absolute Central Moment 2,2,0,2112,2816,5.947392,30.468841,37.425738
TBI,native,Absolute Central Moment 2,2,1,2112,2816,5.947392,30.269621,36.657716
TBI,native,Absolute Central Moment 2,2,2,2112,2816,5.947392,29.553895,46.444185
TBI,native,Absolute Central Moment 2,2,3,2112,2816,5.947392,30.501236,36.398453
TBI,native,Absolute Central Moment 2,2,4,2112,2816,5.947392,29.59295,35.787823
TBI,native,Absolute Central Moment 2,2,5,2112,2816,5.947392,29.754146,36.474069
TBI,native,Absolute Central Moment 2,2,6,2112,2816,5.947392,29.905696,36.7495
WBC,1024,DCT Focus Measure,0,0,1024,1024,1.048576,15.766686,17.231956
WBC,1024,DCT Focus Measure,0,1,1024,1024,1.048576,14.555949,15.683347
WBC,1024,DCT Focus Measure,0,2,1024,1024,1.048576,15.892525,16.577044
WBC,1024,DCT Focus Measure,0,3,1024,1024,1.048576,14.786192,15.72103
WBC,1024,DCT Focus Measure,0,4,1024,1024,1.048576,14.341104,15.661559
WBC,1024,DCT Focus Measure,0,5,1024,1024,1.048576,14.654019,17.175122
WBC,1024,DCT Focus Measure,0,6,1024,1024,1.048576,16.084853,17.918035
WBC,1024,DCT Focus Measure,1,0,1024,1024,1.048576,15.976913,15.882231
WBC,1024,DCT Focus Measure,1,1,1024,1024,1.048576,14.969104,15.388152
WBC,1024,DCT Focus Measure,1,2,1024,1024,1.048576,14.541084,15.557826
WBC,1024,DCT Focus Measure,1,3,1024,1024,1.048576,14.596075,15.392907
WBC,1024,DCT Focus Measure,1,4,1024,1024,1.048576,14.781131,18.136679
WBC,1024,DCT Focus Measure,1,5,1024,1024,1.048576,16.061039,16.465057
WBC,1024,DCT Focus Measure,1,6,1024,1024,1.048576,14.961483,15.402145
WBC,1024,DCT Focus Measure,2,0,1024,1024,1.048576,15.209837,15.918894
WBC,1024,DCT Focus Measure,2,1,1024,1024,1.048576,14.572856,16.096297
WBC,1024,DCT Focus Measure,2,2,1024,1024,1.048576,14.830684,15.949597
WBC,1024,DCT Focus Measure,2,3,1024,1024,1.048576,14.926942,15.935691
WBC,1024,DCT Focus Measure,2,4,1024,1024,1.048576,14.825765,15.551008
WBC,1024,DCT Focus Measure,2,5,1024,1024,1.048576,14.572908,15.540598
WBC,1024,DCT Focus Measure,2,6,1024,1024,1.048576,14.767968,16.567676
BMA,128,Roberts Focus Measure,0,0,108,128,0.013824,0.034187,12.005942
BMA,128,Roberts Focus Measure,0,1,108,128,0.013824,0.043093,7.838187
BMA,128,Roberts Focus Measure,0,2,108,128,0.013824,0.039298,7.970849
BMA,128,Roberts Focus Measure,0,3,108,128,0.013824,0.037056,7.599809
BMA,128,Roberts Focus Measure,0,4,108,128,0.013824,0.03649,8.326813
BMA,128,Roberts Focus Measure,0,5,108,128,0.013824,0.03822,8.021998
BMA,128,Roberts Focus Measure,0,6,108,128,0.013824,0.03716,8.639004
BMA,128,Roberts Focus Measure,1,0,108,128,0.013824,0.032506,7.786872
BMA,128,Roberts Focus Measure,1,1,108,128,0.013824,0.036136,7.980118
BMA,128,Roberts Focus Measure,1,2,108,128,0.013824,0.038237,7.951498
BMA,128,Roberts Focus Measure,1,3,108,128,0.013824,0.063676,8.096687
BMA,128,Roberts Focus Measure,1,4,108,128,0.013824,0.037341,8.257155
BMA,128,Roberts Focus Measure,1,5,108,128,0.013824,0.037053,8.453569
BMA,128,Roberts Focus Measure,1,6,108,128,0.013824,0.037099,7.826619
BMA,128,Roberts Focus Measure,2,0,108,128,0.013824,0.031761,8.04873
BMA,128,Roberts Focus Measure,2,1,108,128,0.013824,0.036918,7.877882
BMA,128,Roberts Focus Measure,2,2,108,128,0.013824,0.035699,8.396319
BMA,128,Roberts Focus Measure,2,3,108,128,0.013824,0.038149,7.907081
BMA,128,Roberts Focus Measure,2,4,108,128,0.013824,0.036086,8.274227
BMA,128,Roberts Focus Measure,2,5,108,128,0.013824,0.036101,8.194298
BMA,128,Roberts Focus Measure,2,6,108,128,0.013824,0.054736,8.068756
WBC,1024,Energy of Gradient,0,0,1024,1024,1.048576,2.976789,3.780943
WBC,1024,Energy of Gradient,0,1,1024,1024,1.048576,3.110752,3.78818
WBC,1024,Energy of Gradient,0,2,1024,1024,1.048576,2.688353,3.803164
WBC,1024,Energy of Gradient,0,3,1024,1024,1.048576,3.262984,3.513076
WBC,1024,Energy of Gradient,0,4,1024,1024,1.048576,2.564709,3.499444
WBC,1024,Energy of Gradient,0,5,1024,1024,1.048576,3.123012,3.567511
WBC,1024,Energy of Gradient,0,6,1024,1024,1.048576,2.75812,3.771015
WBC,1024,Energy of Gradient,1,0,1024,1024,1.048576,3.254102,4.076099
WBC,1024,Energy of Gradient,1,1,1024,1024,1.048576,3.198145,4.101629
WBC,1024,Energy of Gradient,1,2,1024,1024,1.048576,3.04232,3.486628
WBC,1024,Energy of Gradient,1,3,1024,1024,1.048576,2.624569,3.879607
WBC,1024,Energy of Gradient,1,4,1024,1024,1.048576,2.912542,3.476388
WBC,1024,Energy of Gradient,1,5,1024,1024,1.048576,2.511643,4.189141
WBC,1024,Energy of Gradient,1,6,1024,1024,1.048576,2.914688,3.410912
WBC,1024,Energy of Gradient,2,0,1024,1024,1.048576,2.852718,3.704311
WBC,1024,Energy of Gradient,2,1,1024,1024,1.048576,3.36736,3.809909
WBC,1024,Energy of Gradient,2,2,1024,1024,1.048576,2.72451,3.748362
WBC,1024,Energy of Gradient,2,3,1024,1024,1.048576,3.054038,3.828317
WBC,1024,Energy of Gradient,2,4,1024,1024,1.048576,2.771696,3.952644
WBC,1024,Energy of Gradient,2,5,1024,1024,1.048576,3.392785,3.895159
WBC,1024,Energy of Gradient,2,6,1024,1024,1.048576,2.864201,4.224295
WBC,1024,Intensity Range Index,0,0,1024,1024,1.048576,0.841824,2.091731
WBC,1024,Intensity Range Index,0,1,1024,1024,1.048576,1.027855,2.16478
WBC,1024,Intensity Range Index,0,2,1024,1024,1.048576,1.020283,1.849415
WBC,1024,Intensity Range Index,0,3,1024,1024,1.048576,0.998994,1.833388
WBC,1024,Intensity Range Index,0,4,1024,1024,1.048576,0.992858,1.616761
WBC,1024,Intensity Range Index,0,5,1024,1024,1.048576,0.901256,1.59061
WBC,1024,Intensity Range Index,0,6,1024,1024,1.048576,0.961947,1.545569
WBC,1024,Intensity Range Index,1,0,1024,1024,1.048576,0.82728,2.114358
WBC,1024,Intensity Range Index,1,1,1024,1024,1.048576,1.019483,1.863497
WBC,1024,Intensity Range Index,1,2,1024,1024,1.048576,0.836367,2.107936
WBC,1024,Intensity Range Index,1,3,1024,1024,1.048576,0.855236,1.518878
WBC,1024,Intensity Range Index,1,4,1024,1024,1.048576,0.857905,1.499498
WBC,1024,Intensity Range Index,1,5,1024,1024,1.048576,0.850725,1.504901
WBC,1024,Intensity Range Index,1,6,1024,1024,1.048576,0.886053,1.867209
WBC,1024,Intensity Range Index,2,0,1024,1024,1.048576,0.852054,1.829561
WBC,1024,Intensity Range Index,2,1,1024,1024,1.048576,1.022077,1.745584
WBC,1024,Intensity Range Index,2,2,1024,1024,1.048576,0.859716,1.520481
WBC,1024,Intensity Range Index,2,3,1024,1024,1.048576,1.049571,2.109421
WBC,1024,Intensity Range Index,2,4,1024,1024,1.048576,0.884918,1.657284
WBC,1024,Intensity Range Index,2,5,1024,1024,1.048576,0.902099,2.122072
WBC,1024,Intensity Range Index,2,6,1024,1024,1.048576,0.86893,1.629152
TBI,native,Normalized Variance,0,0,2112,2816,5.947392,26.655828,31.510784
TBI,native,Normalized Variance,0,1,2112,2816,5.947392,15.684453,23.024582
TBI,native,Normalized Variance,0,2,2112,2816,5.947392,16.455345,22.436403
TBI,native,Normalized Variance,0,3,2112,2816,5.947392,16.154419,23.46605
TBI,native,Normalized Variance,0,4,2112,2816,5.947392,15.705377,22.641693
TBI,native,Normalized Variance,0,5,2112,2816,5.947392,15.604512,22.836087
TBI,native,Normalized Variance,0,6,2112,2816,5.947392,16.218322,23.167844
TBI,native,Normalized Variance,1,0,2112,2816,5.947392,15.509948,23.771079
TBI,native,Normalized Variance,1,1,2112,2816,5.947392,17.424512,22.092757
TBI,native,Normalized Variance,1,2,2112,2816,5.947392,15.729358,23.043314
TBI,native,Normalized Variance,1,3,2112,2816,5.947392,17.029222,24.410852
TBI,native,Normalized Variance,1,4,2112,2816,5.947392,16.741433,23.510416
TBI,native,Normalized Variance,1,5,2112,2816,5.947392,15.698717,32.801573
TBI,native,Normalized Variance,1,6,2112,2816,5.947392,16.374226,22.718734
TBI,native,Normalized Variance,2,0,2112,2816,5.947392,17.649756,22.78022
TBI,native,Normalized Variance,2,1,2112,2816,5.947392,15.386366,22.249003
TBI,native,Normalized Variance,2,2,2112,2816,5.947392,15.584283,23.192179
TBI,native,Normalized Variance,2,3,2112,2816,5.947392,16.233689,22.643037
TBI,native,Normalized Variance,2,4,2112,2816,5.947392,15.395783,23.672439
TBI,native,Normalized Variance,2,5,2112,2816,5.947392,16.117637,21.909184
TBI,native,Normalized Variance,2,6,2112,2816,5.947392,15.213712,22.247807
TBF,native,Wavelet Detail Energy (db1),0,0,2160,2560,5.5296,131.947254,153.193678
TBF,native,Wavelet Detail Energy (db1),0,1,2160,2560,5.5296,137.074621,142.303655
TBF,native,Wavelet Detail Energy (db1),0,2,2160,2560,5.5296,140.088416,148.740865
TBF,native,Wavelet Detail Energy (db1),0,3,2160,2560,5.5296,140.621186,140.737492
TBF,native,Wavelet Detail Energy (db1),0,4,2160,2560,5.5296,136.602099,150.319814
TBF,native,Wavelet Detail Energy (db1),0,5,2160,2560,5.5296,142.580157,145.794139
TBF,native,Wavelet Detail Energy (db1),0,6,2160,2560,5.5296,137.928267,148.199931
TBF,native,Wavelet Detail Energy (db1),1,0,2160,2560,5.5296,136.252878,147.328562
TBF,native,Wavelet Detail Energy (db1),1,1,2160,2560,5.5296,137.932131,143.586981
TBF,native,Wavelet Detail Energy (db1),1,2,2160,2560,5.5296,141.096388,142.20217
TBF,native,Wavelet Detail Energy (db1),1,3,2160,2560,5.5296,135.142778,146.54847
TBF,native,Wavelet Detail Energy (db1),1,4,2160,2560,5.5296,140.059543,142.454798
TBF,native,Wavelet Detail Energy (db1),1,5,2160,2560,5.5296,134.780497,145.69588
TBF,native,Wavelet Detail Energy (db1),1,6,2160,2560,5.5296,135.768363,144.929737
TBF,native,Wavelet Detail Energy (db1),2,0,2160,2560,5.5296,135.560091,159.898171
TBF,native,Wavelet Detail Energy (db1),2,1,2160,2560,5.5296,140.125709,137.644475
TBF,native,Wavelet Detail Energy (db1),2,2,2160,2560,5.5296,138.52072,152.410964
TBF,native,Wavelet Detail Energy (db1),2,3,2160,2560,5.5296,143.318501,146.939486
TBF,native,Wavelet Detail Energy (db1),2,4,2160,2560,5.5296,136.931665,143.493704
TBF,native,Wavelet Detail Energy (db1),2,5,2160,2560,5.5296,139.162361,145.24364
TBF,native,Wavelet Detail Energy (db1),2,6,2160,2560,5.5296,135.215428,139.925312
BMA,1024,Absolute Central Moment 2,0,0,864,1024,0.884736,2.135527,11.731414
BMA,1024,Absolute Central Moment 2,0,1,864,1024,0.884736,2.427672,16.386318
BMA,1024,Absolute Central Moment 2,0,2,864,1024,0.884736,2.713615,11.117144
BMA,1024,Absolute Central Moment 2,0,3,864,1024,0.884736,2.643304,11.260189
BMA,1024,Absolute Central Moment 2,0,4,864,1024,0.884736,2.13248,11.010647
BMA,1024,Absolute Central Moment 2,0,5,864,1024,0.884736,2.390912,11.085948
BMA,1024,Absolute Central Moment 2,0,6,864,1024,0.884736,2.257291,11.055487
BMA,1024,Absolute Central Moment 2,1,0,864,1024,0.884736,1.941367,10.665427
BMA,1024,Absolute Central Moment 2,1,1,864,1024,0.884736,2.134193,10.552046
BMA,1024,Absolute Central Moment 2,1,2,864,1024,0.884736,2.067522,11.104944
BMA,1024,Absolute Central Moment 2,1,3,864,1024,0.884736,2.256399,10.305816
BMA,1024,Absolute Central Moment 2,1,4,864,1024,0.884736,2.147152,11.022417
BMA,1024,Absolute Central Moment 2,1,5,864,1024,0.884736,2.464232,10.854968
BMA,1024,Absolute Central Moment 2,1,6,864,1024,0.884736,2.402419,10.793143
BMA,1024,Absolute Central Moment 2,2,0,864,1024,0.884736,2.143521,10.728801
BMA,1024,Absolute Central Moment 2,2,1,864,1024,0.884736,2.118863,10.79292
BMA,1024,Absolute Central Moment 2,2,2,864,1024,0.884736,2.126224,10.247995
BMA,1024,Absolute Central Moment 2,2,3,864,1024,0.884736,2.245314,10.520108
BMA,1024,Absolute Central Moment 2,2,4,864,1024,0.884736,2.437871,11.173195
BMA,1024,Absolute Central Moment 2,2,5,864,1024,0.884736,2.038578,11.602135
BMA,1024,Absolute Central Moment 2,2,6,864,1024,0.884736,2.144672,11.198274
WBC,native,Fourier Transform Sharpness Index,0,0,200,200,0.04,0.493918,0.673119
WBC,native,Fourier Transform Sharpness Index,0,1,200,200,0.04,0.580792,0.697258
WBC,native,Fourier Transform Sharpness Index,0,2,200,200,0.04,0.623306,0.621119
WBC,native,Fourier Transform Sharpness Index,0,3,200,200,0.04,0.551608,0.564029
WBC,native,Fourier Transform Sharpness Index,0,4,200,200,0.04,0.531752,0.550574
WBC,native,Fourier Transform Sharpness Index,0,5,200,200,0.04,0.5317,0.584213
WBC,native,Fourier Transform Sharpness Index,0,6,200,200,0.04,0.549149,0.574014
WBC,native,Fourier Transform Sharpness Index,1,0,200,200,0.04,0.487032,0.582736
WBC,native,Fourier Transform Sharpness Index,1,1,200,200,0.04,0.546019,0.542602
WBC,native,Fourier Transform Sharpness Index,1,2,200,200,0.04,0.496089,0.557219
WBC,native,Fourier Transform Sharpness Index,1,3,200,200,0.04,0.55353,0.61092
WBC,native,Fourier Transform Sharpness Index,1,4,200,200,0.04,0.563797,0.550532
WBC,native,Fourier Transform Sharpness Index,1,5,200,200,0.04,0.491413,0.535869
WBC,native,Fourier Transform Sharpness Index,1,6,200,200,0.04,0.525668,0.530256
WBC,native,Fourier Transform Sharpness Index,2,0,200,200,0.04,0.62319,0.616871
WBC,native,Fourier Transform Sharpness Index,2,1,200,200,0.04,0.491388,0.578241
WBC,native,Fourier Transform Sharpness Index,2,2,200,200,0.04,0.477594,0.565579
WBC,native,Fourier Transform Sharpness Index,2,3,200,200,0.04,0.532301,0.573076
WBC,native,Fourier Transform Sharpness Index,2,4,200,200,0.04,0.489789,0.54377
WBC,native,Fourier Transform Sharpness Index,2,5,200,200,0.04,0.534276,0.536354
WBC,native,Fourier Transform Sharpness Index,2,6,200,200,0.04,0.754374,0.643901
BMA,512,Tenengrad,0,0,432,512,0.221184,0.475082,8.394178
BMA,512,Tenengrad,0,1,432,512,0.221184,0.591435,8.364835
BMA,512,Tenengrad,0,2,432,512,0.221184,0.567989,8.465534
BMA,512,Tenengrad,0,3,432,512,0.221184,0.644051,8.502404
BMA,512,Tenengrad,0,4,432,512,0.221184,0.639826,8.135246
BMA,512,Tenengrad,0,5,432,512,0.221184,0.634767,8.242075
BMA,512,Tenengrad,0,6,432,512,0.221184,0.560874,8.77124
BMA,512,Tenengrad,1,0,432,512,0.221184,0.530165,9.00727
BMA,512,Tenengrad,1,1,432,512,0.221184,0.53103,8.401128
BMA,512,Tenengrad,1,2,432,512,0.221184,0.609645,7.953279
BMA,512,Tenengrad,1,3,432,512,0.221184,0.539134,8.310612
BMA,512,Tenengrad,1,4,432,512,0.221184,0.495158,8.08533
BMA,512,Tenengrad,1,5,432,512,0.221184,0.557972,8.234876
BMA,512,Tenengrad,1,6,432,512,0.221184,0.55088,8.484777
BMA,512,Tenengrad,2,0,432,512,0.221184,0.544839,8.781836
BMA,512,Tenengrad,2,1,432,512,0.221184,0.56543,7.880707
BMA,512,Tenengrad,2,2,432,512,0.221184,0.589294,8.405612
BMA,512,Tenengrad,2,3,432,512,0.221184,0.606594,8.58773
BMA,512,Tenengrad,2,4,432,512,0.221184,0.630442,8.065082
BMA,512,Tenengrad,2,5,432,512,0.221184,0.496384,8.311554
BMA,512,Tenengrad,2,6,432,512,0.221184,0.553311,7.926203
WBC,512,Tenengrad,0,0,512,512,0.262144,0.710358,1.01
WBC,512,Tenengrad,0,1,512,512,0.262144,0.732928,0.958335
WBC,512,Tenengrad,0,2,512,512,0.262144,0.706599,0.945847
WBC,512,Tenengrad,0,3,512,512,0.262144,0.751666,0.925848
WBC,512,Tenengrad,0,4,512,512,0.262144,0.736413,0.948819
WBC,512,Tenengrad,0,5,512,512,0.262144,0.686601,0.897782
WBC,512,Tenengrad,0,6,512,512,0.262144,0.645934,0.931055
WBC,512,Tenengrad,1,0,512,512,0.262144,0.698016,0.92259
WBC,512,Tenengrad,1,1,512,512,0.262144,0.719409,0.930413
WBC,512,Tenengrad,1,2,512,512,0.262144,0.658125,0.921858
WBC,512,Tenengrad,1,3,512,512,0.262144,0.71332,0.926893
WBC,512,Tenengrad,1,4,512,512,0.262144,0.916472,0.936395
WBC,512,Tenengrad,1,5,512,512,0.262144,0.720862,0.911795
WBC,512,Tenengrad,1,6,512,512,0.262144,0.736129,0.893108
WBC,512,Tenengrad,2,0,512,512,0.262144,0.711143,0.942484
WBC,512,Tenengrad,2,1,512,512,0.262144,0.684717,0.92539
WBC,512,Tenengrad,2,2,512,512,0.262144,0.714758,0.92893
WBC,512,Tenengrad,2,3,512,512,0.262144,0.742158,0.924877
WBC,512,Tenengrad,2,4,512,512,0.262144,0.689888,0.944659
WBC,512,Tenengrad,2,5,512,512,0.262144,0.689789,0.950539
WBC,512,Tenengrad,2,6,512,512,0.262144,0.675659,0.899429
PBS,native,Mean Intensity,0,0,2160,2560,5.5296,5.634407,25.360507
PBS,native,Mean Intensity,0,1,2160,2560,5.5296,9.560855,15.031807
PBS,native,Mean Intensity,0,2,2160,2560,5.5296,6.274247,21.520944
PBS,native,Mean Intensity,0,3,2160,2560,5.5296,10.089555,12.577636
PBS,native,Mean Intensity,0,4,2160,2560,5.5296,5.637217,16.747201
PBS,native,Mean Intensity,0,5,2160,2560,5.5296,9.26914,13.171378
PBS,native,Mean Intensity,0,6,2160,2560,5.5296,5.754546,17.768115
PBS,native,Mean Intensity,1,0,2160,2560,5.5296,10.073405,13.071902
PBS,native,Mean Intensity,1,1,2160,2560,5.5296,5.858469,16.668299
PBS,native,Mean Intensity,1,2,2160,2560,5.5296,10.522016,13.479239
PBS,native,Mean Intensity,1,3,2160,2560,5.5296,6.25197,17.499257
PBS,native,Mean Intensity,1,4,2160,2560,5.5296,10.15543,13.255925
PBS,native,Mean Intensity,1,5,2160,2560,5.5296,6.474804,16.79747
PBS,native,Mean Intensity,1,6,2160,2560,5.5296,9.600092,12.751651
PBS,native,Mean Intensity,2,0,2160,2560,5.5296,5.851495,17.382786
PBS,native,Mean Intensity,2,1,2160,2560,5.5296,9.454857,12.48054
PBS,native,Mean Intensity,2,2,2160,2560,5.5296,6.329603,17.11172
PBS,native,Mean Intensity,2,3,2160,2560,5.5296,10.073424,12.520303
PBS,native,Mean Intensity,2,4,2160,2560,5.5296,5.684549,16.110668
PBS,native,Mean Intensity,2,5,2160,2560,5.5296,9.402461,12.589208
PBS,native,Mean Intensity,2,6,2160,2560,5.5296,5.993428,16.460514
TBI,512,DCT Focus Measure,0,0,384,512,0.196608,1.223159,17.272882
TBI,512,DCT Focus Measure,0,1,384,512,0.196608,1.566217,15.112737
TBI,512,DCT Focus Measure,0,2,384,512,0.196608,1.354608,17.944768
TBI,512,DCT Focus Measure,0,3,384,512,0.196608,1.431867,19.667876
TBI,512,DCT Focus Measure,0,4,384,512,0.196608,1.384883,18.588451
TBI,512,DCT Focus Measure,0,5,384,512,0.196608,1.26603,19.021216
TBI,512,DCT Focus Measure,0,6,384,512,0.196608,1.370339,19.0273
TBI,512,DCT Focus Measure,1,0,384,512,0.196608,1.251311,17.858967
TBI,512,DCT Focus Measure,1,1,384,512,0.196608,1.268745,18.021848
TBI,512,DCT Focus Measure,1,2,384,512,0.196608,1.273264,18.661018
TBI,512,DCT Focus Measure,1,3,384,512,0.196608,1.395679,18.040057
TBI,512,DCT Focus Measure,1,4,384,512,0.196608,1.292677,18.917865
TBI,512,DCT Focus Measure,1,5,384,512,0.196608,1.476942,18.471391
TBI,512,DCT Focus Measure,1,6,384,512,0.196608,1.271271,18.336138
TBI,512,DCT Focus Measure,2,0,384,512,0.196608,1.245483,18.068532
TBI,512,DCT Focus Measure,2,1,384,512,0.196608,1.286103,18.057465
TBI,512,DCT Focus Measure,2,2,384,512,0.196608,1.284396,18.979498
TBI,512,DCT Focus Measure,2,3,384,512,0.196608,1.271419,18.01453
TBI,512,DCT Focus Measure,2,4,384,512,0.196608,1.266236,18.654329
TBI,512,DCT Focus Measure,2,5,384,512,0.196608,1.28986,17.990149
TBI,512,DCT Focus Measure,2,6,384,512,0.196608,1.366235,18.567734
TBF,128,Modified Tenengrad,0,0,108,128,0.013824,0.34652,13.17682
TBF,128,Modified Tenengrad,0,1,108,128,0.013824,0.388543,7.827637
TBF,128,Modified Tenengrad,0,2,108,128,0.013824,0.384094,8.074193
TBF,128,Modified Tenengrad,0,3,108,128,0.013824,0.382584,8.874662
TBF,128,Modified Tenengrad,0,4,108,128,0.013824,0.485305,8.102335
TBF,128,Modified Tenengrad,0,5,108,128,0.013824,0.373381,7.919223
TBF,128,Modified Tenengrad,0,6,108,128,0.013824,0.358682,8.066272
TBF,128,Modified Tenengrad,1,0,108,128,0.013824,0.348036,8.144363
TBF,128,Modified Tenengrad,1,1,108,128,0.013824,0.419426,7.823303
TBF,128,Modified Tenengrad,1,2,108,128,0.013824,0.365779,8.342444
TBF,128,Modified Tenengrad,1,3,108,128,0.013824,0.408277,7.691787
TBF,128,Modified Tenengrad,1,4,108,128,0.013824,0.350322,8.229596
TBF,128,Modified Tenengrad,1,5,108,128,0.013824,0.39972,7.759419
TBF,128,Modified Tenengrad,1,6,108,128,0.013824,0.350834,7.544867
TBF,128,Modified Tenengrad,2,0,108,128,0.013824,0.339277,7.475615
TBF,128,Modified Tenengrad,2,1,108,128,0.013824,0.332813,7.930759
TBF,128,Modified Tenengrad,2,2,108,128,0.013824,0.352688,7.521984
TBF,128,Modified Tenengrad,2,3,108,128,0.013824,0.352317,7.585811
TBF,128,Modified Tenengrad,2,4,108,128,0.013824,0.361314,8.388302
TBF,128,Modified Tenengrad,2,5,108,128,0.013824,0.358397,8.338182
TBF,128,Modified Tenengrad,2,6,108,128,0.013824,0.423277,7.996062
WBC,native,Maximal Intensity,0,0,200,200,0.04,0.017061,0.126466
WBC,native,Maximal Intensity,0,1,200,200,0.04,0.018133,0.064253
WBC,native,Maximal Intensity,0,2,200,200,0.04,0.017528,0.054213
WBC,native,Maximal Intensity,0,3,200,200,0.04,0.017196,0.053161
WBC,native,Maximal Intensity,0,4,200,200,0.04,0.016995,0.052765
WBC,native,Maximal Intensity,0,5,200,200,0.04,0.017179,0.052282
WBC,native,Maximal Intensity,0,6,200,200,0.04,0.029241,0.053594
WBC,native,Maximal Intensity,1,0,200,200,0.04,0.018664,0.065908
WBC,native,Maximal Intensity,1,1,200,200,0.04,0.017185,0.055624
WBC,native,Maximal Intensity,1,2,200,200,0.04,0.017174,0.053883
WBC,native,Maximal Intensity,1,3,200,200,0.04,0.017352,0.052778
WBC,native,Maximal Intensity,1,4,200,200,0.04,0.016977,0.052759
WBC,native,Maximal Intensity,1,5,200,200,0.04,0.017247,0.052931
WBC,native,Maximal Intensity,1,6,200,200,0.04,0.017331,0.052674
WBC,native,Maximal Intensity,2,0,200,200,0.04,0.016892,0.057318
WBC,native,Maximal Intensity,2,1,200,200,0.04,0.017077,0.052309
WBC,native,Maximal Intensity,2,2,200,200,0.04,0.017352,0.051965
WBC,native,Maximal Intensity,2,3,200,200,0.04,0.017253,0.053112
WBC,native,Maximal Intensity,2,4,200,200,0.04,0.017338,0.05302
WBC,native,Maximal Intensity,2,5,200,200,0.04,0.017106,0.052578
WBC,native,Maximal Intensity,2,6,200,200,0.04,0.016993,0.053163
BMA,1024,Absolute Central Moment 4,0,0,864,1024,0.884736,12.441733,21.175381
BMA,1024,Absolute Central Moment 4,0,1,864,1024,0.884736,12.043926,20.088229
BMA,1024,Absolute Central Moment 4,0,2,864,1024,0.884736,11.808017,19.980111
BMA,1024,Absolute Central Moment 4,0,3,864,1024,0.884736,12.35888,21.180064
BMA,1024,Absolute Central Moment 4,0,4,864,1024,0.884736,11.857817,20.305358
BMA,1024,Absolute Central Moment 4,0,5,864,1024,0.884736,12.029107,21.164786
BMA,1024,Absolute Central Moment 4,0,6,864,1024,0.884736,11.930838,20.444984
BMA,1024,Absolute Central Moment 4,1,0,864,1024,0.884736,11.972169,21.390395
BMA,1024,Absolute Central Moment 4,1,1,864,1024,0.884736,12.781031,20.997259
BMA,1024,Absolute Central Moment 4,1,2,864,1024,0.884736,12.208333,21.008754
BMA,1024,Absolute Central Moment 4,1,3,864,1024,0.884736,12.354245,21.217696
BMA,1024,Absolute Central Moment 4,1,4,864,1024,0.884736,12.065898,21.383316
BMA,1024,Absolute Central Moment 4,1,5,864,1024,0.884736,12.222492,20.322241
BMA,1024,Absolute Central Moment 4,1,6,864,1024,0.884736,11.9162,21.248091
BMA,1024,Absolute Central Moment 4,2,0,864,1024,0.884736,11.896736,20.962755
BMA,1024,Absolute Central Moment 4,2,1,864,1024,0.884736,12.050907,22.100115
BMA,1024,Absolute Central Moment 4,2,2,864,1024,0.884736,12.193505,20.452603
BMA,1024,Absolute Central Moment 4,2,3,864,1024,0.884736,11.809073,20.009685
BMA,1024,Absolute Central Moment 4,2,4,864,1024,0.884736,11.89402,19.849121
BMA,1024,Absolute Central Moment 4,2,5,864,1024,0.884736,11.943438,21.049236
BMA,1024,Absolute Central Moment 4,2,6,864,1024,0.884736,11.973092,20.41882
TBI,1024,GLCM Contrast,0,0,768,1024,0.786432,194.592494,213.593105
TBI,1024,GLCM Contrast,0,1,768,1024,0.786432,194.387378,211.341136
TBI,1024,GLCM Contrast,0,2,768,1024,0.786432,191.216165,209.907222
TBI,1024,GLCM Contrast,0,3,768,1024,0.786432,195.373695,209.924098
TBI,1024,GLCM Contrast,0,4,768,1024,0.786432,194.759758,210.563587
TBI,1024,GLCM Contrast,0,5,768,1024,0.786432,195.328925,230.20445
TBI,1024,GLCM Contrast,0,6,768,1024,0.786432,193.752235,212.00756
TBI,1024,GLCM Contrast,1,0,768,1024,0.786432,193.410782,212.026749
TBI,1024,GLCM Contrast,1,1,768,1024,0.786432,193.532754,210.843108
TBI,1024,GLCM Contrast,1,2,768,1024,0.786432,192.993756,212.648727
TBI,1024,GLCM Contrast,1,3,768,1024,0.786432,195.717514,225.251743
TBI,1024,GLCM Contrast,1,4,768,1024,0.786432,193.229175,205.715794
TBI,1024,GLCM Contrast,1,5,768,1024,0.786432,190.3579,206.930415
TBI,1024,GLCM Contrast,1,6,768,1024,0.786432,193.058428,204.525785
TBI,1024,GLCM Contrast,2,0,768,1024,0.786432,190.398773,209.413019
TBI,1024,GLCM Contrast,2,1,768,1024,0.786432,190.976487,221.372954
TBI,1024,GLCM Contrast,2,2,768,1024,0.786432,190.436572,206.600547
TBI,1024,GLCM Contrast,2,3,768,1024,0.786432,190.042434,205.380806
TBI,1024,GLCM Contrast,2,4,768,1024,0.786432,190.930984,208.614732
TBI,1024,GLCM Contrast,2,5,768,1024,0.786432,190.326913,207.649899
TBI,1024,GLCM Contrast,2,6,768,1024,0.786432,192.206397,214.544901
PBS,128,Sum Modified Laplacian,0,0,108,128,0.013824,0.050783,21.583376
PBS,128,Sum Modified Laplacian,0,1,108,128,0.013824,0.055245,8.95465
PBS,128,Sum Modified Laplacian,0,2,108,128,0.013824,0.065276,8.079374
PBS,128,Sum Modified Laplacian,0,3,108,128,0.013824,0.057478,8.091792
PBS,128,Sum Modified Laplacian,0,4,108,128,0.013824,0.052223,8.764936
PBS,128,Sum Modified Laplacian,0,5,108,128,0.013824,0.060676,8.449745
PBS,128,Sum Modified Laplacian,0,6,108,128,0.013824,0.056649,8.752156
PBS,128,Sum Modified Laplacian,1,0,108,128,0.013824,0.050648,8.49118
PBS,128,Sum Modified Laplacian,1,1,108,128,0.013824,0.061129,8.783769
PBS,128,Sum Modified Laplacian,1,2,108,128,0.013824,0.068156,7.97271
PBS,128,Sum Modified Laplacian,1,3,108,128,0.013824,0.052672,7.958979
PBS,128,Sum Modified Laplacian,1,4,108,128,0.013824,0.052502,8.764802
PBS,128,Sum Modified Laplacian,1,5,108,128,0.013824,0.062363,8.706601
PBS,128,Sum Modified Laplacian,1,6,108,128,0.013824,0.059285,8.311566
PBS,128,Sum Modified Laplacian,2,0,108,128,0.013824,0.055822,7.772713
PBS,128,Sum Modified Laplacian,2,1,108,128,0.013824,0.0651,7.998849
PBS,128,Sum Modified Laplacian,2,2,108,128,0.013824,0.054385,8.094029
PBS,128,Sum Modified Laplacian,2,3,108,128,0.013824,0.053695,8.154801
PBS,128,Sum Modified Laplacian,2,4,108,128,0.013824,0.053926,8.140764
PBS,128,Sum Modified Laplacian,2,5,108,128,0.013824,0.054229,8.476781
PBS,128,Sum Modified Laplacian,2,6,108,128,0.013824,0.057255,8.005629
TBF,1024,Wavelet W3,0,0,864,1024,0.884736,14.91312,22.648271
TBF,1024,Wavelet W3,0,1,864,1024,0.884736,15.302796,22.867877
TBF,1024,Wavelet W3,0,2,864,1024,0.884736,14.278421,23.185116
TBF,1024,Wavelet W3,0,3,864,1024,0.884736,14.470467,22.229655
TBF,1024,Wavelet W3,0,4,864,1024,0.884736,14.219753,22.569253
TBF,1024,Wavelet W3,0,5,864,1024,0.884736,14.70075,22.56137
TBF,1024,Wavelet W3,0,6,864,1024,0.884736,13.969389,22.402696
TBF,1024,Wavelet W3,1,0,864,1024,0.884736,14.748504,23.137268
TBF,1024,Wavelet W3,1,1,864,1024,0.884736,14.241733,22.671049
TBF,1024,Wavelet W3,1,2,864,1024,0.884736,14.269772,21.821814
TBF,1024,Wavelet W3,1,3,864,1024,0.884736,14.132551,22.607238
TBF,1024,Wavelet W3,1,4,864,1024,0.884736,14.459552,22.596697
TBF,1024,Wavelet W3,1,5,864,1024,0.884736,13.82006,23.624315
TBF,1024,Wavelet W3,1,6,864,1024,0.884736,15.064841,23.14724
TBF,1024,Wavelet W3,2,0,864,1024,0.884736,14.007237,22.556618
TBF,1024,Wavelet W3,2,1,864,1024,0.884736,14.349805,24.816593
TBF,1024,Wavelet W3,2,2,864,1024,0.884736,14.009256,23.487193
TBF,1024,Wavelet W3,2,3,864,1024,0.884736,14.517657,23.245532
TBF,1024,Wavelet W3,2,4,864,1024,0.884736,14.478226,23.228077
TBF,1024,Wavelet W3,2,5,864,1024,0.884736,14.843443,22.308633
TBF,1024,Wavelet W3,2,6,864,1024,0.884736,14.336888,23.157795
BMA,native,Wavelet W2,0,0,2160,2560,5.5296,146.664166,175.513504
BMA,native,Wavelet W2,0,1,2160,2560,5.5296,151.199711,153.178145
BMA,native,Wavelet W2,0,2,2160,2560,5.5296,150.053658,159.232322
BMA,native,Wavelet W2,0,3,2160,2560,5.5296,155.906811,148.936117
BMA,native,Wavelet W2,0,4,2160,2560,5.5296,147.586179,153.617468
BMA,native,Wavelet W2,0,5,2160,2560,5.5296,152.952908,152.719539
BMA,native,Wavelet W2,0,6,2160,2560,5.5296,147.353,172.428548
BMA,native,Wavelet W2,1,0,2160,2560,5.5296,150.315009,150.71654
BMA,native,Wavelet W2,1,1,2160,2560,5.5296,144.489449,154.805765
BMA,native,Wavelet W2,1,2,2160,2560,5.5296,148.873558,152.599507
BMA,native,Wavelet W2,1,3,2160,2560,5.5296,146.54638,156.783425
BMA,native,Wavelet W2,1,4,2160,2560,5.5296,152.455989,145.619709
BMA,native,Wavelet W2,1,5,2160,2560,5.5296,150.10835,165.214518
BMA,native,Wavelet W2,1,6,2160,2560,5.5296,149.91015,152.127082
BMA,native,Wavelet W2,2,0,2160,2560,5.5296,150.194681,154.79285
BMA,native,Wavelet W2,2,1,2160,2560,5.5296,157.634732,154.207539
BMA,native,Wavelet W2,2,2,2160,2560,5.5296,153.860298,156.990412
BMA,native,Wavelet W2,2,3,2160,2560,5.5296,152.606784,154.349853
BMA,native,Wavelet W2,2,4,2160,2560,5.5296,157.700855,165.808298
BMA,native,Wavelet W2,2,5,2160,2560,5.5296,156.133944,154.119502
BMA,native,Wavelet W2,2,6,2160,2560,5.5296,147.850699,153.424144
TBF,128,Wavelet W2,0,0,108,128,0.013824,0.190784,7.926091
TBF,128,Wavelet W2,0,1,108,128,0.013824,0.177955,11.619731
TBF,128,Wavelet W2,0,2,108,128,0.013824,0.166935,7.645273
TBF,128,Wavelet W2,0,3,108,128,0.013824,0.194954,7.323788
TBF,128,Wavelet W2,0,4,108,128,0.013824,0.165121,7.2657
TBF,128,Wavelet W2,0,5,108,128,0.013824,0.170794,8.233809
TBF,128,Wavelet W2,0,6,108,128,0.013824,0.189502,8.072887
TBF,128,Wavelet W2,1,0,108,128,0.013824,0.167202,7.419091
TBF,128,Wavelet W2,1,1,108,128,0.013824,0.177551,7.683423
TBF,128,Wavelet W2,1,2,108,128,0.013824,0.187783,7.999071
TBF,128,Wavelet W2,1,3,108,128,0.013824,0.213406,7.449171
TBF,128,Wavelet W2,1,4,108,128,0.013824,0.172082,7.398164
TBF,128,Wavelet W2,1,5,108,128,0.013824,0.171415,7.509133
TBF,128,Wavelet W2,1,6,108,128,0.013824,0.202229,7.354775
TBF,128,Wavelet W2,2,0,108,128,0.013824,0.159146,7.478555
TBF,128,Wavelet W2,2,1,108,128,0.013824,0.207717,7.247273
TBF,128,Wavelet W2,2,2,108,128,0.013824,0.169649,8.239185
TBF,128,Wavelet W2,2,3,108,128,0.013824,0.318734,8.198231
TBF,128,Wavelet W2,2,4,108,128,0.013824,0.187838,7.46351
TBF,128,Wavelet W2,2,5,108,128,0.013824,0.181361,7.460327
TBF,128,Wavelet W2,2,6,108,128,0.013824,0.168764,7.384193
BMA,1024,Modified Tenengrad,0,0,864,1024,0.884736,26.4751,34.54255
BMA,1024,Modified Tenengrad,0,1,864,1024,0.884736,25.264724,34.618362
BMA,1024,Modified Tenengrad,0,2,864,1024,0.884736,25.452921,33.669768
BMA,1024,Modified Tenengrad,0,3,864,1024,0.884736,25.830743,34.823795
BMA,1024,Modified Tenengrad,0,4,864,1024,0.884736,27.609639,34.154255
BMA,1024,Modified Tenengrad,0,5,864,1024,0.884736,25.192623,33.983588
BMA,1024,Modified Tenengrad,0,6,864,1024,0.884736,26.581602,34.119396
BMA,1024,Modified Tenengrad,1,0,864,1024,0.884736,24.673553,34.259684
BMA,1024,Modified Tenengrad,1,1,864,1024,0.884736,23.898924,32.448612
BMA,1024,Modified Tenengrad,1,2,864,1024,0.884736,24.577797,34.33313
BMA,1024,Modified Tenengrad,1,3,864,1024,0.884736,24.931044,33.098897
BMA,1024,Modified Tenengrad,1,4,864,1024,0.884736,24.823453,32.824782
BMA,1024,Modified Tenengrad,1,5,864,1024,0.884736,24.759227,33.227047
BMA,1024,Modified Tenengrad,1,6,864,1024,0.884736,24.714128,32.658005
BMA,1024,Modified Tenengrad,2,0,864,1024,0.884736,25.390003,33.916214
BMA,1024,Modified Tenengrad,2,1,864,1024,0.884736,25.159418,35.975401
BMA,1024,Modified Tenengrad,2,2,864,1024,0.884736,25.867062,31.995151
BMA,1024,Modified Tenengrad,2,3,864,1024,0.884736,26.811073,35.020982
BMA,1024,Modified Tenengrad,2,4,864,1024,0.884736,25.90913,33.573961
BMA,1024,Modified Tenengrad,2,5,864,1024,0.884736,26.947321,35.441201
BMA,1024,Modified Tenengrad,2,6,864,1024,0.884736,25.637585,33.834967
WBC,native,Brenner Gradient,0,0,200,200,0.04,0.06542,0.179578
WBC,native,Brenner Gradient,0,1,200,200,0.04,0.044701,0.085428
WBC,native,Brenner Gradient,0,2,200,200,0.04,0.042732,0.079218
WBC,native,Brenner Gradient,0,3,200,200,0.04,0.05949,0.0915
WBC,native,Brenner Gradient,0,4,200,200,0.04,0.044948,0.081319
WBC,native,Brenner Gradient,0,5,200,200,0.04,0.043224,0.078778
WBC,native,Brenner Gradient,0,6,200,200,0.04,0.043169,0.078043
WBC,native,Brenner Gradient,1,0,200,200,0.04,0.042474,0.087225
WBC,native,Brenner Gradient,1,1,200,200,0.04,0.042661,0.07718
WBC,native,Brenner Gradient,1,2,200,200,0.04,0.042512,0.077334
WBC,native,Brenner Gradient,1,3,200,200,0.04,0.042405,0.07886
WBC,native,Brenner Gradient,1,4,200,200,0.04,0.042675,0.077676
WBC,native,Brenner Gradient,1,5,200,200,0.04,0.042486,0.077874
WBC,native,Brenner Gradient,1,6,200,200,0.04,0.042413,0.077326
WBC,native,Brenner Gradient,2,0,200,200,0.04,0.042337,0.082232
WBC,native,Brenner Gradient,2,1,200,200,0.04,0.042633,0.077227
WBC,native,Brenner Gradient,2,2,200,200,0.04,0.058853,0.093706
WBC,native,Brenner Gradient,2,3,200,200,0.04,0.045221,0.079013
WBC,native,Brenner Gradient,2,4,200,200,0.04,0.042557,0.077736
WBC,native,Brenner Gradient,2,5,200,200,0.04,0.042328,0.077325
WBC,native,Brenner Gradient,2,6,200,200,0.04,0.042469,0.076642
TBF,128,Wavelet W1,0,0,108,128,0.013824,0.120321,7.752765
TBF,128,Wavelet W1,0,1,108,128,0.013824,0.15115,7.357033
TBF,128,Wavelet W1,0,2,108,128,0.013824,0.127985,8.301257
TBF,128,Wavelet W1,0,3,108,128,0.013824,0.128081,7.775612
TBF,128,Wavelet W1,0,4,108,128,0.013824,0.126002,7.784736
TBF,128,Wavelet W1,0,5,108,128,0.013824,0.129831,7.571132
TBF,128,Wavelet W1,0,6,108,128,0.013824,0.123828,7.382318
TBF,128,Wavelet W1,1,0,108,128,0.013824,0.122149,7.772631
TBF,128,Wavelet W1,1,1,108,128,0.013824,0.129914,7.653105
TBF,128,Wavelet W1,1,2,108,128,0.013824,0.150606,7.451254
TBF,128,Wavelet W1,1,3,108,128,0.013824,0.157325,7.561713
TBF,128,Wavelet W1,1,4,108,128,0.013824,0.140756,7.145116
TBF,128,Wavelet W1,1,5,108,128,0.013824,0.125543,7.432576
TBF,128,Wavelet W1,1,6,108,128,0.013824,0.157137,7.021894
TBF,128,Wavelet W1,2,0,108,128,0.013824,0.132253,7.47512
TBF,128,Wavelet W1,2,1,108,128,0.013824,0.128852,7.743304
TBF,128,Wavelet W1,2,2,108,128,0.013824,0.138965,7.802163
TBF,128,Wavelet W1,2,3,108,128,0.013824,0.138943,7.63052
TBF,128,Wavelet W1,2,4,108,128,0.013824,0.144451,8.052649
TBF,128,Wavelet W1,2,5,108,128,0.013824,0.144257,8.650837
TBF,128,Wavelet W1,2,6,108,128,0.013824,0.164144,7.871384
PBS,1024,Variance of Laplacian,0,0,864,1024,0.884736,1.89108,11.227822
PBS,1024,Variance of Laplacian,0,1,864,1024,0.884736,1.886118,10.651037
PBS,1024,Variance of Laplacian,0,2,864,1024,0.884736,2.05651,10.728915
PBS,1024,Variance of Laplacian,0,3,864,1024,0.884736,1.984352,11.034823
PBS,1024,Variance of Laplacian,0,4,864,1024,0.884736,1.905845,10.626972
PBS,1024,Variance of Laplacian,0,5,864,1024,0.884736,1.855292,10.646478
PBS,1024,Variance of Laplacian,0,6,864,1024,0.884736,1.740983,10.925582
PBS,1024,Variance of Laplacian,1,0,864,1024,0.884736,1.790771,10.237997
PBS,1024,Variance of Laplacian,1,1,864,1024,0.884736,1.728716,10.68222
PBS,1024,Variance of Laplacian,1,2,864,1024,0.884736,1.729569,10.253817
PBS,1024,Variance of Laplacian,1,3,864,1024,0.884736,1.704387,10.943849
PBS,1024,Variance of Laplacian,1,4,864,1024,0.884736,1.946638,10.203212
PBS,1024,Variance of Laplacian,1,5,864,1024,0.884736,1.777924,9.737011
PBS,1024,Variance of Laplacian,1,6,864,1024,0.884736,2.132336,10.264713
PBS,1024,Variance of Laplacian,2,0,864,1024,0.884736,1.616618,9.901193
PBS,1024,Variance of Laplacian,2,1,864,1024,0.884736,1.785803,10.217506
PBS,1024,Variance of Laplacian,2,2,864,1024,0.884736,1.691625,10.125554
PBS,1024,Variance of Laplacian,2,3,864,1024,0.884736,1.75553,10.550807
PBS,1024,Variance of Laplacian,2,4,864,1024,0.884736,1.720559,10.456707
PBS,1024,Variance of Laplacian,2,5,864,1024,0.884736,1.81567,10.017961
PBS,1024,Variance of Laplacian,2,6,864,1024,0.884736,1.683399,10.357518
TBI,512,Mean Intensity,0,0,384,512,0.196608,0.099705,19.250514
TBI,512,Mean Intensity,0,1,384,512,0.196608,0.158858,17.271249
TBI,512,Mean Intensity,0,2,384,512,0.196608,0.128899,16.718932
TBI,512,Mean Intensity,0,3,384,512,0.196608,0.148181,17.177551
TBI,512,Mean Intensity,0,4,384,512,0.196608,0.126145,16.596633
TBI,512,Mean Intensity,0,5,384,512,0.196608,0.130424,17.1074
TBI,512,Mean Intensity,0,6,384,512,0.196608,0.12888,16.947114
TBI,512,Mean Intensity,1,0,384,512,0.196608,0.107516,16.542224
TBI,512,Mean Intensity,1,1,384,512,0.196608,0.127636,17.111049
TBI,512,Mean Intensity,1,2,384,512,0.196608,0.132769,17.131704
TBI,512,Mean Intensity,1,3,384,512,0.196608,0.127137,16.763667
TBI,512,Mean Intensity,1,4,384,512,0.196608,0.143651,17.572786
TBI,512,Mean Intensity,1,5,384,512,0.196608,0.197403,16.305183
TBI,512,Mean Intensity,1,6,384,512,0.196608,0.143388,16.817015
TBI,512,Mean Intensity,2,0,384,512,0.196608,0.095867,17.284049
TBI,512,Mean Intensity,2,1,384,512,0.196608,0.147046,17.0717
TBI,512,Mean Intensity,2,2,384,512,0.196608,0.146815,16.22946
TBI,512,Mean Intensity,2,3,384,512,0.196608,0.139285,16.165719
TBI,512,Mean Intensity,2,4,384,512,0.196608,0.160236,16.450441
TBI,512,Mean Intensity,2,5,384,512,0.196608,0.158464,16.256967
TBI,512,Mean Intensity,2,6,384,512,0.196608,0.140166,16.162649
WBC,native,Variance of Laplacian,0,0,200,200,0.04,0.071288,0.144652
WBC,native,Variance of Laplacian,0,1,200,200,0.04,0.069466,0.109631
WBC,native,Variance of Laplacian,0,2,200,200,0.04,0.068203,0.105188
WBC,native,Variance of Laplacian,0,3,200,200,0.04,0.068345,0.107987
WBC,native,Variance of Laplacian,0,4,200,200,0.04,0.074853,0.105911
WBC,native,Variance of Laplacian,0,5,200,200,0.04,0.067622,0.10287
WBC,native,Variance of Laplacian,0,6,200,200,0.04,0.067082,0.103415
WBC,native,Variance of Laplacian,1,0,200,200,0.04,0.067824,0.108436
WBC,native,Variance of Laplacian,1,1,200,200,0.04,0.06827,0.141336
WBC,native,Variance of Laplacian,1,2,200,200,0.04,0.072349,0.110082
WBC,native,Variance of Laplacian,1,3,200,200,0.04,0.069043,0.106315
WBC,native,Variance of Laplacian,1,4,200,200,0.04,0.068861,0.124511
WBC,native,Variance of Laplacian,1,5,200,200,0.04,0.071466,0.116847
WBC,native,Variance of Laplacian,1,6,200,200,0.04,0.06707,0.104095
WBC,native,Variance of Laplacian,2,0,200,200,0.04,0.067146,0.114365
WBC,native,Variance of Laplacian,2,1,200,200,0.04,0.065976,0.102212
WBC,native,Variance of Laplacian,2,2,200,200,0.04,0.065531,0.101479
WBC,native,Variance of Laplacian,2,3,200,200,0.04,0.066607,0.128235
WBC,native,Variance of Laplacian,2,4,200,200,0.04,0.066883,0.102273
WBC,native,Variance of Laplacian,2,5,200,200,0.04,0.066787,0.101386
WBC,native,Variance of Laplacian,2,6,200,200,0.04,0.065818,0.100388
TBF,512,Gradient Squared Energy,0,0,432,512,0.221184,0.51003,11.393907
TBF,512,Gradient Squared Energy,0,1,432,512,0.221184,0.528767,7.173912
TBF,512,Gradient Squared Energy,0,2,432,512,0.221184,0.633267,7.07513
TBF,512,Gradient Squared Energy,0,3,432,512,0.221184,0.520636,7.310174
TBF,512,Gradient Squared Energy,0,4,432,512,0.221184,0.559176,7.764283
TBF,512,Gradient Squared Energy,0,5,432,512,0.221184,0.520439,7.0773
TBF,512,Gradient Squared Energy,0,6,432,512,0.221184,0.537688,7.283432
TBF,512,Gradient Squared Energy,1,0,432,512,0.221184,0.501419,7.299362
TBF,512,Gradient Squared Energy,1,1,432,512,0.221184,0.530765,7.015778
TBF,512,Gradient Squared Energy,1,2,432,512,0.221184,0.549816,7.221116
TBF,512,Gradient Squared Energy,1,3,432,512,0.221184,0.585173,7.268122
TBF,512,Gradient Squared Energy,1,4,432,512,0.221184,0.555616,7.063535
TBF,512,Gradient Squared Energy,1,5,432,512,0.221184,0.51907,7.214252
TBF,512,Gradient Squared Energy,1,6,432,512,0.221184,0.558598,7.259807
TBF,512,Gradient Squared Energy,2,0,432,512,0.221184,0.501498,7.107515
TBF,512,Gradient Squared Energy,2,1,432,512,0.221184,0.560129,7.614838
TBF,512,Gradient Squared Energy,2,2,432,512,0.221184,0.570202,7.205162
TBF,512,Gradient Squared Energy,2,3,432,512,0.221184,0.538705,7.389065
TBF,512,Gradient Squared Energy,2,4,432,512,0.221184,0.712895,7.636441
TBF,512,Gradient Squared Energy,2,5,432,512,0.221184,0.586484,7.448156
TBF,512,Gradient Squared Energy,2,6,432,512,0.221184,0.572118,7.635999
PBS,1024,Intensity Variance,0,0,864,1024,0.884736,1.490489,10.722496
PBS,1024,Intensity Variance,0,1,864,1024,0.884736,1.689577,10.277212
PBS,1024,Intensity Variance,0,2,864,1024,0.884736,1.630886,10.181899
PBS,1024,Intensity Variance,0,3,864,1024,0.884736,1.502962,10.386433
PBS,1024,Intensity Variance,0,4,864,1024,0.884736,1.624388,10.249826
PBS,1024,Intensity Variance,0,5,864,1024,0.884736,1.688645,10.49762
PBS,1024,Intensity Variance,0,6,864,1024,0.884736,1.642597,10.899865
PBS,1024,Intensity Variance,1,0,864,1024,0.884736,1.533744,10.336408
PBS,1024,Intensity Variance,1,1,864,1024,0.884736,1.558136,9.843462
PBS,1024,Intensity Variance,1,2,864,1024,0.884736,1.648596,10.979674
PBS,1024,Intensity Variance,1,3,864,1024,0.884736,1.531841,10.037552
PBS,1024,Intensity Variance,1,4,864,1024,0.884736,1.558255,10.470081
PBS,1024,Intensity Variance,1,5,864,1024,0.884736,1.485386,9.530612
PBS,1024,Intensity Variance,1,6,864,1024,0.884736,1.552496,9.80341
PBS,1024,Intensity Variance,2,0,864,1024,0.884736,1.522427,9.834734
PBS,1024,Intensity Variance,2,1,864,1024,0.884736,1.595784,10.420761
PBS,1024,Intensity Variance,2,2,864,1024,0.884736,1.605855,10.463727
PBS,1024,Intensity Variance,2,3,864,1024,0.884736,1.558613,10.155929
PBS,1024,Intensity Variance,2,4,864,1024,0.884736,1.561683,10.095647
PBS,1024,Intensity Variance,2,5,864,1024,0.884736,1.637063,9.820534
PBS,1024,Intensity Variance,2,6,864,1024,0.884736,1.587966,9.920352
TBI,512,Wavelet W1,0,0,384,512,0.196608,1.592466,15.788414
TBI,512,Wavelet W1,0,1,384,512,0.196608,1.634056,19.569167
TBI,512,Wavelet W1,0,2,384,512,0.196608,1.740569,18.63092
TBI,512,Wavelet W1,0,3,384,512,0.196608,1.690162,18.388035
TBI,512,Wavelet W1,0,4,384,512,0.196608,1.679823,18.631747
TBI,512,Wavelet W1,0,5,384,512,0.196608,1.721792,18.981993
TBI,512,Wavelet W1,0,6,384,512,0.196608,1.694538,18.719565
TBI,512,Wavelet W1,1,0,384,512,0.196608,1.590963,18.163498
TBI,512,Wavelet W1,1,1,384,512,0.196608,1.64794,18.88037
TBI,512,Wavelet W1,1,2,384,512,0.196608,1.613131,18.226571
TBI,512,Wavelet W1,1,3,384,512,0.196608,1.667109,18.683149
TBI,512,Wavelet W1,1,4,384,512,0.196608,1.605146,18.224384
TBI,512,Wavelet W1,1,5,384,512,0.196608,1.622482,17.853372
TBI,512,Wavelet W1,1,6,384,512,0.196608,1.68047,18.769572
TBI,512,Wavelet W1,2,0,384,512,0.196608,1.624208,18.465583
TBI,512,Wavelet W1,2,1,384,512,0.196608,2.175576,18.810186
TBI,512,Wavelet W1,2,2,384,512,0.196608,1.678816,18.893538
TBI,512,Wavelet W1,2,3,384,512,0.196608,1.708787,19.171244
TBI,512,Wavelet W1,2,4,384,512,0.196608,1.691491,18.402845
TBI,512,Wavelet W1,2,5,384,512,0.196608,1.739055,18.216721
TBI,512,Wavelet W1,2,6,384,512,0.196608,1.718402,18.161878
BMA,512,Brenner Gradient,0,0,432,512,0.221184,0.288466,11.547829
BMA,512,Brenner Gradient,0,1,432,512,0.221184,0.294656,7.927043
BMA,512,Brenner Gradient,0,2,432,512,0.221184,0.307009,8.029664
BMA,512,Brenner Gradient,0,3,432,512,0.221184,0.33326,7.574459
BMA,512,Brenner Gradient,0,4,432,512,0.221184,0.305166,8.031538
BMA,512,Brenner Gradient,0,5,432,512,0.221184,0.349104,8.01241
BMA,512,Brenner Gradient,0,6,432,512,0.221184,0.319541,8.019351
BMA,512,Brenner Gradient,1,0,432,512,0.221184,0.267278,7.783391
BMA,512,Brenner Gradient,1,1,432,512,0.221184,0.332361,8.596311
BMA,512,Brenner Gradient,1,2,432,512,0.221184,0.299073,9.606519
BMA,512,Brenner Gradient,1,3,432,512,0.221184,0.434472,8.366637
BMA,512,Brenner Gradient,1,4,432,512,0.221184,0.34186,7.566946
BMA,512,Brenner Gradient,1,5,432,512,0.221184,0.304552,7.543017
BMA,512,Brenner Gradient,1,6,432,512,0.221184,0.308458,8.242252
BMA,512,Brenner Gradient,2,0,432,512,0.221184,0.259199,8.078378
BMA,512,Brenner Gradient,2,1,432,512,0.221184,0.314361,8.280908
BMA,512,Brenner Gradient,2,2,432,512,0.221184,0.298913,7.985753
BMA,512,Brenner Gradient,2,3,432,512,0.221184,0.322546,8.57082
BMA,512,Brenner Gradient,2,4,432,512,0.221184,0.406371,8.549451
BMA,512,Brenner Gradient,2,5,432,512,0.221184,0.315196,7.788683
BMA,512,Brenner Gradient,2,6,432,512,0.221184,0.310074,8.289773
WBC,native,DCT Focus Measure,0,0,200,200,0.04,0.254907,0.355959
WBC,native,DCT Focus Measure,0,1,200,200,0.04,0.284823,0.368932
WBC,native,DCT Focus Measure,0,2,200,200,0.04,0.315379,0.338698
WBC,native,DCT Focus Measure,0,3,200,200,0.04,0.274369,0.324067
WBC,native,DCT Focus Measure,0,4,200,200,0.04,0.404227,0.339299
WBC,native,DCT Focus Measure,0,5,200,200,0.04,0.23963,0.288229
WBC,native,DCT Focus Measure,0,6,200,200,0.04,0.232949,0.278766
WBC,native,DCT Focus Measure,1,0,200,200,0.04,0.238132,0.27958
WBC,native,DCT Focus Measure,1,1,200,200,0.04,0.22461,0.317095
WBC,native,DCT Focus Measure,1,2,200,200,0.04,0.235553,0.289988
WBC,native,DCT Focus Measure,1,3,200,200,0.04,0.247284,0.277439
WBC,native,DCT Focus Measure,1,4,200,200,0.04,0.227273,0.268251
WBC,native,DCT Focus Measure,1,5,200,200,0.04,0.26347,0.280125
WBC,native,DCT Focus Measure,1,6,200,200,0.04,0.249859,0.284607
WBC,native,DCT Focus Measure,2,0,200,200,0.04,0.24223,0.280275
WBC,native,DCT Focus Measure,2,1,200,200,0.04,0.225916,0.271345
WBC,native,DCT Focus Measure,2,2,200,200,0.04,0.233023,0.321915
WBC,native,DCT Focus Measure,2,3,200,200,0.04,0.242531,0.276027
WBC,native,DCT Focus Measure,2,4,200,200,0.04,0.224057,0.269452
WBC,native,DCT Focus Measure,2,5,200,200,0.04,0.222931,0.265239
WBC,native,DCT Focus Measure,2,6,200,200,0.04,0.26485,0.291506
TBF,128,Maximal Intensity,0,0,108,128,0.013824,0.00817,8.390564
TBF,128,Maximal Intensity,0,1,108,128,0.013824,0.011334,7.045103
TBF,128,Maximal Intensity,0,2,108,128,0.013824,0.010872,7.045472
TBF,128,Maximal Intensity,0,3,108,128,0.013824,0.011226,7.417293
TBF,128,Maximal Intensity,0,4,108,128,0.013824,0.011803,7.207153
TBF,128,Maximal Intensity,0,5,108,128,0.013824,0.010754,7.205043
TBF,128,Maximal Intensity,0,6,108,128,0.013824,0.011035,7.515416
TBF,128,Maximal Intensity,1,0,108,128,0.013824,0.007638,7.498172
TBF,128,Maximal Intensity,1,1,108,128,0.013824,0.011743,7.464631
TBF,128,Maximal Intensity,1,2,108,128,0.013824,0.0104,7.48515
TBF,128,Maximal Intensity,1,3,108,128,0.013824,0.015354,7.720059
TBF,128,Maximal Intensity,1,4,108,128,0.013824,0.011236,7.0919
TBF,128,Maximal Intensity,1,5,108,128,0.013824,0.011087,7.439504
TBF,128,Maximal Intensity,1,6,108,128,0.013824,0.010716,7.414655
TBF,128,Maximal Intensity,2,0,108,128,0.013824,0.010027,7.271555
TBF,128,Maximal Intensity,2,1,108,128,0.013824,0.011478,6.934048
TBF,128,Maximal Intensity,2,2,108,128,0.013824,0.011261,7.090114
TBF,128,Maximal Intensity,2,3,108,128,0.013824,0.01072,7.698748
TBF,128,Maximal Intensity,2,4,108,128,0.013824,0.012539,7.656298
TBF,128,Maximal Intensity,2,5,108,128,0.013824,0.010301,7.688871
TBF,128,Maximal Intensity,2,6,108,128,0.013824,0.01094,7.057914
TBI,native,Energy of Gradient,0,0,2112,2816,5.947392,49.760015,43.898765
TBI,native,Energy of Gradient,0,1,2112,2816,5.947392,22.891845,44.039416
TBI,native,Energy of Gradient,0,2,2112,2816,5.947392,22.299781,34.274816
TBI,native,Energy of Gradient,0,3,2112,2816,5.947392,24.382851,37.791797
TBI,native,Energy of Gradient,0,4,2112,2816,5.947392,24.756252,37.69596
TBI,native,Energy of Gradient,0,5,2112,2816,5.947392,37.696668,44.473017
TBI,native,Energy of Gradient,0,6,2112,2816,5.947392,24.392814,33.584223
TBI,native,Energy of Gradient,1,0,2112,2816,5.947392,23.456513,39.270777
TBI,native,Energy of Gradient,1,1,2112,2816,5.947392,23.65787,33.924799
TBI,native,Energy of Gradient,1,2,2112,2816,5.947392,23.993781,35.734646
TBI,native,Energy of Gradient,1,3,2112,2816,5.947392,23.298596,32.717536
TBI,native,Energy of Gradient,1,4,2112,2816,5.947392,23.429347,36.201145
TBI,native,Energy of Gradient,1,5,2112,2816,5.947392,23.359729,32.5798
TBI,native,Energy of Gradient,1,6,2112,2816,5.947392,26.105565,38.223718
TBI,native,Energy of Gradient,2,0,2112,2816,5.947392,23.116321,33.039201
TBI,native,Energy of Gradient,2,1,2112,2816,5.947392,24.682801,37.879249
TBI,native,Energy of Gradient,2,2,2112,2816,5.947392,23.999134,33.897789
TBI,native,Energy of Gradient,2,3,2112,2816,5.947392,24.202793,39.892789
TBI,native,Energy of Gradient,2,4,2112,2816,5.947392,23.047592,33.115478
TBI,native,Energy of Gradient,2,5,2112,2816,5.947392,25.704403,42.447478
TBI,native,Energy of Gradient,2,6,2112,2816,5.947392,26.577109,33.781306
WBC,512,Brenner Gradient,0,0,512,512,0.262144,0.372154,1.416032
WBC,512,Brenner Gradient,0,1,512,512,0.262144,0.425233,0.640105
WBC,512,Brenner Gradient,0,2,512,512,0.262144,0.376498,0.565874
WBC,512,Brenner Gradient,0,3,512,512,0.262144,0.360971,0.604284
WBC,512,Brenner Gradient,0,4,512,512,0.262144,0.395184,0.605009
WBC,512,Brenner Gradient,0,5,512,512,0.262144,0.377062,0.590775
WBC,512,Brenner Gradient,0,6,512,512,0.262144,0.367168,0.566086
WBC,512,Brenner Gradient,1,0,512,512,0.262144,0.331794,0.645638
WBC,512,Brenner Gradient,1,1,512,512,0.262144,0.383911,0.583232
WBC,512,Brenner Gradient,1,2,512,512,0.262144,0.360114,0.616047
WBC,512,Brenner Gradient,1,3,512,512,0.262144,0.367727,0.540953
WBC,512,Brenner Gradient,1,4,512,512,0.262144,0.321753,0.582683
WBC,512,Brenner Gradient,1,5,512,512,0.262144,0.361507,0.551929
WBC,512,Brenner Gradient,1,6,512,512,0.262144,0.350694,0.60406
WBC,512,Brenner Gradient,2,0,512,512,0.262144,0.359233,0.598281
WBC,512,Brenner Gradient,2,1,512,512,0.262144,0.33081,0.619023
WBC,512,Brenner Gradient,2,2,512,512,0.262144,0.390349,0.57035
WBC,512,Brenner Gradient,2,3,512,512,0.262144,0.328632,0.591096
WBC,512,Brenner Gradient,2,4,512,512,0.262144,0.35865,0.559835
WBC,512,Brenner Gradient,2,5,512,512,0.262144,0.326413,0.567099
WBC,512,Brenner Gradient,2,6,512,512,0.262144,0.366811,0.595033
TBI,128,Wavelet W1,0,0,96,128,0.012288,0.106786,16.307911
TBI,128,Wavelet W1,0,1,96,128,0.012288,0.120278,16.290432
TBI,128,Wavelet W1,0,2,96,128,0.012288,0.156783,16.807705
TBI,128,Wavelet W1,0,3,96,128,0.012288,0.127235,16.134776
TBI,128,Wavelet W1,0,4,96,128,0.012288,0.182984,17.578269
TBI,128,Wavelet W1,0,5,96,128,0.012288,0.13321,16.638653
TBI,128,Wavelet W1,0,6,96,128,0.012288,0.13206,15.858557
TBI,128,Wavelet W1,1,0,96,128,0.012288,0.111764,15.623355
TBI,128,Wavelet W1,1,1,96,128,0.012288,0.115464,16.106408
TBI,128,Wavelet W1,1,2,96,128,0.012288,0.132796,17.4845
TBI,128,Wavelet W1,1,3,96,128,0.012288,0.122342,18.156026
TBI,128,Wavelet W1,1,4,96,128,0.012288,0.130318,17.082721
TBI,128,Wavelet W1,1,5,96,128,0.012288,0.119748,17.244553
TBI,128,Wavelet W1,1,6,96,128,0.012288,0.159051,16.327087
TBI,128,Wavelet W1,2,0,96,128,0.012288,0.110661,16.310475
TBI,128,Wavelet W1,2,1,96,128,0.012288,0.124586,16.188665
TBI,128,Wavelet W1,2,2,96,128,0.012288,0.125965,17.320273
TBI,128,Wavelet W1,2,3,96,128,0.012288,0.126826,16.37906
TBI,128,Wavelet W1,2,4,96,128,0.012288,0.132009,15.961447
TBI,128,Wavelet W1,2,5,96,128,0.012288,0.143437,16.053418
TBI,128,Wavelet W1,2,6,96,128,0.012288,0.139916,16.35086
PBS,1024,Fourier High Frequency Energy Ratio,0,0,864,1024,0.884736,23.919929,36.575114
PBS,1024,Fourier High Frequency Energy Ratio,0,1,864,1024,0.884736,25.57486,32.511757
PBS,1024,Fourier High Frequency Energy Ratio,0,2,864,1024,0.884736,23.505577,30.355326
PBS,1024,Fourier High Frequency Energy Ratio,0,3,864,1024,0.884736,22.629676,30.041334
PBS,1024,Fourier High Frequency Energy Ratio,0,4,864,1024,0.884736,20.283547,29.70004
PBS,1024,Fourier High Frequency Energy Ratio,0,5,864,1024,0.884736,21.748447,29.613663
PBS,1024,Fourier High Frequency Energy Ratio,0,6,864,1024,0.884736,20.585164,31.851186
PBS,1024,Fourier High Frequency Energy Ratio,1,0,864,1024,0.884736,20.878896,28.723345
PBS,1024,Fourier High Frequency Energy Ratio,1,1,864,1024,0.884736,20.444177,28.685453
PBS,1024,Fourier High Frequency Energy Ratio,1,2,864,1024,0.884736,20.274198,39.432696
PBS,1024,Fourier High Frequency Energy Ratio,1,3,864,1024,0.884736,22.067671,28.985979
PBS,1024,Fourier High Frequency Energy Ratio,1,4,864,1024,0.884736,20.681034,30.868865
PBS,1024,Fourier High Frequency Energy Ratio,1,5,864,1024,0.884736,21.970971,30.240977
PBS,1024,Fourier High Frequency Energy Ratio,1,6,864,1024,0.884736,21.011034,28.920153
PBS,1024,Fourier High Frequency Energy Ratio,2,0,864,1024,0.884736,21.067177,29.924009
PBS,1024,Fourier High Frequency Energy Ratio,2,1,864,1024,0.884736,20.841907,28.70608
PBS,1024,Fourier High Frequency Energy Ratio,2,2,864,1024,0.884736,20.740653,28.686799
PBS,1024,Fourier High Frequency Energy Ratio,2,3,864,1024,0.884736,20.595271,28.392993
PBS,1024,Fourier High Frequency Energy Ratio,2,4,864,1024,0.884736,20.281656,28.960418
PBS,1024,Fourier High Frequency Energy Ratio,2,5,864,1024,0.884736,20.651669,31.778289
PBS,1024,Fourier High Frequency Energy Ratio,2,6,864,1024,0.884736,22.121784,30.360191
TBI,1024,Variance of Gradient,0,0,768,1024,0.786432,2.773617,21.406375
TBI,1024,Variance of Gradient,0,1,768,1024,0.786432,3.006138,20.054132
TBI,1024,Variance of Gradient,0,2,768,1024,0.786432,3.049245,19.717549
TBI,1024,Variance of Gradient,0,3,768,1024,0.786432,2.829979,18.945261
TBI,1024,Variance of Gradient,0,4,768,1024,0.786432,2.933589,19.589265
TBI,1024,Variance of Gradient,0,5,768,1024,0.786432,3.011167,20.04272
TBI,1024,Variance of Gradient,0,6,768,1024,0.786432,3.098901,19.567595
TBI,1024,Variance of Gradient,1,0,768,1024,0.786432,3.010993,19.76976
TBI,1024,Variance of Gradient,1,1,768,1024,0.786432,2.981562,18.923644
TBI,1024,Variance of Gradient,1,2,768,1024,0.786432,2.882683,19.148544
TBI,1024,Variance of Gradient,1,3,768,1024,0.786432,2.919546,19.733023
TBI,1024,Variance of Gradient,1,4,768,1024,0.786432,2.993691,19.544698
TBI,1024,Variance of Gradient,1,5,768,1024,0.786432,2.921541,19.569969
TBI,1024,Variance of Gradient,1,6,768,1024,0.786432,2.80954,19.920913
TBI,1024,Variance of Gradient,2,0,768,1024,0.786432,2.782762,19.594115
TBI,1024,Variance of Gradient,2,1,768,1024,0.786432,2.707167,19.805433
TBI,1024,Variance of Gradient,2,2,768,1024,0.786432,3.026842,19.799918
TBI,1024,Variance of Gradient,2,3,768,1024,0.786432,3.031483,20.20937
TBI,1024,Variance of Gradient,2,4,768,1024,0.786432,3.662691,19.687202
TBI,1024,Variance of Gradient,2,5,768,1024,0.786432,2.996953,19.256393
TBI,1024,Variance of Gradient,2,6,768,1024,0.786432,3.137091,19.821554
TBF,native,Intensity Skewness Index,0,0,2160,2560,5.5296,51.853663,67.961047
TBF,native,Intensity Skewness Index,0,1,2160,2560,5.5296,60.452711,58.129356
TBF,native,Intensity Skewness Index,0,2,2160,2560,5.5296,52.620456,65.441092
TBF,native,Intensity Skewness Index,0,3,2160,2560,5.5296,58.569787,60.199573
TBF,native,Intensity Skewness Index,0,4,2160,2560,5.5296,53.104459,61.98084
TBF,native,Intensity Skewness Index,0,5,2160,2560,5.5296,55.681187,57.670672
TBF,native,Intensity Skewness Index,0,6,2160,2560,5.5296,53.750292,65.929362
TBF,native,Intensity Skewness Index,1,0,2160,2560,5.5296,55.720082,57.877025
TBF,native,Intensity Skewness Index,1,1,2160,2560,5.5296,51.577999,62.161502
TBF,native,Intensity Skewness Index,1,2,2160,2560,5.5296,56.23151,59.720703
TBF,native,Intensity Skewness Index,1,3,2160,2560,5.5296,53.301695,62.001063
TBF,native,Intensity Skewness Index,1,4,2160,2560,5.5296,57.975274,58.422606
TBF,native,Intensity Skewness Index,1,5,2160,2560,5.5296,53.386931,71.70545
TBF,native,Intensity Skewness Index,1,6,2160,2560,5.5296,55.972247,58.437042
TBF,native,Intensity Skewness Index,2,0,2160,2560,5.5296,52.295435,62.078578
TBF,native,Intensity Skewness Index,2,1,2160,2560,5.5296,56.679239,61.191569
TBF,native,Intensity Skewness Index,2,2,2160,2560,5.5296,51.044979,62.580277
TBF,native,Intensity Skewness Index,2,3,2160,2560,5.5296,54.737535,58.457493
TBF,native,Intensity Skewness Index,2,4,2160,2560,5.5296,53.51256,62.843723
TBF,native,Intensity Skewness Index,2,5,2160,2560,5.5296,57.39185,58.391045
TBF,native,Intensity Skewness Index,2,6,2160,2560,5.5296,52.784857,63.20562
WBC,128,Fourier High Frequency Energy Ratio,0,0,128,128,0.016384,0.294805,1.120964
WBC,128,Fourier High Frequency Energy Ratio,0,1,128,128,0.016384,0.357263,0.469813
WBC,128,Fourier High Frequency Energy Ratio,0,2,128,128,0.016384,0.263974,0.431217
WBC,128,Fourier High Frequency Energy Ratio,0,3,128,128,0.016384,0.260559,0.415848
WBC,128,Fourier High Frequency Energy Ratio,0,4,128,128,0.016384,0.292146,0.402048
WBC,128,Fourier High Frequency Energy Ratio,0,5,128,128,0.016384,0.261021,0.399544
WBC,128,Fourier High Frequency Energy Ratio,0,6,128,128,0.016384,0.280491,0.502942
WBC,128,Fourier High Frequency Energy Ratio,1,0,128,128,0.016384,0.253792,0.412067
WBC,128,Fourier High Frequency Energy Ratio,1,1,128,128,0.016384,0.254466,0.426718
WBC,128,Fourier High Frequency Energy Ratio,1,2,128,128,0.016384,0.285352,0.389943
WBC,128,Fourier High Frequency Energy Ratio,1,3,128,128,0.016384,0.262045,0.394306
WBC,128,Fourier High Frequency Energy Ratio,1,4,128,128,0.016384,0.283046,0.418879
WBC,128,Fourier High Frequency Energy Ratio,1,5,128,128,0.016384,0.252526,0.384863
WBC,128,Fourier High Frequency Energy Ratio,1,6,128,128,0.016384,0.245545,0.379255
WBC,128,Fourier High Frequency Energy Ratio,2,0,128,128,0.016384,0.244318,0.413866
WBC,128,Fourier High Frequency Energy Ratio,2,1,128,128,0.016384,0.255761,0.381854
WBC,128,Fourier High Frequency Energy Ratio,2,2,128,128,0.016384,0.27884,0.422508
WBC,128,Fourier High Frequency Energy Ratio,2,3,128,128,0.016384,0.257202,0.38218
WBC,128,Fourier High Frequency Energy Ratio,2,4,128,128,0.016384,0.257041,0.408228
WBC,128,Fourier High Frequency Energy Ratio,2,5,128,128,0.016384,0.254004,0.377845
WBC,128,Fourier High Frequency Energy Ratio,2,6,128,128,0.016384,0.251273,0.378559
TBF,128,Roberts Focus Measure,0,0,108,128,0.013824,0.036757,11.90735
TBF,128,Roberts Focus Measure,0,1,108,128,0.013824,0.124683,7.793296
TBF,128,Roberts Focus Measure,0,2,108,128,0.013824,0.039098,8.502149
TBF,128,Roberts Focus Measure,0,3,108,128,0.013824,0.057462,8.147602
TBF,128,Roberts Focus Measure,0,4,108,128,0.013824,0.040384,8.247751
TBF,128,Roberts Focus Measure,0,5,108,128,0.013824,0.038396,7.087569
TBF,128,Roberts Focus Measure,0,6,108,128,0.013824,0.040007,7.584124
TBF,128,Roberts Focus Measure,1,0,108,128,0.013824,0.032013,7.636929
TBF,128,Roberts Focus Measure,1,1,108,128,0.013824,0.054951,7.411315
TBF,128,Roberts Focus Measure,1,2,108,128,0.013824,0.035602,7.370122
TBF,128,Roberts Focus Measure,1,3,108,128,0.013824,0.036493,7.083337
TBF,128,Roberts Focus Measure,1,4,108,128,0.013824,0.036782,7.102191
TBF,128,Roberts Focus Measure,1,5,108,128,0.013824,0.039531,7.09122
TBF,128,Roberts Focus Measure,1,6,108,128,0.013824,0.039354,7.16445
TBF,128,Roberts Focus Measure,2,0,108,128,0.013824,0.054123,7.360633
TBF,128,Roberts Focus Measure,2,1,108,128,0.013824,0.034777,7.049169
TBF,128,Roberts Focus Measure,2,2,108,128,0.013824,0.035416,7.686242
TBF,128,Roberts Focus Measure,2,3,108,128,0.013824,0.042626,7.631998
TBF,128,Roberts Focus Measure,2,4,108,128,0.013824,0.036745,7.3363
TBF,128,Roberts Focus Measure,2,5,108,128,0.013824,0.034898,6.93211
TBF,128,Roberts Focus Measure,2,6,108,128,0.013824,0.035088,7.262333
WBC,128,Mean Intensity,0,0,128,128,0.016384,0.010841,0.191909
WBC,128,Mean Intensity,0,1,128,128,0.016384,0.011048,0.132303
WBC,128,Mean Intensity,0,2,128,128,0.016384,0.010305,0.129094
WBC,128,Mean Intensity,0,3,128,128,0.016384,0.01018,0.126436
WBC,128,Mean Intensity,0,4,128,128,0.016384,0.010263,0.126314
WBC,128,Mean Intensity,0,5,128,128,0.016384,0.010157,0.155972
WBC,128,Mean Intensity,0,6,128,128,0.016384,0.012557,0.136191
WBC,128,Mean Intensity,1,0,128,128,0.016384,0.010009,0.133511
WBC,128,Mean Intensity,1,1,128,128,0.016384,0.010017,0.128106
WBC,128,Mean Intensity,1,2,128,128,0.016384,0.010218,0.143374
WBC,128,Mean Intensity,1,3,128,128,0.016384,0.011246,0.132557
WBC,128,Mean Intensity,1,4,128,128,0.016384,0.010013,0.127948
WBC,128,Mean Intensity,1,5,128,128,0.016384,0.010138,0.125976
WBC,128,Mean Intensity,1,6,128,128,0.016384,0.010041,0.126078
WBC,128,Mean Intensity,2,0,128,128,0.016384,0.010016,0.146106
WBC,128,Mean Intensity,2,1,128,128,0.016384,0.010087,0.127068
WBC,128,Mean Intensity,2,2,128,128,0.016384,0.010679,0.153154
WBC,128,Mean Intensity,2,3,128,128,0.016384,0.010228,0.150722
WBC,128,Mean Intensity,2,4,128,128,0.016384,0.012145,0.136226
WBC,128,Mean Intensity,2,5,128,128,0.016384,0.01043,0.128741
WBC,128,Mean Intensity,2,6,128,128,0.016384,0.010023,0.126006
WBC,512,Image Power,0,0,512,512,0.262144,0.488815,0.846989
WBC,512,Image Power,0,1,512,512,0.262144,0.422184,0.729305
WBC,512,Image Power,0,2,512,512,0.262144,0.406264,0.647464
WBC,512,Image Power,0,3,512,512,0.262144,0.382289,0.661962
WBC,512,Image Power,0,4,512,512,0.262144,0.376226,0.672545
WBC,512,Image Power,0,5,512,512,0.262144,0.403623,0.771969
WBC,512,Image Power,0,6,512,512,0.262144,0.470835,0.670591
WBC,512,Image Power,1,0,512,512,0.262144,0.387902,0.684507
WBC,512,Image Power,1,1,512,512,0.262144,0.413321,0.607167
WBC,512,Image Power,1,2,512,512,0.262144,0.365536,0.610231
WBC,512,Image Power,1,3,512,512,0.262144,0.392404,0.605122
WBC,512,Image Power,1,4,512,512,0.262144,0.387744,0.592987
WBC,512,Image Power,1,5,512,512,0.262144,0.37509,0.581044
WBC,512,Image Power,1,6,512,512,0.262144,0.37243,0.591173
WBC,512,Image Power,2,0,512,512,0.262144,0.381772,0.595502
WBC,512,Image Power,2,1,512,512,0.262144,0.361445,0.618417
WBC,512,Image Power,2,2,512,512,0.262144,0.378817,0.583601
WBC,512,Image Power,2,3,512,512,0.262144,0.353854,0.561429
WBC,512,Image Power,2,4,512,512,0.262144,0.381289,0.585025
WBC,512,Image Power,2,5,512,512,0.262144,0.39393,0.632929
WBC,512,Image Power,2,6,512,512,0.262144,0.38851,0.596376
BMA,1024,Histogram Entropy,0,0,864,1024,0.884736,4.264036,13.30651
BMA,1024,Histogram Entropy,0,1,864,1024,0.884736,4.491827,13.63367
BMA,1024,Histogram Entropy,0,2,864,1024,0.884736,4.42582,13.032432
BMA,1024,Histogram Entropy,0,3,864,1024,0.884736,4.568495,13.952389
BMA,1024,Histogram Entropy,0,4,864,1024,0.884736,4.647275,12.553515
BMA,1024,Histogram Entropy,0,5,864,1024,0.884736,4.328962,12.466347
BMA,1024,Histogram Entropy,0,6,864,1024,0.884736,4.25977,13.042657
BMA,1024,Histogram Entropy,1,0,864,1024,0.884736,4.175944,12.852122
BMA,1024,Histogram Entropy,1,1,864,1024,0.884736,4.644034,12.789626
BMA,1024,Histogram Entropy,1,2,864,1024,0.884736,4.480686,13.056705
BMA,1024,Histogram Entropy,1,3,864,1024,0.884736,4.558673,12.925415
BMA,1024,Histogram Entropy,1,4,864,1024,0.884736,4.621112,13.358799
BMA,1024,Histogram Entropy,1,5,864,1024,0.884736,4.595375,12.549311
BMA,1024,Histogram Entropy,1,6,864,1024,0.884736,4.125707,12.481555
BMA,1024,Histogram Entropy,2,0,864,1024,0.884736,4.220194,12.625347
BMA,1024,Histogram Entropy,2,1,864,1024,0.884736,4.170064,12.910412
BMA,1024,Histogram Entropy,2,2,864,1024,0.884736,4.418202,13.446766
BMA,1024,Histogram Entropy,2,3,864,1024,0.884736,4.684615,12.686167
BMA,1024,Histogram Entropy,2,4,864,1024,0.884736,4.896078,12.863206
BMA,1024,Histogram Entropy,2,5,864,1024,0.884736,4.23924,12.316476
BMA,1024,Histogram Entropy,2,6,864,1024,0.884736,4.276178,12.131843
WBC,512,Fourier High Frequency Energy Ratio,0,0,512,512,0.262144,4.102167,4.476361
WBC,512,Fourier High Frequency Energy Ratio,0,1,512,512,0.262144,3.775827,4.253776
WBC,512,Fourier High Frequency Energy Ratio,0,2,512,512,0.262144,4.227026,4.462769
WBC,512,Fourier High Frequency Energy Ratio,0,3,512,512,0.262144,3.99909,4.327171
WBC,512,Fourier High Frequency Energy Ratio,0,4,512,512,0.262144,4.098708,4.415039
WBC,512,Fourier High Frequency Energy Ratio,0,5,512,512,0.262144,4.8059,4.320391
WBC,512,Fourier High Frequency Energy Ratio,0,6,512,512,0.262144,3.981222,4.487216
WBC,512,Fourier High Frequency Energy Ratio,1,0,512,512,0.262144,4.207283,4.45336
WBC,512,Fourier High Frequency Energy Ratio,1,1,512,512,0.262144,4.11557,4.459981
WBC,512,Fourier High Frequency Energy Ratio,1,2,512,512,0.262144,3.991036,4.342957
WBC,512,Fourier High Frequency Energy Ratio,1,3,512,512,0.262144,4.09994,4.550577
WBC,512,Fourier High Frequency Energy Ratio,1,4,512,512,0.262144,3.972466,4.570353
WBC,512,Fourier High Frequency Energy Ratio,1,5,512,512,0.262144,4.511112,4.655715
WBC,512,Fourier High Frequency Energy Ratio,1,6,512,512,0.262144,4.309793,5.112311
WBC,512,Fourier High Frequency Energy Ratio,2,0,512,512,0.262144,4.332661,4.542336
WBC,512,Fourier High Frequency Energy Ratio,2,1,512,512,0.262144,4.312074,4.709467
WBC,512,Fourier High Frequency Energy Ratio,2,2,512,512,0.262144,4.221661,4.594616
WBC,512,Fourier High Frequency Energy Ratio,2,3,512,512,0.262144,4.113039,4.51905
WBC,512,Fourier High Frequency Energy Ratio,2,4,512,512,0.262144,4.610653,5.135027
WBC,512,Fourier High Frequency Energy Ratio,2,5,512,512,0.262144,4.450628,5.054225
WBC,512,Fourier High Frequency Energy Ratio,2,6,512,512,0.262144,4.454903,4.77872
TBI,128,Squared Gradient,0,0,96,128,0.012288,0.031793,13.294345
TBI,128,Squared Gradient,0,1,96,128,0.012288,0.045838,15.273738
TBI,128,Squared Gradient,0,2,96,128,0.012288,0.048268,15.095798
TBI,128,Squared Gradient,0,3,96,128,0.012288,0.03537,15.2127
TBI,128,Squared Gradient,0,4,96,128,0.012288,0.070655,15.36703
TBI,128,Squared Gradient,0,5,96,128,0.012288,0.045312,15.535428
TBI,128,Squared Gradient,0,6,96,128,0.012288,0.040222,15.711293
TBI,128,Squared Gradient,1,0,96,128,0.012288,0.032585,15.538805
TBI,128,Squared Gradient,1,1,96,128,0.012288,0.050296,15.397603
TBI,128,Squared Gradient,1,2,96,128,0.012288,0.048216,36.016472
TBI,128,Squared Gradient,1,3,96,128,0.012288,0.063635,16.963989
TBI,128,Squared Gradient,1,4,96,128,0.012288,0.051724,17.219527
TBI,128,Squared Gradient,1,5,96,128,0.012288,0.044534,16.637035
TBI,128,Squared Gradient,1,6,96,128,0.012288,0.046942,17.357723
TBI,128,Squared Gradient,2,0,96,128,0.012288,0.03303,16.638993
TBI,128,Squared Gradient,2,1,96,128,0.012288,0.038477,15.704076
TBI,128,Squared Gradient,2,2,96,128,0.012288,0.037713,15.166904
TBI,128,Squared Gradient,2,3,96,128,0.012288,0.039646,15.973803
TBI,128,Squared Gradient,2,4,96,128,0.012288,0.042454,15.584927
TBI,128,Squared Gradient,2,5,96,128,0.012288,0.054208,15.969288
TBI,128,Squared Gradient,2,6,96,128,0.012288,0.078872,15.320644
WBC,128,Histogram Entropy,0,0,128,128,0.016384,0.115947,0.274144
WBC,128,Histogram Entropy,0,1,128,128,0.016384,0.0928,0.215585
WBC,128,Histogram Entropy,0,2,128,128,0.016384,0.082612,0.209016
WBC,128,Histogram Entropy,0,3,128,128,0.016384,0.099064,0.222679
WBC,128,Histogram Entropy,0,4,128,128,0.016384,0.084436,0.205789
WBC,128,Histogram Entropy,0,5,128,128,0.016384,0.081632,0.202888
WBC,128,Histogram Entropy,0,6,128,128,0.016384,0.107244,0.214657
WBC,128,Histogram Entropy,1,0,128,128,0.016384,0.079627,0.208311
WBC,128,Histogram Entropy,1,1,128,128,0.016384,0.083144,0.202307
WBC,128,Histogram Entropy,1,2,128,128,0.016384,0.082941,0.204003
WBC,128,Histogram Entropy,1,3,128,128,0.016384,0.08046,0.200675
WBC,128,Histogram Entropy,1,4,128,128,0.016384,0.080307,0.237059
WBC,128,Histogram Entropy,1,5,128,128,0.016384,0.105249,0.21386
WBC,128,Histogram Entropy,1,6,128,128,0.016384,0.102307,0.208834
WBC,128,Histogram Entropy,2,0,128,128,0.016384,0.079589,0.208751
WBC,128,Histogram Entropy,2,1,128,128,0.016384,0.081174,0.202264
WBC,128,Histogram Entropy,2,2,128,128,0.016384,0.080431,0.201722
WBC,128,Histogram Entropy,2,3,128,128,0.016384,0.103842,0.219224
WBC,128,Histogram Entropy,2,4,128,128,0.016384,0.084672,0.240782
WBC,128,Histogram Entropy,2,5,128,128,0.016384,0.084932,0.204059
WBC,128,Histogram Entropy,2,6,128,128,0.016384,0.081366,0.201328
PBS,native,Intensity Range Index,0,0,2160,2560,5.5296,11.464655,26.432265
PBS,native,Intensity Range Index,0,1,2160,2560,5.5296,11.302617,17.006322
PBS,native,Intensity Range Index,0,2,2160,2560,5.5296,7.489392,22.592612
PBS,native,Intensity Range Index,0,3,2160,2560,5.5296,10.780621,14.207881
PBS,native,Intensity Range Index,0,4,2160,2560,5.5296,7.254252,20.161472
PBS,native,Intensity Range Index,0,5,2160,2560,5.5296,11.905943,14.28141
PBS,native,Intensity Range Index,0,6,2160,2560,5.5296,7.606004,19.00664
PBS,native,Intensity Range Index,1,0,2160,2560,5.5296,11.153256,14.045887
PBS,native,Intensity Range Index,1,1,2160,2560,5.5296,7.390767,18.695961
PBS,native,Intensity Range Index,1,2,2160,2560,5.5296,12.670736,14.387871
PBS,native,Intensity Range Index,1,3,2160,2560,5.5296,9.674369,18.68845
PBS,native,Intensity Range Index,1,4,2160,2560,5.5296,11.232901,13.561449
PBS,native,Intensity Range Index,1,5,2160,2560,5.5296,7.235656,18.497926
PBS,native,Intensity Range Index,1,6,2160,2560,5.5296,10.903047,13.981987
PBS,native,Intensity Range Index,2,0,2160,2560,5.5296,7.176427,17.854815
PBS,native,Intensity Range Index,2,1,2160,2560,5.5296,10.958277,16.749739
PBS,native,Intensity Range Index,2,2,2160,2560,5.5296,8.799273,21.052607
PBS,native,Intensity Range Index,2,3,2160,2560,5.5296,11.528179,15.379351
PBS,native,Intensity Range Index,2,4,2160,2560,5.5296,8.253455,18.474313
PBS,native,Intensity Range Index,2,5,2160,2560,5.5296,14.183664,14.439034
PBS,native,Intensity Range Index,2,6,2160,2560,5.5296,7.486254,18.011101
WBC,512,Intensity Skewness Index,0,0,512,512,0.262144,2.149264,2.960945
WBC,512,Intensity Skewness Index,0,1,512,512,0.262144,2.117068,2.700586
WBC,512,Intensity Skewness Index,0,2,512,512,0.262144,2.451539,2.384252
WBC,512,Intensity Skewness Index,0,3,512,512,0.262144,2.077752,2.682345
WBC,512,Intensity Skewness Index,0,4,512,512,0.262144,2.424341,2.321437
WBC,512,Intensity Skewness Index,0,5,512,512,0.262144,2.133371,2.641627
WBC,512,Intensity Skewness Index,0,6,512,512,0.262144,2.464193,2.320287
WBC,512,Intensity Skewness Index,1,0,512,512,0.262144,2.101284,2.721067
WBC,512,Intensity Skewness Index,1,1,512,512,0.262144,2.418288,2.381016
WBC,512,Intensity Skewness Index,1,2,512,512,0.262144,2.145141,2.691643
WBC,512,Intensity Skewness Index,1,3,512,512,0.262144,2.468024,2.404929
WBC,512,Intensity Skewness Index,1,4,512,512,0.262144,2.138675,2.686075
WBC,512,Intensity Skewness Index,1,5,512,512,0.262144,2.436934,2.386902
WBC,512,Intensity Skewness Index,1,6,512,512,0.262144,2.11716,2.729598
WBC,512,Intensity Skewness Index,2,0,512,512,0.262144,2.425852,2.347015
WBC,512,Intensity Skewness Index,2,1,512,512,0.262144,2.143801,2.856487
WBC,512,Intensity Skewness Index,2,2,512,512,0.262144,2.491893,2.581407
WBC,512,Intensity Skewness Index,2,3,512,512,0.262144,2.216504,2.716105
WBC,512,Intensity Skewness Index,2,4,512,512,0.262144,2.486339,2.357793
WBC,512,Intensity Skewness Index,2,5,512,512,0.262144,2.17941,2.70418
WBC,512,Intensity Skewness Index,2,6,512,512,0.262144,2.416029,2.365413
PBS,512,Gradient Squared Energy,0,0,432,512,0.221184,0.501264,11.799535
PBS,512,Gradient Squared Energy,0,1,432,512,0.221184,0.523439,7.863558
PBS,512,Gradient Squared Energy,0,2,432,512,0.221184,0.556168,8.266902
PBS,512,Gradient Squared Energy,0,3,432,512,0.221184,0.59525,7.662649
PBS,512,Gradient Squared Energy,0,4,432,512,0.221184,0.597858,8.198117
PBS,512,Gradient Squared Energy,0,5,432,512,0.221184,0.569235,8.076505
PBS,512,Gradient Squared Energy,0,6,432,512,0.221184,0.652045,8.370535
PBS,512,Gradient Squared Energy,1,0,432,512,0.221184,0.497558,8.281333
PBS,512,Gradient Squared Energy,1,1,432,512,0.221184,0.544229,8.540244
PBS,512,Gradient Squared Energy,1,2,432,512,0.221184,0.54698,8.347815
PBS,512,Gradient Squared Energy,1,3,432,512,0.221184,0.627559,8.733803
PBS,512,Gradient Squared Energy,1,4,432,512,0.221184,0.611767,8.409721
PBS,512,Gradient Squared Energy,1,5,432,512,0.221184,0.534725,8.050112
PBS,512,Gradient Squared Energy,1,6,432,512,0.221184,0.524507,8.071341
PBS,512,Gradient Squared Energy,2,0,432,512,0.221184,0.466058,8.172392
PBS,512,Gradient Squared Energy,2,1,432,512,0.221184,0.621006,8.284502
PBS,512,Gradient Squared Energy,2,2,432,512,0.221184,0.518947,8.396897
PBS,512,Gradient Squared Energy,2,3,432,512,0.221184,0.587718,9.133876
PBS,512,Gradient Squared Energy,2,4,432,512,0.221184,0.548589,8.39212
PBS,512,Gradient Squared Energy,2,5,432,512,0.221184,0.550105,8.055551
PBS,512,Gradient Squared Energy,2,6,432,512,0.221184,0.578268,8.504195
TBF,512,Intensity Skewness Index,0,0,432,512,0.221184,1.887141,8.512828
TBF,512,Intensity Skewness Index,0,1,432,512,0.221184,1.898451,8.706807
TBF,512,Intensity Skewness Index,0,2,432,512,0.221184,1.979471,8.955546
TBF,512,Intensity Skewness Index,0,3,432,512,0.221184,1.881952,8.643757
TBF,512,Intensity Skewness Index,0,4,432,512,0.221184,1.867556,8.685229
TBF,512,Intensity Skewness Index,0,5,432,512,0.221184,1.902258,9.111735
TBF,512,Intensity Skewness Index,0,6,432,512,0.221184,1.863034,8.747956
TBF,512,Intensity Skewness Index,1,0,432,512,0.221184,1.962213,9.097498
TBF,512,Intensity Skewness Index,1,1,432,512,0.221184,2.060893,9.611217
TBF,512,Intensity Skewness Index,1,2,432,512,0.221184,2.21326,8.84962
TBF,512,Intensity Skewness Index,1,3,432,512,0.221184,2.034872,8.542363
TBF,512,Intensity Skewness Index,1,4,432,512,0.221184,1.956732,8.813139
TBF,512,Intensity Skewness Index,1,5,432,512,0.221184,1.96929,8.718562
TBF,512,Intensity Skewness Index,1,6,432,512,0.221184,2.025664,9.172145
TBF,512,Intensity Skewness Index,2,0,432,512,0.221184,1.890267,8.84608
TBF,512,Intensity Skewness Index,2,1,432,512,0.221184,1.904336,8.721638
TBF,512,Intensity Skewness Index,2,2,432,512,0.221184,2.040051,9.578346
TBF,512,Intensity Skewness Index,2,3,432,512,0.221184,1.978268,8.835539
TBF,512,Intensity Skewness Index,2,4,432,512,0.221184,2.059975,9.019901
TBF,512,Intensity Skewness Index,2,5,432,512,0.221184,1.936997,9.048508
TBF,512,Intensity Skewness Index,2,6,432,512,0.221184,1.923346,9.926277
BMA,128,Sum Modified Laplacian,0,0,108,128,0.013824,0.07195,9.043045
BMA,128,Sum Modified Laplacian,0,1,108,128,0.013824,0.058428,8.481612
BMA,128,Sum Modified Laplacian,0,2,108,128,0.013824,0.055605,8.481307
BMA,128,Sum Modified Laplacian,0,3,108,128,0.013824,0.054561,8.24886
BMA,128,Sum Modified Laplacian,0,4,108,128,0.013824,0.052117,7.944551
BMA,128,Sum Modified Laplacian,0,5,108,128,0.013824,0.054725,8.060438
BMA,128,Sum Modified Laplacian,0,6,108,128,0.013824,0.050424,9.016799
BMA,128,Sum Modified Laplacian,1,0,108,128,0.013824,0.051628,9.439228
BMA,128,Sum Modified Laplacian,1,1,108,128,0.013824,0.070817,8.470984
BMA,128,Sum Modified Laplacian,1,2,108,128,0.013824,0.056219,8.40666
BMA,128,Sum Modified Laplacian,1,3,108,128,0.013824,0.053293,8.326185
BMA,128,Sum Modified Laplacian,1,4,108,128,0.013824,0.051846,9.051871
BMA,128,Sum Modified Laplacian,1,5,108,128,0.013824,0.055765,9.672252
BMA,128,Sum Modified Laplacian,1,6,108,128,0.013824,0.076263,9.107715
BMA,128,Sum Modified Laplacian,2,0,108,128,0.013824,0.048332,8.792524
BMA,128,Sum Modified Laplacian,2,1,108,128,0.013824,0.053105,8.806055
BMA,128,Sum Modified Laplacian,2,2,108,128,0.013824,0.070204,9.745811
BMA,128,Sum Modified Laplacian,2,3,108,128,0.013824,0.07754,8.681405
BMA,128,Sum Modified Laplacian,2,4,108,128,0.013824,0.092514,9.333122
BMA,128,Sum Modified Laplacian,2,5,108,128,0.013824,0.068032,8.280282
BMA,128,Sum Modified Laplacian,2,6,108,128,0.013824,0.055107,8.187001
TBF,512,Tenengrad,0,0,432,512,0.221184,0.553741,7.280996
TBF,512,Tenengrad,0,1,432,512,0.221184,0.570609,7.140384
TBF,512,Tenengrad,0,2,432,512,0.221184,0.609504,7.274866
TBF,512,Tenengrad,0,3,432,512,0.221184,0.523478,7.131652
TBF,512,Tenengrad,0,4,432,512,0.221184,0.586622,7.426527
TBF,512,Tenengrad,0,5,432,512,0.221184,0.516602,7.358338
TBF,512,Tenengrad,0,6,432,512,0.221184,0.568019,7.32943
TBF,512,Tenengrad,1,0,432,512,0.221184,0.496497,7.303578
TBF,512,Tenengrad,1,1,432,512,0.221184,0.577737,7.628847
TBF,512,Tenengrad,1,2,432,512,0.221184,0.525188,7.499583
TBF,512,Tenengrad,1,3,432,512,0.221184,0.53424,7.774426
TBF,512,Tenengrad,1,4,432,512,0.221184,0.599452,7.595131
TBF,512,Tenengrad,1,5,432,512,0.221184,0.577502,7.117431
TBF,512,Tenengrad,1,6,432,512,0.221184,0.517452,7.044687
TBF,512,Tenengrad,2,0,432,512,0.221184,0.656641,7.501435
TBF,512,Tenengrad,2,1,432,512,0.221184,0.560626,7.126321
TBF,512,Tenengrad,2,2,432,512,0.221184,0.565553,8.174767
TBF,512,Tenengrad,2,3,432,512,0.221184,0.67878,7.820208
TBF,512,Tenengrad,2,4,432,512,0.221184,0.55557,8.816743
TBF,512,Tenengrad,2,5,432,512,0.221184,0.61194,7.812794
TBF,512,Tenengrad,2,6,432,512,0.221184,0.99683,7.850263
TBF,native,Laplacian Energy,0,0,2160,2560,5.5296,151.208913,175.060913
TBF,native,Laplacian Energy,0,1,2160,2560,5.5296,157.769162,157.223858
TBF,native,Laplacian Energy,0,2,2160,2560,5.5296,150.284228,163.96576
TBF,native,Laplacian Energy,0,3,2160,2560,5.5296,157.427493,151.522787
TBF,native,Laplacian Energy,0,4,2160,2560,5.5296,150.501538,161.497142
TBF,native,Laplacian Energy,0,5,2160,2560,5.5296,157.779913,155.082796
TBF,native,Laplacian Energy,0,6,2160,2560,5.5296,159.439609,170.625048
TBF,native,Laplacian Energy,1,0,2160,2560,5.5296,156.716113,159.769872
TBF,native,Laplacian Energy,1,1,2160,2560,5.5296,154.23364,169.999249
TBF,native,Laplacian Energy,1,2,2160,2560,5.5296,161.664227,160.356259
TBF,native,Laplacian Energy,1,3,2160,2560,5.5296,151.018788,163.653166
TBF,native,Laplacian Energy,1,4,2160,2560,5.5296,159.288657,174.652671
TBF,native,Laplacian Energy,1,5,2160,2560,5.5296,150.472653,175.578914
TBF,native,Laplacian Energy,1,6,2160,2560,5.5296,156.353018,158.127289
TBF,native,Laplacian Energy,2,0,2160,2560,5.5296,148.53003,164.865473
TBF,native,Laplacian Energy,2,1,2160,2560,5.5296,156.813371,152.809484
TBF,native,Laplacian Energy,2,2,2160,2560,5.5296,154.12197,167.426684
TBF,native,Laplacian Energy,2,3,2160,2560,5.5296,158.602581,155.30688
TBF,native,Laplacian Energy,2,4,2160,2560,5.5296,152.38756,170.597135
TBF,native,Laplacian Energy,2,5,2160,2560,5.5296,161.468511,161.802957
TBF,native,Laplacian Energy,2,6,2160,2560,5.5296,153.826849,162.668393
TBF,1024,Fourier Transform Sharpness Index,0,0,864,1024,0.884736,19.832285,30.571378
TBF,1024,Fourier Transform Sharpness Index,0,1,864,1024,0.884736,19.095237,32.982094
TBF,1024,Fourier Transform Sharpness Index,0,2,864,1024,0.884736,21.505007,27.529092
TBF,1024,Fourier Transform Sharpness Index,0,3,864,1024,0.884736,19.180753,27.308265
TBF,1024,Fourier Transform Sharpness Index,0,4,864,1024,0.884736,18.587723,26.83354
TBF,1024,Fourier Transform Sharpness Index,0,5,864,1024,0.884736,19.074644,26.698367
TBF,1024,Fourier Transform Sharpness Index,0,6,864,1024,0.884736,18.444299,27.498839
TBF,1024,Fourier Transform Sharpness Index,1,0,864,1024,0.884736,18.513838,26.090416
TBF,1024,Fourier Transform Sharpness Index,1,1,864,1024,0.884736,18.704088,27.691843
TBF,1024,Fourier Transform Sharpness Index,1,2,864,1024,0.884736,18.695103,29.701839
TBF,1024,Fourier Transform Sharpness Index,1,3,864,1024,0.884736,18.550184,26.989247
TBF,1024,Fourier Transform Sharpness Index,1,4,864,1024,0.884736,20.916739,28.555787
TBF,1024,Fourier Transform Sharpness Index,1,5,864,1024,0.884736,19.030316,27.787556
TBF,1024,Fourier Transform Sharpness Index,1,6,864,1024,0.884736,22.523329,27.875881
TBF,1024,Fourier Transform Sharpness Index,2,0,864,1024,0.884736,18.716569,40.554348
TBF,1024,Fourier Transform Sharpness Index,2,1,864,1024,0.884736,21.582133,27.3635
TBF,1024,Fourier Transform Sharpness Index,2,2,864,1024,0.884736,19.929788,27.832153
TBF,1024,Fourier Transform Sharpness Index,2,3,864,1024,0.884736,18.752648,27.30545
TBF,1024,Fourier Transform Sharpness Index,2,4,864,1024,0.884736,19.278212,26.321359
TBF,1024,Fourier Transform Sharpness Index,2,5,864,1024,0.884736,18.801138,25.861144
TBF,1024,Fourier Transform Sharpness Index,2,6,864,1024,0.884736,18.950292,28.22388
WBC,native,Energy of Gradient,0,0,200,200,0.04,0.079882,0.172238
WBC,native,Energy of Gradient,0,1,200,200,0.04,0.078919,0.118783
WBC,native,Energy of Gradient,0,2,200,200,0.04,0.078353,0.141665
WBC,native,Energy of Gradient,0,3,200,200,0.04,0.081454,0.122592
WBC,native,Energy of Gradient,0,4,200,200,0.04,0.078668,0.113011
WBC,native,Energy of Gradient,0,5,200,200,0.04,0.075124,0.115859
WBC,native,Energy of Gradient,0,6,200,200,0.04,0.102816,0.129037
WBC,native,Energy of Gradient,1,0,200,200,0.04,0.075507,0.121965
WBC,native,Energy of Gradient,1,1,200,200,0.04,0.079121,0.113232
WBC,native,Energy of Gradient,1,2,200,200,0.04,0.08243,0.116424
WBC,native,Energy of Gradient,1,3,200,200,0.04,0.077859,0.110875
WBC,native,Energy of Gradient,1,4,200,200,0.04,0.103945,0.124513
WBC,native,Energy of Gradient,1,5,200,200,0.04,0.079137,0.112515
WBC,native,Energy of Gradient,1,6,200,200,0.04,0.075063,0.120034
WBC,native,Energy of Gradient,2,0,200,200,0.04,0.0788,0.116643
WBC,native,Energy of Gradient,2,1,200,200,0.04,0.076299,0.127254
WBC,native,Energy of Gradient,2,2,200,200,0.04,0.079894,0.114591
WBC,native,Energy of Gradient,2,3,200,200,0.04,0.09098,0.123709
WBC,native,Energy of Gradient,2,4,200,200,0.04,0.078569,0.112483
WBC,native,Energy of Gradient,2,5,200,200,0.04,0.097065,0.129366
WBC,native,Energy of Gradient,2,6,200,200,0.04,0.079327,0.112808
PBS,native,Spatial Frequency,0,0,2160,2560,5.5296,45.271253,68.639778
PBS,native,Spatial Frequency,0,1,2160,2560,5.5296,48.251134,57.730059
PBS,native,Spatial Frequency,0,2,2160,2560,5.5296,48.57129,61.727239
PBS,native,Spatial Frequency,0,3,2160,2560,5.5296,53.528369,52.491956
PBS,native,Spatial Frequency,0,4,2160,2560,5.5296,45.262345,60.434115
PBS,native,Spatial Frequency,0,5,2160,2560,5.5296,54.630941,57.09524
PBS,native,Spatial Frequency,0,6,2160,2560,5.5296,47.024488,55.616599
PBS,native,Spatial Frequency,1,0,2160,2560,5.5296,48.932637,51.509404
PBS,native,Spatial Frequency,1,1,2160,2560,5.5296,46.276339,56.663255
PBS,native,Spatial Frequency,1,2,2160,2560,5.5296,48.510527,50.678022
PBS,native,Spatial Frequency,1,3,2160,2560,5.5296,44.627965,56.423877
PBS,native,Spatial Frequency,1,4,2160,2560,5.5296,49.23795,52.394326
PBS,native,Spatial Frequency,1,5,2160,2560,5.5296,44.454089,56.677864
PBS,native,Spatial Frequency,1,6,2160,2560,5.5296,50.249566,51.52549
PBS,native,Spatial Frequency,2,0,2160,2560,5.5296,45.596841,57.402109
PBS,native,Spatial Frequency,2,1,2160,2560,5.5296,52.420604,52.083252
PBS,native,Spatial Frequency,2,2,2160,2560,5.5296,45.35981,59.769718
PBS,native,Spatial Frequency,2,3,2160,2560,5.5296,50.611572,52.924327
PBS,native,Spatial Frequency,2,4,2160,2560,5.5296,47.881301,60.16909
PBS,native,Spatial Frequency,2,5,2160,2560,5.5296,51.208959,52.359879
PBS,native,Spatial Frequency,2,6,2160,2560,5.5296,47.128209,56.880906
TBI,128,Intensity Skewness Index,0,0,96,128,0.012288,0.162268,14.531924
TBI,128,Intensity Skewness Index,0,1,96,128,0.012288,0.143147,12.213422
TBI,128,Intensity Skewness Index,0,2,96,128,0.012288,0.17095,15.600731
TBI,128,Intensity Skewness Index,0,3,96,128,0.012288,0.15816,15.748122
TBI,128,Intensity Skewness Index,0,4,96,128,0.012288,0.136788,16.559371
TBI,128,Intensity Skewness Index,0,5,96,128,0.012288,0.143664,15.817377
TBI,128,Intensity Skewness Index,0,6,96,128,0.012288,0.138169,16.385999
TBI,128,Intensity Skewness Index,1,0,96,128,0.012288,0.132563,15.716669
TBI,128,Intensity Skewness Index,1,1,96,128,0.012288,0.172379,15.735474
TBI,128,Intensity Skewness Index,1,2,96,128,0.012288,0.132697,15.788244
TBI,128,Intensity Skewness Index,1,3,96,128,0.012288,0.131989,15.648957
TBI,128,Intensity Skewness Index,1,4,96,128,0.012288,0.140702,15.408025
TBI,128,Intensity Skewness Index,1,5,96,128,0.012288,0.139138,15.662999
TBI,128,Intensity Skewness Index,1,6,96,128,0.012288,0.126837,16.789724
TBI,128,Intensity Skewness Index,2,0,96,128,0.012288,0.133,15.892948
TBI,128,Intensity Skewness Index,2,1,96,128,0.012288,0.135541,15.932871
TBI,128,Intensity Skewness Index,2,2,96,128,0.012288,0.155805,16.432944
TBI,128,Intensity Skewness Index,2,3,96,128,0.012288,0.167672,15.594184
TBI,128,Intensity Skewness Index,2,4,96,128,0.012288,0.128797,16.103801
TBI,128,Intensity Skewness Index,2,5,96,128,0.012288,0.141625,15.847934
TBI,128,Intensity Skewness Index,2,6,96,128,0.012288,0.1369,15.571757
BMA,128,Mean Intensity,0,0,108,128,0.013824,0.009865,12.109905
BMA,128,Mean Intensity,0,1,108,128,0.013824,0.013498,7.844921
BMA,128,Mean Intensity,0,2,108,128,0.013824,0.013879,8.23983
BMA,128,Mean Intensity,0,3,108,128,0.013824,0.0147,7.734177
BMA,128,Mean Intensity,0,4,108,128,0.013824,0.012956,7.820916
BMA,128,Mean Intensity,0,5,108,128,0.013824,0.014573,7.541268
BMA,128,Mean Intensity,0,6,108,128,0.013824,0.013151,8.132385
BMA,128,Mean Intensity,1,0,108,128,0.013824,0.00934,7.731149
BMA,128,Mean Intensity,1,1,108,128,0.013824,0.014597,8.711454
BMA,128,Mean Intensity,1,2,108,128,0.013824,0.015866,8.137458
BMA,128,Mean Intensity,1,3,108,128,0.013824,0.014127,8.179889
BMA,128,Mean Intensity,1,4,108,128,0.013824,0.013936,7.412999
BMA,128,Mean Intensity,1,5,108,128,0.013824,0.013626,7.983807
BMA,128,Mean Intensity,1,6,108,128,0.013824,0.01342,7.964542
BMA,128,Mean Intensity,2,0,108,128,0.013824,0.009411,8.185964
BMA,128,Mean Intensity,2,1,108,128,0.013824,0.014228,8.284159
BMA,128,Mean Intensity,2,2,108,128,0.013824,0.013715,7.931057
BMA,128,Mean Intensity,2,3,108,128,0.013824,0.012302,7.883386
BMA,128,Mean Intensity,2,4,108,128,0.013824,0.013439,8.639575
BMA,128,Mean Intensity,2,5,108,128,0.013824,0.015593,8.094461
BMA,128,Mean Intensity,2,6,108,128,0.013824,0.030072,7.703244
WBC,128,Wavelet Detail Energy (db1),0,0,128,128,0.016384,0.145291,0.40195
WBC,128,Wavelet Detail Energy (db1),0,1,128,128,0.016384,0.13731,0.274648
WBC,128,Wavelet Detail Energy (db1),0,2,128,128,0.016384,0.135602,0.264634
WBC,128,Wavelet Detail Energy (db1),0,3,128,128,0.016384,0.133251,0.291404
WBC,128,Wavelet Detail Energy (db1),0,4,128,128,0.016384,0.145287,0.26979
WBC,128,Wavelet Detail Energy (db1),0,5,128,128,0.016384,0.134217,0.264638
WBC,128,Wavelet Detail Energy (db1),0,6,128,128,0.016384,0.131706,0.26038
WBC,128,Wavelet Detail Energy (db1),1,0,128,128,0.016384,0.129877,0.316642
WBC,128,Wavelet Detail Energy (db1),1,1,128,128,0.016384,0.138216,0.280165
WBC,128,Wavelet Detail Energy (db1),1,2,128,128,0.016384,0.154651,0.273727
WBC,128,Wavelet Detail Energy (db1),1,3,128,128,0.016384,0.133055,0.331755
WBC,128,Wavelet Detail Energy (db1),1,4,128,128,0.016384,0.169728,0.284622
WBC,128,Wavelet Detail Energy (db1),1,5,128,128,0.016384,0.142503,0.263774
WBC,128,Wavelet Detail Energy (db1),1,6,128,128,0.016384,0.130821,0.261841
WBC,128,Wavelet Detail Energy (db1),2,0,128,128,0.016384,0.129193,0.265611
WBC,128,Wavelet Detail Energy (db1),2,1,128,128,0.016384,0.159618,0.307377
WBC,128,Wavelet Detail Energy (db1),2,2,128,128,0.016384,0.137398,0.266846
WBC,128,Wavelet Detail Energy (db1),2,3,128,128,0.016384,0.143891,0.285971
WBC,128,Wavelet Detail Energy (db1),2,4,128,128,0.016384,0.136191,0.264592
WBC,128,Wavelet Detail Energy (db1),2,5,128,128,0.016384,0.131978,0.294176
WBC,128,Wavelet Detail Energy (db1),2,6,128,128,0.016384,0.133719,0.256059
WBC,128,Wavelet W1,0,0,128,128,0.016384,0.127889,0.267207
WBC,128,Wavelet W1,0,1,128,128,0.016384,0.129599,0.252642
WBC,128,Wavelet W1,0,2,128,128,0.016384,0.15237,0.290192
WBC,128,Wavelet W1,0,3,128,128,0.016384,0.133566,0.257984
WBC,128,Wavelet W1,0,4,128,128,0.016384,0.130638,0.256131
WBC,128,Wavelet W1,0,5,128,128,0.016384,0.143394,0.290565
WBC,128,Wavelet W1,0,6,128,128,0.016384,0.135733,0.296967
WBC,128,Wavelet W1,1,0,128,128,0.016384,0.12876,0.276271
WBC,128,Wavelet W1,1,1,128,128,0.016384,0.129506,0.257966
WBC,128,Wavelet W1,1,2,128,128,0.016384,0.135034,0.273921
WBC,128,Wavelet W1,1,3,128,128,0.016384,0.141023,0.275461
WBC,128,Wavelet W1,1,4,128,128,0.016384,0.137144,0.257519
WBC,128,Wavelet W1,1,5,128,128,0.016384,0.131326,0.253032
WBC,128,Wavelet W1,1,6,128,128,0.016384,0.131269,0.270732
WBC,128,Wavelet W1,2,0,128,128,0.016384,0.133753,0.275616
WBC,128,Wavelet W1,2,1,128,128,0.016384,0.132949,0.259599
WBC,128,Wavelet W1,2,2,128,128,0.016384,0.12771,0.254665
WBC,128,Wavelet W1,2,3,128,128,0.016384,0.127824,0.276126
WBC,128,Wavelet W1,2,4,128,128,0.016384,0.137197,0.27033
WBC,128,Wavelet W1,2,5,128,128,0.016384,0.14825,0.269773
WBC,128,Wavelet W1,2,6,128,128,0.016384,0.132804,0.252861
TBF,128,Absolute Central Moment 2,0,0,108,128,0.013824,0.023864,7.255549
TBF,128,Absolute Central Moment 2,0,1,108,128,0.013824,0.028362,7.196536
TBF,128,Absolute Central Moment 2,0,2,108,128,0.013824,0.027709,7.095845
TBF,128,Absolute Central Moment 2,0,3,108,128,0.013824,0.026791,7.27549
TBF,128,Absolute Central Moment 2,0,4,108,128,0.013824,0.028794,6.997863
TBF,128,Absolute Central Moment 2,0,5,108,128,0.013824,0.026881,7.118765
TBF,128,Absolute Central Moment 2,0,6,108,128,0.013824,0.029957,7.737737
TBF,128,Absolute Central Moment 2,1,0,108,128,0.013824,0.026985,7.285397
TBF,128,Absolute Central Moment 2,1,1,108,128,0.013824,0.037119,6.98911
TBF,128,Absolute Central Moment 2,1,2,108,128,0.013824,0.028131,7.071905
TBF,128,Absolute Central Moment 2,1,3,108,128,0.013824,0.027708,7.123171
TBF,128,Absolute Central Moment 2,1,4,108,128,0.013824,0.028366,6.842117
TBF,128,Absolute Central Moment 2,1,5,108,128,0.013824,0.028906,7.324199
TBF,128,Absolute Central Moment 2,1,6,108,128,0.013824,0.035307,6.966166
TBF,128,Absolute Central Moment 2,2,0,108,128,0.013824,0.03765,7.124561
TBF,128,Absolute Central Moment 2,2,1,108,128,0.013824,0.027054,7.20921
TBF,128,Absolute Central Moment 2,2,2,108,128,0.013824,0.027537,7.006101
TBF,128,Absolute Central Moment 2,2,3,108,128,0.013824,0.029115,7.154986
TBF,128,Absolute Central Moment 2,2,4,108,128,0.013824,0.027315,6.987128
TBF,128,Absolute Central Moment 2,2,5,108,128,0.013824,0.027262,7.320056
TBF,128,Absolute Central Moment 2,2,6,108,128,0.013824,0.028383,7.820885
PBS,1024,GLCM Contrast,0,0,864,1024,0.884736,215.077007,224.437349
PBS,1024,GLCM Contrast,0,1,864,1024,0.884736,221.805799,219.456745
PBS,1024,GLCM Contrast,0,2,864,1024,0.884736,212.826323,223.379154
PBS,1024,GLCM Contrast,0,3,864,1024,0.884736,214.344534,219.476838
PBS,1024,GLCM Contrast,0,4,864,1024,0.884736,214.663891,224.260179
PBS,1024,GLCM Contrast,0,5,864,1024,0.884736,215.611245,223.268871
PBS,1024,GLCM Contrast,0,6,864,1024,0.884736,215.274121,224.370354
PBS,1024,GLCM Contrast,1,0,864,1024,0.884736,211.73946,223.988228
PBS,1024,GLCM Contrast,1,1,864,1024,0.884736,214.611186,222.235027
PBS,1024,GLCM Contrast,1,2,864,1024,0.884736,213.440046,223.600478
PBS,1024,GLCM Contrast,1,3,864,1024,0.884736,217.253954,225.527105
PBS,1024,GLCM Contrast,1,4,864,1024,0.884736,214.215658,222.876366
PBS,1024,GLCM Contrast,1,5,864,1024,0.884736,212.632392,223.652178
PBS,1024,GLCM Contrast,1,6,864,1024,0.884736,225.021204,225.083715
PBS,1024,GLCM Contrast,2,0,864,1024,0.884736,214.505379,226.209188
PBS,1024,GLCM Contrast,2,1,864,1024,0.884736,212.467371,229.359079
PBS,1024,GLCM Contrast,2,2,864,1024,0.884736,214.639319,220.984892
PBS,1024,GLCM Contrast,2,3,864,1024,0.884736,212.997407,221.764693
PBS,1024,GLCM Contrast,2,4,864,1024,0.884736,214.657535,220.945966
PBS,1024,GLCM Contrast,2,5,864,1024,0.884736,212.140482,222.518879
PBS,1024,GLCM Contrast,2,6,864,1024,0.884736,214.485546,220.819439
BMA,512,Absolute Central Moment 2,0,0,432,512,0.221184,0.462727,8.18386
BMA,512,Absolute Central Moment 2,0,1,432,512,0.221184,0.474055,8.054722
BMA,512,Absolute Central Moment 2,0,2,432,512,0.221184,0.495208,8.656616
BMA,512,Absolute Central Moment 2,0,3,432,512,0.221184,0.523711,7.83834
BMA,512,Absolute Central Moment 2,0,4,432,512,0.221184,0.462851,7.857221
BMA,512,Absolute Central Moment 2,0,5,432,512,0.221184,0.505305,7.718677
BMA,512,Absolute Central Moment 2,0,6,432,512,0.221184,0.460129,7.941323
BMA,512,Absolute Central Moment 2,1,0,432,512,0.221184,0.425795,7.67876
BMA,512,Absolute Central Moment 2,1,1,432,512,0.221184,0.493875,8.077638
BMA,512,Absolute Central Moment 2,1,2,432,512,0.221184,0.493184,7.822871
BMA,512,Absolute Central Moment 2,1,3,432,512,0.221184,0.479576,7.987717
BMA,512,Absolute Central Moment 2,1,4,432,512,0.221184,0.49126,7.529694
BMA,512,Absolute Central Moment 2,1,5,432,512,0.221184,0.464789,7.914481
BMA,512,Absolute Central Moment 2,1,6,432,512,0.221184,0.473713,7.770266
BMA,512,Absolute Central Moment 2,2,0,432,512,0.221184,0.44025,7.615419
BMA,512,Absolute Central Moment 2,2,1,432,512,0.221184,0.476564,7.834549
BMA,512,Absolute Central Moment 2,2,2,432,512,0.221184,0.496041,8.000404
BMA,512,Absolute Central Moment 2,2,3,432,512,0.221184,0.545794,8.094441
BMA,512,Absolute Central Moment 2,2,4,432,512,0.221184,0.470984,8.01049
BMA,512,Absolute Central Moment 2,2,5,432,512,0.221184,0.476633,8.217651
BMA,512,Absolute Central Moment 2,2,6,432,512,0.221184,0.512931,7.800729
BMA,128,Image Power,0,0,108,128,0.013824,0.012061,8.013174
BMA,128,Image Power,0,1,108,128,0.013824,0.015906,8.147648
BMA,128,Image Power,0,2,108,128,0.013824,0.016545,8.289228
BMA,128,Image Power,0,3,108,128,0.013824,0.017323,7.936338
BMA,128,Image Power,0,4,108,128,0.013824,0.015622,9.068473
BMA,128,Image Power,0,5,108,128,0.013824,0.015659,8.186707
BMA,128,Image Power,0,6,108,128,0.013824,0.0151,8.601903
BMA,128,Image Power,1,0,108,128,0.013824,0.011692,7.936479
BMA,128,Image Power,1,1,108,128,0.013824,0.01517,8.294741
BMA,128,Image Power,1,2,108,128,0.013824,0.01513,8.022303
BMA,128,Image Power,1,3,108,128,0.013824,0.014866,8.458038
BMA,128,Image Power,1,4,108,128,0.013824,0.020286,8.414147
BMA,128,Image Power,1,5,108,128,0.013824,0.015981,7.973155
BMA,128,Image Power,1,6,108,128,0.013824,0.014745,8.103742
BMA,128,Image Power,2,0,108,128,0.013824,0.011654,7.578348
BMA,128,Image Power,2,1,108,128,0.013824,0.01561,8.010213
BMA,128,Image Power,2,2,108,128,0.013824,0.016151,7.896073
BMA,128,Image Power,2,3,108,128,0.013824,0.014433,8.531519
BMA,128,Image Power,2,4,108,128,0.013824,0.017377,8.445638
BMA,128,Image Power,2,5,108,128,0.013824,0.015762,8.362048
BMA,128,Image Power,2,6,108,128,0.013824,0.016537,7.978738
WBC,128,GLCM Contrast,0,0,128,128,0.016384,3.902741,4.141965
WBC,128,GLCM Contrast,0,1,128,128,0.016384,3.91388,4.115462
WBC,128,GLCM Contrast,0,2,128,128,0.016384,3.918516,4.280585
WBC,128,GLCM Contrast,0,3,128,128,0.016384,4.261202,4.141372
WBC,128,GLCM Contrast,0,4,128,128,0.016384,3.929059,4.098423
WBC,128,GLCM Contrast,0,5,128,128,0.016384,3.955144,4.05907
WBC,128,GLCM Contrast,0,6,128,128,0.016384,4.014809,4.071879
WBC,128,GLCM Contrast,1,0,128,128,0.016384,3.930607,4.06931
WBC,128,GLCM Contrast,1,1,128,128,0.016384,3.897116,4.189956
WBC,128,GLCM Contrast,1,2,128,128,0.016384,3.936987,4.066135
WBC,128,GLCM Contrast,1,3,128,128,0.016384,3.962423,4.050716
WBC,128,GLCM Contrast,1,4,128,128,0.016384,3.912647,4.066496
WBC,128,GLCM Contrast,1,5,128,128,0.016384,3.945948,4.046474
WBC,128,GLCM Contrast,1,6,128,128,0.016384,3.910947,4.054782
WBC,128,GLCM Contrast,2,0,128,128,0.016384,3.90681,4.091769
WBC,128,GLCM Contrast,2,1,128,128,0.016384,3.910751,4.064321
WBC,128,GLCM Contrast,2,2,128,128,0.016384,3.976966,4.560642
WBC,128,GLCM Contrast,2,3,128,128,0.016384,3.959251,4.197206
WBC,128,GLCM Contrast,2,4,128,128,0.016384,4.122854,4.093206
WBC,128,GLCM Contrast,2,5,128,128,0.016384,4.122225,4.151015
WBC,128,GLCM Contrast,2,6,128,128,0.016384,4.111562,4.192639
BMA,native,GLCM Contrast,0,0,2160,2560,5.5296,1373.2965,1389.966392
BMA,native,GLCM Contrast,0,1,2160,2560,5.5296,1401.284711,1336.046692
BMA,native,GLCM Contrast,0,2,2160,2560,5.5296,848.382909,1132.489826
BMA,native,GLCM Contrast,0,3,2160,2560,5.5296,1391.665812,1362.86188
BMA,native,GLCM Contrast,0,4,2160,2560,5.5296,1377.001796,1129.842629
BMA,native,GLCM Contrast,0,5,2160,2560,5.5296,870.468567,855.127093
BMA,native,GLCM Contrast,0,6,2160,2560,5.5296,1017.317469,1425.88622
BMA,native,GLCM Contrast,1,0,2160,2560,5.5296,1412.658409,1408.789972
BMA,native,GLCM Contrast,1,1,2160,2560,5.5296,1390.181649,1418.409191
BMA,native,GLCM Contrast,1,2,2160,2560,5.5296,1386.555416,1387.977031
BMA,native,GLCM Contrast,1,3,2160,2560,5.5296,1354.226256,1384.219642
BMA,native,GLCM Contrast,1,4,2160,2560,5.5296,1375.032472,1374.647792
BMA,native,GLCM Contrast,1,5,2160,2560,5.5296,1374.921057,1427.246182
BMA,native,GLCM Contrast,1,6,2160,2560,5.5296,1384.95044,1386.814913
BMA,native,GLCM Contrast,2,0,2160,2560,5.5296,1369.491611,1411.296
BMA,native,GLCM Contrast,2,1,2160,2560,5.5296,1393.324594,1408.771402
BMA,native,GLCM Contrast,2,2,2160,2560,5.5296,1393.068953,1407.898618
BMA,native,GLCM Contrast,2,3,2160,2560,5.5296,1380.224691,1406.349293
BMA,native,GLCM Contrast,2,4,2160,2560,5.5296,1396.98414,1424.928605
BMA,native,GLCM Contrast,2,5,2160,2560,5.5296,1389.913542,1423.483483
BMA,native,GLCM Contrast,2,6,2160,2560,5.5296,1397.43056,1390.741675
BMA,128,Wavelet W2,0,0,108,128,0.013824,0.160034,8.60614
BMA,128,Wavelet W2,0,1,108,128,0.013824,0.190204,13.749266
BMA,128,Wavelet W2,0,2,108,128,0.013824,0.171799,8.477727
BMA,128,Wavelet W2,0,3,108,128,0.013824,0.184134,8.848292
BMA,128,Wavelet W2,0,4,108,128,0.013824,0.169778,8.162999
BMA,128,Wavelet W2,0,5,108,128,0.013824,0.177666,8.194229
BMA,128,Wavelet W2,0,6,108,128,0.013824,0.206402,8.226322
BMA,128,Wavelet W2,1,0,108,128,0.013824,0.17888,8.584984
BMA,128,Wavelet W2,1,1,108,128,0.013824,0.175757,8.031866
BMA,128,Wavelet W2,1,2,108,128,0.013824,0.198329,8.582183
BMA,128,Wavelet W2,1,3,108,128,0.013824,0.17468,8.162285
BMA,128,Wavelet W2,1,4,108,128,0.013824,0.181487,8.200609
BMA,128,Wavelet W2,1,5,108,128,0.013824,0.193005,9.572591
BMA,128,Wavelet W2,1,6,108,128,0.013824,0.215678,9.000665
BMA,128,Wavelet W2,2,0,108,128,0.013824,0.159923,8.774151
BMA,128,Wavelet W2,2,1,108,128,0.013824,0.186316,8.309952
BMA,128,Wavelet W2,2,2,108,128,0.013824,0.171292,8.434573
BMA,128,Wavelet W2,2,3,108,128,0.013824,0.188666,8.215768
BMA,128,Wavelet W2,2,4,108,128,0.013824,0.189046,7.93802
BMA,128,Wavelet W2,2,5,108,128,0.013824,0.184308,8.533369
BMA,128,Wavelet W2,2,6,108,128,0.013824,0.171231,8.251504
WBC,128,Modified Tenengrad,0,0,128,128,0.016384,0.373066,0.605387
WBC,128,Modified Tenengrad,0,1,128,128,0.016384,0.36951,0.559609
WBC,128,Modified Tenengrad,0,2,128,128,0.016384,0.395429,0.519942
WBC,128,Modified Tenengrad,0,3,128,128,0.016384,0.368479,0.50745
WBC,128,Modified Tenengrad,0,4,128,128,0.016384,0.402311,0.518049
WBC,128,Modified Tenengrad,0,5,128,128,0.016384,0.368075,0.512791
WBC,128,Modified Tenengrad,0,6,128,128,0.016384,0.378952,0.568674
WBC,128,Modified Tenengrad,1,0,128,128,0.016384,0.364616,0.556377
WBC,128,Modified Tenengrad,1,1,128,128,0.016384,0.367723,0.510506
WBC,128,Modified Tenengrad,1,2,128,128,0.016384,0.376086,0.581512
WBC,128,Modified Tenengrad,1,3,128,128,0.016384,0.371657,0.493942
WBC,128,Modified Tenengrad,1,4,128,128,0.016384,0.36817,0.558008
WBC,128,Modified Tenengrad,1,5,128,128,0.016384,0.383052,0.518655
WBC,128,Modified Tenengrad,1,6,128,128,0.016384,0.360611,0.566988
WBC,128,Modified Tenengrad,2,0,128,128,0.016384,0.351744,0.556225
WBC,128,Modified Tenengrad,2,1,128,128,0.016384,0.363377,0.484592
WBC,128,Modified Tenengrad,2,2,128,128,0.016384,0.356628,0.504959
WBC,128,Modified Tenengrad,2,3,128,128,0.016384,0.357082,0.557771
WBC,128,Modified Tenengrad,2,4,128,128,0.016384,0.362874,0.504402
WBC,128,Modified Tenengrad,2,5,128,128,0.016384,0.450356,0.546956
WBC,128,Modified Tenengrad,2,6,128,128,0.016384,0.356777,0.499871
TBF,1024,GLCM Contrast,0,0,864,1024,0.884736,219.184108,226.099356
TBF,1024,GLCM Contrast,0,1,864,1024,0.884736,232.139952,237.677241
TBF,1024,GLCM Contrast,0,2,864,1024,0.884736,218.310403,225.145321
TBF,1024,GLCM Contrast,0,3,864,1024,0.884736,214.679334,222.066818
TBF,1024,GLCM Contrast,0,4,864,1024,0.884736,214.884138,220.610293
TBF,1024,GLCM Contrast,0,5,864,1024,0.884736,213.347093,219.361644
TBF,1024,GLCM Contrast,0,6,864,1024,0.884736,215.957552,224.990755
TBF,1024,GLCM Contrast,1,0,864,1024,0.884736,222.298431,227.903798
TBF,1024,GLCM Contrast,1,1,864,1024,0.884736,221.559234,227.535561
TBF,1024,GLCM Contrast,1,2,864,1024,0.884736,219.331536,225.737705
TBF,1024,GLCM Contrast,1,3,864,1024,0.884736,218.308916,225.108379
TBF,1024,GLCM Contrast,1,4,864,1024,0.884736,217.530622,225.099038
TBF,1024,GLCM Contrast,1,5,864,1024,0.884736,215.382504,223.038425
TBF,1024,GLCM Contrast,1,6,864,1024,0.884736,217.604294,224.584893
TBF,1024,GLCM Contrast,2,0,864,1024,0.884736,220.754849,228.161367
TBF,1024,GLCM Contrast,2,1,864,1024,0.884736,219.531067,224.025019
TBF,1024,GLCM Contrast,2,2,864,1024,0.884736,217.422291,225.31862
TBF,1024,GLCM Contrast,2,3,864,1024,0.884736,216.88023,224.840647
TBF,1024,GLCM Contrast,2,4,864,1024,0.884736,216.483772,228.140045
TBF,1024,GLCM Contrast,2,5,864,1024,0.884736,216.073314,224.423001
TBF,1024,GLCM Contrast,2,6,864,1024,0.884736,220.763293,221.757289
BMA,native,Fourier High Frequency Energy Ratio,0,0,2160,2560,5.5296,223.418457,242.484836
BMA,native,Fourier High Frequency Energy Ratio,0,1,2160,2560,5.5296,221.548109,221.972229
BMA,native,Fourier High Frequency Energy Ratio,0,2,2160,2560,5.5296,211.378358,213.808188
BMA,native,Fourier High Frequency Energy Ratio,0,3,2160,2560,5.5296,211.217811,247.752614
BMA,native,Fourier High Frequency Energy Ratio,0,4,2160,2560,5.5296,213.572844,216.804288
BMA,native,Fourier High Frequency Energy Ratio,0,5,2160,2560,5.5296,206.856562,220.09058
BMA,native,Fourier High Frequency Energy Ratio,0,6,2160,2560,5.5296,207.928176,213.453977
BMA,native,Fourier High Frequency Energy Ratio,1,0,2160,2560,5.5296,209.514196,254.662581
BMA,native,Fourier High Frequency Energy Ratio,1,1,2160,2560,5.5296,208.113147,217.460632
BMA,native,Fourier High Frequency Energy Ratio,1,2,2160,2560,5.5296,210.722222,218.665324
BMA,native,Fourier High Frequency Energy Ratio,1,3,2160,2560,5.5296,206.302668,214.874141
BMA,native,Fourier High Frequency Energy Ratio,1,4,2160,2560,5.5296,200.468538,216.796097
BMA,native,Fourier High Frequency Energy Ratio,1,5,2160,2560,5.5296,214.892488,235.266416
BMA,native,Fourier High Frequency Energy Ratio,1,6,2160,2560,5.5296,206.115891,218.046658
BMA,native,Fourier High Frequency Energy Ratio,2,0,2160,2560,5.5296,212.378758,218.14222
BMA,native,Fourier High Frequency Energy Ratio,2,1,2160,2560,5.5296,206.993674,221.026785
BMA,native,Fourier High Frequency Energy Ratio,2,2,2160,2560,5.5296,205.446196,225.264624
BMA,native,Fourier High Frequency Energy Ratio,2,3,2160,2560,5.5296,208.743779,206.484928
BMA,native,Fourier High Frequency Energy Ratio,2,4,2160,2560,5.5296,214.104155,211.194936
BMA,native,Fourier High Frequency Energy Ratio,2,5,2160,2560,5.5296,209.960176,216.736424
BMA,native,Fourier High Frequency Energy Ratio,2,6,2160,2560,5.5296,209.766243,213.030806
TBI,1024,Histogram Entropy,0,0,768,1024,0.786432,4.247005,18.62282
TBI,1024,Histogram Entropy,0,1,768,1024,0.786432,5.020775,18.141262
TBI,1024,Histogram Entropy,0,2,768,1024,0.786432,4.161477,21.989824
TBI,1024,Histogram Entropy,0,3,768,1024,0.786432,4.542397,28.259659
TBI,1024,Histogram Entropy,0,4,768,1024,0.786432,4.35856,22.148123
TBI,1024,Histogram Entropy,0,5,768,1024,0.786432,4.100931,20.910916
TBI,1024,Histogram Entropy,0,6,768,1024,0.786432,4.098566,20.717545
TBI,1024,Histogram Entropy,1,0,768,1024,0.786432,4.170013,21.790661
TBI,1024,Histogram Entropy,1,1,768,1024,0.786432,4.18578,20.292262
TBI,1024,Histogram Entropy,1,2,768,1024,0.786432,4.47268,21.374478
TBI,1024,Histogram Entropy,1,3,768,1024,0.786432,4.74819,21.027103
TBI,1024,Histogram Entropy,1,4,768,1024,0.786432,4.014344,20.728967
TBI,1024,Histogram Entropy,1,5,768,1024,0.786432,4.218649,20.892678
TBI,1024,Histogram Entropy,1,6,768,1024,0.786432,4.16265,20.663548
TBI,1024,Histogram Entropy,2,0,768,1024,0.786432,3.982315,20.960408
TBI,1024,Histogram Entropy,2,1,768,1024,0.786432,4.25851,21.789145
TBI,1024,Histogram Entropy,2,2,768,1024,0.786432,4.403456,22.154293
TBI,1024,Histogram Entropy,2,3,768,1024,0.786432,4.3294,20.827394
TBI,1024,Histogram Entropy,2,4,768,1024,0.786432,4.470076,20.973124
TBI,1024,Histogram Entropy,2,5,768,1024,0.786432,4.257274,21.217807
TBI,1024,Histogram Entropy,2,6,768,1024,0.786432,4.389159,21.066685
BMA,1024,Laplacian Energy,0,0,864,1024,0.884736,10.641,25.052646
BMA,1024,Laplacian Energy,0,1,864,1024,0.884736,10.700972,18.692107
BMA,1024,Laplacian Energy,0,2,864,1024,0.884736,10.096307,19.11428
BMA,1024,Laplacian Energy,0,3,864,1024,0.884736,11.071023,19.930755
BMA,1024,Laplacian Energy,0,4,864,1024,0.884736,10.149158,20.069919
BMA,1024,Laplacian Energy,0,5,864,1024,0.884736,11.428148,19.834254
BMA,1024,Laplacian Energy,0,6,864,1024,0.884736,10.4173,19.524078
BMA,1024,Laplacian Energy,1,0,864,1024,0.884736,13.162688,19.885209
BMA,1024,Laplacian Energy,1,1,864,1024,0.884736,11.816789,19.991292
BMA,1024,Laplacian Energy,1,2,864,1024,0.884736,11.129303,20.00124
BMA,1024,Laplacian Energy,1,3,864,1024,0.884736,11.305387,19.295737
BMA,1024,Laplacian Energy,1,4,864,1024,0.884736,11.006507,18.778969
BMA,1024,Laplacian Energy,1,5,864,1024,0.884736,11.129147,20.198544
BMA,1024,Laplacian Energy,1,6,864,1024,0.884736,11.743556,19.299019
BMA,1024,Laplacian Energy,2,0,864,1024,0.884736,10.023084,21.396056
BMA,1024,Laplacian Energy,2,1,864,1024,0.884736,11.087162,19.203469
BMA,1024,Laplacian Energy,2,2,864,1024,0.884736,10.856686,19.270013
BMA,1024,Laplacian Energy,2,3,864,1024,0.884736,11.481442,20.080997
BMA,1024,Laplacian Energy,2,4,864,1024,0.884736,10.349164,21.073917
BMA,1024,Laplacian Energy,2,5,864,1024,0.884736,12.496419,19.002465
BMA,1024,Laplacian Energy,2,6,864,1024,0.884736,12.2193,20.24742
TBI,1024,Fourier High Frequency Energy Ratio,0,0,768,1024,0.786432,19.353506,34.49961
TBI,1024,Fourier High Frequency Energy Ratio,0,1,768,1024,0.786432,17.467625,39.408207
TBI,1024,Fourier High Frequency Energy Ratio,0,2,768,1024,0.786432,20.616711,37.997319
TBI,1024,Fourier High Frequency Energy Ratio,0,3,768,1024,0.786432,19.536822,37.409723
TBI,1024,Fourier High Frequency Energy Ratio,0,4,768,1024,0.786432,18.942527,37.815777
TBI,1024,Fourier High Frequency Energy Ratio,0,5,768,1024,0.786432,19.377903,39.206037
TBI,1024,Fourier High Frequency Energy Ratio,0,6,768,1024,0.786432,17.839808,37.46466
TBI,1024,Fourier High Frequency Energy Ratio,1,0,768,1024,0.786432,16.97918,35.205437
TBI,1024,Fourier High Frequency Energy Ratio,1,1,768,1024,0.786432,17.867087,39.880169
TBI,1024,Fourier High Frequency Energy Ratio,1,2,768,1024,0.786432,20.141536,35.804365
TBI,1024,Fourier High Frequency Energy Ratio,1,3,768,1024,0.786432,18.851623,37.387461
TBI,1024,Fourier High Frequency Energy Ratio,1,4,768,1024,0.786432,18.388473,36.010985
TBI,1024,Fourier High Frequency Energy Ratio,1,5,768,1024,0.786432,18.642983,36.87568
TBI,1024,Fourier High Frequency Energy Ratio,1,6,768,1024,0.786432,18.681882,40.921841
TBI,1024,Fourier High Frequency Energy Ratio,2,0,768,1024,0.786432,25.026391,40.120946
TBI,1024,Fourier High Frequency Energy Ratio,2,1,768,1024,0.786432,18.165851,35.403882
TBI,1024,Fourier High Frequency Energy Ratio,2,2,768,1024,0.786432,17.698726,38.450204
TBI,1024,Fourier High Frequency Energy Ratio,2,3,768,1024,0.786432,18.075925,37.097073
TBI,1024,Fourier High Frequency Energy Ratio,2,4,768,1024,0.786432,20.033448,36.595465
TBI,1024,Fourier High Frequency Energy Ratio,2,5,768,1024,0.786432,18.488596,38.733993
TBI,1024,Fourier High Frequency Energy Ratio,2,6,768,1024,0.786432,18.624471,37.07223
BMA,128,DCT Focus Measure,0,0,108,128,0.013824,0.084368,11.531008
BMA,128,DCT Focus Measure,0,1,108,128,0.013824,0.117813,8.439527
BMA,128,DCT Focus Measure,0,2,108,128,0.013824,0.095121,8.167318
BMA,128,DCT Focus Measure,0,3,108,128,0.013824,0.097756,8.369129
BMA,128,DCT Focus Measure,0,4,108,128,0.013824,0.091499,9.114149
BMA,128,DCT Focus Measure,0,5,108,128,0.013824,0.100627,8.19042
BMA,128,DCT Focus Measure,0,6,108,128,0.013824,0.097887,9.160785
BMA,128,DCT Focus Measure,1,0,108,128,0.013824,0.087382,8.263943
BMA,128,DCT Focus Measure,1,1,108,128,0.013824,0.092178,8.521077
BMA,128,DCT Focus Measure,1,2,108,128,0.013824,0.092184,7.844778
BMA,128,DCT Focus Measure,1,3,108,128,0.013824,0.093578,8.880561
BMA,128,DCT Focus Measure,1,4,108,128,0.013824,0.114831,8.618746
BMA,128,DCT Focus Measure,1,5,108,128,0.013824,0.272002,9.115074
BMA,128,DCT Focus Measure,1,6,108,128,0.013824,0.105652,8.250157
BMA,128,DCT Focus Measure,2,0,108,128,0.013824,0.088646,9.53412
BMA,128,DCT Focus Measure,2,1,108,128,0.013824,0.120805,8.198923
BMA,128,DCT Focus Measure,2,2,108,128,0.013824,0.09668,8.873383
BMA,128,DCT Focus Measure,2,3,108,128,0.013824,0.143586,9.13062
BMA,128,DCT Focus Measure,2,4,108,128,0.013824,0.101706,9.404244
BMA,128,DCT Focus Measure,2,5,108,128,0.013824,0.107989,9.164479
BMA,128,DCT Focus Measure,2,6,108,128,0.013824,0.11746,9.489149
BMA,128,Modified Tenengrad,0,0,108,128,0.013824,0.376825,9.574891
BMA,128,Modified Tenengrad,0,1,108,128,0.013824,0.359842,8.645401
BMA,128,Modified Tenengrad,0,2,108,128,0.013824,0.371283,8.761273
BMA,128,Modified Tenengrad,0,3,108,128,0.013824,0.384426,9.191784
BMA,128,Modified Tenengrad,0,4,108,128,0.013824,0.394952,8.5307
BMA,128,Modified Tenengrad,0,5,108,128,0.013824,0.34323,8.821454
BMA,128,Modified Tenengrad,0,6,108,128,0.013824,0.372832,8.786638
BMA,128,Modified Tenengrad,1,0,108,128,0.013824,0.352645,8.604704
BMA,128,Modified Tenengrad,1,1,108,128,0.013824,0.355156,8.946323
BMA,128,Modified Tenengrad,1,2,108,128,0.013824,0.353624,9.533502
BMA,128,Modified Tenengrad,1,3,108,128,0.013824,0.369372,8.577471
BMA,128,Modified Tenengrad,1,4,108,128,0.013824,0.391853,9.121533
BMA,128,Modified Tenengrad,1,5,108,128,0.013824,0.381832,9.11094
BMA,128,Modified Tenengrad,1,6,108,128,0.013824,0.535692,8.963919
BMA,128,Modified Tenengrad,2,0,108,128,0.013824,0.534439,8.585998
BMA,128,Modified Tenengrad,2,1,108,128,0.013824,0.365908,8.546892
BMA,128,Modified Tenengrad,2,2,108,128,0.013824,0.363433,8.446745
BMA,128,Modified Tenengrad,2,3,108,128,0.013824,0.371435,8.35158
BMA,128,Modified Tenengrad,2,4,108,128,0.013824,0.351733,8.597026
BMA,128,Modified Tenengrad,2,5,108,128,0.013824,0.363774,8.320282
BMA,128,Modified Tenengrad,2,6,108,128,0.013824,0.415943,8.600974
PBS,512,Wavelet W2,0,0,432,512,0.221184,2.211722,10.199056
PBS,512,Wavelet W2,0,1,432,512,0.221184,2.329419,10.429667
PBS,512,Wavelet W2,0,2,432,512,0.221184,2.419807,9.500773
PBS,512,Wavelet W2,0,3,432,512,0.221184,2.818404,9.968328
PBS,512,Wavelet W2,0,4,432,512,0.221184,2.34357,9.80121
PBS,512,Wavelet W2,0,5,432,512,0.221184,2.326185,9.729197
PBS,512,Wavelet W2,0,6,432,512,0.221184,2.365637,10.446047
PBS,512,Wavelet W2,1,0,432,512,0.221184,2.20621,9.750442
PBS,512,Wavelet W2,1,1,432,512,0.221184,2.306057,10.253434
PBS,512,Wavelet W2,1,2,432,512,0.221184,2.394765,10.611795
PBS,512,Wavelet W2,1,3,432,512,0.221184,2.438716,9.871659
PBS,512,Wavelet W2,1,4,432,512,0.221184,2.298744,9.774414
PBS,512,Wavelet W2,1,5,432,512,0.221184,2.39612,10.95594
PBS,512,Wavelet W2,1,6,432,512,0.221184,2.468706,10.393024
PBS,512,Wavelet W2,2,0,432,512,0.221184,2.262743,11.365971
PBS,512,Wavelet W2,2,1,432,512,0.221184,2.439787,11.113347
PBS,512,Wavelet W2,2,2,432,512,0.221184,2.321114,9.99649
PBS,512,Wavelet W2,2,3,432,512,0.221184,2.345055,10.595854
PBS,512,Wavelet W2,2,4,432,512,0.221184,2.861545,9.955288
PBS,512,Wavelet W2,2,5,432,512,0.221184,2.362781,10.344631
PBS,512,Wavelet W2,2,6,432,512,0.221184,2.392632,10.081842
WBC,native,Wavelet W3,0,0,200,200,0.04,0.366356,0.583917
WBC,native,Wavelet W3,0,1,200,200,0.04,0.372662,0.517666
WBC,native,Wavelet W3,0,2,200,200,0.04,0.371178,0.444233
WBC,native,Wavelet W3,0,3,200,200,0.04,0.356071,0.458745
WBC,native,Wavelet W3,0,4,200,200,0.04,0.35632,0.392909
WBC,native,Wavelet W3,0,5,200,200,0.04,0.343078,0.392954
WBC,native,Wavelet W3,0,6,200,200,0.04,0.374415,0.394683
WBC,native,Wavelet W3,1,0,200,200,0.04,0.367028,0.429959
WBC,native,Wavelet W3,1,1,200,200,0.04,0.364623,0.403433
WBC,native,Wavelet W3,1,2,200,200,0.04,0.342526,0.421072
WBC,native,Wavelet W3,1,3,200,200,0.04,0.351751,0.389793
WBC,native,Wavelet W3,1,4,200,200,0.04,0.339408,0.399087
WBC,native,Wavelet W3,1,5,200,200,0.04,0.396279,0.391767
WBC,native,Wavelet W3,1,6,200,200,0.04,0.340672,0.385617
WBC,native,Wavelet W3,2,0,200,200,0.04,0.377241,0.398257
WBC,native,Wavelet W3,2,1,200,200,0.04,0.345814,0.389376
WBC,native,Wavelet W3,2,2,200,200,0.04,0.385077,0.416336
WBC,native,Wavelet W3,2,3,200,200,0.04,0.346394,0.391734
WBC,native,Wavelet W3,2,4,200,200,0.04,0.341628,0.417509
WBC,native,Wavelet W3,2,5,200,200,0.04,0.347537,0.429381
WBC,native,Wavelet W3,2,6,200,200,0.04,0.350646,0.418965
WBC,1024,Maximal Intensity,0,0,1024,1024,1.048576,0.588013,1.415922
WBC,1024,Maximal Intensity,0,1,1024,1024,1.048576,0.57287,1.377757
WBC,1024,Maximal Intensity,0,2,1024,1024,1.048576,0.586838,1.206559
WBC,1024,Maximal Intensity,0,3,1024,1024,1.048576,0.580966,1.210334
WBC,1024,Maximal Intensity,0,4,1024,1024,1.048576,0.623841,1.231902
WBC,1024,Maximal Intensity,0,5,1024,1024,1.048576,0.649803,1.284501
WBC,1024,Maximal Intensity,0,6,1024,1024,1.048576,0.658854,1.20268
WBC,1024,Maximal Intensity,1,0,1024,1024,1.048576,0.642935,1.317656
WBC,1024,Maximal Intensity,1,1,1024,1024,1.048576,0.594766,1.267254
WBC,1024,Maximal Intensity,1,2,1024,1024,1.048576,0.613676,1.416784
WBC,1024,Maximal Intensity,1,3,1024,1024,1.048576,0.701929,1.337927
WBC,1024,Maximal Intensity,1,4,1024,1024,1.048576,0.649146,1.223095
WBC,1024,Maximal Intensity,1,5,1024,1024,1.048576,0.597666,1.699504
WBC,1024,Maximal Intensity,1,6,1024,1024,1.048576,0.692464,1.294463
WBC,1024,Maximal Intensity,2,0,1024,1024,1.048576,0.613983,1.491933
WBC,1024,Maximal Intensity,2,1,1024,1024,1.048576,0.697927,1.328817
WBC,1024,Maximal Intensity,2,2,1024,1024,1.048576,0.652779,1.251613
WBC,1024,Maximal Intensity,2,3,1024,1024,1.048576,0.859657,1.425256
WBC,1024,Maximal Intensity,2,4,1024,1024,1.048576,0.668341,1.229918
WBC,1024,Maximal Intensity,2,5,1024,1024,1.048576,0.62787,1.269243
WBC,1024,Maximal Intensity,2,6,1024,1024,1.048576,0.673766,1.243412
TBF,128,Fourier High Frequency Energy Ratio,0,0,108,128,0.013824,0.231065,7.660553
TBF,128,Fourier High Frequency Energy Ratio,0,1,108,128,0.013824,0.258695,7.902223
TBF,128,Fourier High Frequency Energy Ratio,0,2,108,128,0.013824,0.243406,7.482252
TBF,128,Fourier High Frequency Energy Ratio,0,3,108,128,0.013824,0.275558,7.796135
TBF,128,Fourier High Frequency Energy Ratio,0,4,108,128,0.013824,0.243277,7.80139
TBF,128,Fourier High Frequency Energy Ratio,0,5,108,128,0.013824,0.240008,7.47662
TBF,128,Fourier High Frequency Energy Ratio,0,6,108,128,0.013824,0.262969,7.83062
TBF,128,Fourier High Frequency Energy Ratio,1,0,108,128,0.013824,0.224364,7.417673
TBF,128,Fourier High Frequency Energy Ratio,1,1,108,128,0.013824,0.281634,7.992823
TBF,128,Fourier High Frequency Energy Ratio,1,2,108,128,0.013824,0.276085,8.007671
TBF,128,Fourier High Frequency Energy Ratio,1,3,108,128,0.013824,0.269414,7.865844
TBF,128,Fourier High Frequency Energy Ratio,1,4,108,128,0.013824,0.2515,7.577573
TBF,128,Fourier High Frequency Energy Ratio,1,5,108,128,0.013824,0.240648,8.400729
TBF,128,Fourier High Frequency Energy Ratio,1,6,108,128,0.013824,0.279188,8.531882
TBF,128,Fourier High Frequency Energy Ratio,2,0,108,128,0.013824,0.232498,8.160473
TBF,128,Fourier High Frequency Energy Ratio,2,1,108,128,0.013824,0.276486,8.425842
TBF,128,Fourier High Frequency Energy Ratio,2,2,108,128,0.013824,0.285191,8.23608
TBF,128,Fourier High Frequency Energy Ratio,2,3,108,128,0.013824,0.285807,8.141573
TBF,128,Fourier High Frequency Energy Ratio,2,4,108,128,0.013824,0.291133,8.448942
TBF,128,Fourier High Frequency Energy Ratio,2,5,108,128,0.013824,0.27294,8.427582
TBF,128,Fourier High Frequency Energy Ratio,2,6,108,128,0.013824,0.43453,8.008421
TBI,1024,Absolute Central Moment 4,0,0,768,1024,0.786432,11.721654,26.387337
TBI,1024,Absolute Central Moment 4,0,1,768,1024,0.786432,11.678712,30.118329
TBI,1024,Absolute Central Moment 4,0,2,768,1024,0.786432,11.199838,29.957033
TBI,1024,Absolute Central Moment 4,0,3,768,1024,0.786432,11.455048,28.716388
TBI,1024,Absolute Central Moment 4,0,4,768,1024,0.786432,10.84492,26.978082
TBI,1024,Absolute Central Moment 4,0,5,768,1024,0.786432,10.748206,28.847695
TBI,1024,Absolute Central Moment 4,0,6,768,1024,0.786432,10.713623,27.277278
TBI,1024,Absolute Central Moment 4,1,0,768,1024,0.786432,11.292867,29.58709
TBI,1024,Absolute Central Moment 4,1,1,768,1024,0.786432,12.382597,27.992021
TBI,1024,Absolute Central Moment 4,1,2,768,1024,0.786432,10.897391,27.66663
TBI,1024,Absolute Central Moment 4,1,3,768,1024,0.786432,10.744388,29.847813
TBI,1024,Absolute Central Moment 4,1,4,768,1024,0.786432,14.456097,33.4859
TBI,1024,Absolute Central Moment 4,1,5,768,1024,0.786432,12.52381,32.012918
TBI,1024,Absolute Central Moment 4,1,6,768,1024,0.786432,11.210084,27.219615
TBI,1024,Absolute Central Moment 4,2,0,768,1024,0.786432,10.97882,42.760075
TBI,1024,Absolute Central Moment 4,2,1,768,1024,0.786432,11.129559,27.581579
TBI,1024,Absolute Central Moment 4,2,2,768,1024,0.786432,11.026075,27.36282
TBI,1024,Absolute Central Moment 4,2,3,768,1024,0.786432,11.175205,28.197474
TBI,1024,Absolute Central Moment 4,2,4,768,1024,0.786432,10.718865,26.343442
TBI,1024,Absolute Central Moment 4,2,5,768,1024,0.786432,10.76881,26.543234
TBI,1024,Absolute Central Moment 4,2,6,768,1024,0.786432,11.114519,26.912931
BMA,1024,Mean Intensity,0,0,864,1024,0.884736,0.513108,12.675857
BMA,1024,Mean Intensity,0,1,864,1024,0.884736,0.71202,8.777517
BMA,1024,Mean Intensity,0,2,864,1024,0.884736,0.76368,8.910344
BMA,1024,Mean Intensity,0,3,864,1024,0.884736,0.639149,8.730118
BMA,1024,Mean Intensity,0,4,864,1024,0.884736,0.724756,8.438889
BMA,1024,Mean Intensity,0,5,864,1024,0.884736,0.677736,8.9171
BMA,1024,Mean Intensity,0,6,864,1024,0.884736,0.714741,8.662357
BMA,1024,Mean Intensity,1,0,864,1024,0.884736,0.533172,9.169128
BMA,1024,Mean Intensity,1,1,864,1024,0.884736,0.801792,8.792109
BMA,1024,Mean Intensity,1,2,864,1024,0.884736,0.690015,9.201628
BMA,1024,Mean Intensity,1,3,864,1024,0.884736,0.641917,8.992023
BMA,1024,Mean Intensity,1,4,864,1024,0.884736,0.766075,8.662919
BMA,1024,Mean Intensity,1,5,864,1024,0.884736,0.763184,8.930823
BMA,1024,Mean Intensity,1,6,864,1024,0.884736,0.656747,8.914284
BMA,1024,Mean Intensity,2,0,864,1024,0.884736,0.515786,8.450435
BMA,1024,Mean Intensity,2,1,864,1024,0.884736,0.757318,9.136609
BMA,1024,Mean Intensity,2,2,864,1024,0.884736,0.689017,8.746184
BMA,1024,Mean Intensity,2,3,864,1024,0.884736,0.651945,8.803432
BMA,1024,Mean Intensity,2,4,864,1024,0.884736,0.840704,9.084456
BMA,1024,Mean Intensity,2,5,864,1024,0.884736,0.754227,8.752896
BMA,1024,Mean Intensity,2,6,864,1024,0.884736,0.750834,9.053525
PBS,512,Energy of Gradient,0,0,432,512,0.221184,0.507125,7.928175
PBS,512,Energy of Gradient,0,1,432,512,0.221184,0.600036,8.288602
PBS,512,Energy of Gradient,0,2,432,512,0.221184,0.636929,7.714874
PBS,512,Energy of Gradient,0,3,432,512,0.221184,0.533635,8.066921
PBS,512,Energy of Gradient,0,4,432,512,0.221184,0.558664,7.681105
PBS,512,Energy of Gradient,0,5,432,512,0.221184,0.594731,8.48627
PBS,512,Energy of Gradient,0,6,432,512,0.221184,0.553393,7.820031
PBS,512,Energy of Gradient,1,0,432,512,0.221184,0.487965,8.021484
PBS,512,Energy of Gradient,1,1,432,512,0.221184,0.578643,7.7445
PBS,512,Energy of Gradient,1,2,432,512,0.221184,0.536027,8.073999
PBS,512,Energy of Gradient,1,3,432,512,0.221184,0.564317,7.734967
PBS,512,Energy of Gradient,1,4,432,512,0.221184,0.578868,7.980034
PBS,512,Energy of Gradient,1,5,432,512,0.221184,0.567878,8.110177
PBS,512,Energy of Gradient,1,6,432,512,0.221184,0.52875,7.99055
PBS,512,Energy of Gradient,2,0,432,512,0.221184,0.499658,7.955595
PBS,512,Energy of Gradient,2,1,432,512,0.221184,0.572542,8.125163
PBS,512,Energy of Gradient,2,2,432,512,0.221184,0.562612,8.010198
PBS,512,Energy of Gradient,2,3,432,512,0.221184,0.530156,7.847335
PBS,512,Energy of Gradient,2,4,432,512,0.221184,0.569782,7.825874
PBS,512,Energy of Gradient,2,5,432,512,0.221184,0.615758,7.890081
PBS,512,Energy of Gradient,2,6,432,512,0.221184,0.587756,8.249239
WBC,128,Intensity Range Index,0,0,128,128,0.016384,0.012579,0.193552
WBC,128,Intensity Range Index,0,1,128,128,0.016384,0.012784,0.135282
WBC,128,Intensity Range Index,0,2,128,128,0.016384,0.012146,0.170705
WBC,128,Intensity Range Index,0,3,128,128,0.016384,0.015729,0.145151
WBC,128,Intensity Range Index,0,4,128,128,0.016384,0.012314,0.130857
WBC,128,Intensity Range Index,0,5,128,128,0.016384,0.012149,0.139238
WBC,128,Intensity Range Index,0,6,128,128,0.016384,0.012529,0.129495
WBC,128,Intensity Range Index,1,0,128,128,0.016384,0.012087,0.158733
WBC,128,Intensity Range Index,1,1,128,128,0.016384,0.012317,0.133578
WBC,128,Intensity Range Index,1,2,128,128,0.016384,0.01546,0.132317
WBC,128,Intensity Range Index,1,3,128,128,0.016384,0.012315,0.129273
WBC,128,Intensity Range Index,1,4,128,128,0.016384,0.01251,0.130528
WBC,128,Intensity Range Index,1,5,128,128,0.016384,0.013003,0.12915
WBC,128,Intensity Range Index,1,6,128,128,0.016384,0.012257,0.128223
WBC,128,Intensity Range Index,2,0,128,128,0.016384,0.012646,0.144887
WBC,128,Intensity Range Index,2,1,128,128,0.016384,0.012041,0.130747
WBC,128,Intensity Range Index,2,2,128,128,0.016384,0.012041,0.12954
WBC,128,Intensity Range Index,2,3,128,128,0.016384,0.011968,0.127951
WBC,128,Intensity Range Index,2,4,128,128,0.016384,0.013979,0.133226
WBC,128,Intensity Range Index,2,5,128,128,0.016384,0.012176,0.128529
WBC,128,Intensity Range Index,2,6,128,128,0.016384,0.012107,0.127251
PBS,native,Sum Modified Laplacian,0,0,2160,2560,5.5296,43.437464,58.498804
PBS,native,Sum Modified Laplacian,0,1,2160,2560,5.5296,31.432203,37.605921
PBS,native,Sum Modified Laplacian,0,2,2160,2560,5.5296,32.443767,38.112798
PBS,native,Sum Modified Laplacian,0,3,2160,2560,5.5296,32.54045,39.374782
PBS,native,Sum Modified Laplacian,0,4,2160,2560,5.5296,31.162408,42.276228
PBS,native,Sum Modified Laplacian,0,5,2160,2560,5.5296,32.647189,38.511961
PBS,native,Sum Modified Laplacian,0,6,2160,2560,5.5296,32.019553,38.556188
PBS,native,Sum Modified Laplacian,1,0,2160,2560,5.5296,32.311528,37.872399
PBS,native,Sum Modified Laplacian,1,1,2160,2560,5.5296,32.050487,38.959841
PBS,native,Sum Modified Laplacian,1,2,2160,2560,5.5296,31.437994,38.907887
PBS,native,Sum Modified Laplacian,1,3,2160,2560,5.5296,31.391624,38.621477
PBS,native,Sum Modified Laplacian,1,4,2160,2560,5.5296,31.39639,36.973114
PBS,native,Sum Modified Laplacian,1,5,2160,2560,5.5296,31.25858,37.831455
PBS,native,Sum Modified Laplacian,1,6,2160,2560,5.5296,31.16928,38.025952
PBS,native,Sum Modified Laplacian,2,0,2160,2560,5.5296,30.139705,39.078914
PBS,native,Sum Modified Laplacian,2,1,2160,2560,5.5296,31.820384,37.959712
PBS,native,Sum Modified Laplacian,2,2,2160,2560,5.5296,32.562612,39.953101
PBS,native,Sum Modified Laplacian,2,3,2160,2560,5.5296,33.102898,37.723386
PBS,native,Sum Modified Laplacian,2,4,2160,2560,5.5296,30.730852,38.208624
PBS,native,Sum Modified Laplacian,2,5,2160,2560,5.5296,34.854833,40.734491
PBS,native,Sum Modified Laplacian,2,6,2160,2560,5.5296,33.524892,42.15233
TBF,128,Absolute Central Moment 4,0,0,108,128,0.013824,0.221387,8.410201
TBF,128,Absolute Central Moment 4,0,1,108,128,0.013824,0.189037,12.013351
TBF,128,Absolute Central Moment 4,0,2,108,128,0.013824,0.20514,7.830391
TBF,128,Absolute Central Moment 4,0,3,108,128,0.013824,0.183523,7.52564
TBF,128,Absolute Central Moment 4,0,4,108,128,0.013824,0.183774,7.743978
TBF,128,Absolute Central Moment 4,0,5,108,128,0.013824,0.192197,7.486829
TBF,128,Absolute Central Moment 4,0,6,108,128,0.013824,0.182773,7.540109
TBF,128,Absolute Central Moment 4,1,0,108,128,0.013824,0.197833,7.378413
TBF,128,Absolute Central Moment 4,1,1,108,128,0.013824,0.185679,7.640348
TBF,128,Absolute Central Moment 4,1,2,108,128,0.013824,0.193785,9.528145
TBF,128,Absolute Central Moment 4,1,3,108,128,0.013824,0.194138,7.610626
TBF,128,Absolute Central Moment 4,1,4,108,128,0.013824,0.184416,8.631405
TBF,128,Absolute Central Moment 4,1,5,108,128,0.013824,0.185416,7.722736
TBF,128,Absolute Central Moment 4,1,6,108,128,0.013824,0.206777,8.489671
TBF,128,Absolute Central Moment 4,2,0,108,128,0.013824,0.177525,7.704473
TBF,128,Absolute Central Moment 4,2,1,108,128,0.013824,0.180952,7.865654
TBF,128,Absolute Central Moment 4,2,2,108,128,0.013824,0.200772,7.773149
TBF,128,Absolute Central Moment 4,2,3,108,128,0.013824,0.186902,8.184387
TBF,128,Absolute Central Moment 4,2,4,108,128,0.013824,0.185412,7.885389
TBF,128,Absolute Central Moment 4,2,5,108,128,0.013824,0.23395,7.822636
TBF,128,Absolute Central Moment 4,2,6,108,128,0.013824,0.181228,7.945565
BMA,1024,Brenner Gradient,0,0,864,1024,0.884736,1.224579,11.363181
BMA,1024,Brenner Gradient,0,1,864,1024,0.884736,1.664411,10.12408
BMA,1024,Brenner Gradient,0,2,864,1024,0.884736,1.551827,10.557255
BMA,1024,Brenner Gradient,0,3,864,1024,0.884736,1.590365,10.155999
BMA,1024,Brenner Gradient,0,4,864,1024,0.884736,1.447083,10.450377
BMA,1024,Brenner Gradient,0,5,864,1024,0.884736,1.409948,9.864785
BMA,1024,Brenner Gradient,0,6,864,1024,0.884736,1.299877,9.778989
BMA,1024,Brenner Gradient,1,0,864,1024,0.884736,1.379931,9.362031
BMA,1024,Brenner Gradient,1,1,864,1024,0.884736,1.36086,9.793673
BMA,1024,Brenner Gradient,1,2,864,1024,0.884736,1.649053,9.658368
BMA,1024,Brenner Gradient,1,3,864,1024,0.884736,1.403122,9.814171
BMA,1024,Brenner Gradient,1,4,864,1024,0.884736,1.505879,10.070252
BMA,1024,Brenner Gradient,1,5,864,1024,0.884736,1.325277,9.87203
BMA,1024,Brenner Gradient,1,6,864,1024,0.884736,1.454528,9.308266
BMA,1024,Brenner Gradient,2,0,864,1024,0.884736,1.207566,9.832322
BMA,1024,Brenner Gradient,2,1,864,1024,0.884736,1.37766,9.771786
BMA,1024,Brenner Gradient,2,2,864,1024,0.884736,1.311186,9.625731
BMA,1024,Brenner Gradient,2,3,864,1024,0.884736,1.36597,9.760097
BMA,1024,Brenner Gradient,2,4,864,1024,0.884736,1.295022,9.722862
BMA,1024,Brenner Gradient,2,5,864,1024,0.884736,1.396068,9.483688
BMA,1024,Brenner Gradient,2,6,864,1024,0.884736,1.327058,9.824965
PBS,1024,Spatial Frequency,0,0,864,1024,0.884736,3.244839,12.121559
PBS,1024,Spatial Frequency,0,1,864,1024,0.884736,3.457534,11.268908
PBS,1024,Spatial Frequency,0,2,864,1024,0.884736,3.775846,11.419205
PBS,1024,Spatial Frequency,0,3,864,1024,0.884736,3.746406,11.504351
PBS,1024,Spatial Frequency,0,4,864,1024,0.884736,3.291081,11.90414
PBS,1024,Spatial Frequency,0,5,864,1024,0.884736,3.400705,11.576492
PBS,1024,Spatial Frequency,0,6,864,1024,0.884736,3.222788,11.699278
PBS,1024,Spatial Frequency,1,0,864,1024,0.884736,3.336532,11.523194
PBS,1024,Spatial Frequency,1,1,864,1024,0.884736,3.420101,12.324334
PBS,1024,Spatial Frequency,1,2,864,1024,0.884736,3.412878,11.079214
PBS,1024,Spatial Frequency,1,3,864,1024,0.884736,3.420817,11.607034
PBS,1024,Spatial Frequency,1,4,864,1024,0.884736,3.563726,11.685712
PBS,1024,Spatial Frequency,1,5,864,1024,0.884736,3.216204,12.664913
PBS,1024,Spatial Frequency,1,6,864,1024,0.884736,3.755988,11.639467
PBS,1024,Spatial Frequency,2,0,864,1024,0.884736,3.118521,12.068906
PBS,1024,Spatial Frequency,2,1,864,1024,0.884736,3.393355,11.642365
PBS,1024,Spatial Frequency,2,2,864,1024,0.884736,3.545367,11.739036
PBS,1024,Spatial Frequency,2,3,864,1024,0.884736,3.343632,11.821934
PBS,1024,Spatial Frequency,2,4,864,1024,0.884736,3.404151,11.695318
PBS,1024,Spatial Frequency,2,5,864,1024,0.884736,3.290353,11.837246
PBS,1024,Spatial Frequency,2,6,864,1024,0.884736,3.221595,11.433094
TBI,native,Sum Modified Laplacian,0,0,2112,2816,5.947392,48.61198,57.800398
TBI,native,Sum Modified Laplacian,0,1,2112,2816,5.947392,38.801457,45.729733
TBI,native,Sum Modified Laplacian,0,2,2112,2816,5.947392,33.100673,47.2974
TBI,native,Sum Modified Laplacian,0,3,2112,2816,5.947392,39.436574,46.072231
TBI,native,Sum Modified Laplacian,0,4,2112,2816,5.947392,34.077122,46.749161
TBI,native,Sum Modified Laplacian,0,5,2112,2816,5.947392,38.848565,48.52132
TBI,native,Sum Modified Laplacian,0,6,2112,2816,5.947392,34.35782,47.69157
TBI,native,Sum Modified Laplacian,1,0,2112,2816,5.947392,39.358065,47.058504
TBI,native,Sum Modified Laplacian,1,1,2112,2816,5.947392,35.911581,47.4476
TBI,native,Sum Modified Laplacian,1,2,2112,2816,5.947392,40.291066,45.974811
TBI,native,Sum Modified Laplacian,1,3,2112,2816,5.947392,32.817792,45.803002
TBI,native,Sum Modified Laplacian,1,4,2112,2816,5.947392,36.732091,44.575914
TBI,native,Sum Modified Laplacian,1,5,2112,2816,5.947392,32.318853,49.510176
TBI,native,Sum Modified Laplacian,1,6,2112,2816,5.947392,37.326843,44.037402
TBI,native,Sum Modified Laplacian,2,0,2112,2816,5.947392,34.01959,45.685154
TBI,native,Sum Modified Laplacian,2,1,2112,2816,5.947392,38.320788,44.488787
TBI,native,Sum Modified Laplacian,2,2,2112,2816,5.947392,32.762725,46.257272
TBI,native,Sum Modified Laplacian,2,3,2112,2816,5.947392,40.697202,46.686421
TBI,native,Sum Modified Laplacian,2,4,2112,2816,5.947392,34.152934,46.484974
TBI,native,Sum Modified Laplacian,2,5,2112,2816,5.947392,37.799879,45.706689
TBI,native,Sum Modified Laplacian,2,6,2112,2816,5.947392,32.892503,44.864933
PBS,1024,Histogram Entropy,0,0,864,1024,0.884736,4.185361,13.945078
PBS,1024,Histogram Entropy,0,1,864,1024,0.884736,4.260906,17.286983
PBS,1024,Histogram Entropy,0,2,864,1024,0.884736,4.232275,12.459355
PBS,1024,Histogram Entropy,0,3,864,1024,0.884736,4.009996,12.698781
PBS,1024,Histogram Entropy,0,4,864,1024,0.884736,4.020995,12.45934
PBS,1024,Histogram Entropy,0,5,864,1024,0.884736,4.00111,12.732679
PBS,1024,Histogram Entropy,0,6,864,1024,0.884736,4.355838,12.266828
PBS,1024,Histogram Entropy,1,0,864,1024,0.884736,4.280505,13.002724
PBS,1024,Histogram Entropy,1,1,864,1024,0.884736,4.424231,12.773232
PBS,1024,Histogram Entropy,1,2,864,1024,0.884736,4.530125,13.409335
PBS,1024,Histogram Entropy,1,3,864,1024,0.884736,4.84176,13.162456
PBS,1024,Histogram Entropy,1,4,864,1024,0.884736,4.629379,13.664829
PBS,1024,Histogram Entropy,1,5,864,1024,0.884736,4.511355,12.872309
PBS,1024,Histogram Entropy,1,6,864,1024,0.884736,4.340033,12.529548
PBS,1024,Histogram Entropy,2,0,864,1024,0.884736,4.152641,12.93333
PBS,1024,Histogram Entropy,2,1,864,1024,0.884736,4.721091,12.524893
PBS,1024,Histogram Entropy,2,2,864,1024,0.884736,5.070332,12.948503
PBS,1024,Histogram Entropy,2,3,864,1024,0.884736,4.523827,12.977098
PBS,1024,Histogram Entropy,2,4,864,1024,0.884736,4.486584,12.66792
PBS,1024,Histogram Entropy,2,5,864,1024,0.884736,4.2952,12.826308
PBS,1024,Histogram Entropy,2,6,864,1024,0.884736,4.303753,12.215549
PBS,native,Maximal Intensity,0,0,2160,2560,5.5296,5.353312,16.525894
PBS,native,Maximal Intensity,0,1,2160,2560,5.5296,8.910251,13.851982
PBS,native,Maximal Intensity,0,2,2160,2560,5.5296,5.551438,17.58589
PBS,native,Maximal Intensity,0,3,2160,2560,5.5296,9.367067,12.338083
PBS,native,Maximal Intensity,0,4,2160,2560,5.5296,5.395632,15.900249
PBS,native,Maximal Intensity,0,5,2160,2560,5.5296,9.561184,11.927918
PBS,native,Maximal Intensity,0,6,2160,2560,5.5296,5.284578,16.115806
PBS,native,Maximal Intensity,1,0,2160,2560,5.5296,8.764896,11.920823
PBS,native,Maximal Intensity,1,1,2160,2560,5.5296,5.449647,16.678453
PBS,native,Maximal Intensity,1,2,2160,2560,5.5296,8.767293,12.323533
PBS,native,Maximal Intensity,1,3,2160,2560,5.5296,5.341561,16.145376
PBS,native,Maximal Intensity,1,4,2160,2560,5.5296,9.040486,12.08962
PBS,native,Maximal Intensity,1,5,2160,2560,5.5296,5.388234,16.398997
PBS,native,Maximal Intensity,1,6,2160,2560,5.5296,9.274235,11.657196
PBS,native,Maximal Intensity,2,0,2160,2560,5.5296,5.270188,16.383132
PBS,native,Maximal Intensity,2,1,2160,2560,5.5296,8.637718,11.987474
PBS,native,Maximal Intensity,2,2,2160,2560,5.5296,5.637966,15.871388
PBS,native,Maximal Intensity,2,3,2160,2560,5.5296,9.193572,13.382524
PBS,native,Maximal Intensity,2,4,2160,2560,5.5296,6.021361,17.270837
PBS,native,Maximal Intensity,2,5,2160,2560,5.5296,9.337459,12.403226
PBS,native,Maximal Intensity,2,6,2160,2560,5.5296,5.736866,16.0947
TBI,512,Intensity Variance,0,0,384,512,0.196608,0.292838,16.897193
TBI,512,Intensity Variance,0,1,384,512,0.196608,0.361419,14.031892
TBI,512,Intensity Variance,0,2,384,512,0.196608,0.339483,16.908937
TBI,512,Intensity Variance,0,3,384,512,0.196608,0.34607,17.154005
TBI,512,Intensity Variance,0,4,384,512,0.196608,0.370089,17.37814
TBI,512,Intensity Variance,0,5,384,512,0.196608,0.314297,17.856445
TBI,512,Intensity Variance,0,6,384,512,0.196608,0.305961,17.84129
TBI,512,Intensity Variance,1,0,384,512,0.196608,0.291981,17.957237
TBI,512,Intensity Variance,1,1,384,512,0.196608,0.309833,17.782654
TBI,512,Intensity Variance,1,2,384,512,0.196608,0.394377,17.966044
TBI,512,Intensity Variance,1,3,384,512,0.196608,0.31983,18.230854
TBI,512,Intensity Variance,1,4,384,512,0.196608,0.323484,18.479899
TBI,512,Intensity Variance,1,5,384,512,0.196608,0.372463,18.816926
TBI,512,Intensity Variance,1,6,384,512,0.196608,0.356687,18.007399
TBI,512,Intensity Variance,2,0,384,512,0.196608,0.273646,17.353921
TBI,512,Intensity Variance,2,1,384,512,0.196608,0.335924,17.840546
TBI,512,Intensity Variance,2,2,384,512,0.196608,0.355411,17.236867
TBI,512,Intensity Variance,2,3,384,512,0.196608,0.397703,17.846951
TBI,512,Intensity Variance,2,4,384,512,0.196608,0.339391,17.570576
TBI,512,Intensity Variance,2,5,384,512,0.196608,0.35211,17.149788
TBI,512,Intensity Variance,2,6,384,512,0.196608,0.343103,17.645673
PBS,native,Wavelet Detail Energy (db1),0,0,2160,2560,5.5296,135.69659,158.041023
PBS,native,Wavelet Detail Energy (db1),0,1,2160,2560,5.5296,155.86721,147.320338
PBS,native,Wavelet Detail Energy (db1),0,2,2160,2560,5.5296,138.616931,150.133794
PBS,native,Wavelet Detail Energy (db1),0,3,2160,2560,5.5296,150.038603,143.445942
PBS,native,Wavelet Detail Energy (db1),0,4,2160,2560,5.5296,138.957877,150.712166
PBS,native,Wavelet Detail Energy (db1),0,5,2160,2560,5.5296,156.813091,140.95932
PBS,native,Wavelet Detail Energy (db1),0,6,2160,2560,5.5296,142.18392,149.147719
PBS,native,Wavelet Detail Energy (db1),1,0,2160,2560,5.5296,154.200804,149.925107
PBS,native,Wavelet Detail Energy (db1),1,1,2160,2560,5.5296,139.223636,158.538165
PBS,native,Wavelet Detail Energy (db1),1,2,2160,2560,5.5296,156.261064,151.960734
PBS,native,Wavelet Detail Energy (db1),1,3,2160,2560,5.5296,151.26374,158.882896
PBS,native,Wavelet Detail Energy (db1),1,4,2160,2560,5.5296,161.869355,151.037945
PBS,native,Wavelet Detail Energy (db1),1,5,2160,2560,5.5296,146.941587,154.598379
PBS,native,Wavelet Detail Energy (db1),1,6,2160,2560,5.5296,154.677112,150.718292
PBS,native,Wavelet Detail Energy (db1),2,0,2160,2560,5.5296,136.750419,155.582044
PBS,native,Wavelet Detail Energy (db1),2,1,2160,2560,5.5296,156.184876,150.425136
PBS,native,Wavelet Detail Energy (db1),2,2,2160,2560,5.5296,143.298476,147.696378
PBS,native,Wavelet Detail Energy (db1),2,3,2160,2560,5.5296,163.168292,145.02263
PBS,native,Wavelet Detail Energy (db1),2,4,2160,2560,5.5296,135.089686,152.240931
PBS,native,Wavelet Detail Energy (db1),2,5,2160,2560,5.5296,141.116805,145.650137
PBS,native,Wavelet Detail Energy (db1),2,6,2160,2560,5.5296,147.040853,152.099728
WBC,512,Wavelet W1,0,0,512,512,0.262144,2.284758,3.846558
WBC,512,Wavelet W1,0,1,512,512,0.262144,2.249368,2.703388
WBC,512,Wavelet W1,0,2,512,512,0.262144,2.2191,2.393233
WBC,512,Wavelet W1,0,3,512,512,0.262144,2.302227,2.402628
WBC,512,Wavelet W1,0,4,512,512,0.262144,2.298448,2.369902
WBC,512,Wavelet W1,0,5,512,512,0.262144,2.11751,2.594466
WBC,512,Wavelet W1,0,6,512,512,0.262144,2.137822,2.545729
WBC,512,Wavelet W1,1,0,512,512,0.262144,2.266974,2.379916
WBC,512,Wavelet W1,1,1,512,512,0.262144,2.592685,2.448468
WBC,512,Wavelet W1,1,2,512,512,0.262144,2.60517,2.484768
WBC,512,Wavelet W1,1,3,512,512,0.262144,2.252924,2.439519
WBC,512,Wavelet W1,1,4,512,512,0.262144,2.16271,2.705485
WBC,512,Wavelet W1,1,5,512,512,0.262144,2.159919,2.795096
WBC,512,Wavelet W1,1,6,512,512,0.262144,2.149931,2.564775
WBC,512,Wavelet W1,2,0,512,512,0.262144,2.493108,2.4477
WBC,512,Wavelet W1,2,1,512,512,0.262144,2.354251,2.616914
WBC,512,Wavelet W1,2,2,512,512,0.262144,2.186047,2.705945
WBC,512,Wavelet W1,2,3,512,512,0.262144,2.19165,2.551107
WBC,512,Wavelet W1,2,4,512,512,0.262144,2.127593,2.58029
WBC,512,Wavelet W1,2,5,512,512,0.262144,2.206339,2.531705
WBC,512,Wavelet W1,2,6,512,512,0.262144,2.220933,2.448096
TBF,native,Fourier High Frequency Energy Ratio,0,0,2160,2560,5.5296,221.222702,237.473679
TBF,native,Fourier High Frequency Energy Ratio,0,1,2160,2560,5.5296,221.97508,219.793931
TBF,native,Fourier High Frequency Energy Ratio,0,2,2160,2560,5.5296,210.582471,213.538911
TBF,native,Fourier High Frequency Energy Ratio,0,3,2160,2560,5.5296,215.320784,224.337162
TBF,native,Fourier High Frequency Energy Ratio,0,4,2160,2560,5.5296,204.386722,213.843066
TBF,native,Fourier High Frequency Energy Ratio,0,5,2160,2560,5.5296,210.288644,214.320293
TBF,native,Fourier High Frequency Energy Ratio,0,6,2160,2560,5.5296,209.556653,214.318025
TBF,native,Fourier High Frequency Energy Ratio,1,0,2160,2560,5.5296,251.805229,213.792298
TBF,native,Fourier High Frequency Energy Ratio,1,1,2160,2560,5.5296,204.073993,209.370038
TBF,native,Fourier High Frequency Energy Ratio,1,2,2160,2560,5.5296,206.434221,210.99936
TBF,native,Fourier High Frequency Energy Ratio,1,3,2160,2560,5.5296,205.672374,211.379604
TBF,native,Fourier High Frequency Energy Ratio,1,4,2160,2560,5.5296,203.970706,214.701926
TBF,native,Fourier High Frequency Energy Ratio,1,5,2160,2560,5.5296,228.006442,213.11741
TBF,native,Fourier High Frequency Energy Ratio,1,6,2160,2560,5.5296,200.071766,214.712305
TBF,native,Fourier High Frequency Energy Ratio,2,0,2160,2560,5.5296,212.095904,208.538407
TBF,native,Fourier High Frequency Energy Ratio,2,1,2160,2560,5.5296,213.326919,209.185703
TBF,native,Fourier High Frequency Energy Ratio,2,2,2160,2560,5.5296,248.273696,209.875325
TBF,native,Fourier High Frequency Energy Ratio,2,3,2160,2560,5.5296,211.096604,216.454299
TBF,native,Fourier High Frequency Energy Ratio,2,4,2160,2560,5.5296,211.441549,214.259853
TBF,native,Fourier High Frequency Energy Ratio,2,5,2160,2560,5.5296,200.647869,205.88271
TBF,native,Fourier High Frequency Energy Ratio,2,6,2160,2560,5.5296,207.588323,210.956747
TBF,native,Tenengrad,0,0,2160,2560,5.5296,27.969027,34.019392
TBF,native,Tenengrad,0,1,2160,2560,5.5296,17.78427,35.709123
TBF,native,Tenengrad,0,2,2160,2560,5.5296,30.19285,30.075889
TBF,native,Tenengrad,0,3,2160,2560,5.5296,17.655732,38.197756
TBF,native,Tenengrad,0,4,2160,2560,5.5296,32.065736,30.306817
TBF,native,Tenengrad,0,5,2160,2560,5.5296,17.779367,44.115011
TBF,native,Tenengrad,0,6,2160,2560,5.5296,37.026753,29.527808
TBF,native,Tenengrad,1,0,2160,2560,5.5296,17.540646,42.672024
TBF,native,Tenengrad,1,1,2160,2560,5.5296,35.118698,31.154548
TBF,native,Tenengrad,1,2,2160,2560,5.5296,18.954616,38.26567
TBF,native,Tenengrad,1,3,2160,2560,5.5296,31.992817,30.222942
TBF,native,Tenengrad,1,4,2160,2560,5.5296,17.515991,42.481728
TBF,native,Tenengrad,1,5,2160,2560,5.5296,31.790109,30.121812
TBF,native,Tenengrad,1,6,2160,2560,5.5296,17.660853,42.710451
TBF,native,Tenengrad,2,0,2160,2560,5.5296,35.511708,28.875711
TBF,native,Tenengrad,2,1,2160,2560,5.5296,18.181778,41.445075
TBF,native,Tenengrad,2,2,2160,2560,5.5296,35.91967,29.423991
TBF,native,Tenengrad,2,3,2160,2560,5.5296,16.489125,42.103345
TBF,native,Tenengrad,2,4,2160,2560,5.5296,36.046354,28.866265
TBF,native,Tenengrad,2,5,2160,2560,5.5296,16.442961,41.82732
TBF,native,Tenengrad,2,6,2160,2560,5.5296,35.335255,28.57485
PBS,1024,Wavelet Detail Energy (db1),0,0,864,1024,0.884736,12.579799,23.674255
PBS,1024,Wavelet Detail Energy (db1),0,1,864,1024,0.884736,12.486946,25.87098
PBS,1024,Wavelet Detail Energy (db1),0,2,864,1024,0.884736,12.074187,22.066805
PBS,1024,Wavelet Detail Energy (db1),0,3,864,1024,0.884736,12.505637,20.781584
PBS,1024,Wavelet Detail Energy (db1),0,4,864,1024,0.884736,12.219748,21.292514
PBS,1024,Wavelet Detail Energy (db1),0,5,864,1024,0.884736,12.445961,20.260322
PBS,1024,Wavelet Detail Energy (db1),0,6,864,1024,0.884736,12.018036,21.632834
PBS,1024,Wavelet Detail Energy (db1),1,0,864,1024,0.884736,12.661524,20.556475
PBS,1024,Wavelet Detail Energy (db1),1,1,864,1024,0.884736,12.075975,21.291685
PBS,1024,Wavelet Detail Energy (db1),1,2,864,1024,0.884736,12.68136,21.63192
PBS,1024,Wavelet Detail Energy (db1),1,3,864,1024,0.884736,12.022046,22.014434
PBS,1024,Wavelet Detail Energy (db1),1,4,864,1024,0.884736,12.401299,21.046533
PBS,1024,Wavelet Detail Energy (db1),1,5,864,1024,0.884736,11.988386,21.8342
PBS,1024,Wavelet Detail Energy (db1),1,6,864,1024,0.884736,12.50731,20.590885
PBS,1024,Wavelet Detail Energy (db1),2,0,864,1024,0.884736,12.123529,21.765536
PBS,1024,Wavelet Detail Energy (db1),2,1,864,1024,0.884736,12.550911,20.741588
PBS,1024,Wavelet Detail Energy (db1),2,2,864,1024,0.884736,12.027408,21.179938
PBS,1024,Wavelet Detail Energy (db1),2,3,864,1024,0.884736,12.75297,20.873882
PBS,1024,Wavelet Detail Energy (db1),2,4,864,1024,0.884736,12.398926,22.50882
PBS,1024,Wavelet Detail Energy (db1),2,5,864,1024,0.884736,12.439534,20.836833
PBS,1024,Wavelet Detail Energy (db1),2,6,864,1024,0.884736,12.107412,21.844084
PBS,128,Normalized Variance,0,0,108,128,0.013824,0.035873,8.253458
PBS,128,Normalized Variance,0,1,108,128,0.013824,0.047094,7.925159
PBS,128,Normalized Variance,0,2,108,128,0.013824,0.042496,8.032085
PBS,128,Normalized Variance,0,3,108,128,0.013824,0.038099,8.129145
PBS,128,Normalized Variance,0,4,108,128,0.013824,0.038316,8.079166
PBS,128,Normalized Variance,0,5,108,128,0.013824,0.036113,8.301144
PBS,128,Normalized Variance,0,6,108,128,0.013824,0.04272,8.146071
PBS,128,Normalized Variance,1,0,108,128,0.013824,0.033016,8.703927
PBS,128,Normalized Variance,1,1,108,128,0.013824,0.038351,8.134065
PBS,128,Normalized Variance,1,2,108,128,0.013824,0.040968,8.232523
PBS,128,Normalized Variance,1,3,108,128,0.013824,0.041837,8.232675
PBS,128,Normalized Variance,1,4,108,128,0.013824,0.052586,7.987447
PBS,128,Normalized Variance,1,5,108,128,0.013824,0.03681,8.115822
PBS,128,Normalized Variance,1,6,108,128,0.013824,0.038519,7.974701
PBS,128,Normalized Variance,2,0,108,128,0.013824,0.031835,8.114023
PBS,128,Normalized Variance,2,1,108,128,0.013824,0.041624,7.908228
PBS,128,Normalized Variance,2,2,108,128,0.013824,0.045882,7.993125
PBS,128,Normalized Variance,2,3,108,128,0.013824,0.045251,8.097291
PBS,128,Normalized Variance,2,4,108,128,0.013824,0.036366,8.07272
PBS,128,Normalized Variance,2,5,108,128,0.013824,0.040741,7.857666
PBS,128,Normalized Variance,2,6,108,128,0.013824,0.041708,8.064645
PBS,128,Histogram Entropy,0,0,108,128,0.013824,0.078165,8.572029
PBS,128,Histogram Entropy,0,1,108,128,0.013824,0.091927,7.899329
PBS,128,Histogram Entropy,0,2,108,128,0.013824,0.120025,7.905456
PBS,128,Histogram Entropy,0,3,108,128,0.013824,0.09637,8.057521
PBS,128,Histogram Entropy,0,4,108,128,0.013824,0.093314,7.904056
PBS,128,Histogram Entropy,0,5,108,128,0.013824,0.085116,8.207028
PBS,128,Histogram Entropy,0,6,108,128,0.013824,0.082751,7.835448
PBS,128,Histogram Entropy,1,0,108,128,0.013824,0.07477,7.95909
PBS,128,Histogram Entropy,1,1,108,128,0.013824,0.082886,7.926408
PBS,128,Histogram Entropy,1,2,108,128,0.013824,0.088197,8.225572
PBS,128,Histogram Entropy,1,3,108,128,0.013824,0.082928,7.88789
PBS,128,Histogram Entropy,1,4,108,128,0.013824,0.081398,8.404436
PBS,128,Histogram Entropy,1,5,108,128,0.013824,0.087859,8.310762
PBS,128,Histogram Entropy,1,6,108,128,0.013824,0.087866,7.833177
PBS,128,Histogram Entropy,2,0,108,128,0.013824,0.076315,8.234774
PBS,128,Histogram Entropy,2,1,108,128,0.013824,0.083853,8.042763
PBS,128,Histogram Entropy,2,2,108,128,0.013824,0.085808,8.638925
PBS,128,Histogram Entropy,2,3,108,128,0.013824,0.089543,7.918381
PBS,128,Histogram Entropy,2,4,108,128,0.013824,0.082402,8.312592
PBS,128,Histogram Entropy,2,5,108,128,0.013824,0.095631,7.992765
PBS,128,Histogram Entropy,2,6,108,128,0.013824,0.114646,8.306272
PBS,1024,Roberts Focus Measure,0,0,864,1024,0.884736,2.356534,10.755001
PBS,1024,Roberts Focus Measure,0,1,864,1024,0.884736,2.545139,10.618177
PBS,1024,Roberts Focus Measure,0,2,864,1024,0.884736,2.431168,10.450277
PBS,1024,Roberts Focus Measure,0,3,864,1024,0.884736,2.52012,10.936676
PBS,1024,Roberts Focus Measure,0,4,864,1024,0.884736,2.427662,10.437463
PBS,1024,Roberts Focus Measure,0,5,864,1024,0.884736,2.592409,10.414031
PBS,1024,Roberts Focus Measure,0,6,864,1024,0.884736,2.510818,10.716566
PBS,1024,Roberts Focus Measure,1,0,864,1024,0.884736,2.411603,11.210027
PBS,1024,Roberts Focus Measure,1,1,864,1024,0.884736,2.611986,10.658819
PBS,1024,Roberts Focus Measure,1,2,864,1024,0.884736,2.531537,11.146907
PBS,1024,Roberts Focus Measure,1,3,864,1024,0.884736,2.513286,10.553938
PBS,1024,Roberts Focus Measure,1,4,864,1024,0.884736,2.528898,10.479116
PBS,1024,Roberts Focus Measure,1,5,864,1024,0.884736,2.457797,10.808584
PBS,1024,Roberts Focus Measure,1,6,864,1024,0.884736,2.457471,10.286129
PBS,1024,Roberts Focus Measure,2,0,864,1024,0.884736,2.346713,10.648443
PBS,1024,Roberts Focus Measure,2,1,864,1024,0.884736,2.534163,10.742682
PBS,1024,Roberts Focus Measure,2,2,864,1024,0.884736,2.409717,10.522071
PBS,1024,Roberts Focus Measure,2,3,864,1024,0.884736,2.577934,10.477983
PBS,1024,Roberts Focus Measure,2,4,864,1024,0.884736,2.429829,11.014114
PBS,1024,Roberts Focus Measure,2,5,864,1024,0.884736,2.458717,10.688255
PBS,1024,Roberts Focus Measure,2,6,864,1024,0.884736,2.489653,10.863609
WBC,1024,GLCM Contrast,0,0,1024,1024,1.048576,267.850557,255.943195
WBC,1024,GLCM Contrast,0,1,1024,1024,1.048576,265.121738,262.979649
WBC,1024,GLCM Contrast,0,2,1024,1024,1.048576,261.277462,268.834347
WBC,1024,GLCM Contrast,0,3,1024,1024,1.048576,261.704435,261.06906
WBC,1024,GLCM Contrast,0,4,1024,1024,1.048576,257.099768,258.130133
WBC,1024,GLCM Contrast,0,5,1024,1024,1.048576,258.656564,260.969055
WBC,1024,GLCM Contrast,0,6,1024,1024,1.048576,262.95816,263.74432
WBC,1024,GLCM Contrast,1,0,1024,1024,1.048576,263.395792,263.35396
WBC,1024,GLCM Contrast,1,1,1024,1024,1.048576,256.640347,260.650926
WBC,1024,GLCM Contrast,1,2,1024,1024,1.048576,262.136475,263.079113
WBC,1024,GLCM Contrast,1,3,1024,1024,1.048576,261.864183,263.620201
WBC,1024,GLCM Contrast,1,4,1024,1024,1.048576,282.146275,259.96286
WBC,1024,GLCM Contrast,1,5,1024,1024,1.048576,256.132194,265.870022
WBC,1024,GLCM Contrast,1,6,1024,1024,1.048576,267.051741,265.510792
WBC,1024,GLCM Contrast,2,0,1024,1024,1.048576,266.133976,257.813033
WBC,1024,GLCM Contrast,2,1,1024,1024,1.048576,261.796193,258.424978
WBC,1024,GLCM Contrast,2,2,1024,1024,1.048576,270.938471,267.446504
WBC,1024,GLCM Contrast,2,3,1024,1024,1.048576,271.498679,267.821567
WBC,1024,GLCM Contrast,2,4,1024,1024,1.048576,267.565364,263.996281
WBC,1024,GLCM Contrast,2,5,1024,1024,1.048576,258.881911,256.445171
WBC,1024,GLCM Contrast,2,6,1024,1024,1.048576,260.809257,258.507779
WBC,1024,Histogram Entropy,0,0,1024,1024,1.048576,5.701471,9.194051
WBC,1024,Histogram Entropy,0,1,1024,1024,1.048576,6.30041,6.638519
WBC,1024,Histogram Entropy,0,2,1024,1024,1.048576,7.687484,7.148433
WBC,1024,Histogram Entropy,0,3,1024,1024,1.048576,7.031835,6.765937
WBC,1024,Histogram Entropy,0,4,1024,1024,1.048576,6.069934,7.292966
WBC,1024,Histogram Entropy,0,5,1024,1024,1.048576,5.972887,6.749225
WBC,1024,Histogram Entropy,0,6,1024,1024,1.048576,6.04813,6.721169
WBC,1024,Histogram Entropy,1,0,1024,1024,1.048576,6.01074,6.443608
WBC,1024,Histogram Entropy,1,1,1024,1024,1.048576,5.770544,6.308004
WBC,1024,Histogram Entropy,1,2,1024,1024,1.048576,5.598781,6.306292
WBC,1024,Histogram Entropy,1,3,1024,1024,1.048576,5.742576,6.441462
WBC,1024,Histogram Entropy,1,4,1024,1024,1.048576,5.790367,6.53918
WBC,1024,Histogram Entropy,1,5,1024,1024,1.048576,5.777047,6.637678
WBC,1024,Histogram Entropy,1,6,1024,1024,1.048576,6.051535,6.382504
WBC,1024,Histogram Entropy,2,0,1024,1024,1.048576,5.855319,7.271733
WBC,1024,Histogram Entropy,2,1,1024,1024,1.048576,5.648587,6.469746
WBC,1024,Histogram Entropy,2,2,1024,1024,1.048576,6.098924,7.093183
WBC,1024,Histogram Entropy,2,3,1024,1024,1.048576,6.745937,7.405352
WBC,1024,Histogram Entropy,2,4,1024,1024,1.048576,6.301944,6.791962
WBC,1024,Histogram Entropy,2,5,1024,1024,1.048576,6.543409,6.718601
WBC,1024,Histogram Entropy,2,6,1024,1024,1.048576,6.902415,7.127918
WBC,native,Wavelet W2,0,0,200,200,0.04,0.344524,0.422402
WBC,native,Wavelet W2,0,1,200,200,0.04,0.376229,0.397813
WBC,native,Wavelet W2,0,2,200,200,0.04,0.312071,0.399537
WBC,native,Wavelet W2,0,3,200,200,0.04,0.641987,0.68149
WBC,native,Wavelet W2,0,4,200,200,0.04,0.511989,0.560191
WBC,native,Wavelet W2,0,5,200,200,0.04,0.360256,0.437609
WBC,native,Wavelet W2,0,6,200,200,0.04,0.509818,0.534043
WBC,native,Wavelet W2,1,0,200,200,0.04,0.334962,0.377963
WBC,native,Wavelet W2,1,1,200,200,0.04,0.31264,0.497132
WBC,native,Wavelet W2,1,2,200,200,0.04,0.407416,0.453204
WBC,native,Wavelet W2,1,3,200,200,0.04,0.314266,0.401369
WBC,native,Wavelet W2,1,4,200,200,0.04,0.318388,0.366408
WBC,native,Wavelet W2,1,5,200,200,0.04,0.309441,0.660604
WBC,native,Wavelet W2,1,6,200,200,0.04,0.350814,0.448688
WBC,native,Wavelet W2,2,0,200,200,0.04,0.331849,0.430117
WBC,native,Wavelet W2,2,1,200,200,0.04,0.395437,0.414877
WBC,native,Wavelet W2,2,2,200,200,0.04,0.329305,0.37155
WBC,native,Wavelet W2,2,3,200,200,0.04,0.32258,0.370534
WBC,native,Wavelet W2,2,4,200,200,0.04,0.371166,0.406119
WBC,native,Wavelet W2,2,5,200,200,0.04,0.334143,0.382367
WBC,native,Wavelet W2,2,6,200,200,0.04,0.359397,0.373269
BMA,1024,Wavelet W2,0,0,864,1024,0.884736,14.354783,23.803225
BMA,1024,Wavelet W2,0,1,864,1024,0.884736,15.026609,22.897065
BMA,1024,Wavelet W2,0,2,864,1024,0.884736,14.340011,25.468141
BMA,1024,Wavelet W2,0,3,864,1024,0.884736,15.574874,23.210772
BMA,1024,Wavelet W2,0,4,864,1024,0.884736,14.040867,23.547662
BMA,1024,Wavelet W2,0,5,864,1024,0.884736,14.68844,22.399461
BMA,1024,Wavelet W2,0,6,864,1024,0.884736,13.688635,24.558611
BMA,1024,Wavelet W2,1,0,864,1024,0.884736,14.213096,22.811054
BMA,1024,Wavelet W2,1,1,864,1024,0.884736,14.44445,23.576389
BMA,1024,Wavelet W2,1,2,864,1024,0.884736,14.556286,22.665508
BMA,1024,Wavelet W2,1,3,864,1024,0.884736,14.319383,23.619447
BMA,1024,Wavelet W2,1,4,864,1024,0.884736,15.843946,23.02891
BMA,1024,Wavelet W2,1,5,864,1024,0.884736,14.331768,23.499176
BMA,1024,Wavelet W2,1,6,864,1024,0.884736,15.129036,23.899966
BMA,1024,Wavelet W2,2,0,864,1024,0.884736,14.155529,24.442271
BMA,1024,Wavelet W2,2,1,864,1024,0.884736,14.928454,22.385439
BMA,1024,Wavelet W2,2,2,864,1024,0.884736,13.70991,25.585881
BMA,1024,Wavelet W2,2,3,864,1024,0.884736,15.682577,23.119225
BMA,1024,Wavelet W2,2,4,864,1024,0.884736,14.782894,23.726554
BMA,1024,Wavelet W2,2,5,864,1024,0.884736,15.318815,22.707753
BMA,1024,Wavelet W2,2,6,864,1024,0.884736,14.17542,23.10508
TBI,1024,Modified Tenengrad,0,0,768,1024,0.786432,24.219466,42.371039
TBI,1024,Modified Tenengrad,0,1,768,1024,0.786432,23.081982,41.095392
TBI,1024,Modified Tenengrad,0,2,768,1024,0.786432,24.545764,41.149108
TBI,1024,Modified Tenengrad,0,3,768,1024,0.786432,23.938471,40.988955
TBI,1024,Modified Tenengrad,0,4,768,1024,0.786432,23.747087,41.773425
TBI,1024,Modified Tenengrad,0,5,768,1024,0.786432,23.261691,40.478207
TBI,1024,Modified Tenengrad,0,6,768,1024,0.786432,23.621399,41.954185
TBI,1024,Modified Tenengrad,1,0,768,1024,0.786432,26.187819,41.588577
TBI,1024,Modified Tenengrad,1,1,768,1024,0.786432,25.080239,44.875748
TBI,1024,Modified Tenengrad,1,2,768,1024,0.786432,24.858529,42.109064
TBI,1024,Modified Tenengrad,1,3,768,1024,0.786432,24.725843,42.451361
TBI,1024,Modified Tenengrad,1,4,768,1024,0.786432,24.927976,43.36434
TBI,1024,Modified Tenengrad,1,5,768,1024,0.786432,28.154364,44.943325
TBI,1024,Modified Tenengrad,1,6,768,1024,0.786432,26.524531,44.188951
TBI,1024,Modified Tenengrad,2,0,768,1024,0.786432,26.639317,46.3129
TBI,1024,Modified Tenengrad,2,1,768,1024,0.786432,28.548128,58.182306
TBI,1024,Modified Tenengrad,2,2,768,1024,0.786432,27.115589,46.255714
TBI,1024,Modified Tenengrad,2,3,768,1024,0.786432,26.735342,44.212878
TBI,1024,Modified Tenengrad,2,4,768,1024,0.786432,27.231753,44.110272
TBI,1024,Modified Tenengrad,2,5,768,1024,0.786432,26.185125,43.714389
TBI,1024,Modified Tenengrad,2,6,768,1024,0.786432,26.769843,45.346918
TBI,native,Wavelet W2,0,0,2112,2816,5.947392,156.16627,159.979154
TBI,native,Wavelet W2,0,1,2112,2816,5.947392,146.667162,154.591035
TBI,native,Wavelet W2,0,2,2112,2816,5.947392,149.732919,152.241898
TBI,native,Wavelet W2,0,3,2112,2816,5.947392,147.105763,158.31996
TBI,native,Wavelet W2,0,4,2112,2816,5.947392,151.017847,153.410361
TBI,native,Wavelet W2,0,5,2112,2816,5.947392,144.99216,154.67667
TBI,native,Wavelet W2,0,6,2112,2816,5.947392,149.047777,155.127436
TBI,native,Wavelet W2,1,0,2112,2816,5.947392,144.802486,156.034434
TBI,native,Wavelet W2,1,1,2112,2816,5.947392,150.282278,154.648571
TBI,native,Wavelet W2,1,2,2112,2816,5.947392,143.113192,157.417613
TBI,native,Wavelet W2,1,3,2112,2816,5.947392,151.066068,149.994553
TBI,native,Wavelet W2,1,4,2112,2816,5.947392,139.015896,154.263396
TBI,native,Wavelet W2,1,5,2112,2816,5.947392,143.777445,150.621175
TBI,native,Wavelet W2,1,6,2112,2816,5.947392,141.027517,151.025927
TBI,native,Wavelet W2,2,0,2112,2816,5.947392,145.766811,149.144684
TBI,native,Wavelet W2,2,1,2112,2816,5.947392,144.273887,156.24338
TBI,native,Wavelet W2,2,2,2112,2816,5.947392,147.407408,149.660283
TBI,native,Wavelet W2,2,3,2112,2816,5.947392,144.493284,154.739284
TBI,native,Wavelet W2,2,4,2112,2816,5.947392,150.204024,150.020158
TBI,native,Wavelet W2,2,5,2112,2816,5.947392,144.435798,155.993711
TBI,native,Wavelet W2,2,6,2112,2816,5.947392,146.462638,155.587612
TBI,native,Fourier Transform Sharpness Index,0,0,2112,2816,5.947392,208.866851,213.365969
TBI,native,Fourier Transform Sharpness Index,0,1,2112,2816,5.947392,215.33614,219.995584
TBI,native,Fourier Transform Sharpness Index,0,2,2112,2816,5.947392,209.08159,213.37232
TBI,native,Fourier Transform Sharpness Index,0,3,2112,2816,5.947392,211.350458,204.500378
TBI,native,Fourier Transform Sharpness Index,0,4,2112,2816,5.947392,219.849809,257.486567
TBI,native,Fourier Transform Sharpness Index,0,5,2112,2816,5.947392,211.907771,207.929463
TBI,native,Fourier Transform Sharpness Index,0,6,2112,2816,5.947392,206.731869,212.55049
TBI,native,Fourier Transform Sharpness Index,1,0,2112,2816,5.947392,209.375989,218.870645
TBI,native,Fourier Transform Sharpness Index,1,1,2112,2816,5.947392,207.507407,261.599286
TBI,native,Fourier Transform Sharpness Index,1,2,2112,2816,5.947392,206.637058,219.20829
TBI,native,Fourier Transform Sharpness Index,1,3,2112,2816,5.947392,205.469141,214.89138
TBI,native,Fourier Transform Sharpness Index,1,4,2112,2816,5.947392,209.86419,213.7079
TBI,native,Fourier Transform Sharpness Index,1,5,2112,2816,5.947392,209.340295,221.140613
TBI,native,Fourier Transform Sharpness Index,1,6,2112,2816,5.947392,205.181559,273.009478
TBI,native,Fourier Transform Sharpness Index,2,0,2112,2816,5.947392,205.005793,212.682651
TBI,native,Fourier Transform Sharpness Index,2,1,2112,2816,5.947392,212.825871,211.85801
TBI,native,Fourier Transform Sharpness Index,2,2,2112,2816,5.947392,211.516146,216.556441
TBI,native,Fourier Transform Sharpness Index,2,3,2112,2816,5.947392,205.301783,244.848846
TBI,native,Fourier Transform Sharpness Index,2,4,2112,2816,5.947392,211.968935,217.282243
TBI,native,Fourier Transform Sharpness Index,2,5,2112,2816,5.947392,207.875899,208.639797
TBI,native,Fourier Transform Sharpness Index,2,6,2112,2816,5.947392,203.586148,216.076368
PBS,native,Wavelet W3,0,0,2160,2560,5.5296,155.032809,166.679215
PBS,native,Wavelet W3,0,1,2160,2560,5.5296,165.22969,156.486049
PBS,native,Wavelet W3,0,2,2160,2560,5.5296,147.951351,168.042171
PBS,native,Wavelet W3,0,3,2160,2560,5.5296,151.569592,153.823314
PBS,native,Wavelet W3,0,4,2160,2560,5.5296,155.451049,170.141551
PBS,native,Wavelet W3,0,5,2160,2560,5.5296,152.516621,151.564133
PBS,native,Wavelet W3,0,6,2160,2560,5.5296,149.05119,171.762631
PBS,native,Wavelet W3,1,0,2160,2560,5.5296,167.928107,151.079269
PBS,native,Wavelet W3,1,1,2160,2560,5.5296,145.416042,162.27723
PBS,native,Wavelet W3,1,2,2160,2560,5.5296,149.048476,158.136086
PBS,native,Wavelet W3,1,3,2160,2560,5.5296,149.914734,158.267498
PBS,native,Wavelet W3,1,4,2160,2560,5.5296,155.655554,155.949291
PBS,native,Wavelet W3,1,5,2160,2560,5.5296,156.905121,168.999216
PBS,native,Wavelet W3,1,6,2160,2560,5.5296,180.727817,164.012473
PBS,native,Wavelet W3,2,0,2160,2560,5.5296,157.332592,169.979533
PBS,native,Wavelet W3,2,1,2160,2560,5.5296,157.918335,160.63363
PBS,native,Wavelet W3,2,2,2160,2560,5.5296,145.460182,160.314122
PBS,native,Wavelet W3,2,3,2160,2560,5.5296,152.597647,155.323156
PBS,native,Wavelet W3,2,4,2160,2560,5.5296,152.785572,163.36619
PBS,native,Wavelet W3,2,5,2160,2560,5.5296,162.58872,168.006023
PBS,native,Wavelet W3,2,6,2160,2560,5.5296,159.92428,178.563144
WBC,512,Energy of Gradient,0,0,512,512,0.262144,0.67079,2.67492
WBC,512,Energy of Gradient,0,1,512,512,0.262144,1.025186,1.116477
WBC,512,Energy of Gradient,0,2,512,512,0.262144,0.710324,0.984461
WBC,512,Energy of Gradient,0,3,512,512,0.262144,0.727338,0.951356
WBC,512,Energy of Gradient,0,4,512,512,0.262144,0.713175,1.017639
WBC,512,Energy of Gradient,0,5,512,512,0.262144,0.681157,0.976731
WBC,512,Energy of Gradient,0,6,512,512,0.262144,0.680425,0.902054
WBC,512,Energy of Gradient,1,0,512,512,0.262144,0.777868,1.115976
WBC,512,Energy of Gradient,1,1,512,512,0.262144,0.683833,0.994179
WBC,512,Energy of Gradient,1,2,512,512,0.262144,0.713294,1.041158
WBC,512,Energy of Gradient,1,3,512,512,0.262144,0.693372,0.923685
WBC,512,Energy of Gradient,1,4,512,512,0.262144,0.660787,0.888131
WBC,512,Energy of Gradient,1,5,512,512,0.262144,0.668325,0.869001
WBC,512,Energy of Gradient,1,6,512,512,0.262144,0.723069,1.103939
WBC,512,Energy of Gradient,2,0,512,512,0.262144,0.691348,0.944363
WBC,512,Energy of Gradient,2,1,512,512,0.262144,0.762858,1.270531
WBC,512,Energy of Gradient,2,2,512,512,0.262144,0.73728,0.930729
WBC,512,Energy of Gradient,2,3,512,512,0.262144,0.708453,0.94333
WBC,512,Energy of Gradient,2,4,512,512,0.262144,0.709781,1.194949
WBC,512,Energy of Gradient,2,5,512,512,0.262144,0.654164,1.07057
WBC,512,Energy of Gradient,2,6,512,512,0.262144,0.734004,0.897228
TBI,128,Fourier Transform Sharpness Index,0,0,96,128,0.012288,0.17233,17.301392
TBI,128,Fourier Transform Sharpness Index,0,1,96,128,0.012288,0.296082,16.607905
TBI,128,Fourier Transform Sharpness Index,0,2,96,128,0.012288,0.248056,17.085815
TBI,128,Fourier Transform Sharpness Index,0,3,96,128,0.012288,0.215585,17.110085
TBI,128,Fourier Transform Sharpness Index,0,4,96,128,0.012288,0.240638,17.368702
TBI,128,Fourier Transform Sharpness Index,0,5,96,128,0.012288,0.226967,16.157465
TBI,128,Fourier Transform Sharpness Index,0,6,96,128,0.012288,0.199184,16.893133
TBI,128,Fourier Transform Sharpness Index,1,0,96,128,0.012288,0.164807,16.298247
TBI,128,Fourier Transform Sharpness Index,1,1,96,128,0.012288,0.275101,16.767672
TBI,128,Fourier Transform Sharpness Index,1,2,96,128,0.012288,0.196936,16.18104
TBI,128,Fourier Transform Sharpness Index,1,3,96,128,0.012288,0.201763,16.048915
TBI,128,Fourier Transform Sharpness Index,1,4,96,128,0.012288,0.232086,16.652226
TBI,128,Fourier Transform Sharpness Index,1,5,96,128,0.012288,0.234696,16.579927
TBI,128,Fourier Transform Sharpness Index,1,6,96,128,0.012288,0.200658,17.086902
TBI,128,Fourier Transform Sharpness Index,2,0,96,128,0.012288,0.175891,16.774238
TBI,128,Fourier Transform Sharpness Index,2,1,96,128,0.012288,0.216134,16.222093
TBI,128,Fourier Transform Sharpness Index,2,2,96,128,0.012288,0.208329,16.209588
TBI,128,Fourier Transform Sharpness Index,2,3,96,128,0.012288,0.235765,16.381702
TBI,128,Fourier Transform Sharpness Index,2,4,96,128,0.012288,0.266342,16.794953
TBI,128,Fourier Transform Sharpness Index,2,5,96,128,0.012288,0.205957,16.533363
TBI,128,Fourier Transform Sharpness Index,2,6,96,128,0.012288,0.238882,17.102904
TBF,512,Brenner Gradient,0,0,432,512,0.221184,0.32243,11.480083
TBF,512,Brenner Gradient,0,1,432,512,0.221184,0.300956,7.049838
TBF,512,Brenner Gradient,0,2,432,512,0.221184,0.319207,7.260716
TBF,512,Brenner Gradient,0,3,432,512,0.221184,0.303464,7.579683
TBF,512,Brenner Gradient,0,4,432,512,0.221184,0.295094,6.938549
TBF,512,Brenner Gradient,0,5,432,512,0.221184,0.292748,7.088171
TBF,512,Brenner Gradient,0,6,432,512,0.221184,0.306684,7.523949
TBF,512,Brenner Gradient,1,0,432,512,0.221184,0.288647,7.268484
TBF,512,Brenner Gradient,1,1,432,512,0.221184,0.296944,7.532226
TBF,512,Brenner Gradient,1,2,432,512,0.221184,0.409018,7.0991
TBF,512,Brenner Gradient,1,3,432,512,0.221184,0.308173,7.039929
TBF,512,Brenner Gradient,1,4,432,512,0.221184,0.312683,7.297255
TBF,512,Brenner Gradient,1,5,432,512,0.221184,0.281829,7.099107
TBF,512,Brenner Gradient,1,6,432,512,0.221184,0.300797,7.157331
TBF,512,Brenner Gradient,2,0,432,512,0.221184,0.298669,7.238246
TBF,512,Brenner Gradient,2,1,432,512,0.221184,0.328353,7.595472
TBF,512,Brenner Gradient,2,2,432,512,0.221184,0.595357,7.099026
TBF,512,Brenner Gradient,2,3,432,512,0.221184,0.298234,6.995702
TBF,512,Brenner Gradient,2,4,432,512,0.221184,0.299335,7.463244
TBF,512,Brenner Gradient,2,5,432,512,0.221184,0.287378,7.100249
TBF,512,Brenner Gradient,2,6,432,512,0.221184,0.306305,7.189502
TBF,native,Variance of Laplacian,0,0,2160,2560,5.5296,14.1655,27.613482
TBF,native,Variance of Laplacian,0,1,2160,2560,5.5296,22.193206,20.765267
TBF,native,Variance of Laplacian,0,2,2160,2560,5.5296,13.379048,24.051851
TBF,native,Variance of Laplacian,0,3,2160,2560,5.5296,18.681484,20.324808
TBF,native,Variance of Laplacian,0,4,2160,2560,5.5296,13.737214,24.395639
TBF,native,Variance of Laplacian,0,5,2160,2560,5.5296,18.846514,20.006767
TBF,native,Variance of Laplacian,0,6,2160,2560,5.5296,14.238566,24.30289
TBF,native,Variance of Laplacian,1,0,2160,2560,5.5296,19.086043,19.876761
TBF,native,Variance of Laplacian,1,1,2160,2560,5.5296,13.420299,24.485649
TBF,native,Variance of Laplacian,1,2,2160,2560,5.5296,18.234068,20.073585
TBF,native,Variance of Laplacian,1,3,2160,2560,5.5296,14.49293,24.051233
TBF,native,Variance of Laplacian,1,4,2160,2560,5.5296,19.400032,19.602443
TBF,native,Variance of Laplacian,1,5,2160,2560,5.5296,14.76557,24.182796
TBF,native,Variance of Laplacian,1,6,2160,2560,5.5296,18.378698,19.805929
TBF,native,Variance of Laplacian,2,0,2160,2560,5.5296,13.804934,24.661094
TBF,native,Variance of Laplacian,2,1,2160,2560,5.5296,19.314963,20.621419
TBF,native,Variance of Laplacian,2,2,2160,2560,5.5296,14.830777,25.442479
TBF,native,Variance of Laplacian,2,3,2160,2560,5.5296,17.97956,20.502099
TBF,native,Variance of Laplacian,2,4,2160,2560,5.5296,13.602097,24.264092
TBF,native,Variance of Laplacian,2,5,2160,2560,5.5296,19.19793,20.036797
TBF,native,Variance of Laplacian,2,6,2160,2560,5.5296,13.64585,23.542172
TBF,128,Tenengrad,0,0,108,128,0.013824,0.037711,7.749343
TBF,128,Tenengrad,0,1,108,128,0.013824,0.052154,11.463768
TBF,128,Tenengrad,0,2,108,128,0.013824,0.040231,7.741118
TBF,128,Tenengrad,0,3,108,128,0.013824,0.042612,7.231958
TBF,128,Tenengrad,0,4,108,128,0.013824,0.039501,7.382369
TBF,128,Tenengrad,0,5,108,128,0.013824,0.039299,7.266507
TBF,128,Tenengrad,0,6,108,128,0.013824,0.039774,7.258938
TBF,128,Tenengrad,1,0,108,128,0.013824,0.040443,7.145059
TBF,128,Tenengrad,1,1,108,128,0.013824,0.040375,7.293368
TBF,128,Tenengrad,1,2,108,128,0.013824,0.039846,7.03738
TBF,128,Tenengrad,1,3,108,128,0.013824,0.04059,7.531024
TBF,128,Tenengrad,1,4,108,128,0.013824,0.045868,7.205745
TBF,128,Tenengrad,1,5,108,128,0.013824,0.060014,8.106012
TBF,128,Tenengrad,1,6,108,128,0.013824,0.050733,8.108442
TBF,128,Tenengrad,2,0,108,128,0.013824,0.049294,8.622968
TBF,128,Tenengrad,2,1,108,128,0.013824,0.04505,7.234917
TBF,128,Tenengrad,2,2,108,128,0.013824,0.040916,7.994579
TBF,128,Tenengrad,2,3,108,128,0.013824,0.048314,7.794441
TBF,128,Tenengrad,2,4,108,128,0.013824,0.040814,8.062148
TBF,128,Tenengrad,2,5,108,128,0.013824,0.045486,7.928002
TBF,128,Tenengrad,2,6,108,128,0.013824,0.053182,8.100388
PBS,native,Fourier Transform Sharpness Index,0,0,2160,2560,5.5296,198.904738,228.307831
PBS,native,Fourier Transform Sharpness Index,0,1,2160,2560,5.5296,206.748358,206.344874
PBS,native,Fourier Transform Sharpness Index,0,2,2160,2560,5.5296,197.289763,219.228299
PBS,native,Fourier Transform Sharpness Index,0,3,2160,2560,5.5296,210.430734,206.195285
PBS,native,Fourier Transform Sharpness Index,0,4,2160,2560,5.5296,200.108285,270.787431
PBS,native,Fourier Transform Sharpness Index,0,5,2160,2560,5.5296,206.718765,210.013482
PBS,native,Fourier Transform Sharpness Index,0,6,2160,2560,5.5296,201.175708,214.987765
PBS,native,Fourier Transform Sharpness Index,1,0,2160,2560,5.5296,209.761265,202.336949
PBS,native,Fourier Transform Sharpness Index,1,1,2160,2560,5.5296,198.617216,220.875065
PBS,native,Fourier Transform Sharpness Index,1,2,2160,2560,5.5296,206.513568,204.736831
PBS,native,Fourier Transform Sharpness Index,1,3,2160,2560,5.5296,196.261862,208.612691
PBS,native,Fourier Transform Sharpness Index,1,4,2160,2560,5.5296,205.53254,206.231692
PBS,native,Fourier Transform Sharpness Index,1,5,2160,2560,5.5296,193.842558,213.930825
PBS,native,Fourier Transform Sharpness Index,1,6,2160,2560,5.5296,206.239122,202.854553
PBS,native,Fourier Transform Sharpness Index,2,0,2160,2560,5.5296,191.356175,215.805195
PBS,native,Fourier Transform Sharpness Index,2,1,2160,2560,5.5296,206.195301,206.082584
PBS,native,Fourier Transform Sharpness Index,2,2,2160,2560,5.5296,193.092903,209.410848
PBS,native,Fourier Transform Sharpness Index,2,3,2160,2560,5.5296,200.761044,199.244683
PBS,native,Fourier Transform Sharpness Index,2,4,2160,2560,5.5296,195.619208,203.463357
PBS,native,Fourier Transform Sharpness Index,2,5,2160,2560,5.5296,208.789372,206.699258
PBS,native,Fourier Transform Sharpness Index,2,6,2160,2560,5.5296,194.58283,204.014997
WBC,512,Variance of Gradient,0,0,512,512,0.262144,1.002683,2.11563
WBC,512,Variance of Gradient,0,1,512,512,0.262144,0.995961,1.240059
WBC,512,Variance of Gradient,0,2,512,512,0.262144,1.013143,1.242748
WBC,512,Variance of Gradient,0,3,512,512,0.262144,0.964203,1.212037
WBC,512,Variance of Gradient,0,4,512,512,0.262144,0.990722,1.163234
WBC,512,Variance of Gradient,0,5,512,512,0.262144,0.976071,1.21801
WBC,512,Variance of Gradient,0,6,512,512,0.262144,0.955438,1.198508
WBC,512,Variance of Gradient,1,0,512,512,0.262144,1.113097,1.44563
WBC,512,Variance of Gradient,1,1,512,512,0.262144,1.23735,1.19023
WBC,512,Variance of Gradient,1,2,512,512,0.262144,1.508297,1.277903
WBC,512,Variance of Gradient,1,3,512,512,0.262144,1.110048,1.185833
WBC,512,Variance of Gradient,1,4,512,512,0.262144,1.018065,1.215356
WBC,512,Variance of Gradient,1,5,512,512,0.262144,0.9709,1.174775
WBC,512,Variance of Gradient,1,6,512,512,0.262144,0.970611,1.176734
WBC,512,Variance of Gradient,2,0,512,512,0.262144,1.653319,1.642784
WBC,512,Variance of Gradient,2,1,512,512,0.262144,1.210757,1.269732
WBC,512,Variance of Gradient,2,2,512,512,0.262144,1.007237,1.180385
WBC,512,Variance of Gradient,2,3,512,512,0.262144,1.010551,1.177767
WBC,512,Variance of Gradient,2,4,512,512,0.262144,0.936598,1.178489
WBC,512,Variance of Gradient,2,5,512,512,0.262144,1.036423,1.1679
WBC,512,Variance of Gradient,2,6,512,512,0.262144,1.324011,1.354999
WBC,native,GLCM Contrast,0,0,200,200,0.04,9.70259,9.637011
WBC,native,GLCM Contrast,0,1,200,200,0.04,9.474157,9.666459
WBC,native,GLCM Contrast,0,2,200,200,0.04,9.458253,10.338941
WBC,native,GLCM Contrast,0,3,200,200,0.04,9.641747,9.530634
WBC,native,GLCM Contrast,0,4,200,200,0.04,9.920899,9.687335
WBC,native,GLCM Contrast,0,5,200,200,0.04,9.65746,9.494409
WBC,native,GLCM Contrast,0,6,200,200,0.04,9.697535,9.653459
WBC,native,GLCM Contrast,1,0,200,200,0.04,9.459842,9.572164
WBC,native,GLCM Contrast,1,1,200,200,0.04,9.595516,9.665376
WBC,native,GLCM Contrast,1,2,200,200,0.04,10.006826,10.009752
WBC,native,GLCM Contrast,1,3,200,200,0.04,10.100001,9.614562
WBC,native,GLCM Contrast,1,4,200,200,0.04,9.5361,10.003246
WBC,native,GLCM Contrast,1,5,200,200,0.04,9.495393,10.079767
WBC,native,GLCM Contrast,1,6,200,200,0.04,9.673069,9.94874
WBC,native,GLCM Contrast,2,0,200,200,0.04,10.996715,9.662106
WBC,native,GLCM Contrast,2,1,200,200,0.04,9.535545,9.651797
WBC,native,GLCM Contrast,2,2,200,200,0.04,9.789349,9.597268
WBC,native,GLCM Contrast,2,3,200,200,0.04,10.098894,10.744601
WBC,native,GLCM Contrast,2,4,200,200,0.04,9.711271,9.880619
WBC,native,GLCM Contrast,2,5,200,200,0.04,9.709017,10.053774
WBC,native,GLCM Contrast,2,6,200,200,0.04,10.233641,10.196113
TBF,native,GLCM Contrast,0,0,2160,2560,5.5296,1411.930427,1409.447842
TBF,native,GLCM Contrast,0,1,2160,2560,5.5296,1441.482727,1395.780936
TBF,native,GLCM Contrast,0,2,2160,2560,5.5296,1414.161409,1416.891063
TBF,native,GLCM Contrast,0,3,2160,2560,5.5296,1423.024193,1394.817265
TBF,native,GLCM Contrast,0,4,2160,2560,5.5296,1415.081579,1415.78206
TBF,native,GLCM Contrast,0,5,2160,2560,5.5296,1417.868925,1386.067535
TBF,native,GLCM Contrast,0,6,2160,2560,5.5296,1403.507913,1396.52035
TBF,native,GLCM Contrast,1,0,2160,2560,5.5296,1413.965547,1408.740824
TBF,native,GLCM Contrast,1,1,2160,2560,5.5296,1403.614321,1403.346711
TBF,native,GLCM Contrast,1,2,2160,2560,5.5296,1417.538989,1390.025259
TBF,native,GLCM Contrast,1,3,2160,2560,5.5296,1410.830108,1404.461597
TBF,native,GLCM Contrast,1,4,2160,2560,5.5296,1412.274859,1394.292842
TBF,native,GLCM Contrast,1,5,2160,2560,5.5296,1398.49298,1400.811595
TBF,native,GLCM Contrast,1,6,2160,2560,5.5296,1407.795502,1371.43924
TBF,native,GLCM Contrast,2,0,2160,2560,5.5296,1379.519125,1390.714323
TBF,native,GLCM Contrast,2,1,2160,2560,5.5296,1416.399117,1393.838224
TBF,native,GLCM Contrast,2,2,2160,2560,5.5296,1390.680531,1410.90045
TBF,native,GLCM Contrast,2,3,2160,2560,5.5296,1425.441552,1383.261372
TBF,native,GLCM Contrast,2,4,2160,2560,5.5296,1397.573245,1404.194767
TBF,native,GLCM Contrast,2,5,2160,2560,5.5296,1416.170853,1393.996763
TBF,native,GLCM Contrast,2,6,2160,2560,5.5296,1402.503367,1417.737825
PBS,512,Laplacian Energy,0,0,432,512,0.221184,2.826346,13.61025
PBS,512,Laplacian Energy,0,1,432,512,0.221184,2.79712,14.674435
PBS,512,Laplacian Energy,0,2,432,512,0.221184,3.140792,10.439505
PBS,512,Laplacian Energy,0,3,432,512,0.221184,2.888234,10.733164
PBS,512,Laplacian Energy,0,4,432,512,0.221184,2.747637,10.483088
PBS,512,Laplacian Energy,0,5,432,512,0.221184,2.673124,10.333989
PBS,512,Laplacian Energy,0,6,432,512,0.221184,2.737259,10.114549
PBS,512,Laplacian Energy,1,0,432,512,0.221184,2.555486,10.087113
PBS,512,Laplacian Energy,1,1,432,512,0.221184,2.622673,10.189194
PBS,512,Laplacian Energy,1,2,432,512,0.221184,2.660369,10.575068
PBS,512,Laplacian Energy,1,3,432,512,0.221184,2.696338,10.18853
PBS,512,Laplacian Energy,1,4,432,512,0.221184,2.635303,10.413628
PBS,512,Laplacian Energy,1,5,432,512,0.221184,2.693589,10.082257
PBS,512,Laplacian Energy,1,6,432,512,0.221184,2.512962,10.559517
PBS,512,Laplacian Energy,2,0,432,512,0.221184,2.674119,10.202053
PBS,512,Laplacian Energy,2,1,432,512,0.221184,2.620387,10.401348
PBS,512,Laplacian Energy,2,2,432,512,0.221184,2.456892,9.800429
PBS,512,Laplacian Energy,2,3,432,512,0.221184,2.423523,10.084104
PBS,512,Laplacian Energy,2,4,432,512,0.221184,2.973252,11.06532
PBS,512,Laplacian Energy,2,5,432,512,0.221184,2.741809,10.293819
PBS,512,Laplacian Energy,2,6,432,512,0.221184,2.857353,10.512979
PBS,512,Tenengrad,0,0,432,512,0.221184,0.513664,8.340753
PBS,512,Tenengrad,0,1,432,512,0.221184,0.560267,8.50507
PBS,512,Tenengrad,0,2,432,512,0.221184,0.609052,7.954676
PBS,512,Tenengrad,0,3,432,512,0.221184,0.623653,8.448716
PBS,512,Tenengrad,0,4,432,512,0.221184,0.637976,8.189022
PBS,512,Tenengrad,0,5,432,512,0.221184,0.571369,8.232022
PBS,512,Tenengrad,0,6,432,512,0.221184,0.562698,8.132693
PBS,512,Tenengrad,1,0,432,512,0.221184,0.496227,7.897268
PBS,512,Tenengrad,1,1,432,512,0.221184,0.568715,8.319311
PBS,512,Tenengrad,1,2,432,512,0.221184,0.674133,7.996032
PBS,512,Tenengrad,1,3,432,512,0.221184,0.54913,8.070183
PBS,512,Tenengrad,1,4,432,512,0.221184,0.54053,8.100197
PBS,512,Tenengrad,1,5,432,512,0.221184,0.601796,7.80286
PBS,512,Tenengrad,1,6,432,512,0.221184,0.533112,7.954982
PBS,512,Tenengrad,2,0,432,512,0.221184,0.51728,8.032811
PBS,512,Tenengrad,2,1,432,512,0.221184,0.532554,8.123271
PBS,512,Tenengrad,2,2,432,512,0.221184,0.525859,8.133912
PBS,512,Tenengrad,2,3,432,512,0.221184,0.564851,7.888287
PBS,512,Tenengrad,2,4,432,512,0.221184,0.4889,7.959127
PBS,512,Tenengrad,2,5,432,512,0.221184,0.558923,8.743557
PBS,512,Tenengrad,2,6,432,512,0.221184,0.52086,8.644069
BMA,512,Normalized Variance,0,0,432,512,0.221184,0.354237,8.041019
BMA,512,Normalized Variance,0,1,432,512,0.221184,0.409077,7.877743
BMA,512,Normalized Variance,0,2,432,512,0.221184,0.370952,7.616991
BMA,512,Normalized Variance,0,3,432,512,0.221184,0.370742,8.429526
BMA,512,Normalized Variance,0,4,432,512,0.221184,0.36469,7.826286
BMA,512,Normalized Variance,0,5,432,512,0.221184,0.39389,7.898612
BMA,512,Normalized Variance,0,6,432,512,0.221184,0.409667,7.999131
BMA,512,Normalized Variance,1,0,432,512,0.221184,0.370955,8.000517
BMA,512,Normalized Variance,1,1,432,512,0.221184,0.411705,7.832506
BMA,512,Normalized Variance,1,2,432,512,0.221184,0.450226,8.109678
BMA,512,Normalized Variance,1,3,432,512,0.221184,0.408343,7.935899
BMA,512,Normalized Variance,1,4,432,512,0.221184,0.417156,8.100971
BMA,512,Normalized Variance,1,5,432,512,0.221184,0.370191,7.948358
BMA,512,Normalized Variance,1,6,432,512,0.221184,0.364596,7.732944
BMA,512,Normalized Variance,2,0,432,512,0.221184,0.329751,7.734218
BMA,512,Normalized Variance,2,1,432,512,0.221184,0.387323,7.877612
BMA,512,Normalized Variance,2,2,432,512,0.221184,0.394881,8.752703
BMA,512,Normalized Variance,2,3,432,512,0.221184,0.377942,8.284548
BMA,512,Normalized Variance,2,4,432,512,0.221184,0.387267,7.992478
BMA,512,Normalized Variance,2,5,432,512,0.221184,0.359114,7.944773
BMA,512,Normalized Variance,2,6,432,512,0.221184,0.370164,7.750301
PBS,native,Modified Tenengrad,0,0,2160,2560,5.5296,342.241611,376.631628
PBS,native,Modified Tenengrad,0,1,2160,2560,5.5296,351.794253,358.195595
PBS,native,Modified Tenengrad,0,2,2160,2560,5.5296,346.353182,364.042775
PBS,native,Modified Tenengrad,0,3,2160,2560,5.5296,350.78387,351.139628
PBS,native,Modified Tenengrad,0,4,2160,2560,5.5296,340.597103,370.959517
PBS,native,Modified Tenengrad,0,5,2160,2560,5.5296,350.553231,347.658837
PBS,native,Modified Tenengrad,0,6,2160,2560,5.5296,347.102352,391.410418
PBS,native,Modified Tenengrad,1,0,2160,2560,5.5296,342.441093,349.154287
PBS,native,Modified Tenengrad,1,1,2160,2560,5.5296,345.582002,411.624483
PBS,native,Modified Tenengrad,1,2,2160,2560,5.5296,361.193215,348.167731
PBS,native,Modified Tenengrad,1,3,2160,2560,5.5296,334.178676,348.063294
PBS,native,Modified Tenengrad,1,4,2160,2560,5.5296,351.240225,340.891649
PBS,native,Modified Tenengrad,1,5,2160,2560,5.5296,333.417288,348.36021
PBS,native,Modified Tenengrad,1,6,2160,2560,5.5296,336.055987,336.556521
PBS,native,Modified Tenengrad,2,0,2160,2560,5.5296,341.884829,361.225266
PBS,native,Modified Tenengrad,2,1,2160,2560,5.5296,343.216514,341.599949
PBS,native,Modified Tenengrad,2,2,2160,2560,5.5296,342.055701,361.220603
PBS,native,Modified Tenengrad,2,3,2160,2560,5.5296,349.250539,340.490131
PBS,native,Modified Tenengrad,2,4,2160,2560,5.5296,339.190018,363.132839
PBS,native,Modified Tenengrad,2,5,2160,2560,5.5296,376.107625,340.274275
PBS,native,Modified Tenengrad,2,6,2160,2560,5.5296,336.337359,353.283861
TBI,native,Squared Gradient,0,0,2112,2816,5.947392,35.481085,40.17967
TBI,native,Squared Gradient,0,1,2112,2816,5.947392,23.773844,32.885454
TBI,native,Squared Gradient,0,2,2112,2816,5.947392,23.760921,34.482187
TBI,native,Squared Gradient,0,3,2112,2816,5.947392,25.76201,36.619974
TBI,native,Squared Gradient,0,4,2112,2816,5.947392,27.865777,37.956187
TBI,native,Squared Gradient,0,5,2112,2816,5.947392,25.021789,35.24132
TBI,native,Squared Gradient,0,6,2112,2816,5.947392,25.450168,39.516464
TBI,native,Squared Gradient,1,0,2112,2816,5.947392,29.754596,41.834212
TBI,native,Squared Gradient,1,1,2112,2816,5.947392,29.980158,39.762079
TBI,native,Squared Gradient,1,2,2112,2816,5.947392,27.148902,57.686378
TBI,native,Squared Gradient,1,3,2112,2816,5.947392,25.509976,40.609276
TBI,native,Squared Gradient,1,4,2112,2816,5.947392,24.414974,33.730235
TBI,native,Squared Gradient,1,5,2112,2816,5.947392,23.771414,38.299273
TBI,native,Squared Gradient,1,6,2112,2816,5.947392,23.249709,32.566292
TBI,native,Squared Gradient,2,0,2112,2816,5.947392,24.450633,37.821461
TBI,native,Squared Gradient,2,1,2112,2816,5.947392,24.242179,34.770601
TBI,native,Squared Gradient,2,2,2112,2816,5.947392,25.260715,39.549187
TBI,native,Squared Gradient,2,3,2112,2816,5.947392,23.743638,32.354749
TBI,native,Squared Gradient,2,4,2112,2816,5.947392,23.81075,39.569305
TBI,native,Squared Gradient,2,5,2112,2816,5.947392,23.082607,33.127076
TBI,native,Squared Gradient,2,6,2112,2816,5.947392,24.517333,38.512729
TBF,512,Intensity Range Index,0,0,432,512,0.221184,0.193242,8.358401
TBF,512,Intensity Range Index,0,1,432,512,0.221184,0.161472,11.191496
TBF,512,Intensity Range Index,0,2,432,512,0.221184,0.203349,6.864954
TBF,512,Intensity Range Index,0,3,432,512,0.221184,0.16972,7.448974
TBF,512,Intensity Range Index,0,4,432,512,0.221184,0.192506,7.16896
TBF,512,Intensity Range Index,0,5,432,512,0.221184,0.193516,7.122118
TBF,512,Intensity Range Index,0,6,432,512,0.221184,0.187491,7.454792
TBF,512,Intensity Range Index,1,0,432,512,0.221184,0.12754,7.050537
TBF,512,Intensity Range Index,1,1,432,512,0.221184,0.181656,7.457191
TBF,512,Intensity Range Index,1,2,432,512,0.221184,0.230271,7.450521
TBF,512,Intensity Range Index,1,3,432,512,0.221184,0.194593,7.469586
TBF,512,Intensity Range Index,1,4,432,512,0.221184,0.197585,7.443444
TBF,512,Intensity Range Index,1,5,432,512,0.221184,0.207402,7.477825
TBF,512,Intensity Range Index,1,6,432,512,0.221184,0.199068,6.86164
TBF,512,Intensity Range Index,2,0,432,512,0.221184,0.139058,7.731214
TBF,512,Intensity Range Index,2,1,432,512,0.221184,0.175966,7.04031
TBF,512,Intensity Range Index,2,2,432,512,0.221184,0.189559,7.580182
TBF,512,Intensity Range Index,2,3,432,512,0.221184,0.279004,7.807241
TBF,512,Intensity Range Index,2,4,432,512,0.221184,0.164681,7.449798
TBF,512,Intensity Range Index,2,5,432,512,0.221184,0.194428,7.270391
TBF,512,Intensity Range Index,2,6,432,512,0.221184,0.217628,7.405358
TBI,native,Wavelet W1,0,0,2112,2816,5.947392,140.881053,143.632311
TBI,native,Wavelet W1,0,1,2112,2816,5.947392,132.99982,144.420121
TBI,native,Wavelet W1,0,2,2112,2816,5.947392,138.723796,143.631522
TBI,native,Wavelet W1,0,3,2112,2816,5.947392,136.941809,139.810807
TBI,native,Wavelet W1,0,4,2112,2816,5.947392,130.90996,137.680304
TBI,native,Wavelet W1,0,5,2112,2816,5.947392,133.244151,146.280868
TBI,native,Wavelet W1,0,6,2112,2816,5.947392,136.301126,140.023564
TBI,native,Wavelet W1,1,0,2112,2816,5.947392,132.351808,143.701166
TBI,native,Wavelet W1,1,1,2112,2816,5.947392,132.024666,140.490853
TBI,native,Wavelet W1,1,2,2112,2816,5.947392,128.056632,141.371765
TBI,native,Wavelet W1,1,3,2112,2816,5.947392,132.830732,139.549473
TBI,native,Wavelet W1,1,4,2112,2816,5.947392,133.028616,150.44559
TBI,native,Wavelet W1,1,5,2112,2816,5.947392,135.683011,140.530965
TBI,native,Wavelet W1,1,6,2112,2816,5.947392,131.683801,144.398136
TBI,native,Wavelet W1,2,0,2112,2816,5.947392,129.919381,140.106034
TBI,native,Wavelet W1,2,1,2112,2816,5.947392,131.085774,142.136825
TBI,native,Wavelet W1,2,2,2112,2816,5.947392,130.479103,134.679369
TBI,native,Wavelet W1,2,3,2112,2816,5.947392,129.548058,139.313949
TBI,native,Wavelet W1,2,4,2112,2816,5.947392,127.203302,137.846799
TBI,native,Wavelet W1,2,5,2112,2816,5.947392,133.665548,138.680195
TBI,native,Wavelet W1,2,6,2112,2816,5.947392,136.615829,139.823029
PBS,native,Histogram Entropy,0,0,2160,2560,5.5296,51.452571,61.849231
PBS,native,Histogram Entropy,0,1,2160,2560,5.5296,57.713891,58.447685
PBS,native,Histogram Entropy,0,2,2160,2560,5.5296,50.627305,64.812333
PBS,native,Histogram Entropy,0,3,2160,2560,5.5296,59.347687,58.160426
PBS,native,Histogram Entropy,0,4,2160,2560,5.5296,51.951243,69.074207
PBS,native,Histogram Entropy,0,5,2160,2560,5.5296,54.599855,57.570229
PBS,native,Histogram Entropy,0,6,2160,2560,5.5296,55.294196,61.00017
PBS,native,Histogram Entropy,1,0,2160,2560,5.5296,55.217104,60.1442
PBS,native,Histogram Entropy,1,1,2160,2560,5.5296,53.446544,67.5094
PBS,native,Histogram Entropy,1,2,2160,2560,5.5296,57.819556,60.519236
PBS,native,Histogram Entropy,1,3,2160,2560,5.5296,54.797551,69.375454
PBS,native,Histogram Entropy,1,4,2160,2560,5.5296,61.556026,63.181861
PBS,native,Histogram Entropy,1,5,2160,2560,5.5296,52.811328,65.900427
PBS,native,Histogram Entropy,1,6,2160,2560,5.5296,56.468221,60.624181
PBS,native,Histogram Entropy,2,0,2160,2560,5.5296,53.891156,66.227409
PBS,native,Histogram Entropy,2,1,2160,2560,5.5296,55.970375,60.7664
PBS,native,Histogram Entropy,2,2,2160,2560,5.5296,53.88035,63.338975
PBS,native,Histogram Entropy,2,3,2160,2560,5.5296,56.44588,57.338273
PBS,native,Histogram Entropy,2,4,2160,2560,5.5296,51.059581,87.932392
PBS,native,Histogram Entropy,2,5,2160,2560,5.5296,56.690723,56.335956
PBS,native,Histogram Entropy,2,6,2160,2560,5.5296,51.608536,64.045825
TBI,native,Maximal Intensity,0,0,2112,2816,5.947392,10.267038,18.736102
TBI,native,Maximal Intensity,0,1,2112,2816,5.947392,6.117656,12.395287
TBI,native,Maximal Intensity,0,2,2112,2816,5.947392,5.811289,13.090935
TBI,native,Maximal Intensity,0,3,2112,2816,5.947392,5.779792,12.541298
TBI,native,Maximal Intensity,0,4,2112,2816,5.947392,5.730915,12.836731
TBI,native,Maximal Intensity,0,5,2112,2816,5.947392,5.754562,12.865244
TBI,native,Maximal Intensity,0,6,2112,2816,5.947392,5.819604,13.152019
TBI,native,Maximal Intensity,1,0,2112,2816,5.947392,5.743872,13.068401
TBI,native,Maximal Intensity,1,1,2112,2816,5.947392,6.003075,13.139452
TBI,native,Maximal Intensity,1,2,2112,2816,5.947392,6.315539,13.081645
TBI,native,Maximal Intensity,1,3,2112,2816,5.947392,5.702453,12.46083
TBI,native,Maximal Intensity,1,4,2112,2816,5.947392,5.705251,12.776436
TBI,native,Maximal Intensity,1,5,2112,2816,5.947392,5.666458,12.598064
TBI,native,Maximal Intensity,1,6,2112,2816,5.947392,5.797867,12.55275
TBI,native,Maximal Intensity,2,0,2112,2816,5.947392,5.635931,13.379652
TBI,native,Maximal Intensity,2,1,2112,2816,5.947392,5.830629,13.59297
TBI,native,Maximal Intensity,2,2,2112,2816,5.947392,5.820016,13.420241
TBI,native,Maximal Intensity,2,3,2112,2816,5.947392,5.905652,12.634509
TBI,native,Maximal Intensity,2,4,2112,2816,5.947392,5.866604,12.635663
TBI,native,Maximal Intensity,2,5,2112,2816,5.947392,5.956606,12.767289
TBI,native,Maximal Intensity,2,6,2112,2816,5.947392,5.862616,13.086301
PBS,512,Histogram Entropy,0,0,432,512,0.221184,0.96415,10.265609
PBS,512,Histogram Entropy,0,1,432,512,0.221184,1.158973,13.640432
PBS,512,Histogram Entropy,0,2,432,512,0.221184,1.07798,8.388592
PBS,512,Histogram Entropy,0,3,432,512,0.221184,1.042894,8.827833
PBS,512,Histogram Entropy,0,4,432,512,0.221184,1.098819,8.901787
PBS,512,Histogram Entropy,0,5,432,512,0.221184,1.161511,8.309724
PBS,512,Histogram Entropy,0,6,432,512,0.221184,1.024004,8.743884
PBS,512,Histogram Entropy,1,0,432,512,0.221184,1.061392,8.594559
PBS,512,Histogram Entropy,1,1,432,512,0.221184,1.017259,8.996759
PBS,512,Histogram Entropy,1,2,432,512,0.221184,1.020748,8.91149
PBS,512,Histogram Entropy,1,3,432,512,0.221184,1.125458,9.339844
PBS,512,Histogram Entropy,1,4,432,512,0.221184,1.103632,8.871666
PBS,512,Histogram Entropy,1,5,432,512,0.221184,1.073523,9.076321
PBS,512,Histogram Entropy,1,6,432,512,0.221184,1.054009,8.615293
PBS,512,Histogram Entropy,2,0,432,512,0.221184,1.014693,9.007537
PBS,512,Histogram Entropy,2,1,432,512,0.221184,1.113526,8.830326
PBS,512,Histogram Entropy,2,2,432,512,0.221184,1.140092,9.20044
PBS,512,Histogram Entropy,2,3,432,512,0.221184,1.270045,8.807359
PBS,512,Histogram Entropy,2,4,432,512,0.221184,1.08887,8.733795
PBS,512,Histogram Entropy,2,5,432,512,0.221184,1.130245,9.290224
PBS,512,Histogram Entropy,2,6,432,512,0.221184,1.057107,8.526808
WBC,native,Variance of Gradient,0,0,200,200,0.04,0.118761,0.224287
WBC,native,Variance of Gradient,0,1,200,200,0.04,0.120467,0.163587
WBC,native,Variance of Gradient,0,2,200,200,0.04,0.113069,0.164819
WBC,native,Variance of Gradient,0,3,200,200,0.04,0.111283,0.154248
WBC,native,Variance of Gradient,0,4,200,200,0.04,0.115877,0.151392
WBC,native,Variance of Gradient,0,5,200,200,0.04,0.132062,0.173175
WBC,native,Variance of Gradient,0,6,200,200,0.04,0.113907,0.150809
WBC,native,Variance of Gradient,1,0,200,200,0.04,0.11979,0.174608
WBC,native,Variance of Gradient,1,1,200,200,0.04,0.115684,0.167539
WBC,native,Variance of Gradient,1,2,200,200,0.04,0.138889,0.1636
WBC,native,Variance of Gradient,1,3,200,200,0.04,0.113262,0.183488
WBC,native,Variance of Gradient,1,4,200,200,0.04,0.134051,0.160981
WBC,native,Variance of Gradient,1,5,200,200,0.04,0.113048,0.162689
WBC,native,Variance of Gradient,1,6,200,200,0.04,0.111873,0.177867
WBC,native,Variance of Gradient,2,0,200,200,0.04,0.157347,0.192859
WBC,native,Variance of Gradient,2,1,200,200,0.04,0.112609,0.164966
WBC,native,Variance of Gradient,2,2,200,200,0.04,0.11377,0.150662
WBC,native,Variance of Gradient,2,3,200,200,0.04,0.10988,0.151685
WBC,native,Variance of Gradient,2,4,200,200,0.04,0.227053,0.245561
WBC,native,Variance of Gradient,2,5,200,200,0.04,0.127166,0.167815
WBC,native,Variance of Gradient,2,6,200,200,0.04,0.113417,0.151973
BMA,512,Mean Absolute Laplacian,0,0,432,512,0.221184,2.490767,10.880438
BMA,512,Mean Absolute Laplacian,0,1,432,512,0.221184,2.464301,9.997497
BMA,512,Mean Absolute Laplacian,0,2,432,512,0.221184,2.58703,10.228443
BMA,512,Mean Absolute Laplacian,0,3,432,512,0.221184,2.606214,10.443126
BMA,512,Mean Absolute Laplacian,0,4,432,512,0.221184,2.557324,10.304956
BMA,512,Mean Absolute Laplacian,0,5,432,512,0.221184,2.766394,10.365052
BMA,512,Mean Absolute Laplacian,0,6,432,512,0.221184,2.857694,10.150546
BMA,512,Mean Absolute Laplacian,1,0,432,512,0.221184,2.686227,10.517473
BMA,512,Mean Absolute Laplacian,1,1,432,512,0.221184,2.736763,10.002693
BMA,512,Mean Absolute Laplacian,1,2,432,512,0.221184,2.567402,10.139503
BMA,512,Mean Absolute Laplacian,1,3,432,512,0.221184,2.729312,10.466401
BMA,512,Mean Absolute Laplacian,1,4,432,512,0.221184,2.660166,10.195043
BMA,512,Mean Absolute Laplacian,1,5,432,512,0.221184,2.488451,10.538146
BMA,512,Mean Absolute Laplacian,1,6,432,512,0.221184,2.708045,10.01696
BMA,512,Mean Absolute Laplacian,2,0,432,512,0.221184,2.357671,10.169195
BMA,512,Mean Absolute Laplacian,2,1,432,512,0.221184,2.478386,10.871119
BMA,512,Mean Absolute Laplacian,2,2,432,512,0.221184,2.735135,10.444855
BMA,512,Mean Absolute Laplacian,2,3,432,512,0.221184,2.691506,9.883003
BMA,512,Mean Absolute Laplacian,2,4,432,512,0.221184,2.699945,9.999784
BMA,512,Mean Absolute Laplacian,2,5,432,512,0.221184,2.309391,10.517139
BMA,512,Mean Absolute Laplacian,2,6,432,512,0.221184,2.742544,12.414687
BMA,1024,Intensity Variance,0,0,864,1024,0.884736,1.437433,10.756518
BMA,1024,Intensity Variance,0,1,864,1024,0.884736,1.574011,10.810077
BMA,1024,Intensity Variance,0,2,864,1024,0.884736,1.629954,10.365923
BMA,1024,Intensity Variance,0,3,864,1024,0.884736,1.755606,10.485015
BMA,1024,Intensity Variance,0,4,864,1024,0.884736,1.804565,10.581319
BMA,1024,Intensity Variance,0,5,864,1024,0.884736,1.646912,11.231494
BMA,1024,Intensity Variance,0,6,864,1024,0.884736,1.455629,10.540426
BMA,1024,Intensity Variance,1,0,864,1024,0.884736,1.393719,10.185012
BMA,1024,Intensity Variance,1,1,864,1024,0.884736,1.510452,10.58949
BMA,1024,Intensity Variance,1,2,864,1024,0.884736,1.562026,9.998895
BMA,1024,Intensity Variance,1,3,864,1024,0.884736,1.441867,9.704371
BMA,1024,Intensity Variance,1,4,864,1024,0.884736,1.885059,10.221348
BMA,1024,Intensity Variance,1,5,864,1024,0.884736,1.68826,10.301935
BMA,1024,Intensity Variance,1,6,864,1024,0.884736,1.911272,10.230347
BMA,1024,Intensity Variance,2,0,864,1024,0.884736,1.409366,9.438538
BMA,1024,Intensity Variance,2,1,864,1024,0.884736,1.421365,10.227288
BMA,1024,Intensity Variance,2,2,864,1024,0.884736,1.753749,10.235232
BMA,1024,Intensity Variance,2,3,864,1024,0.884736,1.593371,10.031947
BMA,1024,Intensity Variance,2,4,864,1024,0.884736,1.526584,9.712492
BMA,1024,Intensity Variance,2,5,864,1024,0.884736,1.573479,9.898118
BMA,1024,Intensity Variance,2,6,864,1024,0.884736,1.559271,10.534204
TBI,1024,Maximal Intensity,0,0,768,1024,0.786432,0.450125,13.517311
TBI,1024,Maximal Intensity,0,1,768,1024,0.786432,0.602285,16.985731
TBI,1024,Maximal Intensity,0,2,768,1024,0.786432,0.547621,17.18944
TBI,1024,Maximal Intensity,0,3,768,1024,0.786432,0.756581,17.00901
TBI,1024,Maximal Intensity,0,4,768,1024,0.786432,0.568526,16.315142
TBI,1024,Maximal Intensity,0,5,768,1024,0.786432,0.590887,17.070924
TBI,1024,Maximal Intensity,0,6,768,1024,0.786432,0.705259,16.763021
TBI,1024,Maximal Intensity,1,0,768,1024,0.786432,0.438501,16.563076
TBI,1024,Maximal Intensity,1,1,768,1024,0.786432,0.547576,16.418667
TBI,1024,Maximal Intensity,1,2,768,1024,0.786432,0.555919,17.061422
TBI,1024,Maximal Intensity,1,3,768,1024,0.786432,0.606989,16.326124
TBI,1024,Maximal Intensity,1,4,768,1024,0.786432,0.541078,17.046938
TBI,1024,Maximal Intensity,1,5,768,1024,0.786432,0.53988,16.106254
TBI,1024,Maximal Intensity,1,6,768,1024,0.786432,0.546233,16.87995
TBI,1024,Maximal Intensity,2,0,768,1024,0.786432,0.508293,16.282851
TBI,1024,Maximal Intensity,2,1,768,1024,0.786432,0.547924,17.20984
TBI,1024,Maximal Intensity,2,2,768,1024,0.786432,0.650516,17.512041
TBI,1024,Maximal Intensity,2,3,768,1024,0.786432,0.567965,17.293717
TBI,1024,Maximal Intensity,2,4,768,1024,0.786432,0.603368,15.988822
TBI,1024,Maximal Intensity,2,5,768,1024,0.786432,0.562734,17.155095
TBI,1024,Maximal Intensity,2,6,768,1024,0.786432,0.741038,16.559822
TBI,512,Gradient Squared Energy,0,0,384,512,0.196608,0.445134,17.50299
TBI,512,Gradient Squared Energy,0,1,384,512,0.196608,0.508252,17.182623
TBI,512,Gradient Squared Energy,0,2,384,512,0.196608,0.478784,17.679616
TBI,512,Gradient Squared Energy,0,3,384,512,0.196608,0.532841,16.879212
TBI,512,Gradient Squared Energy,0,4,384,512,0.196608,0.50255,17.525136
TBI,512,Gradient Squared Energy,0,5,384,512,0.196608,0.52029,18.04169
TBI,512,Gradient Squared Energy,0,6,384,512,0.196608,0.459147,18.997295
TBI,512,Gradient Squared Energy,1,0,384,512,0.196608,0.493467,18.004602
TBI,512,Gradient Squared Energy,1,1,384,512,0.196608,0.480251,28.957725
TBI,512,Gradient Squared Energy,1,2,384,512,0.196608,0.765336,19.150861
TBI,512,Gradient Squared Energy,1,3,384,512,0.196608,0.509769,18.216744
TBI,512,Gradient Squared Energy,1,4,384,512,0.196608,0.550131,17.902657
TBI,512,Gradient Squared Energy,1,5,384,512,0.196608,0.492338,17.578361
TBI,512,Gradient Squared Energy,1,6,384,512,0.196608,0.535221,17.501341
TBI,512,Gradient Squared Energy,2,0,384,512,0.196608,0.415711,17.445528
TBI,512,Gradient Squared Energy,2,1,384,512,0.196608,0.598294,17.107223
TBI,512,Gradient Squared Energy,2,2,384,512,0.196608,0.475082,17.237483
TBI,512,Gradient Squared Energy,2,3,384,512,0.196608,0.513828,17.714604
TBI,512,Gradient Squared Energy,2,4,384,512,0.196608,0.612233,17.441197
TBI,512,Gradient Squared Energy,2,5,384,512,0.196608,0.56224,17.140142
TBI,512,Gradient Squared Energy,2,6,384,512,0.196608,0.494893,17.421021
WBC,128,Wavelet W2,0,0,128,128,0.016384,0.207907,0.507323
WBC,128,Wavelet W2,0,1,128,128,0.016384,0.197581,0.362396
WBC,128,Wavelet W2,0,2,128,128,0.016384,0.193106,0.328006
WBC,128,Wavelet W2,0,3,128,128,0.016384,0.189817,0.319552
WBC,128,Wavelet W2,0,4,128,128,0.016384,0.221964,0.327251
WBC,128,Wavelet W2,0,5,128,128,0.016384,0.189418,0.319057
WBC,128,Wavelet W2,0,6,128,128,0.016384,0.185484,0.315025
WBC,128,Wavelet W2,1,0,128,128,0.016384,0.219803,0.365056
WBC,128,Wavelet W2,1,1,128,128,0.016384,0.184237,0.310677
WBC,128,Wavelet W2,1,2,128,128,0.016384,0.182268,0.317983
WBC,128,Wavelet W2,1,3,128,128,0.016384,0.181888,0.339297
WBC,128,Wavelet W2,1,4,128,128,0.016384,0.181391,0.309762
WBC,128,Wavelet W2,1,5,128,128,0.016384,0.179514,0.303943
WBC,128,Wavelet W2,1,6,128,128,0.016384,0.180716,0.303397
WBC,128,Wavelet W2,2,0,128,128,0.016384,0.201632,0.341654
WBC,128,Wavelet W2,2,1,128,128,0.016384,0.18492,0.311691
WBC,128,Wavelet W2,2,2,128,128,0.016384,0.194317,0.323284
WBC,128,Wavelet W2,2,3,128,128,0.016384,0.181359,0.306032
WBC,128,Wavelet W2,2,4,128,128,0.016384,0.178267,0.304107
WBC,128,Wavelet W2,2,5,128,128,0.016384,0.17905,0.313237
WBC,128,Wavelet W2,2,6,128,128,0.016384,0.208567,0.312146
PBS,128,Roberts Focus Measure,0,0,108,128,0.013824,0.030862,12.673275
PBS,128,Roberts Focus Measure,0,1,108,128,0.013824,0.035684,8.261731
PBS,128,Roberts Focus Measure,0,2,108,128,0.013824,0.036319,8.143756
PBS,128,Roberts Focus Measure,0,3,108,128,0.013824,0.035546,8.560078
PBS,128,Roberts Focus Measure,0,4,108,128,0.013824,0.038161,8.154556
PBS,128,Roberts Focus Measure,0,5,108,128,0.013824,0.035899,8.237163
PBS,128,Roberts Focus Measure,0,6,108,128,0.013824,0.035087,7.887443
PBS,128,Roberts Focus Measure,1,0,108,128,0.013824,0.040766,8.535525
PBS,128,Roberts Focus Measure,1,1,108,128,0.013824,0.035893,7.872171
PBS,128,Roberts Focus Measure,1,2,108,128,0.013824,0.035104,8.455662
PBS,128,Roberts Focus Measure,1,3,108,128,0.013824,0.035438,9.045072
PBS,128,Roberts Focus Measure,1,4,108,128,0.013824,0.080085,8.112464
PBS,128,Roberts Focus Measure,1,5,108,128,0.013824,0.035768,8.460972
PBS,128,Roberts Focus Measure,1,6,108,128,0.013824,0.035429,8.407953
PBS,128,Roberts Focus Measure,2,0,108,128,0.013824,0.042101,8.199905
PBS,128,Roberts Focus Measure,2,1,108,128,0.013824,0.035535,7.75756
PBS,128,Roberts Focus Measure,2,2,108,128,0.013824,0.035118,9.141251
PBS,128,Roberts Focus Measure,2,3,108,128,0.013824,0.037426,7.863786
PBS,128,Roberts Focus Measure,2,4,108,128,0.013824,0.037372,8.577289
PBS,128,Roberts Focus Measure,2,5,108,128,0.013824,0.040031,7.895692
PBS,128,Roberts Focus Measure,2,6,108,128,0.013824,0.036193,8.780088
BMA,native,Sum Modified Laplacian,0,0,2160,2560,5.5296,44.68999,57.644056
BMA,native,Sum Modified Laplacian,0,1,2160,2560,5.5296,33.057204,38.061118
BMA,native,Sum Modified Laplacian,0,2,2160,2560,5.5296,31.016205,39.339445
BMA,native,Sum Modified Laplacian,0,3,2160,2560,5.5296,31.804257,38.44512
BMA,native,Sum Modified Laplacian,0,4,2160,2560,5.5296,31.511426,38.494512
BMA,native,Sum Modified Laplacian,0,5,2160,2560,5.5296,31.732745,37.297891
BMA,native,Sum Modified Laplacian,0,6,2160,2560,5.5296,30.997591,38.905069
BMA,native,Sum Modified Laplacian,1,0,2160,2560,5.5296,32.433077,37.507345
BMA,native,Sum Modified Laplacian,1,1,2160,2560,5.5296,31.324384,39.192685
BMA,native,Sum Modified Laplacian,1,2,2160,2560,5.5296,32.302407,39.104057
BMA,native,Sum Modified Laplacian,1,3,2160,2560,5.5296,31.229338,40.630738
BMA,native,Sum Modified Laplacian,1,4,2160,2560,5.5296,32.016055,38.590287
BMA,native,Sum Modified Laplacian,1,5,2160,2560,5.5296,32.784659,38.191936
BMA,native,Sum Modified Laplacian,1,6,2160,2560,5.5296,31.676451,38.282828
BMA,native,Sum Modified Laplacian,2,0,2160,2560,5.5296,31.581427,39.882574
BMA,native,Sum Modified Laplacian,2,1,2160,2560,5.5296,32.966937,38.491344
BMA,native,Sum Modified Laplacian,2,2,2160,2560,5.5296,31.709979,37.144561
BMA,native,Sum Modified Laplacian,2,3,2160,2560,5.5296,31.814606,37.355399
BMA,native,Sum Modified Laplacian,2,4,2160,2560,5.5296,31.002123,39.134577
BMA,native,Sum Modified Laplacian,2,5,2160,2560,5.5296,31.14267,37.774546
BMA,native,Sum Modified Laplacian,2,6,2160,2560,5.5296,31.20507,39.55367
WBC,1024,Wavelet Detail Energy (db1),0,0,1024,1024,1.048576,16.35694,17.509502
WBC,1024,Wavelet Detail Energy (db1),0,1,1024,1024,1.048576,15.90542,16.997698
WBC,1024,Wavelet Detail Energy (db1),0,2,1024,1024,1.048576,16.22171,17.191135
WBC,1024,Wavelet Detail Energy (db1),0,3,1024,1024,1.048576,16.750572,16.145803
WBC,1024,Wavelet Detail Energy (db1),0,4,1024,1024,1.048576,15.263978,17.496677
WBC,1024,Wavelet Detail Energy (db1),0,5,1024,1024,1.048576,16.220505,17.435682
WBC,1024,Wavelet Detail Energy (db1),0,6,1024,1024,1.048576,15.853973,18.012151
WBC,1024,Wavelet Detail Energy (db1),1,0,1024,1024,1.048576,16.233181,17.053299
WBC,1024,Wavelet Detail Energy (db1),1,1,1024,1024,1.048576,15.87112,16.772053
WBC,1024,Wavelet Detail Energy (db1),1,2,1024,1024,1.048576,15.920869,16.457657
WBC,1024,Wavelet Detail Energy (db1),1,3,1024,1024,1.048576,15.11719,17.134179
WBC,1024,Wavelet Detail Energy (db1),1,4,1024,1024,1.048576,15.899051,16.631572
WBC,1024,Wavelet Detail Energy (db1),1,5,1024,1024,1.048576,15.254883,17.460002
WBC,1024,Wavelet Detail Energy (db1),1,6,1024,1024,1.048576,16.012324,17.24802
WBC,1024,Wavelet Detail Energy (db1),2,0,1024,1024,1.048576,14.815103,18.044113
WBC,1024,Wavelet Detail Energy (db1),2,1,1024,1024,1.048576,16.822429,17.387627
WBC,1024,Wavelet Detail Energy (db1),2,2,1024,1024,1.048576,16.39467,16.79114
WBC,1024,Wavelet Detail Energy (db1),2,3,1024,1024,1.048576,16.092572,18.377814
WBC,1024,Wavelet Detail Energy (db1),2,4,1024,1024,1.048576,15.505621,17.734016
WBC,1024,Wavelet Detail Energy (db1),2,5,1024,1024,1.048576,15.846297,16.030432
WBC,1024,Wavelet Detail Energy (db1),2,6,1024,1024,1.048576,14.927097,16.885625
TBF,1024,Intensity Skewness Index,0,0,864,1024,0.884736,8.269038,20.231302
TBF,1024,Intensity Skewness Index,0,1,864,1024,0.884736,7.687554,16.034155
TBF,1024,Intensity Skewness Index,0,2,864,1024,0.884736,7.592783,15.232348
TBF,1024,Intensity Skewness Index,0,3,864,1024,0.884736,7.705253,15.619851
TBF,1024,Intensity Skewness Index,0,4,864,1024,0.884736,7.668003,15.161619
TBF,1024,Intensity Skewness Index,0,5,864,1024,0.884736,8.259251,15.564885
TBF,1024,Intensity Skewness Index,0,6,864,1024,0.884736,7.79497,15.631405
TBF,1024,Intensity Skewness Index,1,0,864,1024,0.884736,7.738029,15.760917
TBF,1024,Intensity Skewness Index,1,1,864,1024,0.884736,7.835845,15.869466
TBF,1024,Intensity Skewness Index,1,2,864,1024,0.884736,7.876477,16.444511
TBF,1024,Intensity Skewness Index,1,3,864,1024,0.884736,8.252245,15.781597
TBF,1024,Intensity Skewness Index,1,4,864,1024,0.884736,7.767755,15.980264
TBF,1024,Intensity Skewness Index,1,5,864,1024,0.884736,7.933105,15.281315
TBF,1024,Intensity Skewness Index,1,6,864,1024,0.884736,7.590688,15.815172
TBF,1024,Intensity Skewness Index,2,0,864,1024,0.884736,7.91757,16.006827
TBF,1024,Intensity Skewness Index,2,1,864,1024,0.884736,7.841019,16.346571
TBF,1024,Intensity Skewness Index,2,2,864,1024,0.884736,7.786001,15.606439
TBF,1024,Intensity Skewness Index,2,3,864,1024,0.884736,8.136156,16.084006
TBF,1024,Intensity Skewness Index,2,4,864,1024,0.884736,8.101057,15.725934
TBF,1024,Intensity Skewness Index,2,5,864,1024,0.884736,7.782173,15.715242
TBF,1024,Intensity Skewness Index,2,6,864,1024,0.884736,8.097412,16.181453
BMA,512,Gradient Squared Energy,0,0,432,512,0.221184,0.515546,8.102287
BMA,512,Gradient Squared Energy,0,1,432,512,0.221184,0.528107,8.089592
BMA,512,Gradient Squared Energy,0,2,432,512,0.221184,0.558046,8.240731
BMA,512,Gradient Squared Energy,0,3,432,512,0.221184,0.754336,8.27414
BMA,512,Gradient Squared Energy,0,4,432,512,0.221184,0.85481,7.985893
BMA,512,Gradient Squared Energy,0,5,432,512,0.221184,0.588408,8.318186
BMA,512,Gradient Squared Energy,0,6,432,512,0.221184,0.517549,7.905006
BMA,512,Gradient Squared Energy,1,0,432,512,0.221184,0.545473,8.832909
BMA,512,Gradient Squared Energy,1,1,432,512,0.221184,0.572126,8.065902
BMA,512,Gradient Squared Energy,1,2,432,512,0.221184,0.65565,8.373885
BMA,512,Gradient Squared Energy,1,3,432,512,0.221184,0.537426,8.618838
BMA,512,Gradient Squared Energy,1,4,432,512,0.221184,0.606496,8.137076
BMA,512,Gradient Squared Energy,1,5,432,512,0.221184,0.53312,8.89271
BMA,512,Gradient Squared Energy,1,6,432,512,0.221184,0.52878,8.179962
BMA,512,Gradient Squared Energy,2,0,432,512,0.221184,0.528895,8.34251
BMA,512,Gradient Squared Energy,2,1,432,512,0.221184,0.652184,8.111151
BMA,512,Gradient Squared Energy,2,2,432,512,0.221184,0.570133,8.144714
BMA,512,Gradient Squared Energy,2,3,432,512,0.221184,0.522292,8.42366
BMA,512,Gradient Squared Energy,2,4,432,512,0.221184,0.582811,8.156113
BMA,512,Gradient Squared Energy,2,5,432,512,0.221184,0.600674,7.819248
BMA,512,Gradient Squared Energy,2,6,432,512,0.221184,0.563583,8.55098
TBI,1024,Laplacian Energy,0,0,768,1024,0.786432,10.635884,24.132671
TBI,1024,Laplacian Energy,0,1,768,1024,0.786432,9.915094,27.78295
TBI,1024,Laplacian Energy,0,2,768,1024,0.786432,10.604243,27.744668
TBI,1024,Laplacian Energy,0,3,768,1024,0.786432,10.177095,27.986453
TBI,1024,Laplacian Energy,0,4,768,1024,0.786432,10.14376,27.977234
TBI,1024,Laplacian Energy,0,5,768,1024,0.786432,10.648267,27.646632
TBI,1024,Laplacian Energy,0,6,768,1024,0.786432,10.032508,28.855728
TBI,1024,Laplacian Energy,1,0,768,1024,0.786432,10.119821,26.694605
TBI,1024,Laplacian Energy,1,1,768,1024,0.786432,9.707902,28.088263
TBI,1024,Laplacian Energy,1,2,768,1024,0.786432,10.041275,26.809142
TBI,1024,Laplacian Energy,1,3,768,1024,0.786432,10.490673,28.243094
TBI,1024,Laplacian Energy,1,4,768,1024,0.786432,10.755744,27.939034
TBI,1024,Laplacian Energy,1,5,768,1024,0.786432,9.971404,28.473048
TBI,1024,Laplacian Energy,1,6,768,1024,0.786432,18.566799,44.819198
TBI,1024,Laplacian Energy,2,0,768,1024,0.786432,9.772999,27.23257
TBI,1024,Laplacian Energy,2,1,768,1024,0.786432,10.540736,26.554905
TBI,1024,Laplacian Energy,2,2,768,1024,0.786432,9.664116,27.564438
TBI,1024,Laplacian Energy,2,3,768,1024,0.786432,10.256699,26.726321
TBI,1024,Laplacian Energy,2,4,768,1024,0.786432,9.792094,26.815598
TBI,1024,Laplacian Energy,2,5,768,1024,0.786432,9.886669,26.363315
TBI,1024,Laplacian Energy,2,6,768,1024,0.786432,9.601306,28.071149
TBI,512,Sum Modified Laplacian,0,0,384,512,0.196608,0.610532,17.897334
TBI,512,Sum Modified Laplacian,0,1,384,512,0.196608,0.639078,17.253654
TBI,512,Sum Modified Laplacian,0,2,384,512,0.196608,0.637014,17.479922
TBI,512,Sum Modified Laplacian,0,3,384,512,0.196608,0.606696,17.380757
TBI,512,Sum Modified Laplacian,0,4,384,512,0.196608,0.618507,17.278493
TBI,512,Sum Modified Laplacian,0,5,384,512,0.196608,0.588829,17.945355
TBI,512,Sum Modified Laplacian,0,6,384,512,0.196608,0.67658,17.496661
TBI,512,Sum Modified Laplacian,1,0,384,512,0.196608,0.583997,17.264157
TBI,512,Sum Modified Laplacian,1,1,384,512,0.196608,0.642223,17.602528
TBI,512,Sum Modified Laplacian,1,2,384,512,0.196608,0.581018,17.552076
TBI,512,Sum Modified Laplacian,1,3,384,512,0.196608,0.609872,17.216425
TBI,512,Sum Modified Laplacian,1,4,384,512,0.196608,0.601282,17.333073
TBI,512,Sum Modified Laplacian,1,5,384,512,0.196608,0.667557,17.356621
TBI,512,Sum Modified Laplacian,1,6,384,512,0.196608,0.592819,17.596537
TBI,512,Sum Modified Laplacian,2,0,384,512,0.196608,0.586161,19.300582
TBI,512,Sum Modified Laplacian,2,1,384,512,0.196608,0.632513,18.329064
TBI,512,Sum Modified Laplacian,2,2,384,512,0.196608,0.645876,17.866686
TBI,512,Sum Modified Laplacian,2,3,384,512,0.196608,0.694093,17.630713
TBI,512,Sum Modified Laplacian,2,4,384,512,0.196608,0.654798,17.967604
TBI,512,Sum Modified Laplacian,2,5,384,512,0.196608,0.740488,17.661168
TBI,512,Sum Modified Laplacian,2,6,384,512,0.196608,0.644355,17.558794
TBF,native,Normalized Variance,0,0,2160,2560,5.5296,18.807624,31.166028
TBF,native,Normalized Variance,0,1,2160,2560,5.5296,20.180456,22.547821
TBF,native,Normalized Variance,0,2,2160,2560,5.5296,15.029398,30.173645
TBF,native,Normalized Variance,0,3,2160,2560,5.5296,21.65289,21.434608
TBF,native,Normalized Variance,0,4,2160,2560,5.5296,15.586856,24.642487
TBF,native,Normalized Variance,0,5,2160,2560,5.5296,20.268455,21.335212
TBF,native,Normalized Variance,0,6,2160,2560,5.5296,14.532184,25.542469
TBF,native,Normalized Variance,1,0,2160,2560,5.5296,20.527567,20.894496
TBF,native,Normalized Variance,1,1,2160,2560,5.5296,14.772007,24.959899
TBF,native,Normalized Variance,1,2,2160,2560,5.5296,19.25653,20.25654
TBF,native,Normalized Variance,1,3,2160,2560,5.5296,14.288205,24.488429
TBF,native,Normalized Variance,1,4,2160,2560,5.5296,18.909699,20.971792
TBF,native,Normalized Variance,1,5,2160,2560,5.5296,15.080661,24.919779
TBF,native,Normalized Variance,1,6,2160,2560,5.5296,19.522585,20.272004
TBF,native,Normalized Variance,2,0,2160,2560,5.5296,15.20011,25.194695
TBF,native,Normalized Variance,2,1,2160,2560,5.5296,18.976246,20.066269
TBF,native,Normalized Variance,2,2,2160,2560,5.5296,14.44629,25.163216
TBF,native,Normalized Variance,2,3,2160,2560,5.5296,19.380739,19.985768
TBF,native,Normalized Variance,2,4,2160,2560,5.5296,15.147005,25.210039
TBF,native,Normalized Variance,2,5,2160,2560,5.5296,19.552731,19.808863
TBF,native,Normalized Variance,2,6,2160,2560,5.5296,14.528849,24.690747
BMA,1024,Image Power,0,0,864,1024,0.884736,1.01818,10.174298
BMA,1024,Image Power,0,1,864,1024,0.884736,1.197186,14.521711
BMA,1024,Image Power,0,2,864,1024,0.884736,1.224183,9.491142
BMA,1024,Image Power,0,3,864,1024,0.884736,1.174295,9.312171
BMA,1024,Image Power,0,4,864,1024,0.884736,1.241195,9.22951
BMA,1024,Image Power,0,5,864,1024,0.884736,1.271072,9.534357
BMA,1024,Image Power,0,6,864,1024,0.884736,1.105934,9.515265
BMA,1024,Image Power,1,0,864,1024,0.884736,1.033602,9.691053
BMA,1024,Image Power,1,1,864,1024,0.884736,1.212994,8.95292
BMA,1024,Image Power,1,2,864,1024,0.884736,1.245648,9.729124
BMA,1024,Image Power,1,3,864,1024,0.884736,1.176015,8.825959
BMA,1024,Image Power,1,4,864,1024,0.884736,1.138606,9.056516
BMA,1024,Image Power,1,5,864,1024,0.884736,1.14758,8.766733
BMA,1024,Image Power,1,6,864,1024,0.884736,1.104984,9.326927
BMA,1024,Image Power,2,0,864,1024,0.884736,0.958824,8.880393
BMA,1024,Image Power,2,1,864,1024,0.884736,1.137051,9.248096
BMA,1024,Image Power,2,2,864,1024,0.884736,1.073633,8.685616
BMA,1024,Image Power,2,3,864,1024,0.884736,1.177203,9.190015
BMA,1024,Image Power,2,4,864,1024,0.884736,1.215117,8.954917
BMA,1024,Image Power,2,5,864,1024,0.884736,1.135348,9.955266
BMA,1024,Image Power,2,6,864,1024,0.884736,1.283928,9.187232
TBI,128,Histogram Entropy,0,0,96,128,0.012288,0.0706,13.285592
TBI,128,Histogram Entropy,0,1,96,128,0.012288,0.088103,16.238148
TBI,128,Histogram Entropy,0,2,96,128,0.012288,0.087481,16.110963
TBI,128,Histogram Entropy,0,3,96,128,0.012288,0.098889,15.959975
TBI,128,Histogram Entropy,0,4,96,128,0.012288,0.123665,16.434418
TBI,128,Histogram Entropy,0,5,96,128,0.012288,0.109755,15.820329
TBI,128,Histogram Entropy,0,6,96,128,0.012288,0.10723,16.542159
TBI,128,Histogram Entropy,1,0,96,128,0.012288,0.067634,29.07297
TBI,128,Histogram Entropy,1,1,96,128,0.012288,0.134317,16.582615
TBI,128,Histogram Entropy,1,2,96,128,0.012288,0.087348,16.008309
TBI,128,Histogram Entropy,1,3,96,128,0.012288,0.115613,15.861207
TBI,128,Histogram Entropy,1,4,96,128,0.012288,0.083192,15.49162
TBI,128,Histogram Entropy,1,5,96,128,0.012288,0.07965,15.577609
TBI,128,Histogram Entropy,1,6,96,128,0.012288,0.076617,15.801787
TBI,128,Histogram Entropy,2,0,96,128,0.012288,0.06659,16.196843
TBI,128,Histogram Entropy,2,1,96,128,0.012288,0.086784,15.917645
TBI,128,Histogram Entropy,2,2,96,128,0.012288,0.07755,15.876715
TBI,128,Histogram Entropy,2,3,96,128,0.012288,0.082025,15.809081
TBI,128,Histogram Entropy,2,4,96,128,0.012288,0.07836,15.964488
TBI,128,Histogram Entropy,2,5,96,128,0.012288,0.085925,16.491116
TBI,128,Histogram Entropy,2,6,96,128,0.012288,0.092614,16.202436
BMA,128,Brenner Gradient,0,0,108,128,0.013824,0.016153,13.14913
BMA,128,Brenner Gradient,0,1,108,128,0.013824,0.020998,8.333069
BMA,128,Brenner Gradient,0,2,108,128,0.013824,0.02236,8.490949
BMA,128,Brenner Gradient,0,3,108,128,0.013824,0.020273,8.171828
BMA,128,Brenner Gradient,0,4,108,128,0.013824,0.024325,8.362754
BMA,128,Brenner Gradient,0,5,108,128,0.013824,0.025507,7.725921
BMA,128,Brenner Gradient,0,6,108,128,0.013824,0.025461,7.870842
BMA,128,Brenner Gradient,1,0,108,128,0.013824,0.015686,8.763298
BMA,128,Brenner Gradient,1,1,108,128,0.013824,0.026306,7.969128
BMA,128,Brenner Gradient,1,2,108,128,0.013824,0.020293,8.771368
BMA,128,Brenner Gradient,1,3,108,128,0.013824,0.021852,8.476288
BMA,128,Brenner Gradient,1,4,108,128,0.013824,0.022718,8.14336
BMA,128,Brenner Gradient,1,5,108,128,0.013824,0.022246,8.559207
BMA,128,Brenner Gradient,1,6,108,128,0.013824,0.022648,8.000273
BMA,128,Brenner Gradient,2,0,108,128,0.013824,0.016147,7.874818
BMA,128,Brenner Gradient,2,1,108,128,0.013824,0.020287,8.626761
BMA,128,Brenner Gradient,2,2,108,128,0.013824,0.026976,7.762343
BMA,128,Brenner Gradient,2,3,108,128,0.013824,0.020375,8.825637
BMA,128,Brenner Gradient,2,4,108,128,0.013824,0.021193,7.805289
BMA,128,Brenner Gradient,2,5,108,128,0.013824,0.020193,7.891909
BMA,128,Brenner Gradient,2,6,108,128,0.013824,0.020246,7.829836
BMA,128,Variance of Laplacian,0,0,108,128,0.013824,0.037808,7.928774
BMA,128,Variance of Laplacian,0,1,108,128,0.013824,0.043422,7.791379
BMA,128,Variance of Laplacian,0,2,108,128,0.013824,0.038193,8.149325
BMA,128,Variance of Laplacian,0,3,108,128,0.013824,0.038191,8.911035
BMA,128,Variance of Laplacian,0,4,108,128,0.013824,0.041785,8.235924
BMA,128,Variance of Laplacian,0,5,108,128,0.013824,0.043725,8.070226
BMA,128,Variance of Laplacian,0,6,108,128,0.013824,0.043979,8.187255
BMA,128,Variance of Laplacian,1,0,108,128,0.013824,0.032336,8.677706
BMA,128,Variance of Laplacian,1,1,108,128,0.013824,0.060408,8.250214
BMA,128,Variance of Laplacian,1,2,108,128,0.013824,0.046879,7.866908
BMA,128,Variance of Laplacian,1,3,108,128,0.013824,0.044011,8.603136
BMA,128,Variance of Laplacian,1,4,108,128,0.013824,0.045375,8.242647
BMA,128,Variance of Laplacian,1,5,108,128,0.013824,0.044889,7.780726
BMA,128,Variance of Laplacian,1,6,108,128,0.013824,0.040776,8.281945
BMA,128,Variance of Laplacian,2,0,108,128,0.013824,0.032651,7.85837
BMA,128,Variance of Laplacian,2,1,108,128,0.013824,0.041144,8.133805
BMA,128,Variance of Laplacian,2,2,108,128,0.013824,0.038189,7.728293
BMA,128,Variance of Laplacian,2,3,108,128,0.013824,0.037809,8.521279
BMA,128,Variance of Laplacian,2,4,108,128,0.013824,0.053646,8.075258
BMA,128,Variance of Laplacian,2,5,108,128,0.013824,0.047801,8.38016
BMA,128,Variance of Laplacian,2,6,108,128,0.013824,0.040996,8.36282
PBS,1024,Absolute Central Moment 2,0,0,864,1024,0.884736,2.380865,10.171213
PBS,1024,Absolute Central Moment 2,0,1,864,1024,0.884736,2.112339,10.420286
PBS,1024,Absolute Central Moment 2,0,2,864,1024,0.884736,2.102192,10.365239
PBS,1024,Absolute Central Moment 2,0,3,864,1024,0.884736,2.55418,10.372
PBS,1024,Absolute Central Moment 2,0,4,864,1024,0.884736,2.221199,10.719207
PBS,1024,Absolute Central Moment 2,0,5,864,1024,0.884736,2.193495,10.687059
PBS,1024,Absolute Central Moment 2,0,6,864,1024,0.884736,2.203789,10.212493
PBS,1024,Absolute Central Moment 2,1,0,864,1024,0.884736,2.037412,9.959389
PBS,1024,Absolute Central Moment 2,1,1,864,1024,0.884736,2.191507,9.760241
PBS,1024,Absolute Central Moment 2,1,2,864,1024,0.884736,2.171938,9.884034
PBS,1024,Absolute Central Moment 2,1,3,864,1024,0.884736,2.159148,9.806149
PBS,1024,Absolute Central Moment 2,1,4,864,1024,0.884736,2.051185,9.89195
PBS,1024,Absolute Central Moment 2,1,5,864,1024,0.884736,1.985734,9.810076
PBS,1024,Absolute Central Moment 2,1,6,864,1024,0.884736,2.082924,9.793449
PBS,1024,Absolute Central Moment 2,2,0,864,1024,0.884736,1.873168,10.032801
PBS,1024,Absolute Central Moment 2,2,1,864,1024,0.884736,2.274051,10.160958
PBS,1024,Absolute Central Moment 2,2,2,864,1024,0.884736,2.260938,10.225459
PBS,1024,Absolute Central Moment 2,2,3,864,1024,0.884736,2.192803,10.370633
PBS,1024,Absolute Central Moment 2,2,4,864,1024,0.884736,2.147736,10.458074
PBS,1024,Absolute Central Moment 2,2,5,864,1024,0.884736,2.245334,10.444732
PBS,1024,Absolute Central Moment 2,2,6,864,1024,0.884736,2.25731,10.244377
BMA,512,Fourier High Frequency Energy Ratio,0,0,432,512,0.221184,3.813718,12.497581
BMA,512,Fourier High Frequency Energy Ratio,0,1,432,512,0.221184,3.729345,11.59508
BMA,512,Fourier High Frequency Energy Ratio,0,2,432,512,0.221184,4.211787,12.232794
BMA,512,Fourier High Frequency Energy Ratio,0,3,432,512,0.221184,4.136944,11.787926
BMA,512,Fourier High Frequency Energy Ratio,0,4,432,512,0.221184,4.047375,11.538594
BMA,512,Fourier High Frequency Energy Ratio,0,5,432,512,0.221184,3.764736,11.450401
BMA,512,Fourier High Frequency Energy Ratio,0,6,432,512,0.221184,3.886582,11.712524
BMA,512,Fourier High Frequency Energy Ratio,1,0,432,512,0.221184,3.792607,12.468464
BMA,512,Fourier High Frequency Energy Ratio,1,1,432,512,0.221184,3.958247,11.497313
BMA,512,Fourier High Frequency Energy Ratio,1,2,432,512,0.221184,3.859701,11.484787
BMA,512,Fourier High Frequency Energy Ratio,1,3,432,512,0.221184,3.870649,11.286884
BMA,512,Fourier High Frequency Energy Ratio,1,4,432,512,0.221184,3.748335,11.522215
BMA,512,Fourier High Frequency Energy Ratio,1,5,432,512,0.221184,3.670196,11.959308
BMA,512,Fourier High Frequency Energy Ratio,1,6,432,512,0.221184,3.611509,11.940637
BMA,512,Fourier High Frequency Energy Ratio,2,0,432,512,0.221184,3.577497,11.499542
BMA,512,Fourier High Frequency Energy Ratio,2,1,432,512,0.221184,3.630426,11.606286
BMA,512,Fourier High Frequency Energy Ratio,2,2,432,512,0.221184,3.7007,11.504717
BMA,512,Fourier High Frequency Energy Ratio,2,3,432,512,0.221184,3.940216,11.711286
BMA,512,Fourier High Frequency Energy Ratio,2,4,432,512,0.221184,3.861879,11.576925
BMA,512,Fourier High Frequency Energy Ratio,2,5,432,512,0.221184,3.797852,11.598764
BMA,512,Fourier High Frequency Energy Ratio,2,6,432,512,0.221184,3.760684,11.600392
BMA,1024,GLCM Contrast,0,0,864,1024,0.884736,215.099483,227.983078
BMA,1024,GLCM Contrast,0,1,864,1024,0.884736,215.898759,225.265016
BMA,1024,GLCM Contrast,0,2,864,1024,0.884736,220.553109,222.667353
BMA,1024,GLCM Contrast,0,3,864,1024,0.884736,216.440412,227.795526
BMA,1024,GLCM Contrast,0,4,864,1024,0.884736,218.697295,224.384474
BMA,1024,GLCM Contrast,0,5,864,1024,0.884736,217.345414,226.406535
BMA,1024,GLCM Contrast,0,6,864,1024,0.884736,219.083549,228.287416
BMA,1024,GLCM Contrast,1,0,864,1024,0.884736,216.269334,226.891307
BMA,1024,GLCM Contrast,1,1,864,1024,0.884736,217.495482,224.193394
BMA,1024,GLCM Contrast,1,2,864,1024,0.884736,215.164971,227.176139
BMA,1024,GLCM Contrast,1,3,864,1024,0.884736,216.524778,222.091987
BMA,1024,GLCM Contrast,1,4,864,1024,0.884736,219.168951,222.924293
BMA,1024,GLCM Contrast,1,5,864,1024,0.884736,215.280633,226.709185
BMA,1024,GLCM Contrast,1,6,864,1024,0.884736,219.61471,224.005846
BMA,1024,GLCM Contrast,2,0,864,1024,0.884736,216.624279,225.396425
BMA,1024,GLCM Contrast,2,1,864,1024,0.884736,219.041339,222.332422
BMA,1024,GLCM Contrast,2,2,864,1024,0.884736,217.324422,225.487605
BMA,1024,GLCM Contrast,2,3,864,1024,0.884736,217.337514,227.670351
BMA,1024,GLCM Contrast,2,4,864,1024,0.884736,221.00352,225.139499
BMA,1024,GLCM Contrast,2,5,864,1024,0.884736,215.2499,223.645258
BMA,1024,GLCM Contrast,2,6,864,1024,0.884736,219.085752,224.42259
PBS,512,Absolute Central Moment 4,0,0,432,512,0.221184,3.078329,10.3125
PBS,512,Absolute Central Moment 4,0,1,432,512,0.221184,2.928998,10.835502
PBS,512,Absolute Central Moment 4,0,2,432,512,0.221184,3.220491,11.323072
PBS,512,Absolute Central Moment 4,0,3,432,512,0.221184,3.095724,11.585844
PBS,512,Absolute Central Moment 4,0,4,432,512,0.221184,2.904976,11.185017
PBS,512,Absolute Central Moment 4,0,5,432,512,0.221184,3.017038,11.506698
PBS,512,Absolute Central Moment 4,0,6,432,512,0.221184,3.070719,10.572751
PBS,512,Absolute Central Moment 4,1,0,432,512,0.221184,2.873667,10.199416
PBS,512,Absolute Central Moment 4,1,1,432,512,0.221184,2.953849,10.359049
PBS,512,Absolute Central Moment 4,1,2,432,512,0.221184,2.981741,10.984634
PBS,512,Absolute Central Moment 4,1,3,432,512,0.221184,3.140748,10.536775
PBS,512,Absolute Central Moment 4,1,4,432,512,0.221184,2.976893,10.799936
PBS,512,Absolute Central Moment 4,1,5,432,512,0.221184,2.998113,10.632114
PBS,512,Absolute Central Moment 4,1,6,432,512,0.221184,2.952771,10.460515
PBS,512,Absolute Central Moment 4,2,0,432,512,0.221184,2.929878,10.448009
PBS,512,Absolute Central Moment 4,2,1,432,512,0.221184,3.176378,11.154025
PBS,512,Absolute Central Moment 4,2,2,432,512,0.221184,3.061957,11.353322
PBS,512,Absolute Central Moment 4,2,3,432,512,0.221184,3.180641,10.728605
PBS,512,Absolute Central Moment 4,2,4,432,512,0.221184,2.981598,10.180571
PBS,512,Absolute Central Moment 4,2,5,432,512,0.221184,3.000829,10.879619
PBS,512,Absolute Central Moment 4,2,6,432,512,0.221184,3.037297,11.279951
TBF,512,Variance of Gradient,0,0,432,512,0.221184,0.66353,7.422081
TBF,512,Variance of Gradient,0,1,432,512,0.221184,0.716758,7.754536
TBF,512,Variance of Gradient,0,2,432,512,0.221184,0.755383,7.54271
TBF,512,Variance of Gradient,0,3,432,512,0.221184,0.857949,7.943497
TBF,512,Variance of Gradient,0,4,432,512,0.221184,0.927411,7.43771
TBF,512,Variance of Gradient,0,5,432,512,0.221184,0.660221,7.623485
TBF,512,Variance of Gradient,0,6,432,512,0.221184,0.742686,7.487295
TBF,512,Variance of Gradient,1,0,432,512,0.221184,0.689066,7.85347
TBF,512,Variance of Gradient,1,1,432,512,0.221184,0.71481,7.551382
TBF,512,Variance of Gradient,1,2,432,512,0.221184,0.676192,7.43806
TBF,512,Variance of Gradient,1,3,432,512,0.221184,0.727799,8.075639
TBF,512,Variance of Gradient,1,4,432,512,0.221184,0.725854,7.467665
TBF,512,Variance of Gradient,1,5,432,512,0.221184,0.69591,7.952644
TBF,512,Variance of Gradient,1,6,432,512,0.221184,0.726083,7.503292
TBF,512,Variance of Gradient,2,0,432,512,0.221184,0.642523,7.757832
TBF,512,Variance of Gradient,2,1,432,512,0.221184,0.743346,7.65952
TBF,512,Variance of Gradient,2,2,432,512,0.221184,0.720603,8.050572
TBF,512,Variance of Gradient,2,3,432,512,0.221184,0.726633,7.449739
TBF,512,Variance of Gradient,2,4,432,512,0.221184,0.670724,7.504333
TBF,512,Variance of Gradient,2,5,432,512,0.221184,0.708307,8.190661
TBF,512,Variance of Gradient,2,6,432,512,0.221184,0.81111,7.967572
WBC,128,Absolute Central Moment 4,0,0,128,128,0.016384,0.217077,0.55778
WBC,128,Absolute Central Moment 4,0,1,128,128,0.016384,0.341878,0.59498
WBC,128,Absolute Central Moment 4,0,2,128,128,0.016384,0.220674,0.384173
WBC,128,Absolute Central Moment 4,0,3,128,128,0.016384,0.209262,0.366275
WBC,128,Absolute Central Moment 4,0,4,128,128,0.016384,0.263885,0.345103
WBC,128,Absolute Central Moment 4,0,5,128,128,0.016384,0.209099,0.329074
WBC,128,Absolute Central Moment 4,0,6,128,128,0.016384,0.207634,0.342715
WBC,128,Absolute Central Moment 4,1,0,128,128,0.016384,0.207713,0.337418
WBC,128,Absolute Central Moment 4,1,1,128,128,0.016384,0.21175,0.332011
WBC,128,Absolute Central Moment 4,1,2,128,128,0.016384,0.214298,0.368801
WBC,128,Absolute Central Moment 4,1,3,128,128,0.016384,0.212265,0.375934
WBC,128,Absolute Central Moment 4,1,4,128,128,0.016384,0.227738,0.341995
WBC,128,Absolute Central Moment 4,1,5,128,128,0.016384,0.208005,0.344587
WBC,128,Absolute Central Moment 4,1,6,128,128,0.016384,0.214265,0.334767
WBC,128,Absolute Central Moment 4,2,0,128,128,0.016384,0.201329,0.320406
WBC,128,Absolute Central Moment 4,2,1,128,128,0.016384,0.219555,0.331743
WBC,128,Absolute Central Moment 4,2,2,128,128,0.016384,0.20243,0.330989
WBC,128,Absolute Central Moment 4,2,3,128,128,0.016384,0.234272,0.6557
WBC,128,Absolute Central Moment 4,2,4,128,128,0.016384,0.212074,0.339143
WBC,128,Absolute Central Moment 4,2,5,128,128,0.016384,0.20191,0.319369
WBC,128,Absolute Central Moment 4,2,6,128,128,0.016384,0.200942,0.334225
TBF,128,GLCM Contrast,0,0,108,128,0.013824,3.335678,12.469551
TBF,128,GLCM Contrast,0,1,108,128,0.013824,3.376927,10.951261
TBF,128,GLCM Contrast,0,2,108,128,0.013824,3.50221,11.827377
TBF,128,GLCM Contrast,0,3,108,128,0.013824,3.602287,11.585482
TBF,128,GLCM Contrast,0,4,108,128,0.013824,3.680726,11.149079
TBF,128,GLCM Contrast,0,5,108,128,0.013824,3.392598,12.127743
TBF,128,GLCM Contrast,0,6,108,128,0.013824,3.490954,11.518529
TBF,128,GLCM Contrast,1,0,108,128,0.013824,3.351928,11.231125
TBF,128,GLCM Contrast,1,1,108,128,0.013824,3.636276,11.022467
TBF,128,GLCM Contrast,1,2,108,128,0.013824,3.470695,12.272713
TBF,128,GLCM Contrast,1,3,108,128,0.013824,3.410474,11.193912
TBF,128,GLCM Contrast,1,4,108,128,0.013824,3.623079,10.970614
TBF,128,GLCM Contrast,1,5,108,128,0.013824,3.417719,11.95264
TBF,128,GLCM Contrast,1,6,108,128,0.013824,3.825956,11.814807
TBF,128,GLCM Contrast,2,0,108,128,0.013824,3.379997,10.956807
TBF,128,GLCM Contrast,2,1,108,128,0.013824,3.534128,12.811065
TBF,128,GLCM Contrast,2,2,108,128,0.013824,3.625366,10.890721
TBF,128,GLCM Contrast,2,3,108,128,0.013824,3.75021,10.760947
TBF,128,GLCM Contrast,2,4,108,128,0.013824,3.394228,11.684658
TBF,128,GLCM Contrast,2,5,108,128,0.013824,4.359953,12.088459
TBF,128,GLCM Contrast,2,6,108,128,0.013824,3.726551,12.22632
WBC,1024,Roberts Focus Measure,0,0,1024,1024,1.048576,3.037828,4.25074
WBC,1024,Roberts Focus Measure,0,1,1024,1024,1.048576,3.402031,4.351478
WBC,1024,Roberts Focus Measure,0,2,1024,1024,1.048576,3.023974,4.204506
WBC,1024,Roberts Focus Measure,0,3,1024,1024,1.048576,3.113021,3.854698
WBC,1024,Roberts Focus Measure,0,4,1024,1024,1.048576,3.562151,4.085536
WBC,1024,Roberts Focus Measure,0,5,1024,1024,1.048576,3.181619,4.077559
WBC,1024,Roberts Focus Measure,0,6,1024,1024,1.048576,3.673618,4.46186
WBC,1024,Roberts Focus Measure,1,0,1024,1024,1.048576,2.946165,4.1819
WBC,1024,Roberts Focus Measure,1,1,1024,1024,1.048576,3.163233,3.864293
WBC,1024,Roberts Focus Measure,1,2,1024,1024,1.048576,2.767349,3.567939
WBC,1024,Roberts Focus Measure,1,3,1024,1024,1.048576,2.926119,3.711817
WBC,1024,Roberts Focus Measure,1,4,1024,1024,1.048576,3.38794,4.614803
WBC,1024,Roberts Focus Measure,1,5,1024,1024,1.048576,3.170059,3.830542
WBC,1024,Roberts Focus Measure,1,6,1024,1024,1.048576,3.375482,4.274157
WBC,1024,Roberts Focus Measure,2,0,1024,1024,1.048576,3.187302,3.867472
WBC,1024,Roberts Focus Measure,2,1,1024,1024,1.048576,2.786075,3.936891
WBC,1024,Roberts Focus Measure,2,2,1024,1024,1.048576,2.910064,3.781388
WBC,1024,Roberts Focus Measure,2,3,1024,1024,1.048576,3.326518,3.799536
WBC,1024,Roberts Focus Measure,2,4,1024,1024,1.048576,2.839641,3.859621
WBC,1024,Roberts Focus Measure,2,5,1024,1024,1.048576,2.602037,3.45582
WBC,1024,Roberts Focus Measure,2,6,1024,1024,1.048576,2.84783,3.940919
BMA,512,Mean Intensity,0,0,432,512,0.221184,0.111299,7.550064
BMA,512,Mean Intensity,0,1,432,512,0.221184,0.171904,7.803777
BMA,512,Mean Intensity,0,2,432,512,0.221184,0.160733,7.744987
BMA,512,Mean Intensity,0,3,432,512,0.221184,0.154251,7.90566
BMA,512,Mean Intensity,0,4,432,512,0.221184,0.155367,8.029335
BMA,512,Mean Intensity,0,5,432,512,0.221184,0.194862,7.915441
BMA,512,Mean Intensity,0,6,432,512,0.221184,0.152658,7.206184
BMA,512,Mean Intensity,1,0,432,512,0.221184,0.108405,7.666356
BMA,512,Mean Intensity,1,1,432,512,0.221184,0.148664,7.755407
BMA,512,Mean Intensity,1,2,432,512,0.221184,0.159873,7.730536
BMA,512,Mean Intensity,1,3,432,512,0.221184,0.141528,7.476178
BMA,512,Mean Intensity,1,4,432,512,0.221184,0.143598,7.338064
BMA,512,Mean Intensity,1,5,432,512,0.221184,0.185953,7.570806
BMA,512,Mean Intensity,1,6,432,512,0.221184,0.161411,7.166792
BMA,512,Mean Intensity,2,0,432,512,0.221184,0.134461,7.649887
BMA,512,Mean Intensity,2,1,432,512,0.221184,0.148333,7.347471
BMA,512,Mean Intensity,2,2,432,512,0.221184,0.148715,7.591568
BMA,512,Mean Intensity,2,3,432,512,0.221184,0.153037,7.657545
BMA,512,Mean Intensity,2,4,432,512,0.221184,0.188713,7.799422
BMA,512,Mean Intensity,2,5,432,512,0.221184,0.168962,7.785017
BMA,512,Mean Intensity,2,6,432,512,0.221184,0.174902,7.825783
BMA,512,Squared Gradient,0,0,432,512,0.221184,0.489425,7.9626
BMA,512,Squared Gradient,0,1,432,512,0.221184,0.565307,7.867561
BMA,512,Squared Gradient,0,2,432,512,0.221184,0.534853,7.693504
BMA,512,Squared Gradient,0,3,432,512,0.221184,0.540377,8.159646
BMA,512,Squared Gradient,0,4,432,512,0.221184,0.508667,7.748467
BMA,512,Squared Gradient,0,5,432,512,0.221184,0.537511,7.973593
BMA,512,Squared Gradient,0,6,432,512,0.221184,0.601517,7.695766
BMA,512,Squared Gradient,1,0,432,512,0.221184,0.521607,7.835326
BMA,512,Squared Gradient,1,1,432,512,0.221184,0.546059,7.645205
BMA,512,Squared Gradient,1,2,432,512,0.221184,0.519323,8.071891
BMA,512,Squared Gradient,1,3,432,512,0.221184,0.514878,7.850012
BMA,512,Squared Gradient,1,4,432,512,0.221184,0.560715,7.999919
BMA,512,Squared Gradient,1,5,432,512,0.221184,0.570417,7.923443
BMA,512,Squared Gradient,1,6,432,512,0.221184,0.526514,8.096875
BMA,512,Squared Gradient,2,0,432,512,0.221184,0.477915,8.012633
BMA,512,Squared Gradient,2,1,432,512,0.221184,0.505409,7.97606
BMA,512,Squared Gradient,2,2,432,512,0.221184,0.529613,8.198793
BMA,512,Squared Gradient,2,3,432,512,0.221184,0.610138,8.209183
BMA,512,Squared Gradient,2,4,432,512,0.221184,0.570131,8.648533
BMA,512,Squared Gradient,2,5,432,512,0.221184,0.545215,8.028131
BMA,512,Squared Gradient,2,6,432,512,0.221184,0.634443,8.285691
TBF,1024,DCT Focus Measure,0,0,864,1024,0.884736,6.619711,13.330929
TBF,1024,DCT Focus Measure,0,1,864,1024,0.884736,6.039552,14.441058
TBF,1024,DCT Focus Measure,0,2,864,1024,0.884736,6.556529,14.507852
TBF,1024,DCT Focus Measure,0,3,864,1024,0.884736,6.827628,14.027081
TBF,1024,DCT Focus Measure,0,4,864,1024,0.884736,6.341398,13.878055
TBF,1024,DCT Focus Measure,0,5,864,1024,0.884736,6.446076,13.90583
TBF,1024,DCT Focus Measure,0,6,864,1024,0.884736,6.284373,13.936318
TBF,1024,DCT Focus Measure,1,0,864,1024,0.884736,6.378616,14.293306
TBF,1024,DCT Focus Measure,1,1,864,1024,0.884736,6.132981,13.842551
TBF,1024,DCT Focus Measure,1,2,864,1024,0.884736,6.314748,15.657797
TBF,1024,DCT Focus Measure,1,3,864,1024,0.884736,6.371606,14.510986
TBF,1024,DCT Focus Measure,1,4,864,1024,0.884736,6.378867,14.771468
TBF,1024,DCT Focus Measure,1,5,864,1024,0.884736,6.489988,13.812104
TBF,1024,DCT Focus Measure,1,6,864,1024,0.884736,6.429932,14.396407
TBF,1024,DCT Focus Measure,2,0,864,1024,0.884736,5.904137,14.147299
TBF,1024,DCT Focus Measure,2,1,864,1024,0.884736,6.341958,14.753394
TBF,1024,DCT Focus Measure,2,2,864,1024,0.884736,6.313748,13.802606
TBF,1024,DCT Focus Measure,2,3,864,1024,0.884736,7.019835,15.007256
TBF,1024,DCT Focus Measure,2,4,864,1024,0.884736,6.773198,14.146531
TBF,1024,DCT Focus Measure,2,5,864,1024,0.884736,6.283005,13.936052
TBF,1024,DCT Focus Measure,2,6,864,1024,0.884736,6.221306,13.735489
TBI,128,Intensity Variance,0,0,96,128,0.012288,0.021649,16.730247
TBI,128,Intensity Variance,0,1,96,128,0.012288,0.034053,16.408992
TBI,128,Intensity Variance,0,2,96,128,0.012288,0.037536,15.846848
TBI,128,Intensity Variance,0,3,96,128,0.012288,0.035878,15.659024
TBI,128,Intensity Variance,0,4,96,128,0.012288,0.032955,16.124116
TBI,128,Intensity Variance,0,5,96,128,0.012288,0.037347,16.163503
TBI,128,Intensity Variance,0,6,96,128,0.012288,0.031982,17.050987
TBI,128,Intensity Variance,1,0,96,128,0.012288,0.024224,15.403302
TBI,128,Intensity Variance,1,1,96,128,0.012288,0.030848,15.909775
TBI,128,Intensity Variance,1,2,96,128,0.012288,0.029427,15.842527
TBI,128,Intensity Variance,1,3,96,128,0.012288,0.060583,15.692811
TBI,128,Intensity Variance,1,4,96,128,0.012288,0.032482,15.607536
TBI,128,Intensity Variance,1,5,96,128,0.012288,0.034275,15.791782
TBI,128,Intensity Variance,1,6,96,128,0.012288,0.039478,16.071163
TBI,128,Intensity Variance,2,0,96,128,0.012288,0.020609,16.186249
TBI,128,Intensity Variance,2,1,96,128,0.012288,0.029035,15.950418
TBI,128,Intensity Variance,2,2,96,128,0.012288,0.033593,16.144208
TBI,128,Intensity Variance,2,3,96,128,0.012288,0.030236,15.404872
TBI,128,Intensity Variance,2,4,96,128,0.012288,0.029449,16.476243
TBI,128,Intensity Variance,2,5,96,128,0.012288,0.037296,16.168166
TBI,128,Intensity Variance,2,6,96,128,0.012288,0.030345,15.486842
BMA,512,Modified Tenengrad,0,0,432,512,0.221184,5.938116,17.928515
BMA,512,Modified Tenengrad,0,1,432,512,0.221184,5.341482,13.463092
BMA,512,Modified Tenengrad,0,2,432,512,0.221184,5.979326,13.943141
BMA,512,Modified Tenengrad,0,3,432,512,0.221184,6.035752,13.763143
BMA,512,Modified Tenengrad,0,4,432,512,0.221184,5.928508,13.38437
BMA,512,Modified Tenengrad,0,5,432,512,0.221184,5.626941,13.24924
BMA,512,Modified Tenengrad,0,6,432,512,0.221184,5.50031,13.331239
BMA,512,Modified Tenengrad,1,0,432,512,0.221184,5.861624,12.849983
BMA,512,Modified Tenengrad,1,1,432,512,0.221184,5.715525,14.584353
BMA,512,Modified Tenengrad,1,2,432,512,0.221184,5.657481,13.18932
BMA,512,Modified Tenengrad,1,3,432,512,0.221184,6.06559,13.932382
BMA,512,Modified Tenengrad,1,4,432,512,0.221184,5.799577,13.906667
BMA,512,Modified Tenengrad,1,5,432,512,0.221184,5.940194,13.706978
BMA,512,Modified Tenengrad,1,6,432,512,0.221184,6.030798,14.048242
BMA,512,Modified Tenengrad,2,0,432,512,0.221184,5.497627,13.972588
BMA,512,Modified Tenengrad,2,1,432,512,0.221184,5.844935,14.167696
BMA,512,Modified Tenengrad,2,2,432,512,0.221184,6.145285,13.070043
BMA,512,Modified Tenengrad,2,3,432,512,0.221184,5.514554,13.339089
BMA,512,Modified Tenengrad,2,4,432,512,0.221184,5.61802,13.114289
BMA,512,Modified Tenengrad,2,5,432,512,0.221184,5.917749,13.621852
BMA,512,Modified Tenengrad,2,6,432,512,0.221184,5.883432,13.438306
TBF,native,Curvelet Transform Sharpness Index,0,0,2160,2560,5.5296,133.095889,155.818159
TBF,native,Curvelet Transform Sharpness Index,0,1,2160,2560,5.5296,153.140486,149.161629
TBF,native,Curvelet Transform Sharpness Index,0,2,2160,2560,5.5296,135.664754,152.935579
TBF,native,Curvelet Transform Sharpness Index,0,3,2160,2560,5.5296,152.339492,146.246741
TBF,native,Curvelet Transform Sharpness Index,0,4,2160,2560,5.5296,141.328885,161.228806
TBF,native,Curvelet Transform Sharpness Index,0,5,2160,2560,5.5296,147.445352,150.961439
TBF,native,Curvelet Transform Sharpness Index,0,6,2160,2560,5.5296,132.142581,144.372113
TBF,native,Curvelet Transform Sharpness Index,1,0,2160,2560,5.5296,140.138064,144.651086
TBF,native,Curvelet Transform Sharpness Index,1,1,2160,2560,5.5296,136.230626,146.109615
TBF,native,Curvelet Transform Sharpness Index,1,2,2160,2560,5.5296,140.318471,137.589802
TBF,native,Curvelet Transform Sharpness Index,1,3,2160,2560,5.5296,134.680298,152.76812
TBF,native,Curvelet Transform Sharpness Index,1,4,2160,2560,5.5296,145.55444,135.917527
TBF,native,Curvelet Transform Sharpness Index,1,5,2160,2560,5.5296,135.282572,144.756886
TBF,native,Curvelet Transform Sharpness Index,1,6,2160,2560,5.5296,138.069437,140.535928
TBF,native,Curvelet Transform Sharpness Index,2,0,2160,2560,5.5296,139.887981,150.672748
TBF,native,Curvelet Transform Sharpness Index,2,1,2160,2560,5.5296,155.683441,143.431824
TBF,native,Curvelet Transform Sharpness Index,2,2,2160,2560,5.5296,136.900874,149.127846
TBF,native,Curvelet Transform Sharpness Index,2,3,2160,2560,5.5296,152.013389,143.669731
TBF,native,Curvelet Transform Sharpness Index,2,4,2160,2560,5.5296,133.10499,150.53925
TBF,native,Curvelet Transform Sharpness Index,2,5,2160,2560,5.5296,140.962206,138.33297
TBF,native,Curvelet Transform Sharpness Index,2,6,2160,2560,5.5296,137.902932,151.213923
TBF,512,Absolute Central Moment 2,0,0,432,512,0.221184,0.440317,8.830974
TBF,512,Absolute Central Moment 2,0,1,432,512,0.221184,0.54203,13.055424
TBF,512,Absolute Central Moment 2,0,2,432,512,0.221184,0.531588,8.168527
TBF,512,Absolute Central Moment 2,0,3,432,512,0.221184,0.485078,7.767276
TBF,512,Absolute Central Moment 2,0,4,432,512,0.221184,0.456502,7.127562
TBF,512,Absolute Central Moment 2,0,5,432,512,0.221184,0.461402,7.046548
TBF,512,Absolute Central Moment 2,0,6,432,512,0.221184,0.504701,7.922301
TBF,512,Absolute Central Moment 2,1,0,432,512,0.221184,0.444847,7.460828
TBF,512,Absolute Central Moment 2,1,1,432,512,0.221184,0.568022,7.467749
TBF,512,Absolute Central Moment 2,1,2,432,512,0.221184,0.462845,7.44157
TBF,512,Absolute Central Moment 2,1,3,432,512,0.221184,0.525534,7.55245
TBF,512,Absolute Central Moment 2,1,4,432,512,0.221184,0.497121,7.411452
TBF,512,Absolute Central Moment 2,1,5,432,512,0.221184,0.487387,7.318214
TBF,512,Absolute Central Moment 2,1,6,432,512,0.221184,0.597271,7.27298
TBF,512,Absolute Central Moment 2,2,0,432,512,0.221184,0.429923,7.112608
TBF,512,Absolute Central Moment 2,2,1,432,512,0.221184,0.547298,7.207507
TBF,512,Absolute Central Moment 2,2,2,432,512,0.221184,0.488258,7.183018
TBF,512,Absolute Central Moment 2,2,3,432,512,0.221184,0.64959,7.217644
TBF,512,Absolute Central Moment 2,2,4,432,512,0.221184,0.46051,7.225249
TBF,512,Absolute Central Moment 2,2,5,432,512,0.221184,0.433691,7.459797
TBF,512,Absolute Central Moment 2,2,6,432,512,0.221184,0.472731,7.329459
PBS,1024,Laplacian Energy,0,0,864,1024,0.884736,10.807975,19.708668
PBS,1024,Laplacian Energy,0,1,864,1024,0.884736,10.563625,19.279347
PBS,1024,Laplacian Energy,0,2,864,1024,0.884736,10.185824,19.222401
PBS,1024,Laplacian Energy,0,3,864,1024,0.884736,11.197796,19.290952
PBS,1024,Laplacian Energy,0,4,864,1024,0.884736,10.010002,19.84406
PBS,1024,Laplacian Energy,0,5,864,1024,0.884736,11.06002,19.034544
PBS,1024,Laplacian Energy,0,6,864,1024,0.884736,10.013156,20.001466
PBS,1024,Laplacian Energy,1,0,864,1024,0.884736,10.955969,19.592867
PBS,1024,Laplacian Energy,1,1,864,1024,0.884736,10.525145,18.697955
PBS,1024,Laplacian Energy,1,2,864,1024,0.884736,10.989112,18.875937
PBS,1024,Laplacian Energy,1,3,864,1024,0.884736,10.978787,19.727963
PBS,1024,Laplacian Energy,1,4,864,1024,0.884736,11.414606,19.755486
PBS,1024,Laplacian Energy,1,5,864,1024,0.884736,11.143446,20.946683
PBS,1024,Laplacian Energy,1,6,864,1024,0.884736,11.944499,20.846082
PBS,1024,Laplacian Energy,2,0,864,1024,0.884736,11.253392,19.914577
PBS,1024,Laplacian Energy,2,1,864,1024,0.884736,11.603919,20.264204
PBS,1024,Laplacian Energy,2,2,864,1024,0.884736,11.495399,19.559751
PBS,1024,Laplacian Energy,2,3,864,1024,0.884736,10.733293,19.026213
PBS,1024,Laplacian Energy,2,4,864,1024,0.884736,11.195525,20.365256
PBS,1024,Laplacian Energy,2,5,864,1024,0.884736,11.467116,19.612953
PBS,1024,Laplacian Energy,2,6,864,1024,0.884736,10.200528,19.157908
TBF,native,Absolute Central Moment 2,0,0,2160,2560,5.5296,28.369768,48.424483
TBF,native,Absolute Central Moment 2,0,1,2160,2560,5.5296,31.795548,35.86257
TBF,native,Absolute Central Moment 2,0,2,2160,2560,5.5296,29.12879,43.308804
TBF,native,Absolute Central Moment 2,0,3,2160,2560,5.5296,31.600324,34.42666
TBF,native,Absolute Central Moment 2,0,4,2160,2560,5.5296,28.272081,37.711942
TBF,native,Absolute Central Moment 2,0,5,2160,2560,5.5296,54.068267,34.411627
TBF,native,Absolute Central Moment 2,0,6,2160,2560,5.5296,28.32705,37.495915
TBF,native,Absolute Central Moment 2,1,0,2160,2560,5.5296,32.261088,34.132114
TBF,native,Absolute Central Moment 2,1,1,2160,2560,5.5296,28.550508,39.217174
TBF,native,Absolute Central Moment 2,1,2,2160,2560,5.5296,33.122601,34.826607
TBF,native,Absolute Central Moment 2,1,3,2160,2560,5.5296,28.427504,38.741675
TBF,native,Absolute Central Moment 2,1,4,2160,2560,5.5296,34.217327,39.119405
TBF,native,Absolute Central Moment 2,1,5,2160,2560,5.5296,31.849157,40.006199
TBF,native,Absolute Central Moment 2,1,6,2160,2560,5.5296,33.522281,35.520924
TBF,native,Absolute Central Moment 2,2,0,2160,2560,5.5296,30.978973,39.91326
TBF,native,Absolute Central Moment 2,2,1,2160,2560,5.5296,33.794232,34.988833
TBF,native,Absolute Central Moment 2,2,2,2160,2560,5.5296,28.916539,40.270085
TBF,native,Absolute Central Moment 2,2,3,2160,2560,5.5296,32.722649,35.545392
TBF,native,Absolute Central Moment 2,2,4,2160,2560,5.5296,30.171248,40.215573
TBF,native,Absolute Central Moment 2,2,5,2160,2560,5.5296,32.085481,35.151632
TBF,native,Absolute Central Moment 2,2,6,2160,2560,5.5296,30.734588,39.27643
WBC,native,Laplacian Energy,0,0,200,200,0.04,0.391343,1.021828
WBC,native,Laplacian Energy,0,1,200,200,0.04,0.33274,0.393404
WBC,native,Laplacian Energy,0,2,200,200,0.04,0.331865,0.393653
WBC,native,Laplacian Energy,0,3,200,200,0.04,0.340671,0.378509
WBC,native,Laplacian Energy,0,4,200,200,0.04,0.309989,0.362155
WBC,native,Laplacian Energy,0,5,200,200,0.04,0.309537,0.384941
WBC,native,Laplacian Energy,0,6,200,200,0.04,0.322971,0.356712
WBC,native,Laplacian Energy,1,0,200,200,0.04,0.323283,0.383946
WBC,native,Laplacian Energy,1,1,200,200,0.04,0.308154,0.357971
WBC,native,Laplacian Energy,1,2,200,200,0.04,0.310387,0.347209
WBC,native,Laplacian Energy,1,3,200,200,0.04,0.295471,0.382377
WBC,native,Laplacian Energy,1,4,200,200,0.04,0.299421,0.346182
WBC,native,Laplacian Energy,1,5,200,200,0.04,0.513134,0.660771
WBC,native,Laplacian Energy,1,6,200,200,0.04,0.440257,0.415772
WBC,native,Laplacian Energy,2,0,200,200,0.04,0.295845,0.409003
WBC,native,Laplacian Energy,2,1,200,200,0.04,0.301969,0.355271
WBC,native,Laplacian Energy,2,2,200,200,0.04,0.309693,0.361254
WBC,native,Laplacian Energy,2,3,200,200,0.04,0.356027,0.362048
WBC,native,Laplacian Energy,2,4,200,200,0.04,0.298901,0.350229
WBC,native,Laplacian Energy,2,5,200,200,0.04,0.296871,0.516778
WBC,native,Laplacian Energy,2,6,200,200,0.04,0.356814,0.416208
TBI,native,GLCM Contrast,0,0,2112,2816,5.947392,1497.041155,1507.304318
TBI,native,GLCM Contrast,0,1,2112,2816,5.947392,1504.4476,1497.016587
TBI,native,GLCM Contrast,0,2,2112,2816,5.947392,1494.821268,1490.654731
TBI,native,GLCM Contrast,0,3,2112,2816,5.947392,1508.561461,1487.139368
TBI,native,GLCM Contrast,0,4,2112,2816,5.947392,1507.457412,1508.411258
TBI,native,GLCM Contrast,0,5,2112,2816,5.947392,1504.275316,1489.598446
TBI,native,GLCM Contrast,0,6,2112,2816,5.947392,1509.321605,1495.326161
TBI,native,GLCM Contrast,1,0,2112,2816,5.947392,1506.208709,1495.762352
TBI,native,GLCM Contrast,1,1,2112,2816,5.947392,1494.337817,1483.242206
TBI,native,GLCM Contrast,1,2,2112,2816,5.947392,1497.961302,1478.722099
TBI,native,GLCM Contrast,1,3,2112,2816,5.947392,1490.340354,1481.38085
TBI,native,GLCM Contrast,1,4,2112,2816,5.947392,1497.541252,1494.72307
TBI,native,GLCM Contrast,1,5,2112,2816,5.947392,1504.963866,1504.159361
TBI,native,GLCM Contrast,1,6,2112,2816,5.947392,1510.348955,1519.243586
TBI,native,GLCM Contrast,2,0,2112,2816,5.947392,1239.528388,937.515154
TBI,native,GLCM Contrast,2,1,2112,2816,5.947392,932.596997,935.909659
TBI,native,GLCM Contrast,2,2,2112,2816,5.947392,1473.650485,1496.255372
TBI,native,GLCM Contrast,2,3,2112,2816,5.947392,1473.37028,1492.391059
TBI,native,GLCM Contrast,2,4,2112,2816,5.947392,1477.476526,1495.236694
TBI,native,GLCM Contrast,2,5,2112,2816,5.947392,1484.216495,1489.370586
TBI,native,GLCM Contrast,2,6,2112,2816,5.947392,1489.447559,1470.964027
WBC,512,Squared Gradient,0,0,512,512,0.262144,0.664507,1.717377
WBC,512,Squared Gradient,0,1,512,512,0.262144,0.765638,0.943833
WBC,512,Squared Gradient,0,2,512,512,0.262144,0.686277,0.931552
WBC,512,Squared Gradient,0,3,512,512,0.262144,0.678315,0.981677
WBC,512,Squared Gradient,0,4,512,512,0.262144,0.680215,0.928734
WBC,512,Squared Gradient,0,5,512,512,0.262144,0.685338,0.908469
WBC,512,Squared Gradient,0,6,512,512,0.262144,0.731853,0.898327
WBC,512,Squared Gradient,1,0,512,512,0.262144,0.852156,1.778505
WBC,512,Squared Gradient,1,1,512,512,0.262144,0.708529,0.98934
WBC,512,Squared Gradient,1,2,512,512,0.262144,0.714719,0.974453
WBC,512,Squared Gradient,1,3,512,512,0.262144,0.759092,0.925867
WBC,512,Squared Gradient,1,4,512,512,0.262144,0.655848,0.922356
WBC,512,Squared Gradient,1,5,512,512,0.262144,0.699479,0.991321
WBC,512,Squared Gradient,1,6,512,512,0.262144,0.759514,1.232703
WBC,512,Squared Gradient,2,0,512,512,0.262144,0.740683,0.945385
WBC,512,Squared Gradient,2,1,512,512,0.262144,0.722665,0.919712
WBC,512,Squared Gradient,2,2,512,512,0.262144,0.696638,0.893022
WBC,512,Squared Gradient,2,3,512,512,0.262144,0.715625,0.916126
WBC,512,Squared Gradient,2,4,512,512,0.262144,0.700451,0.908667
WBC,512,Squared Gradient,2,5,512,512,0.262144,0.6729,0.909283
WBC,512,Squared Gradient,2,6,512,512,0.262144,0.647296,0.927614
TBI,512,Roberts Focus Measure,0,0,384,512,0.196608,0.468677,18.575102
TBI,512,Roberts Focus Measure,0,1,384,512,0.196608,0.538281,18.71464
TBI,512,Roberts Focus Measure,0,2,384,512,0.196608,0.51008,17.633742
TBI,512,Roberts Focus Measure,0,3,384,512,0.196608,0.516344,18.510741
TBI,512,Roberts Focus Measure,0,4,384,512,0.196608,0.504756,19.773703
TBI,512,Roberts Focus Measure,0,5,384,512,0.196608,0.565196,17.589303
TBI,512,Roberts Focus Measure,0,6,384,512,0.196608,0.770443,18.527858
TBI,512,Roberts Focus Measure,1,0,384,512,0.196608,0.588372,19.103599
TBI,512,Roberts Focus Measure,1,1,384,512,0.196608,0.546571,18.097452
TBI,512,Roberts Focus Measure,1,2,384,512,0.196608,0.570697,17.650745
TBI,512,Roberts Focus Measure,1,3,384,512,0.196608,0.496983,17.398107
TBI,512,Roberts Focus Measure,1,4,384,512,0.196608,0.561915,17.610304
TBI,512,Roberts Focus Measure,1,5,384,512,0.196608,0.50641,17.013668
TBI,512,Roberts Focus Measure,1,6,384,512,0.196608,0.554026,17.321954
TBI,512,Roberts Focus Measure,2,0,384,512,0.196608,0.46334,17.879598
TBI,512,Roberts Focus Measure,2,1,384,512,0.196608,0.604185,17.468661
TBI,512,Roberts Focus Measure,2,2,384,512,0.196608,0.518846,17.611814
TBI,512,Roberts Focus Measure,2,3,384,512,0.196608,0.569085,18.141986
TBI,512,Roberts Focus Measure,2,4,384,512,0.196608,0.529343,17.510273
TBI,512,Roberts Focus Measure,2,5,384,512,0.196608,0.613331,17.342945
TBI,512,Roberts Focus Measure,2,6,384,512,0.196608,0.563792,18.142562
TBF,native,Image Power,0,0,2160,2560,5.5296,18.970066,37.383056
TBF,native,Image Power,0,1,2160,2560,5.5296,18.421683,22.029728
TBF,native,Image Power,0,2,2160,2560,5.5296,14.891278,29.917099
TBF,native,Image Power,0,3,2160,2560,5.5296,18.039123,20.97102
TBF,native,Image Power,0,4,2160,2560,5.5296,15.225693,25.148777
TBF,native,Image Power,0,5,2160,2560,5.5296,19.178935,21.278384
TBF,native,Image Power,0,6,2160,2560,5.5296,13.731265,23.475168
TBF,native,Image Power,1,0,2160,2560,5.5296,18.673881,21.257563
TBF,native,Image Power,1,1,2160,2560,5.5296,15.599248,24.646052
TBF,native,Image Power,1,2,2160,2560,5.5296,18.531369,19.714122
TBF,native,Image Power,1,3,2160,2560,5.5296,14.966813,23.783255
TBF,native,Image Power,1,4,2160,2560,5.5296,17.484758,19.887842
TBF,native,Image Power,1,5,2160,2560,5.5296,13.939911,25.071754
TBF,native,Image Power,1,6,2160,2560,5.5296,18.382897,19.865216
TBF,native,Image Power,2,0,2160,2560,5.5296,14.402633,24.120632
TBF,native,Image Power,2,1,2160,2560,5.5296,19.169326,20.650507
TBF,native,Image Power,2,2,2160,2560,5.5296,14.750698,24.410037
TBF,native,Image Power,2,3,2160,2560,5.5296,17.741221,20.299897
TBF,native,Image Power,2,4,2160,2560,5.5296,13.989225,24.987199
TBF,native,Image Power,2,5,2160,2560,5.5296,18.013188,21.049444
TBF,native,Image Power,2,6,2160,2560,5.5296,14.236191,25.151148
TBF,native,Energy of Gradient,0,0,2160,2560,5.5296,30.602985,29.517089
TBF,native,Energy of Gradient,0,1,2160,2560,5.5296,16.320619,36.187508
TBF,native,Energy of Gradient,0,2,2160,2560,5.5296,30.952109,29.946072
TBF,native,Energy of Gradient,0,3,2160,2560,5.5296,17.156857,40.641533
TBF,native,Energy of Gradient,0,4,2160,2560,5.5296,34.466185,29.894689
TBF,native,Energy of Gradient,0,5,2160,2560,5.5296,16.813391,42.912666
TBF,native,Energy of Gradient,0,6,2160,2560,5.5296,34.183853,30.208866
TBF,native,Energy of Gradient,1,0,2160,2560,5.5296,17.149846,40.965549
TBF,native,Energy of Gradient,1,1,2160,2560,5.5296,35.365153,31.121584
TBF,native,Energy of Gradient,1,2,2160,2560,5.5296,18.232773,44.473562
TBF,native,Energy of Gradient,1,3,2160,2560,5.5296,34.939697,29.906266
TBF,native,Energy of Gradient,1,4,2160,2560,5.5296,16.929369,42.78691
TBF,native,Energy of Gradient,1,5,2160,2560,5.5296,34.418185,29.059381
TBF,native,Energy of Gradient,1,6,2160,2560,5.5296,17.16969,43.245765
TBF,native,Energy of Gradient,2,0,2160,2560,5.5296,36.297155,29.592938
TBF,native,Energy of Gradient,2,1,2160,2560,5.5296,17.668093,43.831534
TBF,native,Energy of Gradient,2,2,2160,2560,5.5296,35.085176,29.996197
TBF,native,Energy of Gradient,2,3,2160,2560,5.5296,17.5474,43.083552
TBF,native,Energy of Gradient,2,4,2160,2560,5.5296,35.247964,30.56166
TBF,native,Energy of Gradient,2,5,2160,2560,5.5296,17.690545,43.3683
TBF,native,Energy of Gradient,2,6,2160,2560,5.5296,36.516566,30.007887
BMA,1024,Fourier High Frequency Energy Ratio,0,0,864,1024,0.884736,21.650882,34.046738
BMA,1024,Fourier High Frequency Energy Ratio,0,1,864,1024,0.884736,24.036542,36.104392
BMA,1024,Fourier High Frequency Energy Ratio,0,2,864,1024,0.884736,23.470811,32.331388
BMA,1024,Fourier High Frequency Energy Ratio,0,3,864,1024,0.884736,22.958922,31.206755
BMA,1024,Fourier High Frequency Energy Ratio,0,4,864,1024,0.884736,19.795627,30.484069
BMA,1024,Fourier High Frequency Energy Ratio,0,5,864,1024,0.884736,20.71928,31.094242
BMA,1024,Fourier High Frequency Energy Ratio,0,6,864,1024,0.884736,22.148284,28.690948
BMA,1024,Fourier High Frequency Energy Ratio,1,0,864,1024,0.884736,20.157713,30.436147
BMA,1024,Fourier High Frequency Energy Ratio,1,1,864,1024,0.884736,22.769174,29.311217
BMA,1024,Fourier High Frequency Energy Ratio,1,2,864,1024,0.884736,19.861594,30.290345
BMA,1024,Fourier High Frequency Energy Ratio,1,3,864,1024,0.884736,20.627947,29.095323
BMA,1024,Fourier High Frequency Energy Ratio,1,4,864,1024,0.884736,19.604574,28.420235
BMA,1024,Fourier High Frequency Energy Ratio,1,5,864,1024,0.884736,19.849937,32.078826
BMA,1024,Fourier High Frequency Energy Ratio,1,6,864,1024,0.884736,21.196329,28.782831
BMA,1024,Fourier High Frequency Energy Ratio,2,0,864,1024,0.884736,19.672646,31.444453
BMA,1024,Fourier High Frequency Energy Ratio,2,1,864,1024,0.884736,21.322586,31.090998
BMA,1024,Fourier High Frequency Energy Ratio,2,2,864,1024,0.884736,20.153319,33.25022
BMA,1024,Fourier High Frequency Energy Ratio,2,3,864,1024,0.884736,25.05834,30.347612
BMA,1024,Fourier High Frequency Energy Ratio,2,4,864,1024,0.884736,27.6268,31.959291
BMA,1024,Fourier High Frequency Energy Ratio,2,5,864,1024,0.884736,20.915576,29.852928
BMA,1024,Fourier High Frequency Energy Ratio,2,6,864,1024,0.884736,26.414858,44.251184
WBC,128,Tenengrad,0,0,128,128,0.016384,0.044046,0.242364
WBC,128,Tenengrad,0,1,128,128,0.016384,0.076244,0.185618
WBC,128,Tenengrad,0,2,128,128,0.016384,0.048814,0.181061
WBC,128,Tenengrad,0,3,128,128,0.016384,0.043059,0.162012
WBC,128,Tenengrad,0,4,128,128,0.016384,0.042408,0.162473
WBC,128,Tenengrad,0,5,128,128,0.016384,0.042719,0.161552
WBC,128,Tenengrad,0,6,128,128,0.016384,0.042397,0.161964
WBC,128,Tenengrad,1,0,128,128,0.016384,0.042955,0.167829
WBC,128,Tenengrad,1,1,128,128,0.016384,0.042497,0.161846
WBC,128,Tenengrad,1,2,128,128,0.016384,0.065061,0.176814
WBC,128,Tenengrad,1,3,128,128,0.016384,0.04338,0.164714
WBC,128,Tenengrad,1,4,128,128,0.016384,0.042687,0.162027
WBC,128,Tenengrad,1,5,128,128,0.016384,0.042149,0.163644
WBC,128,Tenengrad,1,6,128,128,0.016384,0.042754,0.16343
WBC,128,Tenengrad,2,0,128,128,0.016384,0.051879,0.180045
WBC,128,Tenengrad,2,1,128,128,0.016384,0.260325,0.240427
WBC,128,Tenengrad,2,2,128,128,0.016384,0.042563,0.169806
WBC,128,Tenengrad,2,3,128,128,0.016384,0.041379,0.161215
WBC,128,Tenengrad,2,4,128,128,0.016384,0.040151,0.185846
WBC,128,Tenengrad,2,5,128,128,0.016384,0.047366,0.171514
WBC,128,Tenengrad,2,6,128,128,0.016384,0.041467,0.183287
WBC,1024,Brenner Gradient,0,0,1024,1024,1.048576,1.698351,2.394836
WBC,1024,Brenner Gradient,0,1,1024,1024,1.048576,1.566833,2.363838
WBC,1024,Brenner Gradient,0,2,1024,1024,1.048576,1.651127,2.158083
WBC,1024,Brenner Gradient,0,3,1024,1024,1.048576,1.5655,2.666799
WBC,1024,Brenner Gradient,0,4,1024,1024,1.048576,1.982681,2.953587
WBC,1024,Brenner Gradient,0,5,1024,1024,1.048576,2.231428,2.581298
WBC,1024,Brenner Gradient,0,6,1024,1024,1.048576,1.729036,2.376787
WBC,1024,Brenner Gradient,1,0,1024,1024,1.048576,1.485371,2.39775
WBC,1024,Brenner Gradient,1,1,1024,1024,1.048576,1.643947,2.416973
WBC,1024,Brenner Gradient,1,2,1024,1024,1.048576,1.821477,2.672138
WBC,1024,Brenner Gradient,1,3,1024,1024,1.048576,2.064771,2.539812
WBC,1024,Brenner Gradient,1,4,1024,1024,1.048576,2.174134,2.376559
WBC,1024,Brenner Gradient,1,5,1024,1024,1.048576,2.112771,2.435486
WBC,1024,Brenner Gradient,1,6,1024,1024,1.048576,1.638562,2.417669
WBC,1024,Brenner Gradient,2,0,1024,1024,1.048576,1.669483,2.414854
WBC,1024,Brenner Gradient,2,1,1024,1024,1.048576,1.719266,2.321741
WBC,1024,Brenner Gradient,2,2,1024,1024,1.048576,1.672843,2.289336
WBC,1024,Brenner Gradient,2,3,1024,1024,1.048576,1.49032,2.277518
WBC,1024,Brenner Gradient,2,4,1024,1024,1.048576,1.68946,2.440211
WBC,1024,Brenner Gradient,2,5,1024,1024,1.048576,1.556992,2.324656
WBC,1024,Brenner Gradient,2,6,1024,1024,1.048576,1.665206,2.226165
WBC,native,Intensity Variance,0,0,200,200,0.04,0.048525,0.135983
WBC,native,Intensity Variance,0,1,200,200,0.04,0.047148,0.088135
WBC,native,Intensity Variance,0,2,200,200,0.04,0.045016,0.083548
WBC,native,Intensity Variance,0,3,200,200,0.04,0.045874,0.081631
WBC,native,Intensity Variance,0,4,200,200,0.04,0.044607,0.081525
WBC,native,Intensity Variance,0,5,200,200,0.04,0.045373,0.080978
WBC,native,Intensity Variance,0,6,200,200,0.04,0.045072,0.085246
WBC,native,Intensity Variance,1,0,200,200,0.04,0.045271,0.100625
WBC,native,Intensity Variance,1,1,200,200,0.04,0.083587,0.118061
WBC,native,Intensity Variance,1,2,200,200,0.04,0.057897,0.088088
WBC,native,Intensity Variance,1,3,200,200,0.04,0.047361,0.084626
WBC,native,Intensity Variance,1,4,200,200,0.04,0.046015,0.081141
WBC,native,Intensity Variance,1,5,200,200,0.04,0.045052,0.082165
WBC,native,Intensity Variance,1,6,200,200,0.04,0.049704,0.103846
WBC,native,Intensity Variance,2,0,200,200,0.04,0.045004,0.094519
WBC,native,Intensity Variance,2,1,200,200,0.04,0.045616,0.08335
WBC,native,Intensity Variance,2,2,200,200,0.04,0.047091,0.083643
WBC,native,Intensity Variance,2,3,200,200,0.04,0.045061,0.080267
WBC,native,Intensity Variance,2,4,200,200,0.04,0.045301,0.07968
WBC,native,Intensity Variance,2,5,200,200,0.04,0.04436,0.078989
WBC,native,Intensity Variance,2,6,200,200,0.04,0.044538,0.108534
WBC,native,Mean Intensity,0,0,200,200,0.04,0.019898,0.069319
WBC,native,Mean Intensity,0,1,200,200,0.04,0.020085,0.056927
WBC,native,Mean Intensity,0,2,200,200,0.04,0.019675,0.054115
WBC,native,Mean Intensity,0,3,200,200,0.04,0.025545,0.072818
WBC,native,Mean Intensity,0,4,200,200,0.04,0.019636,0.054475
WBC,native,Mean Intensity,0,5,200,200,0.04,0.019605,0.054007
WBC,native,Mean Intensity,0,6,200,200,0.04,0.023965,0.054001
WBC,native,Mean Intensity,1,0,200,200,0.04,0.01935,0.056738
WBC,native,Mean Intensity,1,1,200,200,0.04,0.019852,0.053361
WBC,native,Mean Intensity,1,2,200,200,0.04,0.019702,0.054123
WBC,native,Mean Intensity,1,3,200,200,0.04,0.01996,0.054274
WBC,native,Mean Intensity,1,4,200,200,0.04,0.01955,0.053678
WBC,native,Mean Intensity,1,5,200,200,0.04,0.019822,0.053269
WBC,native,Mean Intensity,1,6,200,200,0.04,0.048847,0.063158
WBC,native,Mean Intensity,2,0,200,200,0.04,0.01977,0.056609
WBC,native,Mean Intensity,2,1,200,200,0.04,0.019674,0.05484
WBC,native,Mean Intensity,2,2,200,200,0.04,0.019934,0.053715
WBC,native,Mean Intensity,2,3,200,200,0.04,0.019817,0.053256
WBC,native,Mean Intensity,2,4,200,200,0.04,0.019781,0.054441
WBC,native,Mean Intensity,2,5,200,200,0.04,0.019249,0.070212
WBC,native,Mean Intensity,2,6,200,200,0.04,0.022432,0.060502
TBI,native,Brenner Gradient,0,0,2112,2816,5.947392,26.293523,31.944651
TBI,native,Brenner Gradient,0,1,2112,2816,5.947392,14.884339,22.605631
TBI,native,Brenner Gradient,0,2,2112,2816,5.947392,14.341072,21.827325
TBI,native,Brenner Gradient,0,3,2112,2816,5.947392,13.509888,21.290116
TBI,native,Brenner Gradient,0,4,2112,2816,5.947392,13.500114,21.886263
TBI,native,Brenner Gradient,0,5,2112,2816,5.947392,14.417728,21.326301
TBI,native,Brenner Gradient,0,6,2112,2816,5.947392,13.584724,21.391707
TBI,native,Brenner Gradient,1,0,2112,2816,5.947392,14.874265,22.338654
TBI,native,Brenner Gradient,1,1,2112,2816,5.947392,15.571305,22.47849
TBI,native,Brenner Gradient,1,2,2112,2816,5.947392,13.508228,21.146722
TBI,native,Brenner Gradient,1,3,2112,2816,5.947392,13.666479,21.724212
TBI,native,Brenner Gradient,1,4,2112,2816,5.947392,14.535819,21.539499
TBI,native,Brenner Gradient,1,5,2112,2816,5.947392,13.380689,20.727047
TBI,native,Brenner Gradient,1,6,2112,2816,5.947392,13.368551,20.648265
TBI,native,Brenner Gradient,2,0,2112,2816,5.947392,15.052328,22.271975
TBI,native,Brenner Gradient,2,1,2112,2816,5.947392,13.575184,21.325017
TBI,native,Brenner Gradient,2,2,2112,2816,5.947392,13.875011,21.777906
TBI,native,Brenner Gradient,2,3,2112,2816,5.947392,14.157479,21.703786
TBI,native,Brenner Gradient,2,4,2112,2816,5.947392,13.588952,22.145808
TBI,native,Brenner Gradient,2,5,2112,2816,5.947392,14.456216,21.711352
TBI,native,Brenner Gradient,2,6,2112,2816,5.947392,13.708125,21.415211
PBS,128,Laplacian Energy,0,0,108,128,0.013824,0.147931,10.320984
PBS,128,Laplacian Energy,0,1,108,128,0.013824,0.159979,13.167252
PBS,128,Laplacian Energy,0,2,108,128,0.013824,0.18386,8.931228
PBS,128,Laplacian Energy,0,3,108,128,0.013824,0.154012,9.373304
PBS,128,Laplacian Energy,0,4,108,128,0.013824,0.148579,8.61889
PBS,128,Laplacian Energy,0,5,108,128,0.013824,0.168093,8.226345
PBS,128,Laplacian Energy,0,6,108,128,0.013824,0.151376,8.663184
PBS,128,Laplacian Energy,1,0,108,128,0.013824,0.147455,8.561942
PBS,128,Laplacian Energy,1,1,108,128,0.013824,0.17565,8.454965
PBS,128,Laplacian Energy,1,2,108,128,0.013824,0.149628,8.502859
PBS,128,Laplacian Energy,1,3,108,128,0.013824,0.171428,8.155312
PBS,128,Laplacian Energy,1,4,108,128,0.013824,0.169419,9.122591
PBS,128,Laplacian Energy,1,5,108,128,0.013824,0.162863,8.258116
PBS,128,Laplacian Energy,1,6,108,128,0.013824,0.145038,8.010353
PBS,128,Laplacian Energy,2,0,108,128,0.013824,0.142526,8.18371
PBS,128,Laplacian Energy,2,1,108,128,0.013824,0.183088,8.274679
PBS,128,Laplacian Energy,2,2,108,128,0.013824,0.141391,8.386419
PBS,128,Laplacian Energy,2,3,108,128,0.013824,0.141344,8.053525
PBS,128,Laplacian Energy,2,4,108,128,0.013824,0.139012,8.566316
PBS,128,Laplacian Energy,2,5,108,128,0.013824,0.144879,9.67804
PBS,128,Laplacian Energy,2,6,108,128,0.013824,0.192925,8.973343
TBF,512,Mean Intensity,0,0,432,512,0.221184,0.121777,7.451248
TBF,512,Mean Intensity,0,1,432,512,0.221184,0.150028,7.797272
TBF,512,Mean Intensity,0,2,432,512,0.221184,0.181909,7.641663
TBF,512,Mean Intensity,0,3,432,512,0.221184,0.155642,6.665085
TBF,512,Mean Intensity,0,4,432,512,0.221184,0.156573,7.126644
TBF,512,Mean Intensity,0,5,432,512,0.221184,0.157361,6.652875
TBF,512,Mean Intensity,0,6,432,512,0.221184,0.16039,6.864204
TBF,512,Mean Intensity,1,0,432,512,0.221184,0.128937,6.811723
TBF,512,Mean Intensity,1,1,432,512,0.221184,0.139993,6.861365
TBF,512,Mean Intensity,1,2,432,512,0.221184,0.146988,6.972943
TBF,512,Mean Intensity,1,3,432,512,0.221184,0.14888,6.643839
TBF,512,Mean Intensity,1,4,432,512,0.221184,0.175071,7.108626
TBF,512,Mean Intensity,1,5,432,512,0.221184,0.149432,6.866725
TBF,512,Mean Intensity,1,6,432,512,0.221184,0.14768,6.7921
TBF,512,Mean Intensity,2,0,432,512,0.221184,0.114297,6.719607
TBF,512,Mean Intensity,2,1,432,512,0.221184,0.148269,7.129815
TBF,512,Mean Intensity,2,2,432,512,0.221184,0.137415,7.063338
TBF,512,Mean Intensity,2,3,432,512,0.221184,0.16298,6.825554
TBF,512,Mean Intensity,2,4,432,512,0.221184,0.13723,7.158246
TBF,512,Mean Intensity,2,5,432,512,0.221184,0.242481,7.615721
TBF,512,Mean Intensity,2,6,432,512,0.221184,0.182427,7.426314
TBI,128,Energy of Gradient,0,0,96,128,0.012288,0.033396,13.519882
TBI,128,Energy of Gradient,0,1,96,128,0.012288,0.05596,17.158816
TBI,128,Energy of Gradient,0,2,96,128,0.012288,0.04308,17.650378
TBI,128,Energy of Gradient,0,3,96,128,0.012288,0.042572,17.511121
TBI,128,Energy of Gradient,0,4,96,128,0.012288,0.049083,16.692922
TBI,128,Energy of Gradient,0,5,96,128,0.012288,0.041551,16.673495
TBI,128,Energy of Gradient,0,6,96,128,0.012288,0.04143,17.177933
TBI,128,Energy of Gradient,1,0,96,128,0.012288,0.035724,16.904875
TBI,128,Energy of Gradient,1,1,96,128,0.012288,0.044522,16.055864
TBI,128,Energy of Gradient,1,2,96,128,0.012288,0.073729,16.108041
TBI,128,Energy of Gradient,1,3,96,128,0.012288,0.043091,15.76367
TBI,128,Energy of Gradient,1,4,96,128,0.012288,0.060043,15.767525
TBI,128,Energy of Gradient,1,5,96,128,0.012288,0.050858,15.671063
TBI,128,Energy of Gradient,1,6,96,128,0.012288,0.038295,15.526447
TBI,128,Energy of Gradient,2,0,96,128,0.012288,0.035397,16.279019
TBI,128,Energy of Gradient,2,1,96,128,0.012288,0.037533,16.551935
TBI,128,Energy of Gradient,2,2,96,128,0.012288,0.050883,16.673455
TBI,128,Energy of Gradient,2,3,96,128,0.012288,0.041907,16.179369
TBI,128,Energy of Gradient,2,4,96,128,0.012288,0.042982,15.673098
TBI,128,Energy of Gradient,2,5,96,128,0.012288,0.045509,16.216358
TBI,128,Energy of Gradient,2,6,96,128,0.012288,0.041805,15.361803
WBC,1024,Mean Intensity,0,0,1024,1024,1.048576,0.588099,1.904924
WBC,1024,Mean Intensity,0,1,1024,1024,1.048576,0.701761,1.683579
WBC,1024,Mean Intensity,0,2,1024,1024,1.048576,0.735134,1.462975
WBC,1024,Mean Intensity,0,3,1024,1024,1.048576,0.741916,1.62925
WBC,1024,Mean Intensity,0,4,1024,1024,1.048576,0.803581,1.430317
WBC,1024,Mean Intensity,0,5,1024,1024,1.048576,0.819867,1.405077
WBC,1024,Mean Intensity,0,6,1024,1024,1.048576,0.661691,1.412118
WBC,1024,Mean Intensity,1,0,1024,1024,1.048576,0.642956,1.447347
WBC,1024,Mean Intensity,1,1,1024,1024,1.048576,0.667691,1.417947
WBC,1024,Mean Intensity,1,2,1024,1024,1.048576,0.660756,1.287954
WBC,1024,Mean Intensity,1,3,1024,1024,1.048576,0.667196,1.325137
WBC,1024,Mean Intensity,1,4,1024,1024,1.048576,0.639233,1.216588
WBC,1024,Mean Intensity,1,5,1024,1024,1.048576,0.64042,1.34546
WBC,1024,Mean Intensity,1,6,1024,1024,1.048576,0.689765,1.269775
WBC,1024,Mean Intensity,2,0,1024,1024,1.048576,0.688316,1.419045
WBC,1024,Mean Intensity,2,1,1024,1024,1.048576,0.687359,1.328243
WBC,1024,Mean Intensity,2,2,1024,1024,1.048576,0.680394,1.285746
WBC,1024,Mean Intensity,2,3,1024,1024,1.048576,0.655038,1.50788
WBC,1024,Mean Intensity,2,4,1024,1024,1.048576,0.762224,1.5348
WBC,1024,Mean Intensity,2,5,1024,1024,1.048576,0.679539,1.385259
WBC,1024,Mean Intensity,2,6,1024,1024,1.048576,0.662901,1.342475
BMA,128,Variance of Gradient,0,0,108,128,0.013824,0.055231,12.010055
BMA,128,Variance of Gradient,0,1,108,128,0.013824,0.062814,8.188153
BMA,128,Variance of Gradient,0,2,108,128,0.013824,0.061515,8.061585
BMA,128,Variance of Gradient,0,3,108,128,0.013824,0.0583,8.177169
BMA,128,Variance of Gradient,0,4,108,128,0.013824,0.058715,7.912681
BMA,128,Variance of Gradient,0,5,108,128,0.013824,0.06391,8.194788
BMA,128,Variance of Gradient,0,6,108,128,0.013824,0.059603,7.914096
BMA,128,Variance of Gradient,1,0,108,128,0.013824,0.066095,9.039235
BMA,128,Variance of Gradient,1,1,108,128,0.013824,0.06837,8.761894
BMA,128,Variance of Gradient,1,2,108,128,0.013824,0.07336,8.151254
BMA,128,Variance of Gradient,1,3,108,128,0.013824,0.066744,7.991162
BMA,128,Variance of Gradient,1,4,108,128,0.013824,0.06373,9.027093
BMA,128,Variance of Gradient,1,5,108,128,0.013824,0.071551,8.257251
BMA,128,Variance of Gradient,1,6,108,128,0.013824,0.086172,9.095551
BMA,128,Variance of Gradient,2,0,108,128,0.013824,0.057078,8.562873
BMA,128,Variance of Gradient,2,1,108,128,0.013824,0.08002,8.764087
BMA,128,Variance of Gradient,2,2,108,128,0.013824,0.069755,8.967472
BMA,128,Variance of Gradient,2,3,108,128,0.013824,0.073786,9.362334
BMA,128,Variance of Gradient,2,4,108,128,0.013824,0.070772,9.751642
BMA,128,Variance of Gradient,2,5,108,128,0.013824,0.078631,8.704755
BMA,128,Variance of Gradient,2,6,108,128,0.013824,0.066402,9.125838
BMA,native,Maximal Intensity,0,0,2160,2560,5.5296,5.8282,16.162527
BMA,native,Maximal Intensity,0,1,2160,2560,5.5296,9.18129,14.097952
BMA,native,Maximal Intensity,0,2,2160,2560,5.5296,5.482048,17.759422
BMA,native,Maximal Intensity,0,3,2160,2560,5.5296,9.609404,12.263914
BMA,native,Maximal Intensity,0,4,2160,2560,5.5296,5.356044,16.342431
BMA,native,Maximal Intensity,0,5,2160,2560,5.5296,8.996839,11.856505
BMA,native,Maximal Intensity,0,6,2160,2560,5.5296,5.178078,16.445178
BMA,native,Maximal Intensity,1,0,2160,2560,5.5296,9.774401,11.745723
BMA,native,Maximal Intensity,1,1,2160,2560,5.5296,5.319563,17.382822
BMA,native,Maximal Intensity,1,2,2160,2560,5.5296,10.08045,12.102807
BMA,native,Maximal Intensity,1,3,2160,2560,5.5296,5.331719,16.249888
BMA,native,Maximal Intensity,1,4,2160,2560,5.5296,8.888357,11.907134
BMA,native,Maximal Intensity,1,5,2160,2560,5.5296,5.385018,16.173908
BMA,native,Maximal Intensity,1,6,2160,2560,5.5296,9.102199,11.774967
BMA,native,Maximal Intensity,2,0,2160,2560,5.5296,5.244649,16.283356
BMA,native,Maximal Intensity,2,1,2160,2560,5.5296,9.199367,12.327252
BMA,native,Maximal Intensity,2,2,2160,2560,5.5296,5.42814,16.702324
BMA,native,Maximal Intensity,2,3,2160,2560,5.5296,9.436756,12.57465
BMA,native,Maximal Intensity,2,4,2160,2560,5.5296,5.452188,15.813097
BMA,native,Maximal Intensity,2,5,2160,2560,5.5296,9.206668,12.517256
BMA,native,Maximal Intensity,2,6,2160,2560,5.5296,5.318654,16.203727
TBI,128,DCT Focus Measure,0,0,96,128,0.012288,0.078965,14.913589
TBI,128,DCT Focus Measure,0,1,96,128,0.012288,0.116592,12.43212
TBI,128,DCT Focus Measure,0,2,96,128,0.012288,0.090883,15.828074
TBI,128,DCT Focus Measure,0,3,96,128,0.012288,0.104408,15.89468
TBI,128,DCT Focus Measure,0,4,96,128,0.012288,0.089094,15.652624
TBI,128,DCT Focus Measure,0,5,96,128,0.012288,0.109521,16.462496
TBI,128,DCT Focus Measure,0,6,96,128,0.012288,0.10398,16.519727
TBI,128,DCT Focus Measure,1,0,96,128,0.012288,0.073224,15.97078
TBI,128,DCT Focus Measure,1,1,96,128,0.012288,0.091324,15.834689
TBI,128,DCT Focus Measure,1,2,96,128,0.012288,0.100442,16.809741
TBI,128,DCT Focus Measure,1,3,96,128,0.012288,0.093366,16.01429
TBI,128,DCT Focus Measure,1,4,96,128,0.012288,0.090858,15.96908
TBI,128,DCT Focus Measure,1,5,96,128,0.012288,0.091311,15.990262
TBI,128,DCT Focus Measure,1,6,96,128,0.012288,0.101473,15.805701
TBI,128,DCT Focus Measure,2,0,96,128,0.012288,0.086292,15.756571
TBI,128,DCT Focus Measure,2,1,96,128,0.012288,0.087936,15.918986
TBI,128,DCT Focus Measure,2,2,96,128,0.012288,0.084796,15.551308
TBI,128,DCT Focus Measure,2,3,96,128,0.012288,0.101441,15.515653
TBI,128,DCT Focus Measure,2,4,96,128,0.012288,0.086447,15.550191
TBI,128,DCT Focus Measure,2,5,96,128,0.012288,0.089122,15.543388
TBI,128,DCT Focus Measure,2,6,96,128,0.012288,0.088797,15.860486
BMA,128,Tenengrad,0,0,108,128,0.013824,0.036755,12.944434
BMA,128,Tenengrad,0,1,108,128,0.013824,0.043591,8.039848
BMA,128,Tenengrad,0,2,108,128,0.013824,0.03946,7.794167
BMA,128,Tenengrad,0,3,108,128,0.013824,0.040673,8.162642
BMA,128,Tenengrad,0,4,108,128,0.013824,0.039825,7.829848
BMA,128,Tenengrad,0,5,108,128,0.013824,0.048214,8.605116
BMA,128,Tenengrad,0,6,108,128,0.013824,0.039073,7.95609
BMA,128,Tenengrad,1,0,108,128,0.013824,0.036442,8.098058
BMA,128,Tenengrad,1,1,108,128,0.013824,0.039943,7.817389
BMA,128,Tenengrad,1,2,108,128,0.013824,0.041384,7.895771
BMA,128,Tenengrad,1,3,108,128,0.013824,0.04049,8.314457
BMA,128,Tenengrad,1,4,108,128,0.013824,0.041332,7.98268
BMA,128,Tenengrad,1,5,108,128,0.013824,0.039132,8.067629
BMA,128,Tenengrad,1,6,108,128,0.013824,0.040186,7.760953
BMA,128,Tenengrad,2,0,108,128,0.013824,0.035446,8.0941
BMA,128,Tenengrad,2,1,108,128,0.013824,0.044195,7.760646
BMA,128,Tenengrad,2,2,108,128,0.013824,0.039461,8.131587
BMA,128,Tenengrad,2,3,108,128,0.013824,0.039855,7.761245
BMA,128,Tenengrad,2,4,108,128,0.013824,0.039843,8.094742
BMA,128,Tenengrad,2,5,108,128,0.013824,0.040026,7.740406
BMA,128,Tenengrad,2,6,108,128,0.013824,0.040009,8.368054
TBF,native,Gradient Squared Energy,0,0,2160,2560,5.5296,43.246326,47.971364
TBF,native,Gradient Squared Energy,0,1,2160,2560,5.5296,34.614509,29.264225
TBF,native,Gradient Squared Energy,0,2,2160,2560,5.5296,16.981754,42.332548
TBF,native,Gradient Squared Energy,0,3,2160,2560,5.5296,35.330291,29.900174
TBF,native,Gradient Squared Energy,0,4,2160,2560,5.5296,16.911288,42.405927
TBF,native,Gradient Squared Energy,0,5,2160,2560,5.5296,35.187329,29.546444
TBF,native,Gradient Squared Energy,0,6,2160,2560,5.5296,17.449563,43.269376
TBF,native,Gradient Squared Energy,1,0,2160,2560,5.5296,34.408077,29.303212
TBF,native,Gradient Squared Energy,1,1,2160,2560,5.5296,16.912637,41.42019
TBF,native,Gradient Squared Energy,1,2,2160,2560,5.5296,35.359625,29.02327
TBF,native,Gradient Squared Energy,1,3,2160,2560,5.5296,16.626047,41.983781
TBF,native,Gradient Squared Energy,1,4,2160,2560,5.5296,33.988577,29.895714
TBF,native,Gradient Squared Energy,1,5,2160,2560,5.5296,17.233035,42.838482
TBF,native,Gradient Squared Energy,1,6,2160,2560,5.5296,35.648288,31.701487
TBF,native,Gradient Squared Energy,2,0,2160,2560,5.5296,17.578402,42.247342
TBF,native,Gradient Squared Energy,2,1,2160,2560,5.5296,34.367501,29.359854
TBF,native,Gradient Squared Energy,2,2,2160,2560,5.5296,17.077377,58.290484
TBF,native,Gradient Squared Energy,2,3,2160,2560,5.5296,29.121719,31.292562
TBF,native,Gradient Squared Energy,2,4,2160,2560,5.5296,18.309321,41.449472
TBF,native,Gradient Squared Energy,2,5,2160,2560,5.5296,35.037062,29.373967
TBF,native,Gradient Squared Energy,2,6,2160,2560,5.5296,17.20489,38.254598
TBF,1024,Absolute Central Moment 4,0,0,864,1024,0.884736,11.823706,22.628101
TBF,1024,Absolute Central Moment 4,0,1,864,1024,0.884736,11.919969,24.129255
TBF,1024,Absolute Central Moment 4,0,2,864,1024,0.884736,12.746378,21.199634
TBF,1024,Absolute Central Moment 4,0,3,864,1024,0.884736,12.747765,21.423025
TBF,1024,Absolute Central Moment 4,0,4,864,1024,0.884736,12.919581,20.562113
TBF,1024,Absolute Central Moment 4,0,5,864,1024,0.884736,13.037436,20.554722
TBF,1024,Absolute Central Moment 4,0,6,864,1024,0.884736,11.964381,19.680867
TBF,1024,Absolute Central Moment 4,1,0,864,1024,0.884736,12.430707,20.481936
TBF,1024,Absolute Central Moment 4,1,1,864,1024,0.884736,12.242009,20.09436
TBF,1024,Absolute Central Moment 4,1,2,864,1024,0.884736,12.959803,20.678294
TBF,1024,Absolute Central Moment 4,1,3,864,1024,0.884736,12.579455,20.227914
TBF,1024,Absolute Central Moment 4,1,4,864,1024,0.884736,12.590066,20.127638
TBF,1024,Absolute Central Moment 4,1,5,864,1024,0.884736,11.980701,20.071821
TBF,1024,Absolute Central Moment 4,1,6,864,1024,0.884736,11.801002,19.950752
TBF,1024,Absolute Central Moment 4,2,0,864,1024,0.884736,11.841146,20.551266
TBF,1024,Absolute Central Moment 4,2,1,864,1024,0.884736,11.777252,20.865205
TBF,1024,Absolute Central Moment 4,2,2,864,1024,0.884736,11.862196,20.52091
TBF,1024,Absolute Central Moment 4,2,3,864,1024,0.884736,12.459895,21.546328
TBF,1024,Absolute Central Moment 4,2,4,864,1024,0.884736,12.529852,20.561721
TBF,1024,Absolute Central Moment 4,2,5,864,1024,0.884736,12.731688,21.425279
TBF,1024,Absolute Central Moment 4,2,6,864,1024,0.884736,12.567314,20.035496
TBF,512,Absolute Central Moment 4,0,0,432,512,0.221184,3.104748,9.765683
TBF,512,Absolute Central Moment 4,0,1,432,512,0.221184,2.9385,9.74499
TBF,512,Absolute Central Moment 4,0,2,432,512,0.221184,3.024496,10.13928
TBF,512,Absolute Central Moment 4,0,3,432,512,0.221184,3.076676,10.397339
TBF,512,Absolute Central Moment 4,0,4,432,512,0.221184,3.100185,10.398347
TBF,512,Absolute Central Moment 4,0,5,432,512,0.221184,3.427627,10.207045
TBF,512,Absolute Central Moment 4,0,6,432,512,0.221184,3.146181,10.292485
TBF,512,Absolute Central Moment 4,1,0,432,512,0.221184,3.161266,10.633205
TBF,512,Absolute Central Moment 4,1,1,432,512,0.221184,3.029309,10.386927
TBF,512,Absolute Central Moment 4,1,2,432,512,0.221184,3.162798,10.740598
TBF,512,Absolute Central Moment 4,1,3,432,512,0.221184,3.107802,10.180772
TBF,512,Absolute Central Moment 4,1,4,432,512,0.221184,3.025403,9.688263
TBF,512,Absolute Central Moment 4,1,5,432,512,0.221184,3.025735,9.705968
TBF,512,Absolute Central Moment 4,1,6,432,512,0.221184,2.922756,9.948953
TBF,512,Absolute Central Moment 4,2,0,432,512,0.221184,2.970316,9.736688
TBF,512,Absolute Central Moment 4,2,1,432,512,0.221184,3.057902,9.952987
TBF,512,Absolute Central Moment 4,2,2,432,512,0.221184,2.949626,9.758412
TBF,512,Absolute Central Moment 4,2,3,432,512,0.221184,3.078901,10.123675
TBF,512,Absolute Central Moment 4,2,4,432,512,0.221184,3.03043,9.747933
TBF,512,Absolute Central Moment 4,2,5,432,512,0.221184,3.046747,9.842947
TBF,512,Absolute Central Moment 4,2,6,432,512,0.221184,3.048973,9.847238
BMA,1024,DCT Focus Measure,0,0,864,1024,0.884736,7.303959,14.64198
BMA,1024,DCT Focus Measure,0,1,864,1024,0.884736,6.72278,15.396717
BMA,1024,DCT Focus Measure,0,2,864,1024,0.884736,6.795497,15.081546
BMA,1024,DCT Focus Measure,0,3,864,1024,0.884736,7.077106,14.679047
BMA,1024,DCT Focus Measure,0,4,864,1024,0.884736,6.046072,14.120895
BMA,1024,DCT Focus Measure,0,5,864,1024,0.884736,6.359432,14.459212
BMA,1024,DCT Focus Measure,0,6,864,1024,0.884736,6.133705,14.242406
BMA,1024,DCT Focus Measure,1,0,864,1024,0.884736,6.111094,13.707389
BMA,1024,DCT Focus Measure,1,1,864,1024,0.884736,5.96793,14.791598
BMA,1024,DCT Focus Measure,1,2,864,1024,0.884736,6.337403,15.918505
BMA,1024,DCT Focus Measure,1,3,864,1024,0.884736,6.926278,15.935377
BMA,1024,DCT Focus Measure,1,4,864,1024,0.884736,6.848069,16.056856
BMA,1024,DCT Focus Measure,1,5,864,1024,0.884736,8.026628,15.983299
BMA,1024,DCT Focus Measure,1,6,864,1024,0.884736,7.129033,15.828806
BMA,1024,DCT Focus Measure,2,0,864,1024,0.884736,6.740871,16.954474
BMA,1024,DCT Focus Measure,2,1,864,1024,0.884736,6.867007,14.570503
BMA,1024,DCT Focus Measure,2,2,864,1024,0.884736,6.146011,14.354172
BMA,1024,DCT Focus Measure,2,3,864,1024,0.884736,6.173479,14.439738
BMA,1024,DCT Focus Measure,2,4,864,1024,0.884736,6.229127,15.511684
BMA,1024,DCT Focus Measure,2,5,864,1024,0.884736,6.779256,14.437877
BMA,1024,DCT Focus Measure,2,6,864,1024,0.884736,6.178558,14.203471
BMA,native,Wavelet W3,0,0,2160,2560,5.5296,145.601839,170.290386
BMA,native,Wavelet W3,0,1,2160,2560,5.5296,160.148632,154.69391
BMA,native,Wavelet W3,0,2,2160,2560,5.5296,150.839049,161.915949
BMA,native,Wavelet W3,0,3,2160,2560,5.5296,152.466471,157.237649
BMA,native,Wavelet W3,0,4,2160,2560,5.5296,148.642769,158.43902
BMA,native,Wavelet W3,0,5,2160,2560,5.5296,155.001252,160.871731
BMA,native,Wavelet W3,0,6,2160,2560,5.5296,152.263752,177.542101
BMA,native,Wavelet W3,1,0,2160,2560,5.5296,158.181132,156.139766
BMA,native,Wavelet W3,1,1,2160,2560,5.5296,148.74513,160.830099
BMA,native,Wavelet W3,1,2,2160,2560,5.5296,153.601258,153.689454
BMA,native,Wavelet W3,1,3,2160,2560,5.5296,144.199073,162.294954
BMA,native,Wavelet W3,1,4,2160,2560,5.5296,154.962624,153.646645
BMA,native,Wavelet W3,1,5,2160,2560,5.5296,152.502991,174.118086
BMA,native,Wavelet W3,1,6,2160,2560,5.5296,151.160927,155.641295
BMA,native,Wavelet W3,2,0,2160,2560,5.5296,149.651443,156.798155
BMA,native,Wavelet W3,2,1,2160,2560,5.5296,151.906284,156.017994
BMA,native,Wavelet W3,2,2,2160,2560,5.5296,149.813015,153.309048
BMA,native,Wavelet W3,2,3,2160,2560,5.5296,153.127117,151.227925
BMA,native,Wavelet W3,2,4,2160,2560,5.5296,153.738655,166.954357
BMA,native,Wavelet W3,2,5,2160,2560,5.5296,147.61533,152.165785
BMA,native,Wavelet W3,2,6,2160,2560,5.5296,147.067787,158.731545
PBS,512,Wavelet W1,0,0,432,512,0.221184,1.818617,10.716034
PBS,512,Wavelet W1,0,1,432,512,0.221184,2.055477,14.319214
PBS,512,Wavelet W1,0,2,432,512,0.221184,1.8985,9.6014
PBS,512,Wavelet W1,0,3,432,512,0.221184,1.916269,9.497195
PBS,512,Wavelet W1,0,4,432,512,0.221184,1.881655,9.332582
PBS,512,Wavelet W1,0,5,432,512,0.221184,1.988992,9.287892
PBS,512,Wavelet W1,0,6,432,512,0.221184,1.921644,9.434061
PBS,512,Wavelet W1,1,0,432,512,0.221184,1.828985,9.660353
PBS,512,Wavelet W1,1,1,432,512,0.221184,1.974206,9.54576
PBS,512,Wavelet W1,1,2,432,512,0.221184,1.919808,9.87712
PBS,512,Wavelet W1,1,3,432,512,0.221184,1.897455,10.24447
PBS,512,Wavelet W1,1,4,432,512,0.221184,1.921818,9.297465
PBS,512,Wavelet W1,1,5,432,512,0.221184,1.94297,9.666474
PBS,512,Wavelet W1,1,6,432,512,0.221184,2.041001,9.805146
PBS,512,Wavelet W1,2,0,432,512,0.221184,1.866313,9.445255
PBS,512,Wavelet W1,2,1,432,512,0.221184,1.910562,9.471205
PBS,512,Wavelet W1,2,2,432,512,0.221184,1.873249,9.351564
PBS,512,Wavelet W1,2,3,432,512,0.221184,1.953674,9.734705
PBS,512,Wavelet W1,2,4,432,512,0.221184,1.87956,10.081011
PBS,512,Wavelet W1,2,5,432,512,0.221184,1.951129,9.43248
PBS,512,Wavelet W1,2,6,432,512,0.221184,1.906418,9.274715
TBI,1024,Variance of Laplacian,0,0,768,1024,0.786432,1.737873,14.694051
TBI,1024,Variance of Laplacian,0,1,768,1024,0.786432,1.582089,18.64225
TBI,1024,Variance of Laplacian,0,2,768,1024,0.786432,1.721521,18.834357
TBI,1024,Variance of Laplacian,0,3,768,1024,0.786432,1.716317,19.204426
TBI,1024,Variance of Laplacian,0,4,768,1024,0.786432,1.929684,18.817229
TBI,1024,Variance of Laplacian,0,5,768,1024,0.786432,1.647594,18.393854
TBI,1024,Variance of Laplacian,0,6,768,1024,0.786432,1.893636,18.430476
TBI,1024,Variance of Laplacian,1,0,768,1024,0.786432,1.529737,18.243971
TBI,1024,Variance of Laplacian,1,1,768,1024,0.786432,1.805426,18.170749
TBI,1024,Variance of Laplacian,1,2,768,1024,0.786432,1.611147,19.249053
TBI,1024,Variance of Laplacian,1,3,768,1024,0.786432,1.932484,18.638511
TBI,1024,Variance of Laplacian,1,4,768,1024,0.786432,1.660059,18.420721
TBI,1024,Variance of Laplacian,1,5,768,1024,0.786432,1.734486,18.223387
TBI,1024,Variance of Laplacian,1,6,768,1024,0.786432,1.609332,18.072198
TBI,1024,Variance of Laplacian,2,0,768,1024,0.786432,1.746014,18.624184
TBI,1024,Variance of Laplacian,2,1,768,1024,0.786432,1.672137,18.295886
TBI,1024,Variance of Laplacian,2,2,768,1024,0.786432,1.737968,18.23438
TBI,1024,Variance of Laplacian,2,3,768,1024,0.786432,1.661087,18.024696
TBI,1024,Variance of Laplacian,2,4,768,1024,0.786432,1.851325,19.323151
TBI,1024,Variance of Laplacian,2,5,768,1024,0.786432,1.606947,18.551916
TBI,1024,Variance of Laplacian,2,6,768,1024,0.786432,1.713808,18.658636
TBI,1024,Roberts Focus Measure,0,0,768,1024,0.786432,2.273099,19.100652
TBI,1024,Roberts Focus Measure,0,1,768,1024,0.786432,2.273881,19.331984
TBI,1024,Roberts Focus Measure,0,2,768,1024,0.786432,2.24592,18.866892
TBI,1024,Roberts Focus Measure,0,3,768,1024,0.786432,2.274858,18.638794
TBI,1024,Roberts Focus Measure,0,4,768,1024,0.786432,2.316581,19.106785
TBI,1024,Roberts Focus Measure,0,5,768,1024,0.786432,2.401743,19.897958
TBI,1024,Roberts Focus Measure,0,6,768,1024,0.786432,2.340491,18.829662
TBI,1024,Roberts Focus Measure,1,0,768,1024,0.786432,2.039627,18.832712
TBI,1024,Roberts Focus Measure,1,1,768,1024,0.786432,2.28232,19.366289
TBI,1024,Roberts Focus Measure,1,2,768,1024,0.786432,2.240039,19.051429
TBI,1024,Roberts Focus Measure,1,3,768,1024,0.786432,2.173802,18.777451
TBI,1024,Roberts Focus Measure,1,4,768,1024,0.786432,2.143793,18.663981
TBI,1024,Roberts Focus Measure,1,5,768,1024,0.786432,2.251834,18.526341
TBI,1024,Roberts Focus Measure,1,6,768,1024,0.786432,2.184923,18.613339
TBI,1024,Roberts Focus Measure,2,0,768,1024,0.786432,2.093812,19.506049
TBI,1024,Roberts Focus Measure,2,1,768,1024,0.786432,2.423577,19.415974
TBI,1024,Roberts Focus Measure,2,2,768,1024,0.786432,2.342479,19.350694
TBI,1024,Roberts Focus Measure,2,3,768,1024,0.786432,2.103241,18.647578
TBI,1024,Roberts Focus Measure,2,4,768,1024,0.786432,2.32574,20.312846
TBI,1024,Roberts Focus Measure,2,5,768,1024,0.786432,2.142332,19.143031
TBI,1024,Roberts Focus Measure,2,6,768,1024,0.786432,2.272907,19.412485
TBI,512,Wavelet W2,0,0,384,512,0.196608,1.917367,19.253644
TBI,512,Wavelet W2,0,1,384,512,0.196608,2.002394,19.50545
TBI,512,Wavelet W2,0,2,384,512,0.196608,2.162512,19.32382
TBI,512,Wavelet W2,0,3,384,512,0.196608,2.104435,19.626569
TBI,512,Wavelet W2,0,4,384,512,0.196608,2.014757,19.023004
TBI,512,Wavelet W2,0,5,384,512,0.196608,2.111603,28.856005
TBI,512,Wavelet W2,0,6,384,512,0.196608,2.176325,19.340477
TBI,512,Wavelet W2,1,0,384,512,0.196608,2.066243,19.982018
TBI,512,Wavelet W2,1,1,384,512,0.196608,2.113556,19.291335
TBI,512,Wavelet W2,1,2,384,512,0.196608,2.091498,19.450723
TBI,512,Wavelet W2,1,3,384,512,0.196608,2.073767,18.640869
TBI,512,Wavelet W2,1,4,384,512,0.196608,1.980772,18.949729
TBI,512,Wavelet W2,1,5,384,512,0.196608,2.028788,19.108969
TBI,512,Wavelet W2,1,6,384,512,0.196608,2.132318,18.895397
TBI,512,Wavelet W2,2,0,384,512,0.196608,1.94958,19.688142
TBI,512,Wavelet W2,2,1,384,512,0.196608,2.140038,18.743483
TBI,512,Wavelet W2,2,2,384,512,0.196608,2.094946,18.630862
TBI,512,Wavelet W2,2,3,384,512,0.196608,2.07567,19.173132
TBI,512,Wavelet W2,2,4,384,512,0.196608,2.122162,19.513946
TBI,512,Wavelet W2,2,5,384,512,0.196608,2.011769,19.177342
TBI,512,Wavelet W2,2,6,384,512,0.196608,2.164364,19.24029
PBS,1024,Intensity Skewness Index,0,0,864,1024,0.884736,7.647174,20.83895
PBS,1024,Intensity Skewness Index,0,1,864,1024,0.884736,7.791843,16.491178
PBS,1024,Intensity Skewness Index,0,2,864,1024,0.884736,7.794755,15.847665
PBS,1024,Intensity Skewness Index,0,3,864,1024,0.884736,7.850828,16.138669
PBS,1024,Intensity Skewness Index,0,4,864,1024,0.884736,7.391415,15.599933
PBS,1024,Intensity Skewness Index,0,5,864,1024,0.884736,7.535738,16.058945
PBS,1024,Intensity Skewness Index,0,6,864,1024,0.884736,7.430945,16.217018
PBS,1024,Intensity Skewness Index,1,0,864,1024,0.884736,7.705218,15.930615
PBS,1024,Intensity Skewness Index,1,1,864,1024,0.884736,7.532854,16.05303
PBS,1024,Intensity Skewness Index,1,2,864,1024,0.884736,7.518397,16.064875
PBS,1024,Intensity Skewness Index,1,3,864,1024,0.884736,7.269876,16.423981
PBS,1024,Intensity Skewness Index,1,4,864,1024,0.884736,7.360811,16.526042
PBS,1024,Intensity Skewness Index,1,5,864,1024,0.884736,7.547783,15.908873
PBS,1024,Intensity Skewness Index,1,6,864,1024,0.884736,7.648326,15.808722
PBS,1024,Intensity Skewness Index,2,0,864,1024,0.884736,7.625152,16.257793
PBS,1024,Intensity Skewness Index,2,1,864,1024,0.884736,7.306066,16.282649
PBS,1024,Intensity Skewness Index,2,2,864,1024,0.884736,7.909828,16.556715
PBS,1024,Intensity Skewness Index,2,3,864,1024,0.884736,7.730266,16.154419
PBS,1024,Intensity Skewness Index,2,4,864,1024,0.884736,7.569821,16.575332
PBS,1024,Intensity Skewness Index,2,5,864,1024,0.884736,7.221005,16.21344
PBS,1024,Intensity Skewness Index,2,6,864,1024,0.884736,7.371311,15.701777
BMA,512,Curvelet Transform Sharpness Index,0,0,432,512,0.221184,1.874373,9.755036
BMA,512,Curvelet Transform Sharpness Index,0,1,432,512,0.221184,1.859988,9.609778
BMA,512,Curvelet Transform Sharpness Index,0,2,432,512,0.221184,1.897517,9.503349
BMA,512,Curvelet Transform Sharpness Index,0,3,432,512,0.221184,2.079243,9.616992
BMA,512,Curvelet Transform Sharpness Index,0,4,432,512,0.221184,1.945077,9.344242
BMA,512,Curvelet Transform Sharpness Index,0,5,432,512,0.221184,1.917111,9.490407
BMA,512,Curvelet Transform Sharpness Index,0,6,432,512,0.221184,1.962511,9.371239
BMA,512,Curvelet Transform Sharpness Index,1,0,432,512,0.221184,1.887707,9.5114
BMA,512,Curvelet Transform Sharpness Index,1,1,432,512,0.221184,1.906222,9.489871
BMA,512,Curvelet Transform Sharpness Index,1,2,432,512,0.221184,1.891019,9.911985
BMA,512,Curvelet Transform Sharpness Index,1,3,432,512,0.221184,1.968752,10.045361
BMA,512,Curvelet Transform Sharpness Index,1,4,432,512,0.221184,1.937816,9.519108
BMA,512,Curvelet Transform Sharpness Index,1,5,432,512,0.221184,1.900985,9.768326
BMA,512,Curvelet Transform Sharpness Index,1,6,432,512,0.221184,1.958216,10.042876
BMA,512,Curvelet Transform Sharpness Index,2,0,432,512,0.221184,1.920056,9.410316
BMA,512,Curvelet Transform Sharpness Index,2,1,432,512,0.221184,1.938897,10.150962
BMA,512,Curvelet Transform Sharpness Index,2,2,432,512,0.221184,1.982549,9.140308
BMA,512,Curvelet Transform Sharpness Index,2,3,432,512,0.221184,1.983073,9.159358
BMA,512,Curvelet Transform Sharpness Index,2,4,432,512,0.221184,1.903845,9.696128
BMA,512,Curvelet Transform Sharpness Index,2,5,432,512,0.221184,2.015887,9.389444
BMA,512,Curvelet Transform Sharpness Index,2,6,432,512,0.221184,1.948793,9.903115
PBS,native,Gradient Squared Energy,0,0,2160,2560,5.5296,43.293906,54.264992
PBS,native,Gradient Squared Energy,0,1,2160,2560,5.5296,35.876627,30.084371
PBS,native,Gradient Squared Energy,0,2,2160,2560,5.5296,17.876728,43.647763
PBS,native,Gradient Squared Energy,0,3,2160,2560,5.5296,34.14706,29.773774
PBS,native,Gradient Squared Energy,0,4,2160,2560,5.5296,16.937498,43.165068
PBS,native,Gradient Squared Energy,0,5,2160,2560,5.5296,35.319623,31.939075
PBS,native,Gradient Squared Energy,0,6,2160,2560,5.5296,16.41261,41.258575
PBS,native,Gradient Squared Energy,1,0,2160,2560,5.5296,34.855274,30.063586
PBS,native,Gradient Squared Energy,1,1,2160,2560,5.5296,16.632998,39.860384
PBS,native,Gradient Squared Energy,1,2,2160,2560,5.5296,35.078826,29.412162
PBS,native,Gradient Squared Energy,1,3,2160,2560,5.5296,16.651208,42.464551
PBS,native,Gradient Squared Energy,1,4,2160,2560,5.5296,46.99049,29.276752
PBS,native,Gradient Squared Energy,1,5,2160,2560,5.5296,16.478984,43.575728
PBS,native,Gradient Squared Energy,1,6,2160,2560,5.5296,35.724262,29.348077
PBS,native,Gradient Squared Energy,2,0,2160,2560,5.5296,18.388056,43.906043
PBS,native,Gradient Squared Energy,2,1,2160,2560,5.5296,35.968272,29.520844
PBS,native,Gradient Squared Energy,2,2,2160,2560,5.5296,17.610991,43.87829
PBS,native,Gradient Squared Energy,2,3,2160,2560,5.5296,33.474542,31.204716
PBS,native,Gradient Squared Energy,2,4,2160,2560,5.5296,18.349133,41.832847
PBS,native,Gradient Squared Energy,2,5,2160,2560,5.5296,35.436799,29.12516
PBS,native,Gradient Squared Energy,2,6,2160,2560,5.5296,16.647027,42.287431
TBI,native,Tenengrad,0,0,2112,2816,5.947392,49.765305,52.467605
TBI,native,Tenengrad,0,1,2112,2816,5.947392,24.479317,35.428551
TBI,native,Tenengrad,0,2,2112,2816,5.947392,24.311928,35.323075
TBI,native,Tenengrad,0,3,2112,2816,5.947392,22.955512,33.467568
TBI,native,Tenengrad,0,4,2112,2816,5.947392,25.251271,39.20739
TBI,native,Tenengrad,0,5,2112,2816,5.947392,22.626132,33.997698
TBI,native,Tenengrad,0,6,2112,2816,5.947392,23.619379,38.310495
TBI,native,Tenengrad,1,0,2112,2816,5.947392,24.271313,34.275167
TBI,native,Tenengrad,1,1,2112,2816,5.947392,24.785967,34.533335
TBI,native,Tenengrad,1,2,2112,2816,5.947392,24.028416,34.493462
TBI,native,Tenengrad,1,3,2112,2816,5.947392,25.290691,39.203509
TBI,native,Tenengrad,1,4,2112,2816,5.947392,24.361626,34.598644
TBI,native,Tenengrad,1,5,2112,2816,5.947392,24.109588,37.007489
TBI,native,Tenengrad,1,6,2112,2816,5.947392,23.152991,32.828656
TBI,native,Tenengrad,2,0,2112,2816,5.947392,24.379247,36.666199
TBI,native,Tenengrad,2,1,2112,2816,5.947392,23.234718,32.836309
TBI,native,Tenengrad,2,2,2112,2816,5.947392,23.41953,39.453526
TBI,native,Tenengrad,2,3,2112,2816,5.947392,24.175436,32.591541
TBI,native,Tenengrad,2,4,2112,2816,5.947392,23.253403,50.37374
TBI,native,Tenengrad,2,5,2112,2816,5.947392,24.654856,35.425444
TBI,native,Tenengrad,2,6,2112,2816,5.947392,24.054403,33.77821
TBI,1024,Intensity Variance,0,0,768,1024,0.786432,1.680313,11.985659
TBI,1024,Intensity Variance,0,1,768,1024,0.786432,1.942827,18.656357
TBI,1024,Intensity Variance,0,2,768,1024,0.786432,1.355659,19.228657
TBI,1024,Intensity Variance,0,3,768,1024,0.786432,1.842218,19.096419
TBI,1024,Intensity Variance,0,4,768,1024,0.786432,1.587289,19.43184
TBI,1024,Intensity Variance,0,5,768,1024,0.786432,1.795787,18.106421
TBI,1024,Intensity Variance,0,6,768,1024,0.786432,1.440913,18.762451
TBI,1024,Intensity Variance,1,0,768,1024,0.786432,1.649183,18.429515
TBI,1024,Intensity Variance,1,1,768,1024,0.786432,1.475862,18.707098
TBI,1024,Intensity Variance,1,2,768,1024,0.786432,1.778148,18.559601
TBI,1024,Intensity Variance,1,3,768,1024,0.786432,1.49449,19.713814
TBI,1024,Intensity Variance,1,4,768,1024,0.786432,1.87197,19.386816
TBI,1024,Intensity Variance,1,5,768,1024,0.786432,1.383305,19.893298
TBI,1024,Intensity Variance,1,6,768,1024,0.786432,1.98593,19.760522
TBI,1024,Intensity Variance,2,0,768,1024,0.786432,1.321577,19.116464
TBI,1024,Intensity Variance,2,1,768,1024,0.786432,1.770039,19.698618
TBI,1024,Intensity Variance,2,2,768,1024,0.786432,1.598605,19.123775
TBI,1024,Intensity Variance,2,3,768,1024,0.786432,1.874745,20.087355
TBI,1024,Intensity Variance,2,4,768,1024,0.786432,1.660147,18.882479
TBI,1024,Intensity Variance,2,5,768,1024,0.786432,1.736977,19.392909
TBI,1024,Intensity Variance,2,6,768,1024,0.786432,1.3247,18.016999
BMA,native,Mean Absolute Laplacian,0,0,2160,2560,5.5296,159.030505,180.221043
BMA,native,Mean Absolute Laplacian,0,1,2160,2560,5.5296,167.500729,161.759696
BMA,native,Mean Absolute Laplacian,0,2,2160,2560,5.5296,152.889468,171.481599
BMA,native,Mean Absolute Laplacian,0,3,2160,2560,5.5296,176.081045,156.930335
BMA,native,Mean Absolute Laplacian,0,4,2160,2560,5.5296,150.009273,167.719617
BMA,native,Mean Absolute Laplacian,0,5,2160,2560,5.5296,156.085086,156.591914
BMA,native,Mean Absolute Laplacian,0,6,2160,2560,5.5296,151.057741,166.641428
BMA,native,Mean Absolute Laplacian,1,0,2160,2560,5.5296,165.157112,171.464092
BMA,native,Mean Absolute Laplacian,1,1,2160,2560,5.5296,154.387991,179.712495
BMA,native,Mean Absolute Laplacian,1,2,2160,2560,5.5296,163.600843,161.816561
BMA,native,Mean Absolute Laplacian,1,3,2160,2560,5.5296,155.079663,170.675297
BMA,native,Mean Absolute Laplacian,1,4,2160,2560,5.5296,159.639182,157.760729
BMA,native,Mean Absolute Laplacian,1,5,2160,2560,5.5296,151.580403,169.665207
BMA,native,Mean Absolute Laplacian,1,6,2160,2560,5.5296,157.855428,159.628469
BMA,native,Mean Absolute Laplacian,2,0,2160,2560,5.5296,153.419182,177.439786
BMA,native,Mean Absolute Laplacian,2,1,2160,2560,5.5296,162.556,162.189702
BMA,native,Mean Absolute Laplacian,2,2,2160,2560,5.5296,155.319911,168.845835
BMA,native,Mean Absolute Laplacian,2,3,2160,2560,5.5296,165.495642,160.736761
BMA,native,Mean Absolute Laplacian,2,4,2160,2560,5.5296,158.382558,172.310567
BMA,native,Mean Absolute Laplacian,2,5,2160,2560,5.5296,160.671704,160.347101
BMA,native,Mean Absolute Laplacian,2,6,2160,2560,5.5296,155.552926,180.525943
TBI,1024,Wavelet W3,0,0,768,1024,0.786432,14.175804,30.138989
TBI,1024,Wavelet W3,0,1,768,1024,0.786432,13.415327,27.380656
TBI,1024,Wavelet W3,0,2,768,1024,0.786432,12.649848,30.226695
TBI,1024,Wavelet W3,0,3,768,1024,0.786432,14.757587,30.924548
TBI,1024,Wavelet W3,0,4,768,1024,0.786432,12.759896,29.621574
TBI,1024,Wavelet W3,0,5,768,1024,0.786432,13.44013,29.079102
TBI,1024,Wavelet W3,0,6,768,1024,0.786432,13.23404,29.691212
TBI,1024,Wavelet W3,1,0,768,1024,0.786432,14.070568,30.432642
TBI,1024,Wavelet W3,1,1,768,1024,0.786432,13.111766,31.620778
TBI,1024,Wavelet W3,1,2,768,1024,0.786432,12.927232,30.93831
TBI,1024,Wavelet W3,1,3,768,1024,0.786432,13.185104,30.597089
TBI,1024,Wavelet W3,1,4,768,1024,0.786432,13.299286,30.604333
TBI,1024,Wavelet W3,1,5,768,1024,0.786432,13.462388,31.851466
TBI,1024,Wavelet W3,1,6,768,1024,0.786432,14.074803,32.731655
TBI,1024,Wavelet W3,2,0,768,1024,0.786432,14.137855,30.223348
TBI,1024,Wavelet W3,2,1,768,1024,0.786432,13.125262,30.86036
TBI,1024,Wavelet W3,2,2,768,1024,0.786432,12.728894,30.862724
TBI,1024,Wavelet W3,2,3,768,1024,0.786432,13.522758,30.933508
TBI,1024,Wavelet W3,2,4,768,1024,0.786432,14.038701,30.380257
TBI,1024,Wavelet W3,2,5,768,1024,0.786432,13.017061,29.874868
TBI,1024,Wavelet W3,2,6,768,1024,0.786432,13.032495,31.034637
TBI,native,Gradient Squared Energy,0,0,2112,2816,5.947392,49.809037,41.632256
TBI,native,Gradient Squared Energy,0,1,2112,2816,5.947392,24.618515,35.555418
TBI,native,Gradient Squared Energy,0,2,2112,2816,5.947392,23.061391,34.216448
TBI,native,Gradient Squared Energy,0,3,2112,2816,5.947392,23.499813,39.225603
TBI,native,Gradient Squared Energy,0,4,2112,2816,5.947392,23.428041,35.329513
TBI,native,Gradient Squared Energy,0,5,2112,2816,5.947392,23.777425,40.234368
TBI,native,Gradient Squared Energy,0,6,2112,2816,5.947392,23.15724,34.216115
TBI,native,Gradient Squared Energy,1,0,2112,2816,5.947392,23.817953,34.208809
TBI,native,Gradient Squared Energy,1,1,2112,2816,5.947392,23.430109,35.039223
TBI,native,Gradient Squared Energy,1,2,2112,2816,5.947392,41.434881,43.212181
TBI,native,Gradient Squared Energy,1,3,2112,2816,5.947392,23.18357,33.844714
TBI,native,Gradient Squared Energy,1,4,2112,2816,5.947392,24.036826,39.200201
TBI,native,Gradient Squared Energy,1,5,2112,2816,5.947392,23.18836,33.089058
TBI,native,Gradient Squared Energy,1,6,2112,2816,5.947392,23.83219,37.375178
TBI,native,Gradient Squared Energy,2,0,2112,2816,5.947392,23.179949,32.496643
TBI,native,Gradient Squared Energy,2,1,2112,2816,5.947392,23.745488,39.313723
TBI,native,Gradient Squared Energy,2,2,2112,2816,5.947392,23.876374,33.266512
TBI,native,Gradient Squared Energy,2,3,2112,2816,5.947392,23.54682,39.597355
TBI,native,Gradient Squared Energy,2,4,2112,2816,5.947392,24.0031,32.745242
TBI,native,Gradient Squared Energy,2,5,2112,2816,5.947392,24.114668,39.93199
TBI,native,Gradient Squared Energy,2,6,2112,2816,5.947392,23.194933,34.31161
BMA,512,GLCM Contrast,0,0,432,512,0.221184,53.812024,62.351071
BMA,512,GLCM Contrast,0,1,432,512,0.221184,55.482006,61.621721
BMA,512,GLCM Contrast,0,2,432,512,0.221184,55.610514,63.860799
BMA,512,GLCM Contrast,0,3,432,512,0.221184,56.53766,61.644398
BMA,512,GLCM Contrast,0,4,432,512,0.221184,54.763243,63.313118
BMA,512,GLCM Contrast,0,5,432,512,0.221184,56.298161,62.160988
BMA,512,GLCM Contrast,0,6,432,512,0.221184,56.34426,62.176514
BMA,512,GLCM Contrast,1,0,432,512,0.221184,53.553561,63.355715
BMA,512,GLCM Contrast,1,1,432,512,0.221184,53.908689,70.680725
BMA,512,GLCM Contrast,1,2,432,512,0.221184,55.054453,60.80789
BMA,512,GLCM Contrast,1,3,432,512,0.221184,53.077336,61.27942
BMA,512,GLCM Contrast,1,4,432,512,0.221184,52.497295,59.802841
BMA,512,GLCM Contrast,1,5,432,512,0.221184,53.823818,60.684045
BMA,512,GLCM Contrast,1,6,432,512,0.221184,53.042337,65.180551
BMA,512,GLCM Contrast,2,0,432,512,0.221184,55.644358,60.029199
BMA,512,GLCM Contrast,2,1,432,512,0.221184,52.928645,61.187708
BMA,512,GLCM Contrast,2,2,432,512,0.221184,52.759072,60.147389
BMA,512,GLCM Contrast,2,3,432,512,0.221184,53.013426,61.005542
BMA,512,GLCM Contrast,2,4,432,512,0.221184,52.701093,59.846718
BMA,512,GLCM Contrast,2,5,432,512,0.221184,53.50431,61.565167
BMA,512,GLCM Contrast,2,6,432,512,0.221184,53.336597,59.597158
TBI,128,Variance of Gradient,0,0,96,128,0.012288,0.052231,15.828165
TBI,128,Variance of Gradient,0,1,96,128,0.012288,0.062644,15.322186
TBI,128,Variance of Gradient,0,2,96,128,0.012288,0.062657,17.407107
TBI,128,Variance of Gradient,0,3,96,128,0.012288,0.072321,16.14916
TBI,128,Variance of Gradient,0,4,96,128,0.012288,0.066205,15.578824
TBI,128,Variance of Gradient,0,5,96,128,0.012288,0.068814,15.718638
TBI,128,Variance of Gradient,0,6,96,128,0.012288,0.062393,15.410001
TBI,128,Variance of Gradient,1,0,96,128,0.012288,0.04866,15.1956
TBI,128,Variance of Gradient,1,1,96,128,0.012288,0.07549,15.3042
TBI,128,Variance of Gradient,1,2,96,128,0.012288,0.068422,15.741849
TBI,128,Variance of Gradient,1,3,96,128,0.012288,0.057224,15.415367
TBI,128,Variance of Gradient,1,4,96,128,0.012288,0.071259,15.29773
TBI,128,Variance of Gradient,1,5,96,128,0.012288,0.061483,15.948107
TBI,128,Variance of Gradient,1,6,96,128,0.012288,0.063487,15.987165
TBI,128,Variance of Gradient,2,0,96,128,0.012288,0.04872,16.82334
TBI,128,Variance of Gradient,2,1,96,128,0.012288,0.07256,16.442456
TBI,128,Variance of Gradient,2,2,96,128,0.012288,0.068124,16.395531
TBI,128,Variance of Gradient,2,3,96,128,0.012288,0.092158,16.078746
TBI,128,Variance of Gradient,2,4,96,128,0.012288,0.062585,16.714804
TBI,128,Variance of Gradient,2,5,96,128,0.012288,0.064085,15.84573
TBI,128,Variance of Gradient,2,6,96,128,0.012288,0.072452,16.079787
TBF,512,Modified Tenengrad,0,0,432,512,0.221184,6.366419,16.900054
TBF,512,Modified Tenengrad,0,1,432,512,0.221184,5.926431,12.888563
TBF,512,Modified Tenengrad,0,2,432,512,0.221184,5.930884,13.275704
TBF,512,Modified Tenengrad,0,3,432,512,0.221184,6.326958,13.524252
TBF,512,Modified Tenengrad,0,4,432,512,0.221184,6.407648,14.698843
TBF,512,Modified Tenengrad,0,5,432,512,0.221184,5.85253,13.038394
TBF,512,Modified Tenengrad,0,6,432,512,0.221184,6.095123,13.076672
TBF,512,Modified Tenengrad,1,0,432,512,0.221184,6.402353,13.439029
TBF,512,Modified Tenengrad,1,1,432,512,0.221184,6.275497,13.52514
TBF,512,Modified Tenengrad,1,2,432,512,0.221184,6.583308,13.954515
TBF,512,Modified Tenengrad,1,3,432,512,0.221184,6.370111,13.96444
TBF,512,Modified Tenengrad,1,4,432,512,0.221184,6.627574,14.085756
TBF,512,Modified Tenengrad,1,5,432,512,0.221184,6.525143,13.323484
TBF,512,Modified Tenengrad,1,6,432,512,0.221184,6.22804,13.394209
TBF,512,Modified Tenengrad,2,0,432,512,0.221184,6.147038,12.959797
TBF,512,Modified Tenengrad,2,1,432,512,0.221184,6.221276,13.194341
TBF,512,Modified Tenengrad,2,2,432,512,0.221184,6.508036,13.134678
TBF,512,Modified Tenengrad,2,3,432,512,0.221184,6.250065,12.988117
TBF,512,Modified Tenengrad,2,4,432,512,0.221184,6.212832,13.00673
TBF,512,Modified Tenengrad,2,5,432,512,0.221184,6.192268,13.097894
TBF,512,Modified Tenengrad,2,6,432,512,0.221184,6.197199,12.858625
TBF,native,Spatial Frequency,0,0,2160,2560,5.5296,45.095213,63.542828
TBF,native,Spatial Frequency,0,1,2160,2560,5.5296,50.37012,57.788195
TBF,native,Spatial Frequency,0,2,2160,2560,5.5296,51.118695,60.822368
TBF,native,Spatial Frequency,0,3,2160,2560,5.5296,50.10599,58.900408
TBF,native,Spatial Frequency,0,4,2160,2560,5.5296,60.023682,67.995023
TBF,native,Spatial Frequency,0,5,2160,2560,5.5296,53.857186,70.592764
TBF,native,Spatial Frequency,0,6,2160,2560,5.5296,56.064124,72.419139
TBF,native,Spatial Frequency,1,0,2160,2560,5.5296,50.564891,56.170275
TBF,native,Spatial Frequency,1,1,2160,2560,5.5296,51.907075,64.868511
TBF,native,Spatial Frequency,1,2,2160,2560,5.5296,49.953788,53.011761
TBF,native,Spatial Frequency,1,3,2160,2560,5.5296,47.660299,58.655463
TBF,native,Spatial Frequency,1,4,2160,2560,5.5296,50.970985,53.759675
TBF,native,Spatial Frequency,1,5,2160,2560,5.5296,47.65434,55.499302
TBF,native,Spatial Frequency,1,6,2160,2560,5.5296,49.961588,51.340206
TBF,native,Spatial Frequency,2,0,2160,2560,5.5296,50.186735,61.327239
TBF,native,Spatial Frequency,2,1,2160,2560,5.5296,50.798928,52.799193
TBF,native,Spatial Frequency,2,2,2160,2560,5.5296,50.459131,56.266991
TBF,native,Spatial Frequency,2,3,2160,2560,5.5296,51.943059,58.100415
TBF,native,Spatial Frequency,2,4,2160,2560,5.5296,47.825377,59.67466
TBF,native,Spatial Frequency,2,5,2160,2560,5.5296,53.766137,52.475694
TBF,native,Spatial Frequency,2,6,2160,2560,5.5296,49.040477,62.802457
TBF,512,GLCM Contrast,0,0,432,512,0.221184,56.527095,71.060286
TBF,512,GLCM Contrast,0,1,432,512,0.221184,54.572616,65.809073
TBF,512,GLCM Contrast,0,2,432,512,0.221184,53.635243,61.403746
TBF,512,GLCM Contrast,0,3,432,512,0.221184,54.219058,62.633948
TBF,512,GLCM Contrast,0,4,432,512,0.221184,54.152693,61.088285
TBF,512,GLCM Contrast,0,5,432,512,0.221184,55.073754,61.380248
TBF,512,GLCM Contrast,0,6,432,512,0.221184,53.999711,60.322705
TBF,512,GLCM Contrast,1,0,432,512,0.221184,54.108621,61.441654
TBF,512,GLCM Contrast,1,1,432,512,0.221184,53.262638,60.747079
TBF,512,GLCM Contrast,1,2,432,512,0.221184,53.5012,62.434611
TBF,512,GLCM Contrast,1,3,432,512,0.221184,54.215243,61.254035
TBF,512,GLCM Contrast,1,4,432,512,0.221184,55.018758,61.086109
TBF,512,GLCM Contrast,1,5,432,512,0.221184,56.25318,63.400988
TBF,512,GLCM Contrast,1,6,432,512,0.221184,55.064397,61.62817
TBF,512,GLCM Contrast,2,0,432,512,0.221184,55.16076,62.155691
TBF,512,GLCM Contrast,2,1,432,512,0.221184,53.31538,60.532267
TBF,512,GLCM Contrast,2,2,432,512,0.221184,55.041652,61.124605
TBF,512,GLCM Contrast,2,3,432,512,0.221184,52.831965,60.421877
TBF,512,GLCM Contrast,2,4,432,512,0.221184,54.169101,61.504058
TBF,512,GLCM Contrast,2,5,432,512,0.221184,54.494622,59.881534
TBF,512,GLCM Contrast,2,6,432,512,0.221184,55.715283,61.302325
WBC,native,Intensity Skewness Index,0,0,200,200,0.04,0.347463,0.4368
WBC,native,Intensity Skewness Index,0,1,200,200,0.04,0.332814,0.370015
WBC,native,Intensity Skewness Index,0,2,200,200,0.04,0.338271,0.399863
WBC,native,Intensity Skewness Index,0,3,200,200,0.04,0.349081,0.457658
WBC,native,Intensity Skewness Index,0,4,200,200,0.04,0.436692,0.404008
WBC,native,Intensity Skewness Index,0,5,200,200,0.04,0.328296,0.367609
WBC,native,Intensity Skewness Index,0,6,200,200,0.04,0.346549,0.402278
WBC,native,Intensity Skewness Index,1,0,200,200,0.04,0.35078,0.383888
WBC,native,Intensity Skewness Index,1,1,200,200,0.04,0.354373,0.387722
WBC,native,Intensity Skewness Index,1,2,200,200,0.04,0.336655,0.370132
WBC,native,Intensity Skewness Index,1,3,200,200,0.04,0.379133,0.504598
WBC,native,Intensity Skewness Index,1,4,200,200,0.04,0.386575,0.400626
WBC,native,Intensity Skewness Index,1,5,200,200,0.04,0.363262,0.399909
WBC,native,Intensity Skewness Index,1,6,200,200,0.04,0.351003,0.380093
WBC,native,Intensity Skewness Index,2,0,200,200,0.04,0.329579,0.445314
WBC,native,Intensity Skewness Index,2,1,200,200,0.04,0.331424,0.670383
WBC,native,Intensity Skewness Index,2,2,200,200,0.04,0.744101,0.482247
WBC,native,Intensity Skewness Index,2,3,200,200,0.04,0.364204,0.409427
WBC,native,Intensity Skewness Index,2,4,200,200,0.04,0.33182,0.386437
WBC,native,Intensity Skewness Index,2,5,200,200,0.04,0.337294,0.369744
WBC,native,Intensity Skewness Index,2,6,200,200,0.04,0.359577,0.386275
TBF,512,Image Power,0,0,432,512,0.221184,0.221478,7.368523
TBF,512,Image Power,0,1,432,512,0.221184,0.280755,7.554397
TBF,512,Image Power,0,2,432,512,0.221184,0.291049,7.487856
TBF,512,Image Power,0,3,432,512,0.221184,0.306677,7.031357
TBF,512,Image Power,0,4,432,512,0.221184,0.284146,7.468358
TBF,512,Image Power,0,5,432,512,0.221184,0.276667,7.293879
TBF,512,Image Power,0,6,432,512,0.221184,0.285721,7.3549
TBF,512,Image Power,1,0,432,512,0.221184,0.233209,7.211732
TBF,512,Image Power,1,1,432,512,0.221184,0.295436,7.175706
TBF,512,Image Power,1,2,432,512,0.221184,0.278733,7.346205
TBF,512,Image Power,1,3,432,512,0.221184,0.305309,7.375831
TBF,512,Image Power,1,4,432,512,0.221184,0.312791,7.156765
TBF,512,Image Power,1,5,432,512,0.221184,0.288925,7.467277
TBF,512,Image Power,1,6,432,512,0.221184,0.277029,7.650353
TBF,512,Image Power,2,0,432,512,0.221184,0.234671,7.614607
TBF,512,Image Power,2,1,432,512,0.221184,0.288581,7.690115
TBF,512,Image Power,2,2,432,512,0.221184,0.272739,7.745351
TBF,512,Image Power,2,3,432,512,0.221184,0.272615,6.737743
TBF,512,Image Power,2,4,432,512,0.221184,0.284639,7.415408
TBF,512,Image Power,2,5,432,512,0.221184,0.278963,7.440513
TBF,512,Image Power,2,6,432,512,0.221184,0.272039,6.923805
WBC,512,Wavelet W2,0,0,512,512,0.262144,2.688169,3.211995
WBC,512,Wavelet W2,0,1,512,512,0.262144,2.787643,2.886513
WBC,512,Wavelet W2,0,2,512,512,0.262144,2.606457,3.267194
WBC,512,Wavelet W2,0,3,512,512,0.262144,2.654396,2.85519
WBC,512,Wavelet W2,0,4,512,512,0.262144,2.585199,2.859744
WBC,512,Wavelet W2,0,5,512,512,0.262144,2.576735,2.968821
WBC,512,Wavelet W2,0,6,512,512,0.262144,2.617423,3.264305
WBC,512,Wavelet W2,1,0,512,512,0.262144,2.583143,2.887324
WBC,512,Wavelet W2,1,1,512,512,0.262144,2.548889,2.866593
WBC,512,Wavelet W2,1,2,512,512,0.262144,2.549569,2.863317
WBC,512,Wavelet W2,1,3,512,512,0.262144,2.623876,2.896063
WBC,512,Wavelet W2,1,4,512,512,0.262144,2.609652,2.900958
WBC,512,Wavelet W2,1,5,512,512,0.262144,2.541586,2.990413
WBC,512,Wavelet W2,1,6,512,512,0.262144,2.800065,2.859001
WBC,512,Wavelet W2,2,0,512,512,0.262144,2.783252,3.095827
WBC,512,Wavelet W2,2,1,512,512,0.262144,2.700427,2.94608
WBC,512,Wavelet W2,2,2,512,512,0.262144,2.596824,2.925103
WBC,512,Wavelet W2,2,3,512,512,0.262144,2.647264,3.051157
WBC,512,Wavelet W2,2,4,512,512,0.262144,2.619718,2.896744
WBC,512,Wavelet W2,2,5,512,512,0.262144,2.604627,2.862513
WBC,512,Wavelet W2,2,6,512,512,0.262144,2.775537,3.058152
WBC,128,Brenner Gradient,0,0,128,128,0.016384,0.024899,0.190103
WBC,128,Brenner Gradient,0,1,128,128,0.016384,0.02036,0.142213
WBC,128,Brenner Gradient,0,2,128,128,0.016384,0.019028,0.134544
WBC,128,Brenner Gradient,0,3,128,128,0.016384,0.01878,0.163658
WBC,128,Brenner Gradient,0,4,128,128,0.016384,0.019542,0.13438
WBC,128,Brenner Gradient,0,5,128,128,0.016384,0.019332,0.132437
WBC,128,Brenner Gradient,0,6,128,128,0.016384,0.019132,0.130702
WBC,128,Brenner Gradient,1,0,128,128,0.016384,0.018528,0.13406
WBC,128,Brenner Gradient,1,1,128,128,0.016384,0.019136,0.149461
WBC,128,Brenner Gradient,1,2,128,128,0.016384,0.020196,0.139223
WBC,128,Brenner Gradient,1,3,128,128,0.016384,0.019199,0.133634
WBC,128,Brenner Gradient,1,4,128,128,0.016384,0.018677,0.132232
WBC,128,Brenner Gradient,1,5,128,128,0.016384,0.018796,0.131388
WBC,128,Brenner Gradient,1,6,128,128,0.016384,0.018686,0.140356
WBC,128,Brenner Gradient,2,0,128,128,0.016384,0.018849,0.161505
WBC,128,Brenner Gradient,2,1,128,128,0.016384,0.024989,0.152664
WBC,128,Brenner Gradient,2,2,128,128,0.016384,0.018905,0.134913
WBC,128,Brenner Gradient,2,3,128,128,0.016384,0.018925,0.132974
WBC,128,Brenner Gradient,2,4,128,128,0.016384,0.019087,0.131302
WBC,128,Brenner Gradient,2,5,128,128,0.016384,0.019275,0.147429
WBC,128,Brenner Gradient,2,6,128,128,0.016384,0.070958,0.246235
TBI,512,Wavelet Detail Energy (db1),0,0,384,512,0.196608,1.587985,19.704212
TBI,512,Wavelet Detail Energy (db1),0,1,384,512,0.196608,1.671634,19.542179
TBI,512,Wavelet Detail Energy (db1),0,2,384,512,0.196608,1.911086,18.293401
TBI,512,Wavelet Detail Energy (db1),0,3,384,512,0.196608,1.745502,18.379804
TBI,512,Wavelet Detail Energy (db1),0,4,384,512,0.196608,1.690369,19.035532
TBI,512,Wavelet Detail Energy (db1),0,5,384,512,0.196608,1.677051,30.327907
TBI,512,Wavelet Detail Energy (db1),0,6,384,512,0.196608,1.78249,19.042381
TBI,512,Wavelet Detail Energy (db1),1,0,384,512,0.196608,1.607275,18.372064
TBI,512,Wavelet Detail Energy (db1),1,1,384,512,0.196608,1.701353,18.48214
TBI,512,Wavelet Detail Energy (db1),1,2,384,512,0.196608,1.698128,19.706745
TBI,512,Wavelet Detail Energy (db1),1,3,384,512,0.196608,1.675454,19.526833
TBI,512,Wavelet Detail Energy (db1),1,4,384,512,0.196608,1.772549,18.705486
TBI,512,Wavelet Detail Energy (db1),1,5,384,512,0.196608,1.732283,18.82768
TBI,512,Wavelet Detail Energy (db1),1,6,384,512,0.196608,1.690185,19.578439
TBI,512,Wavelet Detail Energy (db1),2,0,384,512,0.196608,1.779466,19.069115
TBI,512,Wavelet Detail Energy (db1),2,1,384,512,0.196608,2.017872,18.478568
TBI,512,Wavelet Detail Energy (db1),2,2,384,512,0.196608,1.757511,18.104361
TBI,512,Wavelet Detail Energy (db1),2,3,384,512,0.196608,1.731015,18.7052
TBI,512,Wavelet Detail Energy (db1),2,4,384,512,0.196608,1.700472,18.386738
TBI,512,Wavelet Detail Energy (db1),2,5,384,512,0.196608,1.73906,17.905454
TBI,512,Wavelet Detail Energy (db1),2,6,384,512,0.196608,1.748196,18.244612
BMA,native,DCT Focus Measure,0,0,2160,2560,5.5296,76.120074,89.927795
BMA,native,DCT Focus Measure,0,1,2160,2560,5.5296,76.585899,79.304522
BMA,native,DCT Focus Measure,0,2,2160,2560,5.5296,70.935047,86.764772
BMA,native,DCT Focus Measure,0,3,2160,2560,5.5296,75.193206,82.999365
BMA,native,DCT Focus Measure,0,4,2160,2560,5.5296,76.639142,84.658811
BMA,native,DCT Focus Measure,0,5,2160,2560,5.5296,81.584642,81.603667
BMA,native,DCT Focus Measure,0,6,2160,2560,5.5296,71.095301,101.927765
BMA,native,DCT Focus Measure,1,0,2160,2560,5.5296,80.821596,83.719526
BMA,native,DCT Focus Measure,1,1,2160,2560,5.5296,71.386518,85.601967
BMA,native,DCT Focus Measure,1,2,2160,2560,5.5296,76.595419,80.717414
BMA,native,DCT Focus Measure,1,3,2160,2560,5.5296,71.542575,82.081943
BMA,native,DCT Focus Measure,1,4,2160,2560,5.5296,77.625308,80.405746
BMA,native,DCT Focus Measure,1,5,2160,2560,5.5296,72.121557,80.514217
BMA,native,DCT Focus Measure,1,6,2160,2560,5.5296,72.649239,74.48806
BMA,native,DCT Focus Measure,2,0,2160,2560,5.5296,73.003316,90.842506
BMA,native,DCT Focus Measure,2,1,2160,2560,5.5296,75.147097,86.836133
BMA,native,DCT Focus Measure,2,2,2160,2560,5.5296,70.696685,89.201343
BMA,native,DCT Focus Measure,2,3,2160,2560,5.5296,76.205419,77.86575
BMA,native,DCT Focus Measure,2,4,2160,2560,5.5296,95.59111,80.443055
BMA,native,DCT Focus Measure,2,5,2160,2560,5.5296,77.842444,82.428606
BMA,native,DCT Focus Measure,2,6,2160,2560,5.5296,69.328016,84.029046
PBS,128,Maximal Intensity,0,0,108,128,0.013824,0.010212,8.538318
PBS,128,Maximal Intensity,0,1,108,128,0.013824,0.01184,13.058098
PBS,128,Maximal Intensity,0,2,108,128,0.013824,0.010859,7.898861
PBS,128,Maximal Intensity,0,3,108,128,0.013824,0.010801,8.586718
PBS,128,Maximal Intensity,0,4,108,128,0.013824,0.011054,8.227663
PBS,128,Maximal Intensity,0,5,108,128,0.013824,0.010778,7.966312
PBS,128,Maximal Intensity,0,6,108,128,0.013824,0.010414,8.173048
PBS,128,Maximal Intensity,1,0,108,128,0.013824,0.007734,8.392604
PBS,128,Maximal Intensity,1,1,108,128,0.013824,0.01293,8.215454
PBS,128,Maximal Intensity,1,2,108,128,0.013824,0.011424,7.869491
PBS,128,Maximal Intensity,1,3,108,128,0.013824,0.019175,8.805477
PBS,128,Maximal Intensity,1,4,108,128,0.013824,0.01369,8.121473
PBS,128,Maximal Intensity,1,5,108,128,0.013824,0.011659,8.296114
PBS,128,Maximal Intensity,1,6,108,128,0.013824,0.011068,8.024941
PBS,128,Maximal Intensity,2,0,108,128,0.013824,0.007972,8.758795
PBS,128,Maximal Intensity,2,1,108,128,0.013824,0.013325,8.188274
PBS,128,Maximal Intensity,2,2,108,128,0.013824,0.011422,8.869373
PBS,128,Maximal Intensity,2,3,108,128,0.013824,0.011049,8.231279
PBS,128,Maximal Intensity,2,4,108,128,0.013824,0.011276,7.777478
PBS,128,Maximal Intensity,2,5,108,128,0.013824,0.014018,8.02291
PBS,128,Maximal Intensity,2,6,108,128,0.013824,0.011167,7.740913
BMA,512,Intensity Range Index,0,0,432,512,0.221184,0.131419,7.698522
BMA,512,Intensity Range Index,0,1,432,512,0.221184,0.166013,7.611821
BMA,512,Intensity Range Index,0,2,432,512,0.221184,0.169064,7.531494
BMA,512,Intensity Range Index,0,3,432,512,0.221184,0.168592,7.205772
BMA,512,Intensity Range Index,0,4,432,512,0.221184,0.165655,7.597581
BMA,512,Intensity Range Index,0,5,432,512,0.221184,0.157321,7.290548
BMA,512,Intensity Range Index,0,6,432,512,0.221184,0.161323,7.812064
BMA,512,Intensity Range Index,1,0,432,512,0.221184,0.201256,7.694658
BMA,512,Intensity Range Index,1,1,432,512,0.221184,0.164214,7.804677
BMA,512,Intensity Range Index,1,2,432,512,0.221184,0.179619,7.440571
BMA,512,Intensity Range Index,1,3,432,512,0.221184,0.168935,7.492068
BMA,512,Intensity Range Index,1,4,432,512,0.221184,0.159039,7.456172
BMA,512,Intensity Range Index,1,5,432,512,0.221184,0.153272,7.562574
BMA,512,Intensity Range Index,1,6,432,512,0.221184,0.167022,7.694773
BMA,512,Intensity Range Index,2,0,432,512,0.221184,0.194844,7.552333
BMA,512,Intensity Range Index,2,1,432,512,0.221184,0.165089,7.5632
BMA,512,Intensity Range Index,2,2,432,512,0.221184,0.166804,7.49028
BMA,512,Intensity Range Index,2,3,432,512,0.221184,0.15629,7.629457
BMA,512,Intensity Range Index,2,4,432,512,0.221184,0.1646,7.731913
BMA,512,Intensity Range Index,2,5,432,512,0.221184,0.167024,7.543678
BMA,512,Intensity Range Index,2,6,432,512,0.221184,0.167093,7.549048
TBF,1024,Absolute Central Moment 2,0,0,864,1024,0.884736,1.939689,9.466958
TBF,1024,Absolute Central Moment 2,0,1,864,1024,0.884736,1.912067,9.814216
TBF,1024,Absolute Central Moment 2,0,2,864,1024,0.884736,2.150507,9.822511
TBF,1024,Absolute Central Moment 2,0,3,864,1024,0.884736,2.220168,10.129127
TBF,1024,Absolute Central Moment 2,0,4,864,1024,0.884736,2.105331,9.793843
TBF,1024,Absolute Central Moment 2,0,5,864,1024,0.884736,1.969398,9.959731
TBF,1024,Absolute Central Moment 2,0,6,864,1024,0.884736,1.958945,12.425699
TBF,1024,Absolute Central Moment 2,1,0,864,1024,0.884736,2.299644,10.729824
TBF,1024,Absolute Central Moment 2,1,1,864,1024,0.884736,2.223114,10.316574
TBF,1024,Absolute Central Moment 2,1,2,864,1024,0.884736,2.145081,10.125895
TBF,1024,Absolute Central Moment 2,1,3,864,1024,0.884736,1.907138,9.714445
TBF,1024,Absolute Central Moment 2,1,4,864,1024,0.884736,2.058125,9.772638
TBF,1024,Absolute Central Moment 2,1,5,864,1024,0.884736,2.176546,9.88617
TBF,1024,Absolute Central Moment 2,1,6,864,1024,0.884736,2.147337,9.70828
TBF,1024,Absolute Central Moment 2,2,0,864,1024,0.884736,1.927651,9.925028
TBF,1024,Absolute Central Moment 2,2,1,864,1024,0.884736,2.07185,9.988509
TBF,1024,Absolute Central Moment 2,2,2,864,1024,0.884736,2.120873,10.526019
TBF,1024,Absolute Central Moment 2,2,3,864,1024,0.884736,2.201079,10.4974
TBF,1024,Absolute Central Moment 2,2,4,864,1024,0.884736,2.130713,10.326725
TBF,1024,Absolute Central Moment 2,2,5,864,1024,0.884736,2.433845,9.958
TBF,1024,Absolute Central Moment 2,2,6,864,1024,0.884736,2.101804,9.766556
BMA,native,Histogram Entropy,0,0,2160,2560,5.5296,51.564191,66.008569
BMA,native,Histogram Entropy,0,1,2160,2560,5.5296,58.515567,61.410243
BMA,native,Histogram Entropy,0,2,2160,2560,5.5296,55.283702,69.327938
BMA,native,Histogram Entropy,0,3,2160,2560,5.5296,54.498621,57.593567
BMA,native,Histogram Entropy,0,4,2160,2560,5.5296,50.441448,62.572718
BMA,native,Histogram Entropy,0,5,2160,2560,5.5296,60.678336,59.485202
BMA,native,Histogram Entropy,0,6,2160,2560,5.5296,50.500057,63.168923
BMA,native,Histogram Entropy,1,0,2160,2560,5.5296,56.766055,60.903585
BMA,native,Histogram Entropy,1,1,2160,2560,5.5296,52.11205,62.909604
BMA,native,Histogram Entropy,1,2,2160,2560,5.5296,56.039465,59.905026
BMA,native,Histogram Entropy,1,3,2160,2560,5.5296,53.733835,63.300079
BMA,native,Histogram Entropy,1,4,2160,2560,5.5296,56.552433,62.0181
BMA,native,Histogram Entropy,1,5,2160,2560,5.5296,55.168771,63.471484
BMA,native,Histogram Entropy,1,6,2160,2560,5.5296,57.999943,60.58852
BMA,native,Histogram Entropy,2,0,2160,2560,5.5296,52.593878,68.879132
BMA,native,Histogram Entropy,2,1,2160,2560,5.5296,55.068639,57.950288
BMA,native,Histogram Entropy,2,2,2160,2560,5.5296,53.830858,62.445105
BMA,native,Histogram Entropy,2,3,2160,2560,5.5296,55.602513,61.079249
BMA,native,Histogram Entropy,2,4,2160,2560,5.5296,54.127406,61.333927
BMA,native,Histogram Entropy,2,5,2160,2560,5.5296,55.900247,56.091312
BMA,native,Histogram Entropy,2,6,2160,2560,5.5296,51.645723,61.274556
BMA,512,Variance of Laplacian,0,0,432,512,0.221184,0.339036,8.589888
BMA,512,Variance of Laplacian,0,1,432,512,0.221184,0.425325,13.033256
BMA,512,Variance of Laplacian,0,2,432,512,0.221184,0.424786,8.053355
BMA,512,Variance of Laplacian,0,3,432,512,0.221184,0.420363,8.152776
BMA,512,Variance of Laplacian,0,4,432,512,0.221184,0.382597,8.546036
BMA,512,Variance of Laplacian,0,5,432,512,0.221184,0.438992,8.537268
BMA,512,Variance of Laplacian,0,6,432,512,0.221184,0.442282,9.171241
BMA,512,Variance of Laplacian,1,0,432,512,0.221184,0.38146,7.654491
BMA,512,Variance of Laplacian,1,1,432,512,0.221184,0.406733,8.491639
BMA,512,Variance of Laplacian,1,2,432,512,0.221184,0.424901,7.675872
BMA,512,Variance of Laplacian,1,3,432,512,0.221184,0.394909,8.293989
BMA,512,Variance of Laplacian,1,4,432,512,0.221184,0.582281,7.606119
BMA,512,Variance of Laplacian,1,5,432,512,0.221184,0.440342,8.36292
BMA,512,Variance of Laplacian,1,6,432,512,0.221184,0.48626,7.718328
BMA,512,Variance of Laplacian,2,0,432,512,0.221184,0.382688,8.240339
BMA,512,Variance of Laplacian,2,1,432,512,0.221184,0.453232,7.874354
BMA,512,Variance of Laplacian,2,2,432,512,0.221184,0.420066,7.976885
BMA,512,Variance of Laplacian,2,3,432,512,0.221184,0.469044,8.251976
BMA,512,Variance of Laplacian,2,4,432,512,0.221184,0.463913,8.23628
BMA,512,Variance of Laplacian,2,5,432,512,0.221184,0.408899,7.932068
BMA,512,Variance of Laplacian,2,6,432,512,0.221184,0.383279,8.095302
TBI,1024,Tenengrad,0,0,768,1024,0.786432,2.211649,16.1567
TBI,1024,Tenengrad,0,1,768,1024,0.786432,2.077899,19.20474
TBI,1024,Tenengrad,0,2,768,1024,0.786432,2.041596,18.039273
TBI,1024,Tenengrad,0,3,768,1024,0.786432,2.087553,18.067088
TBI,1024,Tenengrad,0,4,768,1024,0.786432,1.980809,30.170363
TBI,1024,Tenengrad,0,5,768,1024,0.786432,1.974344,18.885043
TBI,1024,Tenengrad,0,6,768,1024,0.786432,2.236596,19.131383
TBI,1024,Tenengrad,1,0,768,1024,0.786432,1.844059,18.566094
TBI,1024,Tenengrad,1,1,768,1024,0.786432,2.067465,18.067233
TBI,1024,Tenengrad,1,2,768,1024,0.786432,2.172051,18.410246
TBI,1024,Tenengrad,1,3,768,1024,0.786432,2.263994,19.411622
TBI,1024,Tenengrad,1,4,768,1024,0.786432,1.857188,18.85181
TBI,1024,Tenengrad,1,5,768,1024,0.786432,2.055737,18.562536
TBI,1024,Tenengrad,1,6,768,1024,0.786432,2.087895,18.600252
TBI,1024,Tenengrad,2,0,768,1024,0.786432,2.043212,18.561038
TBI,1024,Tenengrad,2,1,768,1024,0.786432,2.039725,18.956777
TBI,1024,Tenengrad,2,2,768,1024,0.786432,2.292305,18.688354
TBI,1024,Tenengrad,2,3,768,1024,0.786432,1.973375,18.441874
TBI,1024,Tenengrad,2,4,768,1024,0.786432,1.978796,19.845774
TBI,1024,Tenengrad,2,5,768,1024,0.786432,2.028185,19.142317
TBI,1024,Tenengrad,2,6,768,1024,0.786432,2.169906,18.202368
BMA,128,Absolute Central Moment 2,0,0,108,128,0.013824,0.024391,12.043894
BMA,128,Absolute Central Moment 2,0,1,108,128,0.013824,0.027532,9.003603
BMA,128,Absolute Central Moment 2,0,2,108,128,0.013824,0.030764,8.303096
BMA,128,Absolute Central Moment 2,0,3,108,128,0.013824,0.028731,8.885711
BMA,128,Absolute Central Moment 2,0,4,108,128,0.013824,0.029967,8.262192
BMA,128,Absolute Central Moment 2,0,5,108,128,0.013824,0.028344,9.098042
BMA,128,Absolute Central Moment 2,0,6,108,128,0.013824,0.028618,8.754373
BMA,128,Absolute Central Moment 2,1,0,108,128,0.013824,0.023927,8.09793
BMA,128,Absolute Central Moment 2,1,1,108,128,0.013824,0.042046,8.158773
BMA,128,Absolute Central Moment 2,1,2,108,128,0.013824,0.032745,7.969911
BMA,128,Absolute Central Moment 2,1,3,108,128,0.013824,0.02827,7.94063
BMA,128,Absolute Central Moment 2,1,4,108,128,0.013824,0.031872,8.704299
BMA,128,Absolute Central Moment 2,1,5,108,128,0.013824,0.032645,7.990849
BMA,128,Absolute Central Moment 2,1,6,108,128,0.013824,0.02835,7.991211
BMA,128,Absolute Central Moment 2,2,0,108,128,0.013824,0.028763,7.766307
BMA,128,Absolute Central Moment 2,2,1,108,128,0.013824,0.032056,8.015882
BMA,128,Absolute Central Moment 2,2,2,108,128,0.013824,0.028821,7.724783
BMA,128,Absolute Central Moment 2,2,3,108,128,0.013824,0.027726,8.300292
BMA,128,Absolute Central Moment 2,2,4,108,128,0.013824,0.027743,7.848814
BMA,128,Absolute Central Moment 2,2,5,108,128,0.013824,0.026713,8.09838
BMA,128,Absolute Central Moment 2,2,6,108,128,0.013824,0.027219,8.269395
PBS,1024,Energy of Gradient,0,0,864,1024,0.884736,2.205191,10.387914
PBS,1024,Energy of Gradient,0,1,864,1024,0.884736,2.27277,10.717992
PBS,1024,Energy of Gradient,0,2,864,1024,0.884736,2.169271,11.176151
PBS,1024,Energy of Gradient,0,3,864,1024,0.884736,2.562791,10.756719
PBS,1024,Energy of Gradient,0,4,864,1024,0.884736,2.19417,10.527688
PBS,1024,Energy of Gradient,0,5,864,1024,0.884736,2.131515,10.641424
PBS,1024,Energy of Gradient,0,6,864,1024,0.884736,2.420878,10.783088
PBS,1024,Energy of Gradient,1,0,864,1024,0.884736,2.147202,10.776222
PBS,1024,Energy of Gradient,1,1,864,1024,0.884736,2.062511,10.658632
PBS,1024,Energy of Gradient,1,2,864,1024,0.884736,2.210135,10.367961
PBS,1024,Energy of Gradient,1,3,864,1024,0.884736,2.192833,10.639565
PBS,1024,Energy of Gradient,1,4,864,1024,0.884736,2.161949,10.757045
PBS,1024,Energy of Gradient,1,5,864,1024,0.884736,2.335608,10.681308
PBS,1024,Energy of Gradient,1,6,864,1024,0.884736,2.345184,10.69223
PBS,1024,Energy of Gradient,2,0,864,1024,0.884736,2.02235,10.607181
PBS,1024,Energy of Gradient,2,1,864,1024,0.884736,2.138989,11.135656
PBS,1024,Energy of Gradient,2,2,864,1024,0.884736,2.014428,10.663555
PBS,1024,Energy of Gradient,2,3,864,1024,0.884736,2.390686,11.718629
PBS,1024,Energy of Gradient,2,4,864,1024,0.884736,2.206121,10.581549
PBS,1024,Energy of Gradient,2,5,864,1024,0.884736,2.436724,11.33276
PBS,1024,Energy of Gradient,2,6,864,1024,0.884736,2.017003,10.624761
TBF,128,Mean Absolute Laplacian,0,0,108,128,0.013824,0.146546,7.450367
TBF,128,Mean Absolute Laplacian,0,1,108,128,0.013824,0.149466,7.89835
TBF,128,Mean Absolute Laplacian,0,2,108,128,0.013824,0.149884,7.101025
TBF,128,Mean Absolute Laplacian,0,3,108,128,0.013824,0.167525,7.184238
TBF,128,Mean Absolute Laplacian,0,4,108,128,0.013824,0.203275,7.325903
TBF,128,Mean Absolute Laplacian,0,5,108,128,0.013824,0.140192,7.501798
TBF,128,Mean Absolute Laplacian,0,6,108,128,0.013824,0.141604,7.383177
TBF,128,Mean Absolute Laplacian,1,0,108,128,0.013824,0.133526,7.768369
TBF,128,Mean Absolute Laplacian,1,1,108,128,0.013824,0.491558,7.466088
TBF,128,Mean Absolute Laplacian,1,2,108,128,0.013824,0.151749,7.274784
TBF,128,Mean Absolute Laplacian,1,3,108,128,0.013824,0.142538,7.288161
TBF,128,Mean Absolute Laplacian,1,4,108,128,0.013824,0.163781,7.359174
TBF,128,Mean Absolute Laplacian,1,5,108,128,0.013824,0.14319,7.351185
TBF,128,Mean Absolute Laplacian,1,6,108,128,0.013824,0.141514,7.311447
TBF,128,Mean Absolute Laplacian,2,0,108,128,0.013824,0.163307,7.296564
TBF,128,Mean Absolute Laplacian,2,1,108,128,0.013824,0.161089,7.201853
TBF,128,Mean Absolute Laplacian,2,2,108,128,0.013824,0.141209,8.172563
TBF,128,Mean Absolute Laplacian,2,3,108,128,0.013824,0.168636,7.413573
TBF,128,Mean Absolute Laplacian,2,4,108,128,0.013824,0.149336,8.012251
TBF,128,Mean Absolute Laplacian,2,5,108,128,0.013824,0.161702,8.155636
TBF,128,Mean Absolute Laplacian,2,6,108,128,0.013824,0.155151,8.102387
PBS,128,Brenner Gradient,0,0,108,128,0.013824,0.016636,8.106936
PBS,128,Brenner Gradient,0,1,108,128,0.013824,0.019406,8.492387
PBS,128,Brenner Gradient,0,2,108,128,0.013824,0.026267,8.638192
PBS,128,Brenner Gradient,0,3,108,128,0.013824,0.02668,9.030283
PBS,128,Brenner Gradient,0,4,108,128,0.013824,0.022251,8.76235
PBS,128,Brenner Gradient,0,5,108,128,0.013824,0.02993,9.15021
PBS,128,Brenner Gradient,0,6,108,128,0.013824,0.028741,8.59689
PBS,128,Brenner Gradient,1,0,108,128,0.013824,0.019389,8.393322
PBS,128,Brenner Gradient,1,1,108,128,0.013824,0.020474,8.900209
PBS,128,Brenner Gradient,1,2,108,128,0.013824,0.126376,9.293344
PBS,128,Brenner Gradient,1,3,108,128,0.013824,0.063521,8.065402
PBS,128,Brenner Gradient,1,4,108,128,0.013824,0.026018,7.967674
PBS,128,Brenner Gradient,1,5,108,128,0.013824,0.01956,8.835848
PBS,128,Brenner Gradient,1,6,108,128,0.013824,0.022145,8.150812
PBS,128,Brenner Gradient,2,0,108,128,0.013824,0.016677,8.459086
PBS,128,Brenner Gradient,2,1,108,128,0.013824,0.020647,8.924152
PBS,128,Brenner Gradient,2,2,108,128,0.013824,0.022224,8.21205
PBS,128,Brenner Gradient,2,3,108,128,0.013824,0.02157,8.625944
PBS,128,Brenner Gradient,2,4,108,128,0.013824,0.020982,8.787544
PBS,128,Brenner Gradient,2,5,108,128,0.013824,0.040079,8.559647
PBS,128,Brenner Gradient,2,6,108,128,0.013824,0.025133,9.253659
BMA,1024,Energy of Gradient,0,0,864,1024,0.884736,2.376407,11.111621
BMA,1024,Energy of Gradient,0,1,864,1024,0.884736,2.185131,10.793876
BMA,1024,Energy of Gradient,0,2,864,1024,0.884736,2.023579,10.908965
BMA,1024,Energy of Gradient,0,3,864,1024,0.884736,2.261498,10.717611
BMA,1024,Energy of Gradient,0,4,864,1024,0.884736,2.233805,11.287671
BMA,1024,Energy of Gradient,0,5,864,1024,0.884736,2.21008,10.608353
BMA,1024,Energy of Gradient,0,6,864,1024,0.884736,2.241235,11.055445
BMA,1024,Energy of Gradient,1,0,864,1024,0.884736,2.163798,11.214776
BMA,1024,Energy of Gradient,1,1,864,1024,0.884736,2.555456,13.807766
BMA,1024,Energy of Gradient,1,2,864,1024,0.884736,2.792793,11.515606
BMA,1024,Energy of Gradient,1,3,864,1024,0.884736,2.589889,12.541129
BMA,1024,Energy of Gradient,1,4,864,1024,0.884736,2.54547,11.140186
BMA,1024,Energy of Gradient,1,5,864,1024,0.884736,2.499365,11.447151
BMA,1024,Energy of Gradient,1,6,864,1024,0.884736,2.703411,11.303682
BMA,1024,Energy of Gradient,2,0,864,1024,0.884736,2.609069,10.912086
BMA,1024,Energy of Gradient,2,1,864,1024,0.884736,2.800829,10.492348
BMA,1024,Energy of Gradient,2,2,864,1024,0.884736,2.267017,10.485598
BMA,1024,Energy of Gradient,2,3,864,1024,0.884736,2.52833,9.909849
BMA,1024,Energy of Gradient,2,4,864,1024,0.884736,2.270306,10.670834
BMA,1024,Energy of Gradient,2,5,864,1024,0.884736,2.709291,10.558223
BMA,1024,Energy of Gradient,2,6,864,1024,0.884736,2.241028,10.606844
TBI,512,Laplacian Energy,0,0,384,512,0.196608,2.644611,15.398672
TBI,512,Laplacian Energy,0,1,384,512,0.196608,2.364559,19.015742
TBI,512,Laplacian Energy,0,2,384,512,0.196608,2.423255,19.54881
TBI,512,Laplacian Energy,0,3,384,512,0.196608,2.538965,19.24221
TBI,512,Laplacian Energy,0,4,384,512,0.196608,2.309819,19.366917
TBI,512,Laplacian Energy,0,5,384,512,0.196608,2.414001,19.226996
TBI,512,Laplacian Energy,0,6,384,512,0.196608,2.290594,19.269626
TBI,512,Laplacian Energy,1,0,384,512,0.196608,2.271961,19.211126
TBI,512,Laplacian Energy,1,1,384,512,0.196608,2.278009,19.201754
TBI,512,Laplacian Energy,1,2,384,512,0.196608,2.487568,19.692056
TBI,512,Laplacian Energy,1,3,384,512,0.196608,2.37027,19.459634
TBI,512,Laplacian Energy,1,4,384,512,0.196608,2.490768,19.975088
TBI,512,Laplacian Energy,1,5,384,512,0.196608,2.087402,19.787573
TBI,512,Laplacian Energy,1,6,384,512,0.196608,2.377722,18.896998
TBI,512,Laplacian Energy,2,0,384,512,0.196608,2.209088,18.815225
TBI,512,Laplacian Energy,2,1,384,512,0.196608,2.269698,18.887402
TBI,512,Laplacian Energy,2,2,384,512,0.196608,2.323002,18.814737
TBI,512,Laplacian Energy,2,3,384,512,0.196608,2.420601,18.820031
TBI,512,Laplacian Energy,2,4,384,512,0.196608,2.232067,18.79526
TBI,512,Laplacian Energy,2,5,384,512,0.196608,2.059786,18.830004
TBI,512,Laplacian Energy,2,6,384,512,0.196608,2.390353,18.433033
PBS,512,Mean Intensity,0,0,432,512,0.221184,0.122027,11.569601
PBS,512,Mean Intensity,0,1,432,512,0.221184,0.199103,7.51945
PBS,512,Mean Intensity,0,2,432,512,0.221184,0.171793,7.282055
PBS,512,Mean Intensity,0,3,432,512,0.221184,0.196206,7.646945
PBS,512,Mean Intensity,0,4,432,512,0.221184,0.160607,7.425073
PBS,512,Mean Intensity,0,5,432,512,0.221184,0.179987,7.59159
PBS,512,Mean Intensity,0,6,432,512,0.221184,0.17996,7.288689
PBS,512,Mean Intensity,1,0,432,512,0.221184,0.114695,7.49209
PBS,512,Mean Intensity,1,1,432,512,0.221184,0.145847,7.452207
PBS,512,Mean Intensity,1,2,432,512,0.221184,0.158103,7.519741
PBS,512,Mean Intensity,1,3,432,512,0.221184,0.152465,8.088418
PBS,512,Mean Intensity,1,4,432,512,0.221184,0.16959,7.84538
PBS,512,Mean Intensity,1,5,432,512,0.221184,0.180272,7.648873
PBS,512,Mean Intensity,1,6,432,512,0.221184,0.152089,9.473737
PBS,512,Mean Intensity,2,0,432,512,0.221184,0.117268,7.662656
PBS,512,Mean Intensity,2,1,432,512,0.221184,0.191409,8.084671
PBS,512,Mean Intensity,2,2,432,512,0.221184,0.169758,7.422747
PBS,512,Mean Intensity,2,3,432,512,0.221184,0.152327,7.697501
PBS,512,Mean Intensity,2,4,432,512,0.221184,0.143207,7.302995
PBS,512,Mean Intensity,2,5,432,512,0.221184,0.153096,8.015267
PBS,512,Mean Intensity,2,6,432,512,0.221184,0.174104,7.359914
BMA,1024,Normalized Variance,0,0,864,1024,0.884736,1.518524,15.243832
BMA,1024,Normalized Variance,0,1,864,1024,0.884736,1.667528,10.149491
BMA,1024,Normalized Variance,0,2,864,1024,0.884736,1.664533,9.813344
BMA,1024,Normalized Variance,0,3,864,1024,0.884736,1.662825,9.734312
BMA,1024,Normalized Variance,0,4,864,1024,0.884736,1.574286,9.806763
BMA,1024,Normalized Variance,0,5,864,1024,0.884736,1.620566,9.718077
BMA,1024,Normalized Variance,0,6,864,1024,0.884736,1.605278,10.183533
BMA,1024,Normalized Variance,1,0,864,1024,0.884736,1.528913,10.735182
BMA,1024,Normalized Variance,1,1,864,1024,0.884736,1.650134,10.37146
BMA,1024,Normalized Variance,1,2,864,1024,0.884736,1.685319,9.691484
BMA,1024,Normalized Variance,1,3,864,1024,0.884736,1.613419,10.400158
BMA,1024,Normalized Variance,1,4,864,1024,0.884736,1.765226,11.085721
BMA,1024,Normalized Variance,1,5,864,1024,0.884736,1.695953,9.850191
BMA,1024,Normalized Variance,1,6,864,1024,0.884736,1.813073,10.303292
BMA,1024,Normalized Variance,2,0,864,1024,0.884736,1.714455,10.441052
BMA,1024,Normalized Variance,2,1,864,1024,0.884736,1.838225,10.981388
BMA,1024,Normalized Variance,2,2,864,1024,0.884736,1.651838,10.096966
BMA,1024,Normalized Variance,2,3,864,1024,0.884736,1.711843,9.475452
BMA,1024,Normalized Variance,2,4,864,1024,0.884736,1.601774,11.041825
BMA,1024,Normalized Variance,2,5,864,1024,0.884736,1.873435,9.992921
BMA,1024,Normalized Variance,2,6,864,1024,0.884736,1.702514,10.940447
BMA,512,Roberts Focus Measure,0,0,432,512,0.221184,0.552963,8.483648
BMA,512,Roberts Focus Measure,0,1,432,512,0.221184,0.542722,8.172339
BMA,512,Roberts Focus Measure,0,2,432,512,0.221184,0.637537,8.065622
BMA,512,Roberts Focus Measure,0,3,432,512,0.221184,0.583089,7.911526
BMA,512,Roberts Focus Measure,0,4,432,512,0.221184,0.658946,7.902572
BMA,512,Roberts Focus Measure,0,5,432,512,0.221184,0.597388,8.07467
BMA,512,Roberts Focus Measure,0,6,432,512,0.221184,0.617378,8.184832
BMA,512,Roberts Focus Measure,1,0,432,512,0.221184,0.518489,7.981854
BMA,512,Roberts Focus Measure,1,1,432,512,0.221184,0.623725,7.625033
BMA,512,Roberts Focus Measure,1,2,432,512,0.221184,0.608284,8.459583
BMA,512,Roberts Focus Measure,1,3,432,512,0.221184,0.612728,7.78959
BMA,512,Roberts Focus Measure,1,4,432,512,0.221184,0.587511,8.34113
BMA,512,Roberts Focus Measure,1,5,432,512,0.221184,0.698367,8.050786
BMA,512,Roberts Focus Measure,1,6,432,512,0.221184,0.610392,8.197972
BMA,512,Roberts Focus Measure,2,0,432,512,0.221184,0.543708,7.755107
BMA,512,Roberts Focus Measure,2,1,432,512,0.221184,0.601273,8.341848
BMA,512,Roberts Focus Measure,2,2,432,512,0.221184,0.633768,7.815913
BMA,512,Roberts Focus Measure,2,3,432,512,0.221184,0.56342,8.139475
BMA,512,Roberts Focus Measure,2,4,432,512,0.221184,0.589617,8.194147
BMA,512,Roberts Focus Measure,2,5,432,512,0.221184,0.58232,8.111161
BMA,512,Roberts Focus Measure,2,6,432,512,0.221184,0.588825,7.778593
BMA,128,Squared Gradient,0,0,108,128,0.013824,0.036849,9.045804
BMA,128,Squared Gradient,0,1,108,128,0.013824,0.041083,7.678991
BMA,128,Squared Gradient,0,2,108,128,0.013824,0.039979,8.835617
BMA,128,Squared Gradient,0,3,108,128,0.013824,0.045177,7.927777
BMA,128,Squared Gradient,0,4,108,128,0.013824,0.042015,8.221334
BMA,128,Squared Gradient,0,5,108,128,0.013824,0.04099,7.770673
BMA,128,Squared Gradient,0,6,108,128,0.013824,0.039906,8.167682
BMA,128,Squared Gradient,1,0,108,128,0.013824,0.036257,8.225084
BMA,128,Squared Gradient,1,1,108,128,0.013824,0.042545,8.975566
BMA,128,Squared Gradient,1,2,108,128,0.013824,0.04693,7.985768
BMA,128,Squared Gradient,1,3,108,128,0.013824,0.064183,8.453034
BMA,128,Squared Gradient,1,4,108,128,0.013824,0.041959,7.912237
BMA,128,Squared Gradient,1,5,108,128,0.013824,0.039476,8.138478
BMA,128,Squared Gradient,1,6,108,128,0.013824,0.0417,8.000777
BMA,128,Squared Gradient,2,0,108,128,0.013824,0.035712,8.463529
BMA,128,Squared Gradient,2,1,108,128,0.013824,0.041426,7.957743
BMA,128,Squared Gradient,2,2,108,128,0.013824,0.039514,8.326865
BMA,128,Squared Gradient,2,3,108,128,0.013824,0.041966,7.91388
BMA,128,Squared Gradient,2,4,108,128,0.013824,0.045531,8.144818
BMA,128,Squared Gradient,2,5,108,128,0.013824,0.040375,7.802312
BMA,128,Squared Gradient,2,6,108,128,0.013824,0.039725,7.991486
WBC,1024,Variance of Gradient,0,0,1024,1024,1.048576,4.055934,5.082566
WBC,1024,Variance of Gradient,0,1,1024,1024,1.048576,4.354112,4.551628
WBC,1024,Variance of Gradient,0,2,1024,1024,1.048576,4.163173,4.751484
WBC,1024,Variance of Gradient,0,3,1024,1024,1.048576,4.118471,4.782618
WBC,1024,Variance of Gradient,0,4,1024,1024,1.048576,3.881514,4.905153
WBC,1024,Variance of Gradient,0,5,1024,1024,1.048576,4.041639,4.580599
WBC,1024,Variance of Gradient,0,6,1024,1024,1.048576,3.912143,5.192061
WBC,1024,Variance of Gradient,1,0,1024,1024,1.048576,4.329489,5.286855
WBC,1024,Variance of Gradient,1,1,1024,1024,1.048576,4.17228,4.944685
WBC,1024,Variance of Gradient,1,2,1024,1024,1.048576,4.257329,4.822297
WBC,1024,Variance of Gradient,1,3,1024,1024,1.048576,3.950388,4.934883
WBC,1024,Variance of Gradient,1,4,1024,1024,1.048576,4.23255,5.122474
WBC,1024,Variance of Gradient,1,5,1024,1024,1.048576,4.012701,4.837688
WBC,1024,Variance of Gradient,1,6,1024,1024,1.048576,4.145044,4.563356
WBC,1024,Variance of Gradient,2,0,1024,1024,1.048576,3.877837,4.836705
WBC,1024,Variance of Gradient,2,1,1024,1024,1.048576,4.337301,5.039687
WBC,1024,Variance of Gradient,2,2,1024,1024,1.048576,3.718102,4.87775
WBC,1024,Variance of Gradient,2,3,1024,1024,1.048576,4.260273,4.96143
WBC,1024,Variance of Gradient,2,4,1024,1024,1.048576,4.720531,7.002353
WBC,1024,Variance of Gradient,2,5,1024,1024,1.048576,5.680263,5.40444
WBC,1024,Variance of Gradient,2,6,1024,1024,1.048576,4.265856,5.31746
PBS,512,Brenner Gradient,0,0,432,512,0.221184,0.268601,8.132354
PBS,512,Brenner Gradient,0,1,432,512,0.221184,0.388119,7.587005
PBS,512,Brenner Gradient,0,2,432,512,0.221184,0.332348,8.355728
PBS,512,Brenner Gradient,0,3,432,512,0.221184,0.327966,7.870011
PBS,512,Brenner Gradient,0,4,432,512,0.221184,0.352944,8.160504
PBS,512,Brenner Gradient,0,5,432,512,0.221184,0.324677,7.900733
PBS,512,Brenner Gradient,0,6,432,512,0.221184,0.354941,7.932604
PBS,512,Brenner Gradient,1,0,432,512,0.221184,0.269995,8.216123
PBS,512,Brenner Gradient,1,1,432,512,0.221184,0.337334,8.184558
PBS,512,Brenner Gradient,1,2,432,512,0.221184,0.302431,8.367338
PBS,512,Brenner Gradient,1,3,432,512,0.221184,0.380666,8.379197
PBS,512,Brenner Gradient,1,4,432,512,0.221184,0.301864,8.004175
PBS,512,Brenner Gradient,1,5,432,512,0.221184,0.34297,7.815338
PBS,512,Brenner Gradient,1,6,432,512,0.221184,0.295322,8.049893
PBS,512,Brenner Gradient,2,0,432,512,0.221184,0.308605,7.897574
PBS,512,Brenner Gradient,2,1,432,512,0.221184,0.293689,7.655107
PBS,512,Brenner Gradient,2,2,432,512,0.221184,0.300028,8.023948
PBS,512,Brenner Gradient,2,3,432,512,0.221184,0.329637,7.509686
PBS,512,Brenner Gradient,2,4,432,512,0.221184,0.33689,8.37939
PBS,512,Brenner Gradient,2,5,432,512,0.221184,0.298912,7.572799
PBS,512,Brenner Gradient,2,6,432,512,0.221184,0.345781,7.891911
TBI,native,Spatial Frequency,0,0,2112,2816,5.947392,49.485536,57.633856
TBI,native,Spatial Frequency,0,1,2112,2816,5.947392,50.339313,59.894633
TBI,native,Spatial Frequency,0,2,2112,2816,5.947392,49.649866,56.462552
TBI,native,Spatial Frequency,0,3,2112,2816,5.947392,48.485098,52.673308
TBI,native,Spatial Frequency,0,4,2112,2816,5.947392,45.734574,53.523873
TBI,native,Spatial Frequency,0,5,2112,2816,5.947392,48.726391,54.666157
TBI,native,Spatial Frequency,0,6,2112,2816,5.947392,47.019962,55.001075
TBI,native,Spatial Frequency,1,0,2112,2816,5.947392,50.539237,59.168761
TBI,native,Spatial Frequency,1,1,2112,2816,5.947392,47.442784,53.660425
TBI,native,Spatial Frequency,1,2,2112,2816,5.947392,45.939129,55.848206
TBI,native,Spatial Frequency,1,3,2112,2816,5.947392,47.521601,53.905246
TBI,native,Spatial Frequency,1,4,2112,2816,5.947392,46.455432,53.200278
TBI,native,Spatial Frequency,1,5,2112,2816,5.947392,47.663249,55.155522
TBI,native,Spatial Frequency,1,6,2112,2816,5.947392,46.508323,58.05265
TBI,native,Spatial Frequency,2,0,2112,2816,5.947392,48.479966,57.917012
TBI,native,Spatial Frequency,2,1,2112,2816,5.947392,49.911329,57.965619
TBI,native,Spatial Frequency,2,2,2112,2816,5.947392,51.776545,72.006839
TBI,native,Spatial Frequency,2,3,2112,2816,5.947392,48.282368,56.364511
TBI,native,Spatial Frequency,2,4,2112,2816,5.947392,49.027007,60.066006
TBI,native,Spatial Frequency,2,5,2112,2816,5.947392,48.822818,55.318912
TBI,native,Spatial Frequency,2,6,2112,2816,5.947392,46.842936,54.23654
BMA,512,Intensity Skewness Index,0,0,432,512,0.221184,1.77965,10.186992
BMA,512,Intensity Skewness Index,0,1,432,512,0.221184,1.835496,9.10112
BMA,512,Intensity Skewness Index,0,2,432,512,0.221184,1.846228,9.529608
BMA,512,Intensity Skewness Index,0,3,432,512,0.221184,1.907028,9.790269
BMA,512,Intensity Skewness Index,0,4,432,512,0.221184,1.882453,9.171443
BMA,512,Intensity Skewness Index,0,5,432,512,0.221184,1.861416,9.335054
BMA,512,Intensity Skewness Index,0,6,432,512,0.221184,1.955072,9.127646
BMA,512,Intensity Skewness Index,1,0,432,512,0.221184,1.75685,9.520793
BMA,512,Intensity Skewness Index,1,1,432,512,0.221184,1.83552,9.090847
BMA,512,Intensity Skewness Index,1,2,432,512,0.221184,1.826556,9.215249
BMA,512,Intensity Skewness Index,1,3,432,512,0.221184,1.88967,9.898783
BMA,512,Intensity Skewness Index,1,4,432,512,0.221184,1.881409,9.303052
BMA,512,Intensity Skewness Index,1,5,432,512,0.221184,1.927805,9.793749
BMA,512,Intensity Skewness Index,1,6,432,512,0.221184,1.970201,9.61205
BMA,512,Intensity Skewness Index,2,0,432,512,0.221184,1.745307,9.174276
BMA,512,Intensity Skewness Index,2,1,432,512,0.221184,1.789302,9.036771
BMA,512,Intensity Skewness Index,2,2,432,512,0.221184,1.823637,9.157252
BMA,512,Intensity Skewness Index,2,3,432,512,0.221184,1.830197,9.211657
BMA,512,Intensity Skewness Index,2,4,432,512,0.221184,1.80075,9.231491
BMA,512,Intensity Skewness Index,2,5,432,512,0.221184,1.798612,9.359647
BMA,512,Intensity Skewness Index,2,6,432,512,0.221184,1.833945,9.341205
PBS,native,Fourier High Frequency Energy Ratio,0,0,2160,2560,5.5296,228.006117,243.77654
PBS,native,Fourier High Frequency Energy Ratio,0,1,2160,2560,5.5296,226.623757,229.546088
PBS,native,Fourier High Frequency Energy Ratio,0,2,2160,2560,5.5296,254.695178,216.096712
PBS,native,Fourier High Frequency Energy Ratio,0,3,2160,2560,5.5296,207.823511,216.249318
PBS,native,Fourier High Frequency Energy Ratio,0,4,2160,2560,5.5296,202.765879,219.952069
PBS,native,Fourier High Frequency Energy Ratio,0,5,2160,2560,5.5296,212.572741,215.489575
PBS,native,Fourier High Frequency Energy Ratio,0,6,2160,2560,5.5296,222.133034,214.30978
PBS,native,Fourier High Frequency Energy Ratio,1,0,2160,2560,5.5296,213.452743,211.596902
PBS,native,Fourier High Frequency Energy Ratio,1,1,2160,2560,5.5296,218.023315,214.67296
PBS,native,Fourier High Frequency Energy Ratio,1,2,2160,2560,5.5296,211.491619,211.611073
PBS,native,Fourier High Frequency Energy Ratio,1,3,2160,2560,5.5296,213.421757,270.417382
PBS,native,Fourier High Frequency Energy Ratio,1,4,2160,2560,5.5296,213.238059,217.842679
PBS,native,Fourier High Frequency Energy Ratio,1,5,2160,2560,5.5296,217.155744,224.579126
PBS,native,Fourier High Frequency Energy Ratio,1,6,2160,2560,5.5296,207.368801,214.346344
PBS,native,Fourier High Frequency Energy Ratio,2,0,2160,2560,5.5296,215.246166,227.8991
PBS,native,Fourier High Frequency Energy Ratio,2,1,2160,2560,5.5296,213.992977,215.253061
PBS,native,Fourier High Frequency Energy Ratio,2,2,2160,2560,5.5296,203.414768,214.972869
PBS,native,Fourier High Frequency Energy Ratio,2,3,2160,2560,5.5296,216.609558,209.863451
PBS,native,Fourier High Frequency Energy Ratio,2,4,2160,2560,5.5296,203.752212,212.564353
PBS,native,Fourier High Frequency Energy Ratio,2,5,2160,2560,5.5296,227.074935,221.149127
PBS,native,Fourier High Frequency Energy Ratio,2,6,2160,2560,5.5296,210.20322,216.221235
TBI,1024,Absolute Central Moment 2,0,0,768,1024,0.786432,2.114182,15.207253
TBI,1024,Absolute Central Moment 2,0,1,768,1024,0.786432,2.238164,15.30534
TBI,1024,Absolute Central Moment 2,0,2,768,1024,0.786432,2.292038,18.582018
TBI,1024,Absolute Central Moment 2,0,3,768,1024,0.786432,2.197484,18.965016
TBI,1024,Absolute Central Moment 2,0,4,768,1024,0.786432,2.157394,19.238821
TBI,1024,Absolute Central Moment 2,0,5,768,1024,0.786432,2.26987,19.39223
TBI,1024,Absolute Central Moment 2,0,6,768,1024,0.786432,2.014917,18.979172
TBI,1024,Absolute Central Moment 2,1,0,768,1024,0.786432,2.180871,18.513059
TBI,1024,Absolute Central Moment 2,1,1,768,1024,0.786432,2.516052,19.128726
TBI,1024,Absolute Central Moment 2,1,2,768,1024,0.786432,2.106983,18.270843
TBI,1024,Absolute Central Moment 2,1,3,768,1024,0.786432,2.059724,18.295388
TBI,1024,Absolute Central Moment 2,1,4,768,1024,0.786432,2.115214,18.375086
TBI,1024,Absolute Central Moment 2,1,5,768,1024,0.786432,2.075066,19.080846
TBI,1024,Absolute Central Moment 2,1,6,768,1024,0.786432,2.119395,19.993524
TBI,1024,Absolute Central Moment 2,2,0,768,1024,0.786432,1.949576,18.944248
TBI,1024,Absolute Central Moment 2,2,1,768,1024,0.786432,2.223038,18.848966
TBI,1024,Absolute Central Moment 2,2,2,768,1024,0.786432,2.233286,19.37653
TBI,1024,Absolute Central Moment 2,2,3,768,1024,0.786432,2.183182,18.700958
TBI,1024,Absolute Central Moment 2,2,4,768,1024,0.786432,2.053882,19.56662
TBI,1024,Absolute Central Moment 2,2,5,768,1024,0.786432,2.312247,19.653956
TBI,1024,Absolute Central Moment 2,2,6,768,1024,0.786432,2.225941,18.744068
TBI,128,Normalized Variance,0,0,96,128,0.012288,0.034044,15.85111
TBI,128,Normalized Variance,0,1,96,128,0.012288,0.047083,15.602499
TBI,128,Normalized Variance,0,2,96,128,0.012288,0.042348,15.557202
TBI,128,Normalized Variance,0,3,96,128,0.012288,0.048355,16.19011
TBI,128,Normalized Variance,0,4,96,128,0.012288,0.038172,16.433974
TBI,128,Normalized Variance,0,5,96,128,0.012288,0.05514,16.2463
TBI,128,Normalized Variance,0,6,96,128,0.012288,0.03941,15.879246
TBI,128,Normalized Variance,1,0,96,128,0.012288,0.04051,15.942647
TBI,128,Normalized Variance,1,1,96,128,0.012288,0.044241,15.802243
TBI,128,Normalized Variance,1,2,96,128,0.012288,0.055438,15.438038
TBI,128,Normalized Variance,1,3,96,128,0.012288,0.042326,15.348185
TBI,128,Normalized Variance,1,4,96,128,0.012288,0.038552,16.320303
TBI,128,Normalized Variance,1,5,96,128,0.012288,0.130836,16.457585
TBI,128,Normalized Variance,1,6,96,128,0.012288,0.050596,15.433146
TBI,128,Normalized Variance,2,0,96,128,0.012288,0.029613,15.361571
TBI,128,Normalized Variance,2,1,96,128,0.012288,0.037271,15.946113
TBI,128,Normalized Variance,2,2,96,128,0.012288,0.04077,15.75222
TBI,128,Normalized Variance,2,3,96,128,0.012288,0.040399,15.890355
TBI,128,Normalized Variance,2,4,96,128,0.012288,0.037998,15.907283
TBI,128,Normalized Variance,2,5,96,128,0.012288,0.046574,15.691786
TBI,128,Normalized Variance,2,6,96,128,0.012288,0.076825,15.701476
TBF,512,Fourier High Frequency Energy Ratio,0,0,432,512,0.221184,3.461541,15.148974
TBF,512,Fourier High Frequency Energy Ratio,0,1,432,512,0.221184,3.670553,10.947996
TBF,512,Fourier High Frequency Energy Ratio,0,2,432,512,0.221184,3.637242,10.789555
TBF,512,Fourier High Frequency Energy Ratio,0,3,432,512,0.221184,3.655151,10.671843
TBF,512,Fourier High Frequency Energy Ratio,0,4,432,512,0.221184,3.623483,10.642038
TBF,512,Fourier High Frequency Energy Ratio,0,5,432,512,0.221184,4.232117,10.954084
TBF,512,Fourier High Frequency Energy Ratio,0,6,432,512,0.221184,3.691634,11.207359
TBF,512,Fourier High Frequency Energy Ratio,1,0,432,512,0.221184,3.609262,10.875681
TBF,512,Fourier High Frequency Energy Ratio,1,1,432,512,0.221184,3.597715,10.669865
TBF,512,Fourier High Frequency Energy Ratio,1,2,432,512,0.221184,3.715665,10.724469
TBF,512,Fourier High Frequency Energy Ratio,1,3,432,512,0.221184,3.679624,11.234213
TBF,512,Fourier High Frequency Energy Ratio,1,4,432,512,0.221184,3.775988,11.413028
TBF,512,Fourier High Frequency Energy Ratio,1,5,432,512,0.221184,3.977071,12.02277
TBF,512,Fourier High Frequency Energy Ratio,1,6,432,512,0.221184,3.819872,11.533147
TBF,512,Fourier High Frequency Energy Ratio,2,0,432,512,0.221184,3.681453,11.709982
TBF,512,Fourier High Frequency Energy Ratio,2,1,432,512,0.221184,3.694378,10.671044
TBF,512,Fourier High Frequency Energy Ratio,2,2,432,512,0.221184,3.639551,10.808664
TBF,512,Fourier High Frequency Energy Ratio,2,3,432,512,0.221184,3.65422,10.667813
TBF,512,Fourier High Frequency Energy Ratio,2,4,432,512,0.221184,3.665337,11.1993
TBF,512,Fourier High Frequency Energy Ratio,2,5,432,512,0.221184,3.663966,11.252977
TBF,512,Fourier High Frequency Energy Ratio,2,6,432,512,0.221184,3.935177,10.933509
TBF,native,Mean Absolute Laplacian,0,0,2160,2560,5.5296,155.100181,176.019968
TBF,native,Mean Absolute Laplacian,0,1,2160,2560,5.5296,163.780667,162.35243
TBF,native,Mean Absolute Laplacian,0,2,2160,2560,5.5296,152.562548,169.331293
TBF,native,Mean Absolute Laplacian,0,3,2160,2560,5.5296,156.522989,155.103823
TBF,native,Mean Absolute Laplacian,0,4,2160,2560,5.5296,150.872733,161.369717
TBF,native,Mean Absolute Laplacian,0,5,2160,2560,5.5296,157.290747,155.944242
TBF,native,Mean Absolute Laplacian,0,6,2160,2560,5.5296,165.709592,171.3167
TBF,native,Mean Absolute Laplacian,1,0,2160,2560,5.5296,156.876025,154.922332
TBF,native,Mean Absolute Laplacian,1,1,2160,2560,5.5296,147.010118,162.979022
TBF,native,Mean Absolute Laplacian,1,2,2160,2560,5.5296,157.343371,156.364945
TBF,native,Mean Absolute Laplacian,1,3,2160,2560,5.5296,153.319033,166.873525
TBF,native,Mean Absolute Laplacian,1,4,2160,2560,5.5296,159.738118,199.568372
TBF,native,Mean Absolute Laplacian,1,5,2160,2560,5.5296,149.771644,170.378641
TBF,native,Mean Absolute Laplacian,1,6,2160,2560,5.5296,159.120483,156.268769
TBF,native,Mean Absolute Laplacian,2,0,2160,2560,5.5296,154.365596,169.675419
TBF,native,Mean Absolute Laplacian,2,1,2160,2560,5.5296,165.07854,156.532223
TBF,native,Mean Absolute Laplacian,2,2,2160,2560,5.5296,151.328337,171.415177
TBF,native,Mean Absolute Laplacian,2,3,2160,2560,5.5296,161.932056,161.476102
TBF,native,Mean Absolute Laplacian,2,4,2160,2560,5.5296,156.655491,168.46985
TBF,native,Mean Absolute Laplacian,2,5,2160,2560,5.5296,158.215191,156.189313
TBF,native,Mean Absolute Laplacian,2,6,2160,2560,5.5296,152.544786,169.008901
PBS,128,Mean Intensity,0,0,108,128,0.013824,0.010088,9.105387
PBS,128,Mean Intensity,0,1,108,128,0.013824,0.015007,12.796682
PBS,128,Mean Intensity,0,2,108,128,0.013824,0.014676,8.625688
PBS,128,Mean Intensity,0,3,108,128,0.013824,0.016029,8.334524
PBS,128,Mean Intensity,0,4,108,128,0.013824,0.014004,7.961974
PBS,128,Mean Intensity,0,5,108,128,0.013824,0.013936,8.330872
PBS,128,Mean Intensity,0,6,108,128,0.013824,0.012933,7.896211
PBS,128,Mean Intensity,1,0,108,128,0.013824,0.009162,8.388118
PBS,128,Mean Intensity,1,1,108,128,0.013824,0.013395,7.868274
PBS,128,Mean Intensity,1,2,108,128,0.013824,0.020446,8.332594
PBS,128,Mean Intensity,1,3,108,128,0.013824,0.013706,8.158337
PBS,128,Mean Intensity,1,4,108,128,0.013824,0.013904,8.142354
PBS,128,Mean Intensity,1,5,108,128,0.013824,0.021836,8.133317
PBS,128,Mean Intensity,1,6,108,128,0.013824,0.017197,9.515346
PBS,128,Mean Intensity,2,0,108,128,0.013824,0.0096,9.099988
PBS,128,Mean Intensity,2,1,108,128,0.013824,0.014588,8.093602
PBS,128,Mean Intensity,2,2,108,128,0.013824,0.014346,7.960494
PBS,128,Mean Intensity,2,3,108,128,0.013824,0.012995,8.655594
PBS,128,Mean Intensity,2,4,108,128,0.013824,0.014495,8.002581
PBS,128,Mean Intensity,2,5,108,128,0.013824,0.013536,8.606488
PBS,128,Mean Intensity,2,6,108,128,0.013824,0.013519,8.099632
BMA,512,Sum Modified Laplacian,0,0,432,512,0.221184,0.686601,9.100698
BMA,512,Sum Modified Laplacian,0,1,432,512,0.221184,0.803886,8.451259
BMA,512,Sum Modified Laplacian,0,2,432,512,0.221184,0.78568,8.983152
BMA,512,Sum Modified Laplacian,0,3,432,512,0.221184,0.722454,8.333172
BMA,512,Sum Modified Laplacian,0,4,432,512,0.221184,0.697821,8.627057
BMA,512,Sum Modified Laplacian,0,5,432,512,0.221184,0.725926,8.533571
BMA,512,Sum Modified Laplacian,0,6,432,512,0.221184,0.747264,8.831255
BMA,512,Sum Modified Laplacian,1,0,432,512,0.221184,0.679576,8.530119
BMA,512,Sum Modified Laplacian,1,1,432,512,0.221184,0.729481,8.540042
BMA,512,Sum Modified Laplacian,1,2,432,512,0.221184,0.723981,8.186016
BMA,512,Sum Modified Laplacian,1,3,432,512,0.221184,0.72554,8.500036
BMA,512,Sum Modified Laplacian,1,4,432,512,0.221184,0.781766,7.981434
BMA,512,Sum Modified Laplacian,1,5,432,512,0.221184,0.739303,8.822101
BMA,512,Sum Modified Laplacian,1,6,432,512,0.221184,0.727393,8.225247
BMA,512,Sum Modified Laplacian,2,0,432,512,0.221184,0.670786,8.553268
BMA,512,Sum Modified Laplacian,2,1,432,512,0.221184,0.726504,8.372614
BMA,512,Sum Modified Laplacian,2,2,432,512,0.221184,0.73158,8.471629
BMA,512,Sum Modified Laplacian,2,3,432,512,0.221184,0.700093,8.460552
BMA,512,Sum Modified Laplacian,2,4,432,512,0.221184,0.689124,8.19101
BMA,512,Sum Modified Laplacian,2,5,432,512,0.221184,0.718203,8.561647
BMA,512,Sum Modified Laplacian,2,6,432,512,0.221184,0.729659,8.544237
TBI,native,Histogram Entropy,0,0,2112,2816,5.947392,58.270733,63.002599
TBI,native,Histogram Entropy,0,1,2112,2816,5.947392,59.075346,80.299078
TBI,native,Histogram Entropy,0,2,2112,2816,5.947392,54.968563,61.002967
TBI,native,Histogram Entropy,0,3,2112,2816,5.947392,54.198206,61.778563
TBI,native,Histogram Entropy,0,4,2112,2816,5.947392,55.415889,62.071041
TBI,native,Histogram Entropy,0,5,2112,2816,5.947392,54.889213,63.118253
TBI,native,Histogram Entropy,0,6,2112,2816,5.947392,55.246674,59.891069
TBI,native,Histogram Entropy,1,0,2112,2816,5.947392,57.564571,60.822559
TBI,native,Histogram Entropy,1,1,2112,2816,5.947392,54.364912,60.139138
TBI,native,Histogram Entropy,1,2,2112,2816,5.947392,52.688558,61.830218
TBI,native,Histogram Entropy,1,3,2112,2816,5.947392,52.951093,63.624439
TBI,native,Histogram Entropy,1,4,2112,2816,5.947392,53.486945,61.838471
TBI,native,Histogram Entropy,1,5,2112,2816,5.947392,56.117085,61.252707
TBI,native,Histogram Entropy,1,6,2112,2816,5.947392,55.877578,60.932926
TBI,native,Histogram Entropy,2,0,2112,2816,5.947392,54.058555,61.785437
TBI,native,Histogram Entropy,2,1,2112,2816,5.947392,55.635771,62.730969
TBI,native,Histogram Entropy,2,2,2112,2816,5.947392,56.471749,59.969574
TBI,native,Histogram Entropy,2,3,2112,2816,5.947392,71.666686,63.628952
TBI,native,Histogram Entropy,2,4,2112,2816,5.947392,53.697396,61.43998
TBI,native,Histogram Entropy,2,5,2112,2816,5.947392,56.02684,61.848636
TBI,native,Histogram Entropy,2,6,2112,2816,5.947392,55.742095,60.387781
WBC,1024,Tenengrad,0,0,1024,1024,1.048576,2.892011,4.544215
WBC,1024,Tenengrad,0,1,1024,1024,1.048576,3.003614,3.391639
WBC,1024,Tenengrad,0,2,1024,1024,1.048576,2.607584,3.570343
WBC,1024,Tenengrad,0,3,1024,1024,1.048576,2.859738,3.680999
WBC,1024,Tenengrad,0,4,1024,1024,1.048576,2.422457,3.704133
WBC,1024,Tenengrad,0,5,1024,1024,1.048576,2.932793,3.437038
WBC,1024,Tenengrad,0,6,1024,1024,1.048576,2.610691,3.497306
WBC,1024,Tenengrad,1,0,1024,1024,1.048576,3.227498,3.665015
WBC,1024,Tenengrad,1,1,1024,1024,1.048576,2.792456,3.601038
WBC,1024,Tenengrad,1,2,1024,1024,1.048576,2.883659,3.368471
WBC,1024,Tenengrad,1,3,1024,1024,1.048576,2.369041,4.213595
WBC,1024,Tenengrad,1,4,1024,1024,1.048576,2.837437,3.462124
WBC,1024,Tenengrad,1,5,1024,1024,1.048576,2.534956,3.424929
WBC,1024,Tenengrad,1,6,1024,1024,1.048576,3.043186,3.431226
WBC,1024,Tenengrad,2,0,1024,1024,1.048576,2.350593,3.379171
WBC,1024,Tenengrad,2,1,1024,1024,1.048576,2.850179,3.259143
WBC,1024,Tenengrad,2,2,1024,1024,1.048576,2.798854,3.71154
WBC,1024,Tenengrad,2,3,1024,1024,1.048576,2.941312,3.30333
WBC,1024,Tenengrad,2,4,1024,1024,1.048576,2.345703,3.754593
WBC,1024,Tenengrad,2,5,1024,1024,1.048576,2.921121,3.254773
WBC,1024,Tenengrad,2,6,1024,1024,1.048576,2.305571,3.866751
TBF,native,Wavelet W2,0,0,2160,2560,5.5296,152.672882,172.10757
TBF,native,Wavelet W2,0,1,2160,2560,5.5296,167.17945,170.439042
TBF,native,Wavelet W2,0,2,2160,2560,5.5296,156.913802,167.791614
TBF,native,Wavelet W2,0,3,2160,2560,5.5296,168.498034,150.264525
TBF,native,Wavelet W2,0,4,2160,2560,5.5296,154.139376,173.022968
TBF,native,Wavelet W2,0,5,2160,2560,5.5296,158.330502,149.050603
TBF,native,Wavelet W2,0,6,2160,2560,5.5296,144.368104,157.015123
TBF,native,Wavelet W2,1,0,2160,2560,5.5296,154.766537,149.889807
TBF,native,Wavelet W2,1,1,2160,2560,5.5296,142.778563,154.315652
TBF,native,Wavelet W2,1,2,2160,2560,5.5296,158.215789,162.047086
TBF,native,Wavelet W2,1,3,2160,2560,5.5296,153.542177,170.883584
TBF,native,Wavelet W2,1,4,2160,2560,5.5296,155.924555,149.588478
TBF,native,Wavelet W2,1,5,2160,2560,5.5296,145.913745,160.878705
TBF,native,Wavelet W2,1,6,2160,2560,5.5296,148.177651,147.288336
TBF,native,Wavelet W2,2,0,2160,2560,5.5296,146.628687,149.812909
TBF,native,Wavelet W2,2,1,2160,2560,5.5296,164.917686,145.675737
TBF,native,Wavelet W2,2,2,2160,2560,5.5296,154.834968,160.567643
TBF,native,Wavelet W2,2,3,2160,2560,5.5296,161.301284,150.43403
TBF,native,Wavelet W2,2,4,2160,2560,5.5296,141.263396,160.871421
TBF,native,Wavelet W2,2,5,2160,2560,5.5296,154.767092,147.130534
TBF,native,Wavelet W2,2,6,2160,2560,5.5296,149.956487,149.880697
TBI,512,Normalized Variance,0,0,384,512,0.196608,0.330417,16.724506
TBI,512,Normalized Variance,0,1,384,512,0.196608,0.397086,14.689701
TBI,512,Normalized Variance,0,2,384,512,0.196608,0.664,17.509788
TBI,512,Normalized Variance,0,3,384,512,0.196608,0.442737,17.502037
TBI,512,Normalized Variance,0,4,384,512,0.196608,0.331829,18.439511
TBI,512,Normalized Variance,0,5,384,512,0.196608,0.331451,18.228357
TBI,512,Normalized Variance,0,6,384,512,0.196608,0.368928,17.486722
TBI,512,Normalized Variance,1,0,384,512,0.196608,0.286227,17.178978
TBI,512,Normalized Variance,1,1,384,512,0.196608,0.341237,17.081897
TBI,512,Normalized Variance,1,2,384,512,0.196608,0.325564,17.481238
TBI,512,Normalized Variance,1,3,384,512,0.196608,0.400366,18.254307
TBI,512,Normalized Variance,1,4,384,512,0.196608,0.345405,17.604045
TBI,512,Normalized Variance,1,5,384,512,0.196608,0.373877,17.173147
TBI,512,Normalized Variance,1,6,384,512,0.196608,0.330283,17.438348
TBI,512,Normalized Variance,2,0,384,512,0.196608,0.346482,17.225814
TBI,512,Normalized Variance,2,1,384,512,0.196608,0.382046,17.527276
TBI,512,Normalized Variance,2,2,384,512,0.196608,0.361031,16.854838
TBI,512,Normalized Variance,2,3,384,512,0.196608,0.347204,17.587291
TBI,512,Normalized Variance,2,4,384,512,0.196608,0.369209,17.192291
TBI,512,Normalized Variance,2,5,384,512,0.196608,0.377565,17.377287
TBI,512,Normalized Variance,2,6,384,512,0.196608,0.366038,17.043905
WBC,128,Roberts Focus Measure,0,0,128,128,0.016384,0.038354,0.233346
WBC,128,Roberts Focus Measure,0,1,128,128,0.016384,0.038752,0.162081
WBC,128,Roberts Focus Measure,0,2,128,128,0.016384,0.037697,0.157231
WBC,128,Roberts Focus Measure,0,3,128,128,0.016384,0.037783,0.1555
WBC,128,Roberts Focus Measure,0,4,128,128,0.016384,0.038278,0.181434
WBC,128,Roberts Focus Measure,0,5,128,128,0.016384,0.038641,0.157351
WBC,128,Roberts Focus Measure,0,6,128,128,0.016384,0.037686,0.177452
WBC,128,Roberts Focus Measure,1,0,128,128,0.016384,0.037977,0.167754
WBC,128,Roberts Focus Measure,1,1,128,128,0.016384,0.037677,0.158408
WBC,128,Roberts Focus Measure,1,2,128,128,0.016384,0.038691,0.156957
WBC,128,Roberts Focus Measure,1,3,128,128,0.016384,0.038388,0.155659
WBC,128,Roberts Focus Measure,1,4,128,128,0.016384,0.037668,0.154443
WBC,128,Roberts Focus Measure,1,5,128,128,0.016384,0.037791,0.154582
WBC,128,Roberts Focus Measure,1,6,128,128,0.016384,0.03793,0.15481
WBC,128,Roberts Focus Measure,2,0,128,128,0.016384,0.041443,0.170909
WBC,128,Roberts Focus Measure,2,1,128,128,0.016384,0.038109,0.157382
WBC,128,Roberts Focus Measure,2,2,128,128,0.016384,0.044979,0.159633
WBC,128,Roberts Focus Measure,2,3,128,128,0.016384,0.059124,0.203249
WBC,128,Roberts Focus Measure,2,4,128,128,0.016384,0.040889,0.163507
WBC,128,Roberts Focus Measure,2,5,128,128,0.016384,0.038955,0.159036
WBC,128,Roberts Focus Measure,2,6,128,128,0.016384,0.038735,0.156322
TBF,1024,Image Power,0,0,864,1024,0.884736,0.955512,13.613969
TBF,1024,Image Power,0,1,864,1024,0.884736,1.184398,8.979429
TBF,1024,Image Power,0,2,864,1024,0.884736,1.195401,8.66574
TBF,1024,Image Power,0,3,864,1024,0.884736,1.06866,9.047436
TBF,1024,Image Power,0,4,864,1024,0.884736,1.099326,9.132822
TBF,1024,Image Power,0,5,864,1024,0.884736,1.097381,9.186382
TBF,1024,Image Power,0,6,864,1024,0.884736,1.160135,9.418778
TBF,1024,Image Power,1,0,864,1024,0.884736,0.947451,9.075192
TBF,1024,Image Power,1,1,864,1024,0.884736,1.164057,8.745485
TBF,1024,Image Power,1,2,864,1024,0.884736,1.135427,9.019564
TBF,1024,Image Power,1,3,864,1024,0.884736,1.322042,8.587666
TBF,1024,Image Power,1,4,864,1024,0.884736,1.059224,8.817082
TBF,1024,Image Power,1,5,864,1024,0.884736,1.126491,8.982546
TBF,1024,Image Power,1,6,864,1024,0.884736,1.075839,8.936009
TBF,1024,Image Power,2,0,864,1024,0.884736,0.956358,8.812142
TBF,1024,Image Power,2,1,864,1024,0.884736,1.212931,9.283435
TBF,1024,Image Power,2,2,864,1024,0.884736,1.247808,9.367722
TBF,1024,Image Power,2,3,864,1024,0.884736,1.193562,9.762363
TBF,1024,Image Power,2,4,864,1024,0.884736,1.212868,8.844669
TBF,1024,Image Power,2,5,864,1024,0.884736,1.616938,8.672168
TBF,1024,Image Power,2,6,864,1024,0.884736,1.100133,8.49177
BMA,native,Variance of Gradient,0,0,2160,2560,5.5296,42.194422,52.663986
BMA,native,Variance of Gradient,0,1,2160,2560,5.5296,42.277687,35.674786
BMA,native,Variance of Gradient,0,2,2160,2560,5.5296,24.016658,48.46713
BMA,native,Variance of Gradient,0,3,2160,2560,5.5296,35.426966,35.546099
BMA,native,Variance of Gradient,0,4,2160,2560,5.5296,24.42327,46.126497
BMA,native,Variance of Gradient,0,5,2160,2560,5.5296,47.090954,35.767453
BMA,native,Variance of Gradient,0,6,2160,2560,5.5296,24.427887,50.446829
BMA,native,Variance of Gradient,1,0,2160,2560,5.5296,41.638227,35.469884
BMA,native,Variance of Gradient,1,1,2160,2560,5.5296,22.834811,48.562565
BMA,native,Variance of Gradient,1,2,2160,2560,5.5296,50.133506,35.931666
BMA,native,Variance of Gradient,1,3,2160,2560,5.5296,23.058939,48.680545
BMA,native,Variance of Gradient,1,4,2160,2560,5.5296,36.176678,38.991697
BMA,native,Variance of Gradient,1,5,2160,2560,5.5296,23.850964,44.533164
BMA,native,Variance of Gradient,1,6,2160,2560,5.5296,39.854599,35.19768
BMA,native,Variance of Gradient,2,0,2160,2560,5.5296,22.911482,47.414516
BMA,native,Variance of Gradient,2,1,2160,2560,5.5296,40.835355,35.061255
BMA,native,Variance of Gradient,2,2,2160,2560,5.5296,23.893982,52.039811
BMA,native,Variance of Gradient,2,3,2160,2560,5.5296,41.346652,36.643954
BMA,native,Variance of Gradient,2,4,2160,2560,5.5296,24.340381,50.050298
BMA,native,Variance of Gradient,2,5,2160,2560,5.5296,42.631145,37.836545
BMA,native,Variance of Gradient,2,6,2160,2560,5.5296,24.596578,45.283506
PBS,1024,Image Power,0,0,864,1024,0.884736,0.982301,11.509146
PBS,1024,Image Power,0,1,864,1024,0.884736,1.08185,13.848778
PBS,1024,Image Power,0,2,864,1024,0.884736,1.188705,8.630802
PBS,1024,Image Power,0,3,864,1024,0.884736,1.196381,9.354778
PBS,1024,Image Power,0,4,864,1024,0.884736,1.139923,9.175343
PBS,1024,Image Power,0,5,864,1024,0.884736,1.070092,9.174494
PBS,1024,Image Power,0,6,864,1024,0.884736,1.101017,10.104836
PBS,1024,Image Power,1,0,864,1024,0.884736,0.966719,9.792817
PBS,1024,Image Power,1,1,864,1024,0.884736,1.295155,9.444317
PBS,1024,Image Power,1,2,864,1024,0.884736,1.233898,10.272113
PBS,1024,Image Power,1,3,864,1024,0.884736,1.208016,9.486398
PBS,1024,Image Power,1,4,864,1024,0.884736,1.388712,9.425692
PBS,1024,Image Power,1,5,864,1024,0.884736,1.243448,9.45344
PBS,1024,Image Power,1,6,864,1024,0.884736,1.16287,9.160964
PBS,1024,Image Power,2,0,864,1024,0.884736,0.885299,11.687415
PBS,1024,Image Power,2,1,864,1024,0.884736,1.203681,9.522087
PBS,1024,Image Power,2,2,864,1024,0.884736,1.059293,9.722163
PBS,1024,Image Power,2,3,864,1024,0.884736,1.211845,10.024693
PBS,1024,Image Power,2,4,864,1024,0.884736,1.190439,9.344893
PBS,1024,Image Power,2,5,864,1024,0.884736,1.250879,10.139654
PBS,1024,Image Power,2,6,864,1024,0.884736,1.165726,9.082409
TBF,1024,Modified Tenengrad,0,0,864,1024,0.884736,41.35925,34.678834
TBF,1024,Modified Tenengrad,0,1,864,1024,0.884736,26.501085,40.415836
TBF,1024,Modified Tenengrad,0,2,864,1024,0.884736,27.164981,37.732269
TBF,1024,Modified Tenengrad,0,3,864,1024,0.884736,26.947218,34.302505
TBF,1024,Modified Tenengrad,0,4,864,1024,0.884736,26.390413,35.007763
TBF,1024,Modified Tenengrad,0,5,864,1024,0.884736,26.986621,34.965869
TBF,1024,Modified Tenengrad,0,6,864,1024,0.884736,30.33851,38.463463
TBF,1024,Modified Tenengrad,1,0,864,1024,0.884736,29.048534,35.556379
TBF,1024,Modified Tenengrad,1,1,864,1024,0.884736,28.030207,36.225968
TBF,1024,Modified Tenengrad,1,2,864,1024,0.884736,27.47524,35.838397
TBF,1024,Modified Tenengrad,1,3,864,1024,0.884736,27.525553,35.314755
TBF,1024,Modified Tenengrad,1,4,864,1024,0.884736,27.538164,35.806226
TBF,1024,Modified Tenengrad,1,5,864,1024,0.884736,28.103059,36.977685
TBF,1024,Modified Tenengrad,1,6,864,1024,0.884736,29.047972,36.699175
TBF,1024,Modified Tenengrad,2,0,864,1024,0.884736,32.112901,36.225611
TBF,1024,Modified Tenengrad,2,1,864,1024,0.884736,28.458943,35.310766
TBF,1024,Modified Tenengrad,2,2,864,1024,0.884736,28.78456,36.142968
TBF,1024,Modified Tenengrad,2,3,864,1024,0.884736,27.264583,35.533168
TBF,1024,Modified Tenengrad,2,4,864,1024,0.884736,27.874732,36.274381
TBF,1024,Modified Tenengrad,2,5,864,1024,0.884736,28.273285,39.056898
TBF,1024,Modified Tenengrad,2,6,864,1024,0.884736,27.496239,36.239927
BMA,512,Laplacian Energy,0,0,432,512,0.221184,2.634186,10.752007
BMA,512,Laplacian Energy,0,1,432,512,0.221184,2.58756,10.292386
BMA,512,Laplacian Energy,0,2,432,512,0.221184,2.620728,10.41415
BMA,512,Laplacian Energy,0,3,432,512,0.221184,2.731438,10.719738
BMA,512,Laplacian Energy,0,4,432,512,0.221184,2.678653,10.58568
BMA,512,Laplacian Energy,0,5,432,512,0.221184,2.677025,10.66498
BMA,512,Laplacian Energy,0,6,432,512,0.221184,2.805822,10.590785
BMA,512,Laplacian Energy,1,0,432,512,0.221184,2.732696,10.192581
BMA,512,Laplacian Energy,1,1,432,512,0.221184,2.752617,10.648636
BMA,512,Laplacian Energy,1,2,432,512,0.221184,2.575768,10.536227
BMA,512,Laplacian Energy,1,3,432,512,0.221184,2.762825,10.869537
BMA,512,Laplacian Energy,1,4,432,512,0.221184,2.757201,10.544701
BMA,512,Laplacian Energy,1,5,432,512,0.221184,2.68631,10.058083
BMA,512,Laplacian Energy,1,6,432,512,0.221184,2.336021,9.978602
BMA,512,Laplacian Energy,2,0,432,512,0.221184,2.782633,9.927432
BMA,512,Laplacian Energy,2,1,432,512,0.221184,3.022652,10.289373
BMA,512,Laplacian Energy,2,2,432,512,0.221184,2.753093,10.900085
BMA,512,Laplacian Energy,2,3,432,512,0.221184,2.733431,10.305797
BMA,512,Laplacian Energy,2,4,432,512,0.221184,2.718311,10.306529
BMA,512,Laplacian Energy,2,5,432,512,0.221184,2.293645,9.993691
BMA,512,Laplacian Energy,2,6,432,512,0.221184,2.839749,10.20481
PBS,128,Curvelet Transform Sharpness Index,0,0,108,128,0.013824,0.130995,8.597235
PBS,128,Curvelet Transform Sharpness Index,0,1,108,128,0.013824,0.138885,8.137977
PBS,128,Curvelet Transform Sharpness Index,0,2,108,128,0.013824,0.133143,8.640291
PBS,128,Curvelet Transform Sharpness Index,0,3,108,128,0.013824,0.142353,8.560018
PBS,128,Curvelet Transform Sharpness Index,0,4,108,128,0.013824,0.127998,7.950711
PBS,128,Curvelet Transform Sharpness Index,0,5,108,128,0.013824,0.128377,8.380724
PBS,128,Curvelet Transform Sharpness Index,0,6,108,128,0.013824,0.127776,8.3024
PBS,128,Curvelet Transform Sharpness Index,1,0,108,128,0.013824,0.116423,8.292883
PBS,128,Curvelet Transform Sharpness Index,1,1,108,128,0.013824,0.125139,7.976144
PBS,128,Curvelet Transform Sharpness Index,1,2,108,128,0.013824,0.127605,8.200494
PBS,128,Curvelet Transform Sharpness Index,1,3,108,128,0.013824,0.158995,8.046559
PBS,128,Curvelet Transform Sharpness Index,1,4,108,128,0.013824,0.177227,8.320776
PBS,128,Curvelet Transform Sharpness Index,1,5,108,128,0.013824,0.132212,8.017567
PBS,128,Curvelet Transform Sharpness Index,1,6,108,128,0.013824,0.143034,8.421269
PBS,128,Curvelet Transform Sharpness Index,2,0,108,128,0.013824,0.114047,8.386808
PBS,128,Curvelet Transform Sharpness Index,2,1,108,128,0.013824,0.129566,8.169847
PBS,128,Curvelet Transform Sharpness Index,2,2,108,128,0.013824,0.163868,8.054048
PBS,128,Curvelet Transform Sharpness Index,2,3,108,128,0.013824,0.137916,8.318418
PBS,128,Curvelet Transform Sharpness Index,2,4,108,128,0.013824,0.138215,8.3083
PBS,128,Curvelet Transform Sharpness Index,2,5,108,128,0.013824,0.131561,8.432417
PBS,128,Curvelet Transform Sharpness Index,2,6,108,128,0.013824,0.152698,8.088545
TBI,512,Modified Tenengrad,0,0,384,512,0.196608,5.423184,23.073549
TBI,512,Modified Tenengrad,0,1,384,512,0.196608,5.038957,22.670498
TBI,512,Modified Tenengrad,0,2,384,512,0.196608,5.11857,22.197622
TBI,512,Modified Tenengrad,0,3,384,512,0.196608,5.153178,22.177485
TBI,512,Modified Tenengrad,0,4,384,512,0.196608,5.495503,22.640333
TBI,512,Modified Tenengrad,0,5,384,512,0.196608,5.647698,21.879229
TBI,512,Modified Tenengrad,0,6,384,512,0.196608,5.325701,22.089457
TBI,512,Modified Tenengrad,1,0,384,512,0.196608,5.463867,21.841922
TBI,512,Modified Tenengrad,1,1,384,512,0.196608,5.335766,22.002607
TBI,512,Modified Tenengrad,1,2,384,512,0.196608,5.324305,23.409508
TBI,512,Modified Tenengrad,1,3,384,512,0.196608,5.582671,22.573069
TBI,512,Modified Tenengrad,1,4,384,512,0.196608,5.81476,22.839595
TBI,512,Modified Tenengrad,1,5,384,512,0.196608,5.589404,23.593324
TBI,512,Modified Tenengrad,1,6,384,512,0.196608,5.189479,23.487675
TBI,512,Modified Tenengrad,2,0,384,512,0.196608,5.242067,22.819305
TBI,512,Modified Tenengrad,2,1,384,512,0.196608,5.727215,22.539281
TBI,512,Modified Tenengrad,2,2,384,512,0.196608,5.274787,22.284936
TBI,512,Modified Tenengrad,2,3,384,512,0.196608,5.646461,22.315528
TBI,512,Modified Tenengrad,2,4,384,512,0.196608,5.496145,22.814685
TBI,512,Modified Tenengrad,2,5,384,512,0.196608,5.634432,22.321728
TBI,512,Modified Tenengrad,2,6,384,512,0.196608,5.442111,22.625483
TBF,native,Brenner Gradient,0,0,2160,2560,5.5296,11.804805,28.060363
TBF,native,Brenner Gradient,0,1,2160,2560,5.5296,21.787899,20.124745
TBF,native,Brenner Gradient,0,2,2160,2560,5.5296,12.84615,24.070152
TBF,native,Brenner Gradient,0,3,2160,2560,5.5296,18.34132,19.426637
TBF,native,Brenner Gradient,0,4,2160,2560,5.5296,13.065541,24.536669
TBF,native,Brenner Gradient,0,5,2160,2560,5.5296,17.324547,19.908708
TBF,native,Brenner Gradient,0,6,2160,2560,5.5296,12.906965,23.533391
TBF,native,Brenner Gradient,1,0,2160,2560,5.5296,16.599894,19.112677
TBF,native,Brenner Gradient,1,1,2160,2560,5.5296,13.352227,24.202847
TBF,native,Brenner Gradient,1,2,2160,2560,5.5296,16.50739,21.070961
TBF,native,Brenner Gradient,1,3,2160,2560,5.5296,12.57521,23.327976
TBF,native,Brenner Gradient,1,4,2160,2560,5.5296,17.364098,19.748675
TBF,native,Brenner Gradient,1,5,2160,2560,5.5296,12.741982,24.087488
TBF,native,Brenner Gradient,1,6,2160,2560,5.5296,17.473834,19.009511
TBF,native,Brenner Gradient,2,0,2160,2560,5.5296,13.147563,23.24161
TBF,native,Brenner Gradient,2,1,2160,2560,5.5296,17.288579,19.174959
TBF,native,Brenner Gradient,2,2,2160,2560,5.5296,12.831178,23.375803
TBF,native,Brenner Gradient,2,3,2160,2560,5.5296,17.567118,19.959162
TBF,native,Brenner Gradient,2,4,2160,2560,5.5296,13.038478,23.707776
TBF,native,Brenner Gradient,2,5,2160,2560,5.5296,17.03759,19.434466
TBF,native,Brenner Gradient,2,6,2160,2560,5.5296,12.578245,23.38819
TBI,1024,Mean Absolute Laplacian,0,0,768,1024,0.786432,12.155797,25.204732
TBI,1024,Mean Absolute Laplacian,0,1,768,1024,0.786432,10.294462,22.892513
TBI,1024,Mean Absolute Laplacian,0,2,768,1024,0.786432,9.112441,26.054416
TBI,1024,Mean Absolute Laplacian,0,3,768,1024,0.786432,10.036556,26.456774
TBI,1024,Mean Absolute Laplacian,0,4,768,1024,0.786432,10.214659,27.458479
TBI,1024,Mean Absolute Laplacian,0,5,768,1024,0.786432,10.12372,26.939391
TBI,1024,Mean Absolute Laplacian,0,6,768,1024,0.786432,10.099479,46.008448
TBI,1024,Mean Absolute Laplacian,1,0,768,1024,0.786432,8.85841,27.821647
TBI,1024,Mean Absolute Laplacian,1,1,768,1024,0.786432,9.609934,28.585246
TBI,1024,Mean Absolute Laplacian,1,2,768,1024,0.786432,10.109103,26.302462
TBI,1024,Mean Absolute Laplacian,1,3,768,1024,0.786432,9.574161,26.713053
TBI,1024,Mean Absolute Laplacian,1,4,768,1024,0.786432,9.372954,25.654805
TBI,1024,Mean Absolute Laplacian,1,5,768,1024,0.786432,9.332143,26.072084
TBI,1024,Mean Absolute Laplacian,1,6,768,1024,0.786432,9.472563,25.619721
TBI,1024,Mean Absolute Laplacian,2,0,768,1024,0.786432,8.784181,27.875532
TBI,1024,Mean Absolute Laplacian,2,1,768,1024,0.786432,9.914217,27.96773
TBI,1024,Mean Absolute Laplacian,2,2,768,1024,0.786432,9.645106,27.143957
TBI,1024,Mean Absolute Laplacian,2,3,768,1024,0.786432,9.394742,27.387809
TBI,1024,Mean Absolute Laplacian,2,4,768,1024,0.786432,9.47389,26.908337
TBI,1024,Mean Absolute Laplacian,2,5,768,1024,0.786432,9.832654,26.281409
TBI,1024,Mean Absolute Laplacian,2,6,768,1024,0.786432,9.526489,26.76629
TBF,128,Image Power,0,0,108,128,0.013824,0.012443,11.413902
TBF,128,Image Power,0,1,108,128,0.013824,0.022902,7.363405
TBF,128,Image Power,0,2,108,128,0.013824,0.014764,7.194071
TBF,128,Image Power,0,3,108,128,0.013824,0.014296,6.922406
TBF,128,Image Power,0,4,108,128,0.013824,0.015417,7.93265
TBF,128,Image Power,0,5,108,128,0.013824,0.016363,7.335343
TBF,128,Image Power,0,6,108,128,0.013824,0.015465,7.444695
TBF,128,Image Power,1,0,108,128,0.013824,0.012143,7.374138
TBF,128,Image Power,1,1,108,128,0.013824,0.016923,6.976749
TBF,128,Image Power,1,2,108,128,0.013824,0.014836,7.184012
TBF,128,Image Power,1,3,108,128,0.013824,0.01975,7.103753
TBF,128,Image Power,1,4,108,128,0.013824,0.015385,7.303759
TBF,128,Image Power,1,5,108,128,0.013824,0.015608,7.303406
TBF,128,Image Power,1,6,108,128,0.013824,0.017773,6.962138
TBF,128,Image Power,2,0,108,128,0.013824,0.011447,7.465279
TBF,128,Image Power,2,1,108,128,0.013824,0.016783,7.288131
TBF,128,Image Power,2,2,108,128,0.013824,0.015024,7.002372
TBF,128,Image Power,2,3,108,128,0.013824,0.014793,7.450045
TBF,128,Image Power,2,4,108,128,0.013824,0.01506,7.376172
TBF,128,Image Power,2,5,108,128,0.013824,0.013748,7.538947
TBF,128,Image Power,2,6,108,128,0.013824,0.014011,7.555828
BMA,128,Spatial Frequency,0,0,108,128,0.013824,0.043054,7.984632
BMA,128,Spatial Frequency,0,1,108,128,0.013824,0.0442,8.893332
BMA,128,Spatial Frequency,0,2,108,128,0.013824,0.045681,8.535478
BMA,128,Spatial Frequency,0,3,108,128,0.013824,0.07152,9.042902
BMA,128,Spatial Frequency,0,4,108,128,0.013824,0.056791,7.733715
BMA,128,Spatial Frequency,0,5,108,128,0.013824,0.046186,8.761846
BMA,128,Spatial Frequency,0,6,108,128,0.013824,0.048199,8.623913
BMA,128,Spatial Frequency,1,0,108,128,0.013824,0.039047,8.564245
BMA,128,Spatial Frequency,1,1,108,128,0.013824,0.051474,8.628525
BMA,128,Spatial Frequency,1,2,108,128,0.013824,0.050282,8.867615
BMA,128,Spatial Frequency,1,3,108,128,0.013824,0.050209,8.202528
BMA,128,Spatial Frequency,1,4,108,128,0.013824,0.0507,8.145792
BMA,128,Spatial Frequency,1,5,108,128,0.013824,0.045345,8.160452
BMA,128,Spatial Frequency,1,6,108,128,0.013824,0.044911,8.146909
BMA,128,Spatial Frequency,2,0,108,128,0.013824,0.03902,8.122983
BMA,128,Spatial Frequency,2,1,108,128,0.013824,0.043888,8.138834
BMA,128,Spatial Frequency,2,2,108,128,0.013824,0.049585,8.008599
BMA,128,Spatial Frequency,2,3,108,128,0.013824,0.043707,8.292894
BMA,128,Spatial Frequency,2,4,108,128,0.013824,0.042782,8.026816
BMA,128,Spatial Frequency,2,5,108,128,0.013824,0.050262,8.160546
BMA,128,Spatial Frequency,2,6,108,128,0.013824,0.067667,7.817468
PBS,128,Fourier High Frequency Energy Ratio,0,0,108,128,0.013824,0.289673,8.782439
PBS,128,Fourier High Frequency Energy Ratio,0,1,108,128,0.013824,0.247438,8.15527
PBS,128,Fourier High Frequency Energy Ratio,0,2,108,128,0.013824,0.279205,9.149049
PBS,128,Fourier High Frequency Energy Ratio,0,3,108,128,0.013824,0.292945,8.666164
PBS,128,Fourier High Frequency Energy Ratio,0,4,108,128,0.013824,0.279632,8.715544
PBS,128,Fourier High Frequency Energy Ratio,0,5,108,128,0.013824,0.301598,9.042997
PBS,128,Fourier High Frequency Energy Ratio,0,6,108,128,0.013824,0.288307,8.705693
PBS,128,Fourier High Frequency Energy Ratio,1,0,108,128,0.013824,0.254506,8.539399
PBS,128,Fourier High Frequency Energy Ratio,1,1,108,128,0.013824,0.28443,8.163102
PBS,128,Fourier High Frequency Energy Ratio,1,2,108,128,0.013824,0.287044,8.82351
PBS,128,Fourier High Frequency Energy Ratio,1,3,108,128,0.013824,0.249255,8.438556
PBS,128,Fourier High Frequency Energy Ratio,1,4,108,128,0.013824,0.258727,8.481036
PBS,128,Fourier High Frequency Energy Ratio,1,5,108,128,0.013824,0.427446,8.255177
PBS,128,Fourier High Frequency Energy Ratio,1,6,108,128,0.013824,0.305837,8.899124
PBS,128,Fourier High Frequency Energy Ratio,2,0,108,128,0.013824,0.260793,8.628471
PBS,128,Fourier High Frequency Energy Ratio,2,1,108,128,0.013824,0.251002,8.742645
PBS,128,Fourier High Frequency Energy Ratio,2,2,108,128,0.013824,0.290005,9.309157
PBS,128,Fourier High Frequency Energy Ratio,2,3,108,128,0.013824,0.295445,8.932339
PBS,128,Fourier High Frequency Energy Ratio,2,4,108,128,0.013824,0.317059,8.307435
PBS,128,Fourier High Frequency Energy Ratio,2,5,108,128,0.013824,0.284253,8.986533
PBS,128,Fourier High Frequency Energy Ratio,2,6,108,128,0.013824,0.316501,8.314817
TBI,128,Mean Absolute Laplacian,0,0,96,128,0.012288,0.131388,13.009002
TBI,128,Mean Absolute Laplacian,0,1,96,128,0.012288,0.180745,16.549106
TBI,128,Mean Absolute Laplacian,0,2,96,128,0.012288,0.219404,18.062533
TBI,128,Mean Absolute Laplacian,0,3,96,128,0.012288,0.148419,16.937655
TBI,128,Mean Absolute Laplacian,0,4,96,128,0.012288,0.168531,16.141667
TBI,128,Mean Absolute Laplacian,0,5,96,128,0.012288,0.167053,16.521902
TBI,128,Mean Absolute Laplacian,0,6,96,128,0.012288,0.166906,16.118058
TBI,128,Mean Absolute Laplacian,1,0,96,128,0.012288,0.138227,16.473213
TBI,128,Mean Absolute Laplacian,1,1,96,128,0.012288,0.162771,16.377
TBI,128,Mean Absolute Laplacian,1,2,96,128,0.012288,0.293356,16.509821
TBI,128,Mean Absolute Laplacian,1,3,96,128,0.012288,0.169069,16.775171
TBI,128,Mean Absolute Laplacian,1,4,96,128,0.012288,0.162507,16.403134
TBI,128,Mean Absolute Laplacian,1,5,96,128,0.012288,0.15601,16.389687
TBI,128,Mean Absolute Laplacian,1,6,96,128,0.012288,0.152935,16.160618
TBI,128,Mean Absolute Laplacian,2,0,96,128,0.012288,0.144252,16.451383
TBI,128,Mean Absolute Laplacian,2,1,96,128,0.012288,0.157547,16.600051
TBI,128,Mean Absolute Laplacian,2,2,96,128,0.012288,0.156739,16.969229
TBI,128,Mean Absolute Laplacian,2,3,96,128,0.012288,0.156226,19.607193
TBI,128,Mean Absolute Laplacian,2,4,96,128,0.012288,0.208745,16.678772
TBI,128,Mean Absolute Laplacian,2,5,96,128,0.012288,0.173414,16.308765
TBI,128,Mean Absolute Laplacian,2,6,96,128,0.012288,0.143216,16.854966
WBC,512,Wavelet Detail Energy (db1),0,0,512,512,0.262144,2.408127,2.714369
WBC,512,Wavelet Detail Energy (db1),0,1,512,512,0.262144,2.397329,2.697336
WBC,512,Wavelet Detail Energy (db1),0,2,512,512,0.262144,2.218756,2.591253
WBC,512,Wavelet Detail Energy (db1),0,3,512,512,0.262144,2.287507,2.442091
WBC,512,Wavelet Detail Energy (db1),0,4,512,512,0.262144,2.26759,2.563192
WBC,512,Wavelet Detail Energy (db1),0,5,512,512,0.262144,2.342471,2.529508
WBC,512,Wavelet Detail Energy (db1),0,6,512,512,0.262144,2.460743,2.713767
WBC,512,Wavelet Detail Energy (db1),1,0,512,512,0.262144,2.433381,2.53473
WBC,512,Wavelet Detail Energy (db1),1,1,512,512,0.262144,2.171679,2.706814
WBC,512,Wavelet Detail Energy (db1),1,2,512,512,0.262144,2.210892,2.593242
WBC,512,Wavelet Detail Energy (db1),1,3,512,512,0.262144,2.158882,2.505308
WBC,512,Wavelet Detail Energy (db1),1,4,512,512,0.262144,2.18315,2.607556
WBC,512,Wavelet Detail Energy (db1),1,5,512,512,0.262144,2.2665,2.578631
WBC,512,Wavelet Detail Energy (db1),1,6,512,512,0.262144,2.200349,2.473881
WBC,512,Wavelet Detail Energy (db1),2,0,512,512,0.262144,2.605177,2.493632
WBC,512,Wavelet Detail Energy (db1),2,1,512,512,0.262144,2.341923,2.556925
WBC,512,Wavelet Detail Energy (db1),2,2,512,512,0.262144,2.250631,2.599752
WBC,512,Wavelet Detail Energy (db1),2,3,512,512,0.262144,2.288728,2.712646
WBC,512,Wavelet Detail Energy (db1),2,4,512,512,0.262144,2.313251,2.742561
WBC,512,Wavelet Detail Energy (db1),2,5,512,512,0.262144,2.437382,2.706151
WBC,512,Wavelet Detail Energy (db1),2,6,512,512,0.262144,2.316577,3.048736
TBF,128,Mean Intensity,0,0,108,128,0.013824,0.010318,12.771978
TBF,128,Mean Intensity,0,1,108,128,0.013824,0.014751,8.033351
TBF,128,Mean Intensity,0,2,108,128,0.013824,0.017593,7.913345
TBF,128,Mean Intensity,0,3,108,128,0.013824,0.012405,7.487632
TBF,128,Mean Intensity,0,4,108,128,0.013824,0.014481,7.22826
TBF,128,Mean Intensity,0,5,108,128,0.013824,0.013475,8.305358
TBF,128,Mean Intensity,0,6,108,128,0.013824,0.015553,7.894094
TBF,128,Mean Intensity,1,0,108,128,0.013824,0.010056,7.766371
TBF,128,Mean Intensity,1,1,108,128,0.013824,0.06136,7.696759
TBF,128,Mean Intensity,1,2,108,128,0.013824,0.025011,8.139218
TBF,128,Mean Intensity,1,3,108,128,0.013824,0.016511,8.036322
TBF,128,Mean Intensity,1,4,108,128,0.013824,0.026473,8.141227
TBF,128,Mean Intensity,1,5,108,128,0.013824,0.015546,7.575639
TBF,128,Mean Intensity,1,6,108,128,0.013824,0.01627,7.149867
TBF,128,Mean Intensity,2,0,108,128,0.013824,0.00927,7.129336
TBF,128,Mean Intensity,2,1,108,128,0.013824,0.01454,7.219522
TBF,128,Mean Intensity,2,2,108,128,0.013824,0.014207,7.896207
TBF,128,Mean Intensity,2,3,108,128,0.013824,0.033911,7.426759
TBF,128,Mean Intensity,2,4,108,128,0.013824,0.013331,7.482378
TBF,128,Mean Intensity,2,5,108,128,0.013824,0.013786,7.547028
TBF,128,Mean Intensity,2,6,108,128,0.013824,0.013679,7.109546
TBF,native,Modified Tenengrad,0,0,2160,2560,5.5296,351.543348,386.091151
TBF,native,Modified Tenengrad,0,1,2160,2560,5.5296,364.927058,363.507148
TBF,native,Modified Tenengrad,0,2,2160,2560,5.5296,364.37836,385.706707
TBF,native,Modified Tenengrad,0,3,2160,2560,5.5296,371.095983,359.847266
TBF,native,Modified Tenengrad,0,4,2160,2560,5.5296,348.594146,383.733005
TBF,native,Modified Tenengrad,0,5,2160,2560,5.5296,362.664074,356.504724
TBF,native,Modified Tenengrad,0,6,2160,2560,5.5296,353.731088,366.771472
TBF,native,Modified Tenengrad,1,0,2160,2560,5.5296,374.476907,363.396285
TBF,native,Modified Tenengrad,1,1,2160,2560,5.5296,351.209781,371.501149
TBF,native,Modified Tenengrad,1,2,2160,2560,5.5296,366.890307,357.662667
TBF,native,Modified Tenengrad,1,3,2160,2560,5.5296,354.200408,374.303384
TBF,native,Modified Tenengrad,1,4,2160,2560,5.5296,370.593777,360.242749
TBF,native,Modified Tenengrad,1,5,2160,2560,5.5296,378.644197,390.814859
TBF,native,Modified Tenengrad,1,6,2160,2560,5.5296,370.538523,365.071358
TBF,native,Modified Tenengrad,2,0,2160,2560,5.5296,355.94531,399.15897
TBF,native,Modified Tenengrad,2,1,2160,2560,5.5296,377.074861,366.593421
TBF,native,Modified Tenengrad,2,2,2160,2560,5.5296,368.909662,405.488554
TBF,native,Modified Tenengrad,2,3,2160,2560,5.5296,374.107572,359.658425
TBF,native,Modified Tenengrad,2,4,2160,2560,5.5296,351.588785,379.029955
TBF,native,Modified Tenengrad,2,5,2160,2560,5.5296,382.449253,375.744464
TBF,native,Modified Tenengrad,2,6,2160,2560,5.5296,362.60518,388.721246
WBC,512,Histogram Entropy,0,0,512,512,0.262144,1.638074,2.935435
WBC,512,Histogram Entropy,0,1,512,512,0.262144,1.969255,2.364908
WBC,512,Histogram Entropy,0,2,512,512,0.262144,3.192361,2.06037
WBC,512,Histogram Entropy,0,3,512,512,0.262144,1.759198,1.880726
WBC,512,Histogram Entropy,0,4,512,512,0.262144,1.531203,2.306268
WBC,512,Histogram Entropy,0,5,512,512,0.262144,1.756359,2.136481
WBC,512,Histogram Entropy,0,6,512,512,0.262144,1.836906,1.957329
WBC,512,Histogram Entropy,1,0,512,512,0.262144,1.700346,1.785942
WBC,512,Histogram Entropy,1,1,512,512,0.262144,1.723536,1.972736
WBC,512,Histogram Entropy,1,2,512,512,0.262144,1.678319,2.350568
WBC,512,Histogram Entropy,1,3,512,512,0.262144,1.922216,1.963244
WBC,512,Histogram Entropy,1,4,512,512,0.262144,1.701798,1.877376
WBC,512,Histogram Entropy,1,5,512,512,0.262144,1.615452,2.026816
WBC,512,Histogram Entropy,1,6,512,512,0.262144,1.564973,1.914245
WBC,512,Histogram Entropy,2,0,512,512,0.262144,1.683687,1.88026
WBC,512,Histogram Entropy,2,1,512,512,0.262144,1.64093,1.738519
WBC,512,Histogram Entropy,2,2,512,512,0.262144,1.557186,1.709265
WBC,512,Histogram Entropy,2,3,512,512,0.262144,1.527206,1.682634
WBC,512,Histogram Entropy,2,4,512,512,0.262144,1.757243,2.168905
WBC,512,Histogram Entropy,2,5,512,512,0.262144,1.520273,1.83135
WBC,512,Histogram Entropy,2,6,512,512,0.262144,1.495496,1.91335
PBS,native,Wavelet W2,0,0,2160,2560,5.5296,165.491545,168.384899
PBS,native,Wavelet W2,0,1,2160,2560,5.5296,168.567549,162.580811
PBS,native,Wavelet W2,0,2,2160,2560,5.5296,152.804853,167.476272
PBS,native,Wavelet W2,0,3,2160,2560,5.5296,175.655013,162.72946
PBS,native,Wavelet W2,0,4,2160,2560,5.5296,156.979822,162.71004
PBS,native,Wavelet W2,0,5,2160,2560,5.5296,169.246849,159.782675
PBS,native,Wavelet W2,0,6,2160,2560,5.5296,155.834879,168.141254
PBS,native,Wavelet W2,1,0,2160,2560,5.5296,164.235675,158.161496
PBS,native,Wavelet W2,1,1,2160,2560,5.5296,153.099062,174.186276
PBS,native,Wavelet W2,1,2,2160,2560,5.5296,163.034009,159.173482
PBS,native,Wavelet W2,1,3,2160,2560,5.5296,156.378647,168.923721
PBS,native,Wavelet W2,1,4,2160,2560,5.5296,179.107018,162.813832
PBS,native,Wavelet W2,1,5,2160,2560,5.5296,165.080924,177.764377
PBS,native,Wavelet W2,1,6,2160,2560,5.5296,178.365021,156.889808
PBS,native,Wavelet W2,2,0,2160,2560,5.5296,160.647298,165.566796
PBS,native,Wavelet W2,2,1,2160,2560,5.5296,160.30262,146.599312
PBS,native,Wavelet W2,2,2,2160,2560,5.5296,151.789012,160.979485
PBS,native,Wavelet W2,2,3,2160,2560,5.5296,161.422779,155.053222
PBS,native,Wavelet W2,2,4,2160,2560,5.5296,150.284738,167.089856
PBS,native,Wavelet W2,2,5,2160,2560,5.5296,153.994782,152.197035
PBS,native,Wavelet W2,2,6,2160,2560,5.5296,153.546061,160.530712
TBI,128,Roberts Focus Measure,0,0,96,128,0.012288,0.039731,15.440701
TBI,128,Roberts Focus Measure,0,1,96,128,0.012288,0.035211,13.322223
TBI,128,Roberts Focus Measure,0,2,96,128,0.012288,0.048895,16.439581
TBI,128,Roberts Focus Measure,0,3,96,128,0.012288,0.039665,16.663326
TBI,128,Roberts Focus Measure,0,4,96,128,0.012288,0.040879,16.802096
TBI,128,Roberts Focus Measure,0,5,96,128,0.012288,0.040857,15.958135
TBI,128,Roberts Focus Measure,0,6,96,128,0.012288,0.036005,15.990695
TBI,128,Roberts Focus Measure,1,0,96,128,0.012288,0.0314,16.60847
TBI,128,Roberts Focus Measure,1,1,96,128,0.012288,0.046794,15.394604
TBI,128,Roberts Focus Measure,1,2,96,128,0.012288,0.04285,15.63028
TBI,128,Roberts Focus Measure,1,3,96,128,0.012288,0.038743,15.963455
TBI,128,Roberts Focus Measure,1,4,96,128,0.012288,0.039764,15.854622
TBI,128,Roberts Focus Measure,1,5,96,128,0.012288,0.03921,16.766041
TBI,128,Roberts Focus Measure,1,6,96,128,0.012288,0.040754,16.264332
TBI,128,Roberts Focus Measure,2,0,96,128,0.012288,0.032011,15.721709
TBI,128,Roberts Focus Measure,2,1,96,128,0.012288,0.042134,15.931106
TBI,128,Roberts Focus Measure,2,2,96,128,0.012288,0.03949,15.370398
TBI,128,Roberts Focus Measure,2,3,96,128,0.012288,0.043377,15.706879
TBI,128,Roberts Focus Measure,2,4,96,128,0.012288,0.038741,15.781715
TBI,128,Roberts Focus Measure,2,5,96,128,0.012288,0.058798,15.872726
TBI,128,Roberts Focus Measure,2,6,96,128,0.012288,0.043874,15.773517
PBS,native,Absolute Central Moment 4,0,0,2160,2560,5.5296,96.638436,123.000498
PBS,native,Absolute Central Moment 4,0,1,2160,2560,5.5296,98.626619,102.071608
PBS,native,Absolute Central Moment 4,0,2,2160,2560,5.5296,94.512063,109.74397
PBS,native,Absolute Central Moment 4,0,3,2160,2560,5.5296,97.469037,100.559845
PBS,native,Absolute Central Moment 4,0,4,2160,2560,5.5296,91.857996,104.838185
PBS,native,Absolute Central Moment 4,0,5,2160,2560,5.5296,96.914633,101.305348
PBS,native,Absolute Central Moment 4,0,6,2160,2560,5.5296,93.721138,102.191629
PBS,native,Absolute Central Moment 4,1,0,2160,2560,5.5296,99.061095,99.115436
PBS,native,Absolute Central Moment 4,1,1,2160,2560,5.5296,92.717282,104.737517
PBS,native,Absolute Central Moment 4,1,2,2160,2560,5.5296,95.825159,99.845537
PBS,native,Absolute Central Moment 4,1,3,2160,2560,5.5296,95.253409,103.47266
PBS,native,Absolute Central Moment 4,1,4,2160,2560,5.5296,97.645454,99.487851
PBS,native,Absolute Central Moment 4,1,5,2160,2560,5.5296,92.850977,119.322469
PBS,native,Absolute Central Moment 4,1,6,2160,2560,5.5296,98.258112,102.265307
PBS,native,Absolute Central Moment 4,2,0,2160,2560,5.5296,98.623269,106.665544
PBS,native,Absolute Central Moment 4,2,1,2160,2560,5.5296,99.996078,101.577632
PBS,native,Absolute Central Moment 4,2,2,2160,2560,5.5296,95.963727,103.346866
PBS,native,Absolute Central Moment 4,2,3,2160,2560,5.5296,97.836042,103.224334
PBS,native,Absolute Central Moment 4,2,4,2160,2560,5.5296,93.974696,104.524911
PBS,native,Absolute Central Moment 4,2,5,2160,2560,5.5296,98.128133,102.961904
PBS,native,Absolute Central Moment 4,2,6,2160,2560,5.5296,93.971583,103.857106
BMA,128,Mean Absolute Laplacian,0,0,108,128,0.013824,0.144264,10.518723
BMA,128,Mean Absolute Laplacian,0,1,108,128,0.013824,0.154466,12.998536
BMA,128,Mean Absolute Laplacian,0,2,108,128,0.013824,0.20076,8.934746
BMA,128,Mean Absolute Laplacian,0,3,108,128,0.013824,0.188699,8.966732
BMA,128,Mean Absolute Laplacian,0,4,108,128,0.013824,0.192321,8.47912
BMA,128,Mean Absolute Laplacian,0,5,108,128,0.013824,0.20522,9.250461
BMA,128,Mean Absolute Laplacian,0,6,108,128,0.013824,0.166467,8.279282
BMA,128,Mean Absolute Laplacian,1,0,108,128,0.013824,0.143198,8.8305
BMA,128,Mean Absolute Laplacian,1,1,108,128,0.013824,0.161563,8.336747
BMA,128,Mean Absolute Laplacian,1,2,108,128,0.013824,0.157695,8.216134
BMA,128,Mean Absolute Laplacian,1,3,108,128,0.013824,0.150049,8.501253
BMA,128,Mean Absolute Laplacian,1,4,108,128,0.013824,0.145523,8.020058
BMA,128,Mean Absolute Laplacian,1,5,108,128,0.013824,0.142958,8.340358
BMA,128,Mean Absolute Laplacian,1,6,108,128,0.013824,0.153762,8.578553
BMA,128,Mean Absolute Laplacian,2,0,108,128,0.013824,0.151076,8.278038
BMA,128,Mean Absolute Laplacian,2,1,108,128,0.013824,0.166327,8.235617
BMA,128,Mean Absolute Laplacian,2,2,108,128,0.013824,0.147759,8.09568
BMA,128,Mean Absolute Laplacian,2,3,108,128,0.013824,0.175864,8.261072
BMA,128,Mean Absolute Laplacian,2,4,108,128,0.013824,0.238592,8.811549
BMA,128,Mean Absolute Laplacian,2,5,108,128,0.013824,0.154354,9.002834
BMA,128,Mean Absolute Laplacian,2,6,108,128,0.013824,0.151486,8.642705
TBF,native,Intensity Variance,0,0,2160,2560,5.5296,19.758944,39.411595
TBF,native,Intensity Variance,0,1,2160,2560,5.5296,23.440495,28.449745
TBF,native,Intensity Variance,0,2,2160,2560,5.5296,20.008041,35.351711
TBF,native,Intensity Variance,0,3,2160,2560,5.5296,24.525657,26.983917
TBF,native,Intensity Variance,0,4,2160,2560,5.5296,19.467779,32.444203
TBF,native,Intensity Variance,0,5,2160,2560,5.5296,24.596869,25.275351
TBF,native,Intensity Variance,0,6,2160,2560,5.5296,19.151636,29.0065
TBF,native,Intensity Variance,1,0,2160,2560,5.5296,23.574329,25.660445
TBF,native,Intensity Variance,1,1,2160,2560,5.5296,19.528296,30.522875
TBF,native,Intensity Variance,1,2,2160,2560,5.5296,23.359616,25.438784
TBF,native,Intensity Variance,1,3,2160,2560,5.5296,19.741112,29.831291
TBF,native,Intensity Variance,1,4,2160,2560,5.5296,23.228344,27.659739
TBF,native,Intensity Variance,1,5,2160,2560,5.5296,20.55602,30.547904
TBF,native,Intensity Variance,1,6,2160,2560,5.5296,24.604524,26.655899
TBF,native,Intensity Variance,2,0,2160,2560,5.5296,20.439955,29.7781
TBF,native,Intensity Variance,2,1,2160,2560,5.5296,25.386321,25.918059
TBF,native,Intensity Variance,2,2,2160,2560,5.5296,20.334643,29.340737
TBF,native,Intensity Variance,2,3,2160,2560,5.5296,24.512289,25.903833
TBF,native,Intensity Variance,2,4,2160,2560,5.5296,20.900033,30.046661
TBF,native,Intensity Variance,2,5,2160,2560,5.5296,25.077524,26.049448
TBF,native,Intensity Variance,2,6,2160,2560,5.5296,19.425195,29.922084
BMA,1024,Wavelet W3,0,0,864,1024,0.884736,14.985463,26.695895
BMA,1024,Wavelet W3,0,1,864,1024,0.884736,14.848135,27.436576
BMA,1024,Wavelet W3,0,2,864,1024,0.884736,15.837791,24.879937
BMA,1024,Wavelet W3,0,3,864,1024,0.884736,14.571,23.603282
BMA,1024,Wavelet W3,0,4,864,1024,0.884736,13.785108,23.996511
BMA,1024,Wavelet W3,0,5,864,1024,0.884736,14.473351,22.634644
BMA,1024,Wavelet W3,0,6,864,1024,0.884736,13.897391,24.359345
BMA,1024,Wavelet W3,1,0,864,1024,0.884736,14.585758,23.762141
BMA,1024,Wavelet W3,1,1,864,1024,0.884736,14.692895,24.233802
BMA,1024,Wavelet W3,1,2,864,1024,0.884736,14.325187,22.937262
BMA,1024,Wavelet W3,1,3,864,1024,0.884736,13.910708,24.024234
BMA,1024,Wavelet W3,1,4,864,1024,0.884736,15.048174,23.318049
BMA,1024,Wavelet W3,1,5,864,1024,0.884736,13.861912,25.423493
BMA,1024,Wavelet W3,1,6,864,1024,0.884736,15.170866,23.869131
BMA,1024,Wavelet W3,2,0,864,1024,0.884736,16.62663,23.700768
BMA,1024,Wavelet W3,2,1,864,1024,0.884736,14.901649,22.592265
BMA,1024,Wavelet W3,2,2,864,1024,0.884736,14.913912,24.947002
BMA,1024,Wavelet W3,2,3,864,1024,0.884736,14.708511,22.77089
BMA,1024,Wavelet W3,2,4,864,1024,0.884736,13.819362,24.782442
BMA,1024,Wavelet W3,2,5,864,1024,0.884736,15.589245,24.805165
BMA,1024,Wavelet W3,2,6,864,1024,0.884736,14.873307,25.045018
PBS,128,GLCM Contrast,0,0,108,128,0.013824,3.478117,12.406698
PBS,128,GLCM Contrast,0,1,108,128,0.013824,3.713081,12.444476
PBS,128,GLCM Contrast,0,2,108,128,0.013824,3.459305,12.087611
PBS,128,GLCM Contrast,0,3,108,128,0.013824,3.475538,11.48296
PBS,128,GLCM Contrast,0,4,108,128,0.013824,3.284238,11.635465
PBS,128,GLCM Contrast,0,5,108,128,0.013824,3.383725,11.498253
PBS,128,GLCM Contrast,0,6,108,128,0.013824,3.32462,11.925981
PBS,128,GLCM Contrast,1,0,108,128,0.013824,3.352049,11.203
PBS,128,GLCM Contrast,1,1,108,128,0.013824,3.277893,11.256351
PBS,128,GLCM Contrast,1,2,108,128,0.013824,3.299459,11.433153
PBS,128,GLCM Contrast,1,3,108,128,0.013824,3.509403,12.262454
PBS,128,GLCM Contrast,1,4,108,128,0.013824,3.495344,11.937795
PBS,128,GLCM Contrast,1,5,108,128,0.013824,3.464275,12.84799
PBS,128,GLCM Contrast,1,6,108,128,0.013824,3.445869,11.730843
PBS,128,GLCM Contrast,2,0,108,128,0.013824,3.343742,11.099241
PBS,128,GLCM Contrast,2,1,108,128,0.013824,3.709973,11.528686
PBS,128,GLCM Contrast,2,2,108,128,0.013824,3.370787,11.13073
PBS,128,GLCM Contrast,2,3,108,128,0.013824,3.350511,11.280295
PBS,128,GLCM Contrast,2,4,108,128,0.013824,3.343561,11.116287
PBS,128,GLCM Contrast,2,5,108,128,0.013824,3.335688,12.402293
PBS,128,GLCM Contrast,2,6,108,128,0.013824,3.803419,11.631429
PBS,native,Image Power,0,0,2160,2560,5.5296,15.303802,36.039161
PBS,native,Image Power,0,1,2160,2560,5.5296,18.368646,23.375843
PBS,native,Image Power,0,2,2160,2560,5.5296,14.861292,32.717918
PBS,native,Image Power,0,3,2160,2560,5.5296,19.773476,21.733493
PBS,native,Image Power,0,4,2160,2560,5.5296,15.444026,26.397659
PBS,native,Image Power,0,5,2160,2560,5.5296,18.285406,20.985017
PBS,native,Image Power,0,6,2160,2560,5.5296,15.046184,25.485454
PBS,native,Image Power,1,0,2160,2560,5.5296,18.1405,22.455187
PBS,native,Image Power,1,1,2160,2560,5.5296,14.355874,25.34069
PBS,native,Image Power,1,2,2160,2560,5.5296,18.985803,22.664459
PBS,native,Image Power,1,3,2160,2560,5.5296,15.410241,25.509506
PBS,native,Image Power,1,4,2160,2560,5.5296,18.63071,21.329848
PBS,native,Image Power,1,5,2160,2560,5.5296,14.245642,25.488814
PBS,native,Image Power,1,6,2160,2560,5.5296,20.214256,20.836844
PBS,native,Image Power,2,0,2160,2560,5.5296,14.273208,26.849757
PBS,native,Image Power,2,1,2160,2560,5.5296,18.045633,21.754022
PBS,native,Image Power,2,2,2160,2560,5.5296,14.703024,25.673779
PBS,native,Image Power,2,3,2160,2560,5.5296,17.89415,20.150046
PBS,native,Image Power,2,4,2160,2560,5.5296,14.245024,26.148333
PBS,native,Image Power,2,5,2160,2560,5.5296,18.589475,21.70372
PBS,native,Image Power,2,6,2160,2560,5.5296,14.105043,25.800692
TBF,512,DCT Focus Measure,0,0,432,512,0.221184,1.333216,9.475573
TBF,512,DCT Focus Measure,0,1,432,512,0.221184,1.54159,13.752834
TBF,512,DCT Focus Measure,0,2,432,512,0.221184,1.581947,9.598412
TBF,512,DCT Focus Measure,0,3,432,512,0.221184,1.651768,8.481937
TBF,512,DCT Focus Measure,0,4,432,512,0.221184,1.417042,8.61475
TBF,512,DCT Focus Measure,0,5,432,512,0.221184,1.546483,9.349561
TBF,512,DCT Focus Measure,0,6,432,512,0.221184,1.653813,8.416578
TBF,512,DCT Focus Measure,1,0,432,512,0.221184,1.401482,8.232086
TBF,512,DCT Focus Measure,1,1,432,512,0.221184,1.41978,8.573804
TBF,512,DCT Focus Measure,1,2,432,512,0.221184,1.454898,8.336987
TBF,512,DCT Focus Measure,1,3,432,512,0.221184,1.462529,8.815407
TBF,512,DCT Focus Measure,1,4,432,512,0.221184,1.508787,9.089755
TBF,512,DCT Focus Measure,1,5,432,512,0.221184,1.659876,8.510807
TBF,512,DCT Focus Measure,1,6,432,512,0.221184,1.766479,8.95646
TBF,512,DCT Focus Measure,2,0,432,512,0.221184,1.440656,8.159052
TBF,512,DCT Focus Measure,2,1,432,512,0.221184,1.815061,8.350072
TBF,512,DCT Focus Measure,2,2,432,512,0.221184,1.480758,8.395199
TBF,512,DCT Focus Measure,2,3,432,512,0.221184,1.487604,8.302689
TBF,512,DCT Focus Measure,2,4,432,512,0.221184,1.466589,8.802375
TBF,512,DCT Focus Measure,2,5,432,512,0.221184,1.820905,8.707979
TBF,512,DCT Focus Measure,2,6,432,512,0.221184,1.48829,8.354714
BMA,128,Wavelet W1,0,0,108,128,0.013824,0.142877,9.401427
BMA,128,Wavelet W1,0,1,108,128,0.013824,0.133889,8.793687
BMA,128,Wavelet W1,0,2,108,128,0.013824,0.140728,9.481308
BMA,128,Wavelet W1,0,3,108,128,0.013824,0.140735,8.530987
BMA,128,Wavelet W1,0,4,108,128,0.013824,0.177367,8.366849
BMA,128,Wavelet W1,0,5,108,128,0.013824,0.135609,8.074001
BMA,128,Wavelet W1,0,6,108,128,0.013824,0.133609,8.723993
BMA,128,Wavelet W1,1,0,108,128,0.013824,0.118355,8.344478
BMA,128,Wavelet W1,1,1,108,128,0.013824,0.156665,8.210312
BMA,128,Wavelet W1,1,2,108,128,0.013824,0.168171,8.461586
BMA,128,Wavelet W1,1,3,108,128,0.013824,0.160078,8.346431
BMA,128,Wavelet W1,1,4,108,128,0.013824,0.138476,8.266494
BMA,128,Wavelet W1,1,5,108,128,0.013824,0.149956,8.342562
BMA,128,Wavelet W1,1,6,108,128,0.013824,0.133393,8.465498
BMA,128,Wavelet W1,2,0,108,128,0.013824,0.116602,8.106388
BMA,128,Wavelet W1,2,1,108,128,0.013824,0.130556,8.303422
BMA,128,Wavelet W1,2,2,108,128,0.013824,0.130731,8.157049
BMA,128,Wavelet W1,2,3,108,128,0.013824,0.130123,8.559065
BMA,128,Wavelet W1,2,4,108,128,0.013824,0.156022,9.93101
BMA,128,Wavelet W1,2,5,108,128,0.013824,0.132519,8.184808
BMA,128,Wavelet W1,2,6,108,128,0.013824,0.135528,8.228377
TBI,1024,Wavelet W1,0,0,768,1024,0.786432,10.961431,24.694815
TBI,1024,Wavelet W1,0,1,768,1024,0.786432,11.93178,27.147698
TBI,1024,Wavelet W1,0,2,768,1024,0.786432,10.756888,27.434569
TBI,1024,Wavelet W1,0,3,768,1024,0.786432,11.144236,27.120103
TBI,1024,Wavelet W1,0,4,768,1024,0.786432,10.374337,27.312388
TBI,1024,Wavelet W1,0,5,768,1024,0.786432,10.973868,27.238343
TBI,1024,Wavelet W1,0,6,768,1024,0.786432,11.15502,28.124107
TBI,1024,Wavelet W1,1,0,768,1024,0.786432,11.38459,26.581346
TBI,1024,Wavelet W1,1,1,768,1024,0.786432,10.362525,27.673133
TBI,1024,Wavelet W1,1,2,768,1024,0.786432,11.062923,27.833328
TBI,1024,Wavelet W1,1,3,768,1024,0.786432,10.950601,28.438171
TBI,1024,Wavelet W1,1,4,768,1024,0.786432,10.907522,27.149031
TBI,1024,Wavelet W1,1,5,768,1024,0.786432,10.463018,27.755899
TBI,1024,Wavelet W1,1,6,768,1024,0.786432,10.927553,27.220828
TBI,1024,Wavelet W1,2,0,768,1024,0.786432,10.417366,27.750622
TBI,1024,Wavelet W1,2,1,768,1024,0.786432,11.760277,38.834808
TBI,1024,Wavelet W1,2,2,768,1024,0.786432,10.517708,27.417192
TBI,1024,Wavelet W1,2,3,768,1024,0.786432,10.912064,27.319113
TBI,1024,Wavelet W1,2,4,768,1024,0.786432,10.461377,28.139413
TBI,1024,Wavelet W1,2,5,768,1024,0.786432,10.990329,26.715464
TBI,1024,Wavelet W1,2,6,768,1024,0.786432,10.470759,27.541691
TBF,128,Wavelet Detail Energy (db1),0,0,108,128,0.013824,0.147363,11.778966
TBF,128,Wavelet Detail Energy (db1),0,1,108,128,0.013824,0.123801,7.972796
TBF,128,Wavelet Detail Energy (db1),0,2,108,128,0.013824,0.147976,7.56537
TBF,128,Wavelet Detail Energy (db1),0,3,108,128,0.013824,0.149231,7.401329
TBF,128,Wavelet Detail Energy (db1),0,4,108,128,0.013824,0.142498,7.54803
TBF,128,Wavelet Detail Energy (db1),0,5,108,128,0.013824,0.13506,7.580043
TBF,128,Wavelet Detail Energy (db1),0,6,108,128,0.013824,0.125502,7.566048
TBF,128,Wavelet Detail Energy (db1),1,0,108,128,0.013824,0.11349,7.493257
TBF,128,Wavelet Detail Energy (db1),1,1,108,128,0.013824,0.126014,7.540488
TBF,128,Wavelet Detail Energy (db1),1,2,108,128,0.013824,0.125656,7.490499
TBF,128,Wavelet Detail Energy (db1),1,3,108,128,0.013824,0.122121,7.36554
TBF,128,Wavelet Detail Energy (db1),1,4,108,128,0.013824,0.124155,8.247753
TBF,128,Wavelet Detail Energy (db1),1,5,108,128,0.013824,0.20574,7.977729
TBF,128,Wavelet Detail Energy (db1),1,6,108,128,0.013824,0.137726,7.426332
TBF,128,Wavelet Detail Energy (db1),2,0,108,128,0.013824,0.166377,7.385971
TBF,128,Wavelet Detail Energy (db1),2,1,108,128,0.013824,0.127483,7.363546
TBF,128,Wavelet Detail Energy (db1),2,2,108,128,0.013824,0.12474,7.784915
TBF,128,Wavelet Detail Energy (db1),2,3,108,128,0.013824,0.139854,7.625935
TBF,128,Wavelet Detail Energy (db1),2,4,108,128,0.013824,0.127905,7.562024
TBF,128,Wavelet Detail Energy (db1),2,5,108,128,0.013824,0.126832,7.680618
TBF,128,Wavelet Detail Energy (db1),2,6,108,128,0.013824,0.133655,8.558841
TBI,native,Absolute Central Moment 4,0,0,2112,2816,5.947392,107.294589,109.069104
TBI,native,Absolute Central Moment 4,0,1,2112,2816,5.947392,104.197581,111.038396
TBI,native,Absolute Central Moment 4,0,2,2112,2816,5.947392,101.225224,108.146956
TBI,native,Absolute Central Moment 4,0,3,2112,2816,5.947392,99.061798,108.984563
TBI,native,Absolute Central Moment 4,0,4,2112,2816,5.947392,103.83957,111.262583
TBI,native,Absolute Central Moment 4,0,5,2112,2816,5.947392,99.837461,112.24964
TBI,native,Absolute Central Moment 4,0,6,2112,2816,5.947392,104.162647,126.661173
TBI,native,Absolute Central Moment 4,1,0,2112,2816,5.947392,102.713134,108.192038
TBI,native,Absolute Central Moment 4,1,1,2112,2816,5.947392,105.418465,106.632547
TBI,native,Absolute Central Moment 4,1,2,2112,2816,5.947392,100.455045,107.345036
TBI,native,Absolute Central Moment 4,1,3,2112,2816,5.947392,100.903378,108.130364
TBI,native,Absolute Central Moment 4,1,4,2112,2816,5.947392,103.120812,110.976932
TBI,native,Absolute Central Moment 4,1,5,2112,2816,5.947392,103.934431,109.007391
TBI,native,Absolute Central Moment 4,1,6,2112,2816,5.947392,103.298156,107.314486
TBI,native,Absolute Central Moment 4,2,0,2112,2816,5.947392,102.637098,127.010593
TBI,native,Absolute Central Moment 4,2,1,2112,2816,5.947392,103.329532,108.759932
TBI,native,Absolute Central Moment 4,2,2,2112,2816,5.947392,101.404159,110.367212
TBI,native,Absolute Central Moment 4,2,3,2112,2816,5.947392,104.785027,108.978903
TBI,native,Absolute Central Moment 4,2,4,2112,2816,5.947392,102.072955,108.432907
TBI,native,Absolute Central Moment 4,2,5,2112,2816,5.947392,101.626493,110.447553
TBI,native,Absolute Central Moment 4,2,6,2112,2816,5.947392,106.331483,107.976351
WBC,512,Spatial Frequency,0,0,512,512,0.262144,0.878359,2.503025
WBC,512,Spatial Frequency,0,1,512,512,0.262144,1.125494,1.378726
WBC,512,Spatial Frequency,0,2,512,512,0.262144,0.956758,1.236468
WBC,512,Spatial Frequency,0,3,512,512,0.262144,0.967506,1.191366
WBC,512,Spatial Frequency,0,4,512,512,0.262144,0.968436,1.193108
WBC,512,Spatial Frequency,0,5,512,512,0.262144,1.07781,1.205416
WBC,512,Spatial Frequency,0,6,512,512,0.262144,1.021975,1.20566
WBC,512,Spatial Frequency,1,0,512,512,0.262144,1.199421,1.441737
WBC,512,Spatial Frequency,1,1,512,512,0.262144,1.032166,1.30141
WBC,512,Spatial Frequency,1,2,512,512,0.262144,0.945945,1.27262
WBC,512,Spatial Frequency,1,3,512,512,0.262144,0.972391,1.201936
WBC,512,Spatial Frequency,1,4,512,512,0.262144,0.965981,1.16735
WBC,512,Spatial Frequency,1,5,512,512,0.262144,0.995818,1.4578
WBC,512,Spatial Frequency,1,6,512,512,0.262144,1.180678,1.907646
WBC,512,Spatial Frequency,2,0,512,512,0.262144,0.975248,1.452922
WBC,512,Spatial Frequency,2,1,512,512,0.262144,1.025195,1.255599
WBC,512,Spatial Frequency,2,2,512,512,0.262144,0.995933,1.211019
WBC,512,Spatial Frequency,2,3,512,512,0.262144,0.99496,1.179511
WBC,512,Spatial Frequency,2,4,512,512,0.262144,0.979366,1.126007
WBC,512,Spatial Frequency,2,5,512,512,0.262144,0.88326,1.386974
WBC,512,Spatial Frequency,2,6,512,512,0.262144,1.193544,1.24694
PBS,native,Absolute Central Moment 2,0,0,2160,2560,5.5296,34.019336,45.019872
PBS,native,Absolute Central Moment 2,0,1,2160,2560,5.5296,33.457884,38.32755
PBS,native,Absolute Central Moment 2,0,2,2160,2560,5.5296,29.170502,42.467169
PBS,native,Absolute Central Moment 2,0,3,2160,2560,5.5296,32.956384,36.2897
PBS,native,Absolute Central Moment 2,0,4,2160,2560,5.5296,29.469902,38.999772
PBS,native,Absolute Central Moment 2,0,5,2160,2560,5.5296,34.518134,39.644049
PBS,native,Absolute Central Moment 2,0,6,2160,2560,5.5296,28.1328,38.477917
PBS,native,Absolute Central Moment 2,1,0,2160,2560,5.5296,31.343243,46.542732
PBS,native,Absolute Central Moment 2,1,1,2160,2560,5.5296,29.010579,46.965802
PBS,native,Absolute Central Moment 2,1,2,2160,2560,5.5296,30.46814,33.877302
PBS,native,Absolute Central Moment 2,1,3,2160,2560,5.5296,28.986934,38.743264
PBS,native,Absolute Central Moment 2,1,4,2160,2560,5.5296,31.29546,34.419577
PBS,native,Absolute Central Moment 2,1,5,2160,2560,5.5296,29.344517,38.620819
PBS,native,Absolute Central Moment 2,1,6,2160,2560,5.5296,31.736303,34.535158
PBS,native,Absolute Central Moment 2,2,0,2160,2560,5.5296,28.019489,38.916353
PBS,native,Absolute Central Moment 2,2,1,2160,2560,5.5296,32.150893,34.814938
PBS,native,Absolute Central Moment 2,2,2,2160,2560,5.5296,28.339952,39.103599
PBS,native,Absolute Central Moment 2,2,3,2160,2560,5.5296,31.137165,35.094193
PBS,native,Absolute Central Moment 2,2,4,2160,2560,5.5296,28.081201,38.770577
PBS,native,Absolute Central Moment 2,2,5,2160,2560,5.5296,33.304703,34.090464
PBS,native,Absolute Central Moment 2,2,6,2160,2560,5.5296,27.723546,39.878031
TBI,128,Variance of Laplacian,0,0,96,128,0.012288,0.03548,14.703314
TBI,128,Variance of Laplacian,0,1,96,128,0.012288,0.058147,12.382091
TBI,128,Variance of Laplacian,0,2,96,128,0.012288,0.052406,16.388729
TBI,128,Variance of Laplacian,0,3,96,128,0.012288,0.044492,17.340577
TBI,128,Variance of Laplacian,0,4,96,128,0.012288,0.050893,16.070607
TBI,128,Variance of Laplacian,0,5,96,128,0.012288,0.046642,16.112231
TBI,128,Variance of Laplacian,0,6,96,128,0.012288,0.045295,16.341717
TBI,128,Variance of Laplacian,1,0,96,128,0.012288,0.03184,15.772203
TBI,128,Variance of Laplacian,1,1,96,128,0.012288,0.046642,16.075062
TBI,128,Variance of Laplacian,1,2,96,128,0.012288,0.04127,15.690697
TBI,128,Variance of Laplacian,1,3,96,128,0.012288,0.039327,16.766679
TBI,128,Variance of Laplacian,1,4,96,128,0.012288,0.078642,15.806155
TBI,128,Variance of Laplacian,1,5,96,128,0.012288,0.080963,16.140317
TBI,128,Variance of Laplacian,1,6,96,128,0.012288,0.04317,15.753586
TBI,128,Variance of Laplacian,2,0,96,128,0.012288,0.05319,16.108561
TBI,128,Variance of Laplacian,2,1,96,128,0.012288,0.049116,16.525976
TBI,128,Variance of Laplacian,2,2,96,128,0.012288,0.057904,16.362345
TBI,128,Variance of Laplacian,2,3,96,128,0.012288,0.044303,16.374967
TBI,128,Variance of Laplacian,2,4,96,128,0.012288,0.049279,15.925927
TBI,128,Variance of Laplacian,2,5,96,128,0.012288,0.041263,16.057474
TBI,128,Variance of Laplacian,2,6,96,128,0.012288,0.042372,16.789695
TBF,1024,Mean Intensity,0,0,864,1024,0.884736,0.54204,13.072597
TBF,1024,Mean Intensity,0,1,864,1024,0.884736,0.812462,8.705184
TBF,1024,Mean Intensity,0,2,864,1024,0.884736,0.728469,8.396238
TBF,1024,Mean Intensity,0,3,864,1024,0.884736,0.654631,8.306195
TBF,1024,Mean Intensity,0,4,864,1024,0.884736,0.804312,8.415451
TBF,1024,Mean Intensity,0,5,864,1024,0.884736,0.675075,8.69282
TBF,1024,Mean Intensity,0,6,864,1024,0.884736,0.74913,8.228284
TBF,1024,Mean Intensity,1,0,864,1024,0.884736,0.534685,8.285868
TBF,1024,Mean Intensity,1,1,864,1024,0.884736,0.68412,8.324681
TBF,1024,Mean Intensity,1,2,864,1024,0.884736,0.618765,8.469443
TBF,1024,Mean Intensity,1,3,864,1024,0.884736,0.7296,8.142961
TBF,1024,Mean Intensity,1,4,864,1024,0.884736,0.639876,8.312615
TBF,1024,Mean Intensity,1,5,864,1024,0.884736,0.765261,8.169159
TBF,1024,Mean Intensity,1,6,864,1024,0.884736,0.820656,8.03808
TBF,1024,Mean Intensity,2,0,864,1024,0.884736,0.521662,8.546647
TBF,1024,Mean Intensity,2,1,864,1024,0.884736,0.649691,8.52796
TBF,1024,Mean Intensity,2,2,864,1024,0.884736,0.696338,8.344564
TBF,1024,Mean Intensity,2,3,864,1024,0.884736,0.703365,8.394673
TBF,1024,Mean Intensity,2,4,864,1024,0.884736,0.658869,8.53146
TBF,1024,Mean Intensity,2,5,864,1024,0.884736,0.815038,8.468228
TBF,1024,Mean Intensity,2,6,864,1024,0.884736,0.63769,8.076897
TBI,native,Laplacian Energy,0,0,2112,2816,5.947392,169.510922,197.391179
TBI,native,Laplacian Energy,0,1,2112,2816,5.947392,166.929076,180.944172
TBI,native,Laplacian Energy,0,2,2112,2816,5.947392,168.940466,177.467815
TBI,native,Laplacian Energy,0,3,2112,2816,5.947392,169.667972,178.143216
TBI,native,Laplacian Energy,0,4,2112,2816,5.947392,167.36451,174.765294
TBI,native,Laplacian Energy,0,5,2112,2816,5.947392,166.474072,169.72439
TBI,native,Laplacian Energy,0,6,2112,2816,5.947392,170.662356,202.326418
TBI,native,Laplacian Energy,1,0,2112,2816,5.947392,163.963185,171.862693
TBI,native,Laplacian Energy,1,1,2112,2816,5.947392,167.53911,170.000147
TBI,native,Laplacian Energy,1,2,2112,2816,5.947392,162.817655,173.934419
TBI,native,Laplacian Energy,1,3,2112,2816,5.947392,165.087593,174.677978
TBI,native,Laplacian Energy,1,4,2112,2816,5.947392,168.85109,169.477658
TBI,native,Laplacian Energy,1,5,2112,2816,5.947392,166.717034,173.685035
TBI,native,Laplacian Energy,1,6,2112,2816,5.947392,172.472941,176.817228
TBI,native,Laplacian Energy,2,0,2112,2816,5.947392,166.192828,173.584099
TBI,native,Laplacian Energy,2,1,2112,2816,5.947392,164.076836,168.865647
TBI,native,Laplacian Energy,2,2,2112,2816,5.947392,164.961771,171.563123
TBI,native,Laplacian Energy,2,3,2112,2816,5.947392,163.454322,171.89045
TBI,native,Laplacian Energy,2,4,2112,2816,5.947392,162.520272,171.354118
TBI,native,Laplacian Energy,2,5,2112,2816,5.947392,165.082867,169.167411
TBI,native,Laplacian Energy,2,6,2112,2816,5.947392,163.755759,172.76436
TBF,128,Normalized Variance,0,0,108,128,0.013824,0.046172,8.760851
TBF,128,Normalized Variance,0,1,108,128,0.013824,0.051,11.748468
TBF,128,Normalized Variance,0,2,108,128,0.013824,0.037854,7.767357
TBF,128,Normalized Variance,0,3,108,128,0.013824,0.091742,7.887662
TBF,128,Normalized Variance,0,4,108,128,0.013824,0.040631,7.146892
TBF,128,Normalized Variance,0,5,108,128,0.013824,0.037105,7.529009
TBF,128,Normalized Variance,0,6,108,128,0.013824,0.052456,7.440549
TBF,128,Normalized Variance,1,0,108,128,0.013824,0.031387,7.440201
TBF,128,Normalized Variance,1,1,108,128,0.013824,0.037909,7.326697
TBF,128,Normalized Variance,1,2,108,128,0.013824,0.062653,7.257578
TBF,128,Normalized Variance,1,3,108,128,0.013824,0.039642,7.308209
TBF,128,Normalized Variance,1,4,108,128,0.013824,0.06013,7.207947
TBF,128,Normalized Variance,1,5,108,128,0.013824,0.036292,7.303137
TBF,128,Normalized Variance,1,6,108,128,0.013824,0.036711,7.378792
TBF,128,Normalized Variance,2,0,108,128,0.013824,0.031469,7.806076
TBF,128,Normalized Variance,2,1,108,128,0.013824,0.03748,7.3459
TBF,128,Normalized Variance,2,2,108,128,0.013824,0.038174,7.155029
TBF,128,Normalized Variance,2,3,108,128,0.013824,0.035229,7.422328
TBF,128,Normalized Variance,2,4,108,128,0.013824,0.066342,7.855468
TBF,128,Normalized Variance,2,5,108,128,0.013824,0.058767,7.562262
TBF,128,Normalized Variance,2,6,108,128,0.013824,0.044237,7.341626
PBS,512,Roberts Focus Measure,0,0,432,512,0.221184,0.546533,8.162782
PBS,512,Roberts Focus Measure,0,1,432,512,0.221184,0.689663,7.929958
PBS,512,Roberts Focus Measure,0,2,432,512,0.221184,0.614357,8.025776
PBS,512,Roberts Focus Measure,0,3,432,512,0.221184,0.611644,8.125143
PBS,512,Roberts Focus Measure,0,4,432,512,0.221184,0.61594,7.885335
PBS,512,Roberts Focus Measure,0,5,432,512,0.221184,0.700862,7.947658
PBS,512,Roberts Focus Measure,0,6,432,512,0.221184,0.58921,7.691198
PBS,512,Roberts Focus Measure,1,0,432,512,0.221184,0.546464,8.024859
PBS,512,Roberts Focus Measure,1,1,432,512,0.221184,0.567346,7.909647
PBS,512,Roberts Focus Measure,1,2,432,512,0.221184,0.58177,7.939061
PBS,512,Roberts Focus Measure,1,3,432,512,0.221184,0.584959,7.798447
PBS,512,Roberts Focus Measure,1,4,432,512,0.221184,0.622684,8.146928
PBS,512,Roberts Focus Measure,1,5,432,512,0.221184,0.598928,8.89009
PBS,512,Roberts Focus Measure,1,6,432,512,0.221184,0.671491,8.232707
PBS,512,Roberts Focus Measure,2,0,432,512,0.221184,0.528624,8.035864
PBS,512,Roberts Focus Measure,2,1,432,512,0.221184,0.620164,7.862973
PBS,512,Roberts Focus Measure,2,2,432,512,0.221184,0.598545,8.268248
PBS,512,Roberts Focus Measure,2,3,432,512,0.221184,0.592239,8.335185
PBS,512,Roberts Focus Measure,2,4,432,512,0.221184,0.581219,8.433779
PBS,512,Roberts Focus Measure,2,5,432,512,0.221184,0.626409,8.11942
PBS,512,Roberts Focus Measure,2,6,432,512,0.221184,0.598733,8.087798
TBI,1024,Sum Modified Laplacian,0,0,768,1024,0.786432,2.977533,16.426666
TBI,1024,Sum Modified Laplacian,0,1,768,1024,0.786432,2.719315,20.133817
TBI,1024,Sum Modified Laplacian,0,2,768,1024,0.786432,2.902545,19.637052
TBI,1024,Sum Modified Laplacian,0,3,768,1024,0.786432,2.82309,19.338123
TBI,1024,Sum Modified Laplacian,0,4,768,1024,0.786432,2.649846,19.493576
TBI,1024,Sum Modified Laplacian,0,5,768,1024,0.786432,2.915906,25.912813
TBI,1024,Sum Modified Laplacian,0,6,768,1024,0.786432,3.297846,32.961302
TBI,1024,Sum Modified Laplacian,1,0,768,1024,0.786432,2.730713,19.466699
TBI,1024,Sum Modified Laplacian,1,1,768,1024,0.786432,2.845484,20.892277
TBI,1024,Sum Modified Laplacian,1,2,768,1024,0.786432,3.0973,20.785426
TBI,1024,Sum Modified Laplacian,1,3,768,1024,0.786432,3.006098,20.836324
TBI,1024,Sum Modified Laplacian,1,4,768,1024,0.786432,2.827597,19.353014
TBI,1024,Sum Modified Laplacian,1,5,768,1024,0.786432,2.922765,19.877557
TBI,1024,Sum Modified Laplacian,1,6,768,1024,0.786432,3.001454,19.921459
TBI,1024,Sum Modified Laplacian,2,0,768,1024,0.786432,2.509632,19.585407
TBI,1024,Sum Modified Laplacian,2,1,768,1024,0.786432,3.163391,19.656277
TBI,1024,Sum Modified Laplacian,2,2,768,1024,0.786432,2.772151,19.591905
TBI,1024,Sum Modified Laplacian,2,3,768,1024,0.786432,2.938701,20.599669
TBI,1024,Sum Modified Laplacian,2,4,768,1024,0.786432,3.026465,20.154873
TBI,1024,Sum Modified Laplacian,2,5,768,1024,0.786432,3.070636,19.382431
TBI,1024,Sum Modified Laplacian,2,6,768,1024,0.786432,2.979354,19.967194
WBC,1024,Mean Absolute Laplacian,0,0,1024,1024,1.048576,14.146975,15.384951
WBC,1024,Mean Absolute Laplacian,0,1,1024,1024,1.048576,14.024722,17.072777
WBC,1024,Mean Absolute Laplacian,0,2,1024,1024,1.048576,14.812885,15.391659
WBC,1024,Mean Absolute Laplacian,0,3,1024,1024,1.048576,14.610663,15.105282
WBC,1024,Mean Absolute Laplacian,0,4,1024,1024,1.048576,13.954031,15.596716
WBC,1024,Mean Absolute Laplacian,0,5,1024,1024,1.048576,14.563634,15.009358
WBC,1024,Mean Absolute Laplacian,0,6,1024,1024,1.048576,14.460937,15.664783
WBC,1024,Mean Absolute Laplacian,1,0,1024,1024,1.048576,14.917129,14.595853
WBC,1024,Mean Absolute Laplacian,1,1,1024,1024,1.048576,13.608512,14.903381
WBC,1024,Mean Absolute Laplacian,1,2,1024,1024,1.048576,13.22702,15.025971
WBC,1024,Mean Absolute Laplacian,1,3,1024,1024,1.048576,14.468642,15.563364
WBC,1024,Mean Absolute Laplacian,1,4,1024,1024,1.048576,14.162844,15.585731
WBC,1024,Mean Absolute Laplacian,1,5,1024,1024,1.048576,14.240348,15.763706
WBC,1024,Mean Absolute Laplacian,1,6,1024,1024,1.048576,14.440244,14.805626
WBC,1024,Mean Absolute Laplacian,2,0,1024,1024,1.048576,14.477233,14.547101
WBC,1024,Mean Absolute Laplacian,2,1,1024,1024,1.048576,14.70023,14.925875
WBC,1024,Mean Absolute Laplacian,2,2,1024,1024,1.048576,14.836352,15.026396
WBC,1024,Mean Absolute Laplacian,2,3,1024,1024,1.048576,14.130396,14.656363
WBC,1024,Mean Absolute Laplacian,2,4,1024,1024,1.048576,14.228836,14.760314
WBC,1024,Mean Absolute Laplacian,2,5,1024,1024,1.048576,13.212383,15.925621
WBC,1024,Mean Absolute Laplacian,2,6,1024,1024,1.048576,14.663619,15.124804
BMA,512,Wavelet W3,0,0,432,512,0.221184,2.77752,14.163166
BMA,512,Wavelet W3,0,1,432,512,0.221184,2.563898,10.492131
BMA,512,Wavelet W3,0,2,432,512,0.221184,2.425442,9.936508
BMA,512,Wavelet W3,0,3,432,512,0.221184,2.553382,10.110158
BMA,512,Wavelet W3,0,4,432,512,0.221184,2.400954,9.70075
BMA,512,Wavelet W3,0,5,432,512,0.221184,2.790204,10.580306
BMA,512,Wavelet W3,0,6,432,512,0.221184,2.581295,10.409144
BMA,512,Wavelet W3,1,0,432,512,0.221184,2.456692,10.404495
BMA,512,Wavelet W3,1,1,432,512,0.221184,2.447479,10.301877
BMA,512,Wavelet W3,1,2,432,512,0.221184,2.420501,10.411687
BMA,512,Wavelet W3,1,3,432,512,0.221184,2.37786,10.13605
BMA,512,Wavelet W3,1,4,432,512,0.221184,2.441259,10.380832
BMA,512,Wavelet W3,1,5,432,512,0.221184,2.443044,9.752917
BMA,512,Wavelet W3,1,6,432,512,0.221184,2.43737,10.253013
BMA,512,Wavelet W3,2,0,432,512,0.221184,2.375816,10.578715
BMA,512,Wavelet W3,2,1,432,512,0.221184,2.43214,10.377005
BMA,512,Wavelet W3,2,2,432,512,0.221184,2.444945,10.473214
BMA,512,Wavelet W3,2,3,432,512,0.221184,2.431295,9.747999
BMA,512,Wavelet W3,2,4,432,512,0.221184,2.40078,10.421264
BMA,512,Wavelet W3,2,5,432,512,0.221184,2.521946,10.178324
BMA,512,Wavelet W3,2,6,432,512,0.221184,2.395467,9.878753
PBS,native,Curvelet Transform Sharpness Index,0,0,2160,2560,5.5296,133.784756,153.847051
PBS,native,Curvelet Transform Sharpness Index,0,1,2160,2560,5.5296,146.385287,150.502538
PBS,native,Curvelet Transform Sharpness Index,0,2,2160,2560,5.5296,140.496695,157.009741
PBS,native,Curvelet Transform Sharpness Index,0,3,2160,2560,5.5296,154.755143,150.18757
PBS,native,Curvelet Transform Sharpness Index,0,4,2160,2560,5.5296,138.532002,152.095594
PBS,native,Curvelet Transform Sharpness Index,0,5,2160,2560,5.5296,142.915936,144.884599
PBS,native,Curvelet Transform Sharpness Index,0,6,2160,2560,5.5296,138.541183,152.544528
PBS,native,Curvelet Transform Sharpness Index,1,0,2160,2560,5.5296,144.222528,149.898342
PBS,native,Curvelet Transform Sharpness Index,1,1,2160,2560,5.5296,147.129196,158.423604
PBS,native,Curvelet Transform Sharpness Index,1,2,2160,2560,5.5296,149.56152,147.454203
PBS,native,Curvelet Transform Sharpness Index,1,3,2160,2560,5.5296,139.960125,147.485646
PBS,native,Curvelet Transform Sharpness Index,1,4,2160,2560,5.5296,143.288809,150.446496
PBS,native,Curvelet Transform Sharpness Index,1,5,2160,2560,5.5296,140.164683,145.291429
PBS,native,Curvelet Transform Sharpness Index,1,6,2160,2560,5.5296,145.227374,146.105127
PBS,native,Curvelet Transform Sharpness Index,2,0,2160,2560,5.5296,133.354614,163.828896
PBS,native,Curvelet Transform Sharpness Index,2,1,2160,2560,5.5296,148.015093,143.238562
PBS,native,Curvelet Transform Sharpness Index,2,2,2160,2560,5.5296,138.813909,148.495977
PBS,native,Curvelet Transform Sharpness Index,2,3,2160,2560,5.5296,150.503753,144.551771
PBS,native,Curvelet Transform Sharpness Index,2,4,2160,2560,5.5296,138.307514,150.278386
PBS,native,Curvelet Transform Sharpness Index,2,5,2160,2560,5.5296,148.597017,149.298565
PBS,native,Curvelet Transform Sharpness Index,2,6,2160,2560,5.5296,141.952765,146.089212
TBI,1024,Fourier Transform Sharpness Index,0,0,768,1024,0.786432,18.531203,30.69993
TBI,1024,Fourier Transform Sharpness Index,0,1,768,1024,0.786432,16.246738,32.152438
TBI,1024,Fourier Transform Sharpness Index,0,2,768,1024,0.786432,22.718554,48.964674
TBI,1024,Fourier Transform Sharpness Index,0,3,768,1024,0.786432,16.522425,36.281607
TBI,1024,Fourier Transform Sharpness Index,0,4,768,1024,0.786432,15.846256,34.360201
TBI,1024,Fourier Transform Sharpness Index,0,5,768,1024,0.786432,16.175262,35.228045
TBI,1024,Fourier Transform Sharpness Index,0,6,768,1024,0.786432,16.306263,34.486322
TBI,1024,Fourier Transform Sharpness Index,1,0,768,1024,0.786432,20.366792,36.042884
TBI,1024,Fourier Transform Sharpness Index,1,1,768,1024,0.786432,17.674338,36.274794
TBI,1024,Fourier Transform Sharpness Index,1,2,768,1024,0.786432,17.99802,37.801998
TBI,1024,Fourier Transform Sharpness Index,1,3,768,1024,0.786432,17.268825,34.473853
TBI,1024,Fourier Transform Sharpness Index,1,4,768,1024,0.786432,16.58444,35.350675
TBI,1024,Fourier Transform Sharpness Index,1,5,768,1024,0.786432,16.619677,35.675033
TBI,1024,Fourier Transform Sharpness Index,1,6,768,1024,0.786432,16.516064,36.427132
TBI,1024,Fourier Transform Sharpness Index,2,0,768,1024,0.786432,16.751149,37.927571
TBI,1024,Fourier Transform Sharpness Index,2,1,768,1024,0.786432,17.698511,36.141853
TBI,1024,Fourier Transform Sharpness Index,2,2,768,1024,0.786432,17.931937,36.898119
TBI,1024,Fourier Transform Sharpness Index,2,3,768,1024,0.786432,17.411515,37.148491
TBI,1024,Fourier Transform Sharpness Index,2,4,768,1024,0.786432,17.518155,35.107283
TBI,1024,Fourier Transform Sharpness Index,2,5,768,1024,0.786432,16.576387,34.654371
TBI,1024,Fourier Transform Sharpness Index,2,6,768,1024,0.786432,16.167927,34.391562
BMA,512,Fourier Transform Sharpness Index,0,0,432,512,0.221184,3.231281,15.078969
BMA,512,Fourier Transform Sharpness Index,0,1,432,512,0.221184,3.237122,11.357403
BMA,512,Fourier Transform Sharpness Index,0,2,432,512,0.221184,3.337331,11.412351
BMA,512,Fourier Transform Sharpness Index,0,3,432,512,0.221184,3.293006,11.288723
BMA,512,Fourier Transform Sharpness Index,0,4,432,512,0.221184,3.584687,11.283167
BMA,512,Fourier Transform Sharpness Index,0,5,432,512,0.221184,3.438481,11.752083
BMA,512,Fourier Transform Sharpness Index,0,6,432,512,0.221184,3.349821,11.306337
BMA,512,Fourier Transform Sharpness Index,1,0,432,512,0.221184,3.894829,11.594441
BMA,512,Fourier Transform Sharpness Index,1,1,432,512,0.221184,3.434486,11.124025
BMA,512,Fourier Transform Sharpness Index,1,2,432,512,0.221184,3.303549,12.257767
BMA,512,Fourier Transform Sharpness Index,1,3,432,512,0.221184,3.593467,11.606322
BMA,512,Fourier Transform Sharpness Index,1,4,432,512,0.221184,3.601887,11.431556
BMA,512,Fourier Transform Sharpness Index,1,5,432,512,0.221184,3.476529,10.904541
BMA,512,Fourier Transform Sharpness Index,1,6,432,512,0.221184,3.366142,11.174068
BMA,512,Fourier Transform Sharpness Index,2,0,432,512,0.221184,3.266842,10.953419
BMA,512,Fourier Transform Sharpness Index,2,1,432,512,0.221184,3.361402,11.186071
BMA,512,Fourier Transform Sharpness Index,2,2,432,512,0.221184,3.374294,11.00583
BMA,512,Fourier Transform Sharpness Index,2,3,432,512,0.221184,3.337255,10.834448
BMA,512,Fourier Transform Sharpness Index,2,4,432,512,0.221184,3.263199,11.060205
BMA,512,Fourier Transform Sharpness Index,2,5,432,512,0.221184,3.169004,11.032546
BMA,512,Fourier Transform Sharpness Index,2,6,432,512,0.221184,3.30616,10.954364
PBS,128,Spatial Frequency,0,0,108,128,0.013824,0.041539,8.238
PBS,128,Spatial Frequency,0,1,108,128,0.013824,0.057183,8.856408
PBS,128,Spatial Frequency,0,2,108,128,0.013824,0.058318,8.901218
PBS,128,Spatial Frequency,0,3,108,128,0.013824,0.054497,8.697038
PBS,128,Spatial Frequency,0,4,108,128,0.013824,0.059646,8.493113
PBS,128,Spatial Frequency,0,5,108,128,0.013824,0.04813,8.23087
PBS,128,Spatial Frequency,0,6,108,128,0.013824,0.044898,8.25354
PBS,128,Spatial Frequency,1,0,108,128,0.013824,0.039502,8.292121
PBS,128,Spatial Frequency,1,1,108,128,0.013824,0.046969,8.763971
PBS,128,Spatial Frequency,1,2,108,128,0.013824,0.051751,8.74805
PBS,128,Spatial Frequency,1,3,108,128,0.013824,0.046885,8.287985
PBS,128,Spatial Frequency,1,4,108,128,0.013824,0.050498,8.385531
PBS,128,Spatial Frequency,1,5,108,128,0.013824,0.043984,8.291565
PBS,128,Spatial Frequency,1,6,108,128,0.013824,0.045097,8.287977
PBS,128,Spatial Frequency,2,0,108,128,0.013824,0.045477,8.152946
PBS,128,Spatial Frequency,2,1,108,128,0.013824,0.045654,8.318882
PBS,128,Spatial Frequency,2,2,108,128,0.013824,0.048812,8.253045
PBS,128,Spatial Frequency,2,3,108,128,0.013824,0.045226,8.416579
PBS,128,Spatial Frequency,2,4,108,128,0.013824,0.045222,8.238752
PBS,128,Spatial Frequency,2,5,108,128,0.013824,0.048862,8.181912
PBS,128,Spatial Frequency,2,6,108,128,0.013824,0.04534,7.956628
TBF,128,Intensity Variance,0,0,108,128,0.013824,0.039286,7.368874
TBF,128,Intensity Variance,0,1,108,128,0.013824,0.037197,7.353226
TBF,128,Intensity Variance,0,2,108,128,0.013824,0.031661,7.160892
TBF,128,Intensity Variance,0,3,108,128,0.013824,0.028145,7.33569
TBF,128,Intensity Variance,0,4,108,128,0.013824,0.028448,7.29612
TBF,128,Intensity Variance,0,5,108,128,0.013824,0.027757,7.056731
TBF,128,Intensity Variance,0,6,108,128,0.013824,0.060775,7.880468
TBF,128,Intensity Variance,1,0,108,128,0.013824,0.02191,7.288808
TBF,128,Intensity Variance,1,1,108,128,0.013824,0.027399,7.069098
TBF,128,Intensity Variance,1,2,108,128,0.013824,0.027922,8.160881
TBF,128,Intensity Variance,1,3,108,128,0.013824,0.041575,8.052193
TBF,128,Intensity Variance,1,4,108,128,0.013824,0.057662,7.273389
TBF,128,Intensity Variance,1,5,108,128,0.013824,0.027334,7.184797
TBF,128,Intensity Variance,1,6,108,128,0.013824,0.02886,7.32852
TBF,128,Intensity Variance,2,0,108,128,0.013824,0.021734,7.449717
TBF,128,Intensity Variance,2,1,108,128,0.013824,0.026889,7.388444
TBF,128,Intensity Variance,2,2,108,128,0.013824,0.02732,7.671838
TBF,128,Intensity Variance,2,3,108,128,0.013824,0.037701,8.007413
TBF,128,Intensity Variance,2,4,108,128,0.013824,0.028581,8.189136
TBF,128,Intensity Variance,2,5,108,128,0.013824,0.03763,7.66167
TBF,128,Intensity Variance,2,6,108,128,0.013824,0.030734,7.701481
TBF,512,Wavelet W1,0,0,432,512,0.221184,1.919706,9.031759
TBF,512,Wavelet W1,0,1,432,512,0.221184,1.987118,8.989428
TBF,512,Wavelet W1,0,2,432,512,0.221184,1.948406,9.205358
TBF,512,Wavelet W1,0,3,432,512,0.221184,1.821992,8.613664
TBF,512,Wavelet W1,0,4,432,512,0.221184,2.003719,9.496106
TBF,512,Wavelet W1,0,5,432,512,0.221184,1.975178,8.753717
TBF,512,Wavelet W1,0,6,432,512,0.221184,1.885999,8.738097
TBF,512,Wavelet W1,1,0,432,512,0.221184,1.838379,8.663284
TBF,512,Wavelet W1,1,1,432,512,0.221184,1.930183,8.704141
TBF,512,Wavelet W1,1,2,432,512,0.221184,2.030583,8.977764
TBF,512,Wavelet W1,1,3,432,512,0.221184,2.028682,8.838297
TBF,512,Wavelet W1,1,4,432,512,0.221184,2.014012,9.595708
TBF,512,Wavelet W1,1,5,432,512,0.221184,2.010819,8.863615
TBF,512,Wavelet W1,1,6,432,512,0.221184,1.923205,10.103064
TBF,512,Wavelet W1,2,0,432,512,0.221184,1.771462,9.053116
TBF,512,Wavelet W1,2,1,432,512,0.221184,1.933857,8.623759
TBF,512,Wavelet W1,2,2,432,512,0.221184,2.057534,9.440337
TBF,512,Wavelet W1,2,3,432,512,0.221184,1.923197,8.770027
TBF,512,Wavelet W1,2,4,432,512,0.221184,1.871071,8.666819
TBF,512,Wavelet W1,2,5,432,512,0.221184,1.910134,9.001115
TBF,512,Wavelet W1,2,6,432,512,0.221184,1.909162,8.695507
TBF,128,Wavelet W3,0,0,108,128,0.013824,0.191432,7.951204
TBF,128,Wavelet W3,0,1,108,128,0.013824,0.203725,7.560702
TBF,128,Wavelet W3,0,2,108,128,0.013824,0.194645,7.880857
TBF,128,Wavelet W3,0,3,108,128,0.013824,0.225472,7.431016
TBF,128,Wavelet W3,0,4,108,128,0.013824,0.193667,7.658789
TBF,128,Wavelet W3,0,5,108,128,0.013824,0.196176,7.657323
TBF,128,Wavelet W3,0,6,108,128,0.013824,0.216564,7.640865
TBF,128,Wavelet W3,1,0,108,128,0.013824,0.200582,7.703065
TBF,128,Wavelet W3,1,1,108,128,0.013824,0.232646,8.036357
TBF,128,Wavelet W3,1,2,108,128,0.013824,0.201167,8.048706
TBF,128,Wavelet W3,1,3,108,128,0.013824,0.203367,7.756574
TBF,128,Wavelet W3,1,4,108,128,0.013824,0.249699,8.119051
TBF,128,Wavelet W3,1,5,108,128,0.013824,0.206232,7.653178
TBF,128,Wavelet W3,1,6,108,128,0.013824,0.195222,7.52819
TBF,128,Wavelet W3,2,0,108,128,0.013824,0.186151,7.462993
TBF,128,Wavelet W3,2,1,108,128,0.013824,0.191279,7.915125
TBF,128,Wavelet W3,2,2,108,128,0.013824,0.246583,7.562572
TBF,128,Wavelet W3,2,3,108,128,0.013824,0.197002,7.808545
TBF,128,Wavelet W3,2,4,108,128,0.013824,0.208143,7.699295
TBF,128,Wavelet W3,2,5,108,128,0.013824,0.230946,7.361224
TBF,128,Wavelet W3,2,6,108,128,0.013824,0.256048,8.421371
PBS,1024,Wavelet W3,0,0,864,1024,0.884736,14.792146,24.392505
PBS,1024,Wavelet W3,0,1,864,1024,0.884736,14.410535,23.385695
PBS,1024,Wavelet W3,0,2,864,1024,0.884736,14.32693,23.447494
PBS,1024,Wavelet W3,0,3,864,1024,0.884736,14.470417,23.926276
PBS,1024,Wavelet W3,0,4,864,1024,0.884736,14.1927,23.539277
PBS,1024,Wavelet W3,0,5,864,1024,0.884736,14.669573,22.617312
PBS,1024,Wavelet W3,0,6,864,1024,0.884736,13.945932,24.549079
PBS,1024,Wavelet W3,1,0,864,1024,0.884736,14.832231,23.150125
PBS,1024,Wavelet W3,1,1,864,1024,0.884736,14.680412,23.766508
PBS,1024,Wavelet W3,1,2,864,1024,0.884736,15.014643,23.27754
PBS,1024,Wavelet W3,1,3,864,1024,0.884736,14.540073,23.895111
PBS,1024,Wavelet W3,1,4,864,1024,0.884736,15.241722,23.071278
PBS,1024,Wavelet W3,1,5,864,1024,0.884736,13.961585,24.283242
PBS,1024,Wavelet W3,1,6,864,1024,0.884736,14.559537,22.520963
PBS,1024,Wavelet W3,2,0,864,1024,0.884736,14.051208,23.571235
PBS,1024,Wavelet W3,2,1,864,1024,0.884736,15.228244,23.258031
PBS,1024,Wavelet W3,2,2,864,1024,0.884736,14.226708,23.474412
PBS,1024,Wavelet W3,2,3,864,1024,0.884736,14.981692,22.464278
PBS,1024,Wavelet W3,2,4,864,1024,0.884736,14.116898,24.070386
PBS,1024,Wavelet W3,2,5,864,1024,0.884736,14.885104,23.321651
PBS,1024,Wavelet W3,2,6,864,1024,0.884736,14.263387,24.787315
TBF,1024,Wavelet W2,0,0,864,1024,0.884736,14.752365,22.213592
TBF,1024,Wavelet W2,0,1,864,1024,0.884736,13.3502,22.726144
TBF,1024,Wavelet W2,0,2,864,1024,0.884736,13.911646,21.557703
TBF,1024,Wavelet W2,0,3,864,1024,0.884736,13.3742,23.227742
TBF,1024,Wavelet W2,0,4,864,1024,0.884736,14.978917,22.272936
TBF,1024,Wavelet W2,0,5,864,1024,0.884736,13.466396,22.352299
TBF,1024,Wavelet W2,0,6,864,1024,0.884736,13.999374,21.733386
TBF,1024,Wavelet W2,1,0,864,1024,0.884736,13.316366,22.855627
TBF,1024,Wavelet W2,1,1,864,1024,0.884736,14.657979,21.729819
TBF,1024,Wavelet W2,1,2,864,1024,0.884736,13.302391,22.280356
TBF,1024,Wavelet W2,1,3,864,1024,0.884736,13.973925,23.318504
TBF,1024,Wavelet W2,1,4,864,1024,0.884736,13.461714,23.390556
TBF,1024,Wavelet W2,1,5,864,1024,0.884736,14.509657,21.66873
TBF,1024,Wavelet W2,1,6,864,1024,0.884736,13.809342,23.085566
TBF,1024,Wavelet W2,2,0,864,1024,0.884736,14.109442,21.415528
TBF,1024,Wavelet W2,2,1,864,1024,0.884736,13.469653,22.636353
TBF,1024,Wavelet W2,2,2,864,1024,0.884736,14.48442,22.563935
TBF,1024,Wavelet W2,2,3,864,1024,0.884736,13.811986,22.645661
TBF,1024,Wavelet W2,2,4,864,1024,0.884736,14.122185,21.698572
TBF,1024,Wavelet W2,2,5,864,1024,0.884736,13.721579,22.385029
TBF,1024,Wavelet W2,2,6,864,1024,0.884736,14.018737,21.435763
BMA,native,Roberts Focus Measure,0,0,2160,2560,5.5296,35.011503,48.655289
BMA,native,Roberts Focus Measure,0,1,2160,2560,5.5296,31.93455,36.840193
BMA,native,Roberts Focus Measure,0,2,2160,2560,5.5296,22.265714,40.516993
BMA,native,Roberts Focus Measure,0,3,2160,2560,5.5296,34.944933,36.474299
BMA,native,Roberts Focus Measure,0,4,2160,2560,5.5296,23.098547,40.319293
BMA,native,Roberts Focus Measure,0,5,2160,2560,5.5296,32.44798,34.77586
BMA,native,Roberts Focus Measure,0,6,2160,2560,5.5296,22.186636,40.289162
BMA,native,Roberts Focus Measure,1,0,2160,2560,5.5296,32.557915,34.280875
BMA,native,Roberts Focus Measure,1,1,2160,2560,5.5296,21.917561,41.802206
BMA,native,Roberts Focus Measure,1,2,2160,2560,5.5296,33.344727,34.315891
BMA,native,Roberts Focus Measure,1,3,2160,2560,5.5296,21.789161,39.452771
BMA,native,Roberts Focus Measure,1,4,2160,2560,5.5296,32.633925,34.781738
BMA,native,Roberts Focus Measure,1,5,2160,2560,5.5296,21.369723,40.489618
BMA,native,Roberts Focus Measure,1,6,2160,2560,5.5296,32.214934,34.520152
BMA,native,Roberts Focus Measure,2,0,2160,2560,5.5296,23.001717,41.057158
BMA,native,Roberts Focus Measure,2,1,2160,2560,5.5296,33.82857,38.594868
BMA,native,Roberts Focus Measure,2,2,2160,2560,5.5296,23.09723,40.75354
BMA,native,Roberts Focus Measure,2,3,2160,2560,5.5296,32.949046,35.496424
BMA,native,Roberts Focus Measure,2,4,2160,2560,5.5296,22.825588,42.415861
BMA,native,Roberts Focus Measure,2,5,2160,2560,5.5296,32.407882,34.795573
BMA,native,Roberts Focus Measure,2,6,2160,2560,5.5296,21.575276,40.100244
PBS,1024,Modified Tenengrad,0,0,864,1024,0.884736,26.669016,38.745159
PBS,1024,Modified Tenengrad,0,1,864,1024,0.884736,25.339602,40.067625
PBS,1024,Modified Tenengrad,0,2,864,1024,0.884736,26.325861,35.666579
PBS,1024,Modified Tenengrad,0,3,864,1024,0.884736,25.011224,34.015819
PBS,1024,Modified Tenengrad,0,4,864,1024,0.884736,27.026853,32.856006
PBS,1024,Modified Tenengrad,0,5,864,1024,0.884736,26.385986,32.935315
PBS,1024,Modified Tenengrad,0,6,864,1024,0.884736,24.344978,41.041782
PBS,1024,Modified Tenengrad,1,0,864,1024,0.884736,25.49774,35.083347
PBS,1024,Modified Tenengrad,1,1,864,1024,0.884736,25.55993,34.073016
PBS,1024,Modified Tenengrad,1,2,864,1024,0.884736,25.334793,33.502644
PBS,1024,Modified Tenengrad,1,3,864,1024,0.884736,25.731407,32.393639
PBS,1024,Modified Tenengrad,1,4,864,1024,0.884736,24.749927,33.709717
PBS,1024,Modified Tenengrad,1,5,864,1024,0.884736,27.382155,34.479644
PBS,1024,Modified Tenengrad,1,6,864,1024,0.884736,24.653969,35.681777
PBS,1024,Modified Tenengrad,2,0,864,1024,0.884736,26.18593,34.064605
PBS,1024,Modified Tenengrad,2,1,864,1024,0.884736,24.629631,32.498653
PBS,1024,Modified Tenengrad,2,2,864,1024,0.884736,24.719027,32.948993
PBS,1024,Modified Tenengrad,2,3,864,1024,0.884736,24.860715,34.022232
PBS,1024,Modified Tenengrad,2,4,864,1024,0.884736,25.035556,34.454903
PBS,1024,Modified Tenengrad,2,5,864,1024,0.884736,25.331218,33.618327
PBS,1024,Modified Tenengrad,2,6,864,1024,0.884736,25.61552,33.285436
PBS,128,Energy of Gradient,0,0,108,128,0.013824,0.069988,8.408879
PBS,128,Energy of Gradient,0,1,108,128,0.013824,0.041015,8.742256
PBS,128,Energy of Gradient,0,2,108,128,0.013824,0.042848,8.887181
PBS,128,Energy of Gradient,0,3,108,128,0.013824,0.052041,9.377324
PBS,128,Energy of Gradient,0,4,108,128,0.013824,0.046845,8.479156
PBS,128,Energy of Gradient,0,5,108,128,0.013824,0.042669,8.437284
PBS,128,Energy of Gradient,0,6,108,128,0.013824,0.041627,8.40316
PBS,128,Energy of Gradient,1,0,108,128,0.013824,0.037522,9.110947
PBS,128,Energy of Gradient,1,1,108,128,0.013824,0.08986,8.724907
PBS,128,Energy of Gradient,1,2,108,128,0.013824,0.047999,9.261421
PBS,128,Energy of Gradient,1,3,108,128,0.013824,0.050373,8.215252
PBS,128,Energy of Gradient,1,4,108,128,0.013824,0.043618,7.989439
PBS,128,Energy of Gradient,1,5,108,128,0.013824,0.041762,8.36463
PBS,128,Energy of Gradient,1,6,108,128,0.013824,0.041452,8.308593
PBS,128,Energy of Gradient,2,0,108,128,0.013824,0.036911,8.226444
PBS,128,Energy of Gradient,2,1,108,128,0.013824,0.040309,8.397556
PBS,128,Energy of Gradient,2,2,108,128,0.013824,0.084653,8.120667
PBS,128,Energy of Gradient,2,3,108,128,0.013824,0.03934,7.99594
PBS,128,Energy of Gradient,2,4,108,128,0.013824,0.039712,7.815586
PBS,128,Energy of Gradient,2,5,108,128,0.013824,0.041043,8.130096
PBS,128,Energy of Gradient,2,6,108,128,0.013824,0.039827,7.863578
TBI,native,Image Power,0,0,2112,2816,5.947392,18.909854,25.644204
TBI,native,Image Power,0,1,2112,2816,5.947392,15.112092,24.400245
TBI,native,Image Power,0,2,2112,2816,5.947392,15.392909,23.323804
TBI,native,Image Power,0,3,2112,2816,5.947392,15.349946,22.32078
TBI,native,Image Power,0,4,2112,2816,5.947392,15.45719,24.031827
TBI,native,Image Power,0,5,2112,2816,5.947392,15.513138,22.818236
TBI,native,Image Power,0,6,2112,2816,5.947392,15.708351,24.301323
TBI,native,Image Power,1,0,2112,2816,5.947392,15.610755,23.104275
TBI,native,Image Power,1,1,2112,2816,5.947392,15.649316,22.257486
TBI,native,Image Power,1,2,2112,2816,5.947392,15.661735,22.953676
TBI,native,Image Power,1,3,2112,2816,5.947392,15.183385,23.61219
TBI,native,Image Power,1,4,2112,2816,5.947392,15.320501,23.742432
TBI,native,Image Power,1,5,2112,2816,5.947392,14.948856,23.881257
TBI,native,Image Power,1,6,2112,2816,5.947392,15.265352,23.380709
TBI,native,Image Power,2,0,2112,2816,5.947392,16.391248,22.209784
TBI,native,Image Power,2,1,2112,2816,5.947392,14.997435,22.958136
TBI,native,Image Power,2,2,2112,2816,5.947392,15.184128,22.21026
TBI,native,Image Power,2,3,2112,2816,5.947392,15.381152,22.856734
TBI,native,Image Power,2,4,2112,2816,5.947392,15.58402,22.645839
TBI,native,Image Power,2,5,2112,2816,5.947392,15.40918,22.568792
TBI,native,Image Power,2,6,2112,2816,5.947392,15.353023,22.861137
PBS,1024,Brenner Gradient,0,0,864,1024,0.884736,1.166263,10.927886
PBS,1024,Brenner Gradient,0,1,864,1024,0.884736,1.466382,13.992391
PBS,1024,Brenner Gradient,0,2,864,1024,0.884736,1.562303,9.351978
PBS,1024,Brenner Gradient,0,3,864,1024,0.884736,1.40063,9.945178
PBS,1024,Brenner Gradient,0,4,864,1024,0.884736,1.291003,9.465354
PBS,1024,Brenner Gradient,0,5,864,1024,0.884736,1.467689,10.05422
PBS,1024,Brenner Gradient,0,6,864,1024,0.884736,1.4534,10.683554
PBS,1024,Brenner Gradient,1,0,864,1024,0.884736,1.304998,9.926422
PBS,1024,Brenner Gradient,1,1,864,1024,0.884736,1.298889,10.245738
PBS,1024,Brenner Gradient,1,2,864,1024,0.884736,1.573248,9.778734
PBS,1024,Brenner Gradient,1,3,864,1024,0.884736,1.299927,9.586562
PBS,1024,Brenner Gradient,1,4,864,1024,0.884736,1.424884,9.783606
PBS,1024,Brenner Gradient,1,5,864,1024,0.884736,1.31234,9.552989
PBS,1024,Brenner Gradient,1,6,864,1024,0.884736,1.477549,9.468564
PBS,1024,Brenner Gradient,2,0,864,1024,0.884736,1.2042,10.456944
PBS,1024,Brenner Gradient,2,1,864,1024,0.884736,1.669757,10.397614
PBS,1024,Brenner Gradient,2,2,864,1024,0.884736,1.370035,9.753155
PBS,1024,Brenner Gradient,2,3,864,1024,0.884736,1.367456,9.84644
PBS,1024,Brenner Gradient,2,4,864,1024,0.884736,1.285568,10.353183
PBS,1024,Brenner Gradient,2,5,864,1024,0.884736,1.628699,9.854912
PBS,1024,Brenner Gradient,2,6,864,1024,0.884736,1.258269,10.564363
TBF,128,Variance of Laplacian,0,0,108,128,0.013824,0.044594,7.711663
TBF,128,Variance of Laplacian,0,1,108,128,0.013824,0.072865,7.654373
TBF,128,Variance of Laplacian,0,2,108,128,0.013824,0.045588,7.211128
TBF,128,Variance of Laplacian,0,3,108,128,0.013824,0.042137,7.936435
TBF,128,Variance of Laplacian,0,4,108,128,0.013824,0.044144,7.385654
TBF,128,Variance of Laplacian,0,5,108,128,0.013824,0.040372,7.411656
TBF,128,Variance of Laplacian,0,6,108,128,0.013824,0.052748,7.750023
TBF,128,Variance of Laplacian,1,0,108,128,0.013824,0.03297,7.263019
TBF,128,Variance of Laplacian,1,1,108,128,0.013824,0.039872,7.387025
TBF,128,Variance of Laplacian,1,2,108,128,0.013824,0.039927,7.463417
TBF,128,Variance of Laplacian,1,3,108,128,0.013824,0.041696,8.165018
TBF,128,Variance of Laplacian,1,4,108,128,0.013824,0.120661,8.052419
TBF,128,Variance of Laplacian,1,5,108,128,0.013824,0.045199,8.037113
TBF,128,Variance of Laplacian,1,6,108,128,0.013824,0.047604,7.271709
TBF,128,Variance of Laplacian,2,0,108,128,0.013824,0.034301,7.214964
TBF,128,Variance of Laplacian,2,1,108,128,0.013824,0.073907,7.596033
TBF,128,Variance of Laplacian,2,2,108,128,0.013824,0.03954,7.510421
TBF,128,Variance of Laplacian,2,3,108,128,0.013824,0.053287,7.745999
TBF,128,Variance of Laplacian,2,4,108,128,0.013824,0.046107,7.870942
TBF,128,Variance of Laplacian,2,5,108,128,0.013824,0.049791,8.010384
TBF,128,Variance of Laplacian,2,6,108,128,0.013824,0.05796,7.399625
TBF,native,DCT Focus Measure,0,0,2160,2560,5.5296,72.257572,105.987985
TBF,native,DCT Focus Measure,0,1,2160,2560,5.5296,77.87266,77.327804
TBF,native,DCT Focus Measure,0,2,2160,2560,5.5296,77.966631,79.921388
TBF,native,DCT Focus Measure,0,3,2160,2560,5.5296,77.352601,79.409732
TBF,native,DCT Focus Measure,0,4,2160,2560,5.5296,72.262272,84.00151
TBF,native,DCT Focus Measure,0,5,2160,2560,5.5296,76.727423,78.244438
TBF,native,DCT Focus Measure,0,6,2160,2560,5.5296,69.535264,83.75329
TBF,native,DCT Focus Measure,1,0,2160,2560,5.5296,77.052836,78.604476
TBF,native,DCT Focus Measure,1,1,2160,2560,5.5296,70.624247,84.163353
TBF,native,DCT Focus Measure,1,2,2160,2560,5.5296,79.632826,78.047791
TBF,native,DCT Focus Measure,1,3,2160,2560,5.5296,74.55708,87.680449
TBF,native,DCT Focus Measure,1,4,2160,2560,5.5296,76.376055,74.421525
TBF,native,DCT Focus Measure,1,5,2160,2560,5.5296,74.057318,81.512557
TBF,native,DCT Focus Measure,1,6,2160,2560,5.5296,75.263441,79.189228
TBF,native,DCT Focus Measure,2,0,2160,2560,5.5296,74.54371,114.521366
TBF,native,DCT Focus Measure,2,1,2160,2560,5.5296,74.807845,76.487453
TBF,native,DCT Focus Measure,2,2,2160,2560,5.5296,72.487275,82.836181
TBF,native,DCT Focus Measure,2,3,2160,2560,5.5296,74.666706,78.925239
TBF,native,DCT Focus Measure,2,4,2160,2560,5.5296,71.704765,80.369446
TBF,native,DCT Focus Measure,2,5,2160,2560,5.5296,78.119654,77.390469
TBF,native,DCT Focus Measure,2,6,2160,2560,5.5296,75.605585,78.729995
TBI,128,Mean Intensity,0,0,96,128,0.012288,0.009791,14.52576
TBI,128,Mean Intensity,0,1,96,128,0.012288,0.015007,12.913802
TBI,128,Mean Intensity,0,2,96,128,0.012288,0.013569,14.995938
TBI,128,Mean Intensity,0,3,96,128,0.012288,0.025353,15.636582
TBI,128,Mean Intensity,0,4,96,128,0.012288,0.012956,15.988674
TBI,128,Mean Intensity,0,5,96,128,0.012288,0.013622,16.168571
TBI,128,Mean Intensity,0,6,96,128,0.012288,0.013823,15.586265
TBI,128,Mean Intensity,1,0,96,128,0.012288,0.009192,15.38268
TBI,128,Mean Intensity,1,1,96,128,0.012288,0.01417,15.438837
TBI,128,Mean Intensity,1,2,96,128,0.012288,0.019936,15.637988
TBI,128,Mean Intensity,1,3,96,128,0.012288,0.014744,15.569624
TBI,128,Mean Intensity,1,4,96,128,0.012288,0.014,15.714137
TBI,128,Mean Intensity,1,5,96,128,0.012288,0.013925,15.677843
TBI,128,Mean Intensity,1,6,96,128,0.012288,0.013267,15.759664
TBI,128,Mean Intensity,2,0,96,128,0.012288,0.008568,15.172545
TBI,128,Mean Intensity,2,1,96,128,0.012288,0.012726,15.317953
TBI,128,Mean Intensity,2,2,96,128,0.012288,0.012944,15.424794
TBI,128,Mean Intensity,2,3,96,128,0.012288,0.013207,15.897258
TBI,128,Mean Intensity,2,4,96,128,0.012288,0.012872,15.785399
TBI,128,Mean Intensity,2,5,96,128,0.012288,0.013788,15.507741
TBI,128,Mean Intensity,2,6,96,128,0.012288,0.014477,16.294254
PBS,512,Intensity Range Index,0,0,432,512,0.221184,0.142251,12.181876
PBS,512,Intensity Range Index,0,1,432,512,0.221184,0.186056,7.439344
PBS,512,Intensity Range Index,0,2,432,512,0.221184,0.190022,7.549779
PBS,512,Intensity Range Index,0,3,432,512,0.221184,0.193939,7.331865
PBS,512,Intensity Range Index,0,4,432,512,0.221184,0.171081,7.751269
PBS,512,Intensity Range Index,0,5,432,512,0.221184,0.192627,7.545696
PBS,512,Intensity Range Index,0,6,432,512,0.221184,0.221267,7.622416
PBS,512,Intensity Range Index,1,0,432,512,0.221184,0.139848,7.786687
PBS,512,Intensity Range Index,1,1,432,512,0.221184,0.285272,7.700903
PBS,512,Intensity Range Index,1,2,432,512,0.221184,0.180153,7.4159
PBS,512,Intensity Range Index,1,3,432,512,0.221184,0.168898,7.242685
PBS,512,Intensity Range Index,1,4,432,512,0.221184,0.184054,7.642242
PBS,512,Intensity Range Index,1,5,432,512,0.221184,0.168491,7.274812
PBS,512,Intensity Range Index,1,6,432,512,0.221184,0.176857,8.036553
PBS,512,Intensity Range Index,2,0,432,512,0.221184,0.128495,7.312136
PBS,512,Intensity Range Index,2,1,432,512,0.221184,0.1681,7.864033
PBS,512,Intensity Range Index,2,2,432,512,0.221184,0.163462,7.302297
PBS,512,Intensity Range Index,2,3,432,512,0.221184,0.189314,7.708749
PBS,512,Intensity Range Index,2,4,432,512,0.221184,0.164021,7.312553
PBS,512,Intensity Range Index,2,5,432,512,0.221184,0.196264,7.785143
PBS,512,Intensity Range Index,2,6,432,512,0.221184,0.154355,7.332059
TBF,512,Spatial Frequency,0,0,432,512,0.221184,0.855798,7.540219
TBF,512,Spatial Frequency,0,1,432,512,0.221184,0.7702,7.632944
TBF,512,Spatial Frequency,0,2,432,512,0.221184,0.763496,7.558811
TBF,512,Spatial Frequency,0,3,432,512,0.221184,0.844723,7.45488
TBF,512,Spatial Frequency,0,4,432,512,0.221184,0.787501,7.963985
TBF,512,Spatial Frequency,0,5,432,512,0.221184,0.783149,7.643404
TBF,512,Spatial Frequency,0,6,432,512,0.221184,0.772564,7.495216
TBF,512,Spatial Frequency,1,0,432,512,0.221184,0.756921,7.529074
TBF,512,Spatial Frequency,1,1,432,512,0.221184,0.74461,7.5777
TBF,512,Spatial Frequency,1,2,432,512,0.221184,0.835996,7.576962
TBF,512,Spatial Frequency,1,3,432,512,0.221184,0.816889,7.438053
TBF,512,Spatial Frequency,1,4,432,512,0.221184,0.721749,7.782958
TBF,512,Spatial Frequency,1,5,432,512,0.221184,0.786933,7.554984
TBF,512,Spatial Frequency,1,6,432,512,0.221184,0.822039,7.705342
TBF,512,Spatial Frequency,2,0,432,512,0.221184,0.725745,7.549585
TBF,512,Spatial Frequency,2,1,432,512,0.221184,0.823153,7.838367
TBF,512,Spatial Frequency,2,2,432,512,0.221184,0.795402,7.531524
TBF,512,Spatial Frequency,2,3,432,512,0.221184,0.809148,8.053601
TBF,512,Spatial Frequency,2,4,432,512,0.221184,0.827778,7.654327
TBF,512,Spatial Frequency,2,5,432,512,0.221184,0.786259,7.958888
TBF,512,Spatial Frequency,2,6,432,512,0.221184,0.783608,7.465463
WBC,128,Fourier Transform Sharpness Index,0,0,128,128,0.016384,0.237188,0.427158
WBC,128,Fourier Transform Sharpness Index,0,1,128,128,0.016384,0.224786,0.411609
WBC,128,Fourier Transform Sharpness Index,0,2,128,128,0.016384,0.220752,0.352399
WBC,128,Fourier Transform Sharpness Index,0,3,128,128,0.016384,0.214918,0.342248
WBC,128,Fourier Transform Sharpness Index,0,4,128,128,0.016384,0.217246,0.464196
WBC,128,Fourier Transform Sharpness Index,0,5,128,128,0.016384,0.23067,0.376605
WBC,128,Fourier Transform Sharpness Index,0,6,128,128,0.016384,0.216107,0.343644
WBC,128,Fourier Transform Sharpness Index,1,0,128,128,0.016384,0.238561,0.478768
WBC,128,Fourier Transform Sharpness Index,1,1,128,128,0.016384,0.245441,0.367006
WBC,128,Fourier Transform Sharpness Index,1,2,128,128,0.016384,0.219704,0.406489
WBC,128,Fourier Transform Sharpness Index,1,3,128,128,0.016384,0.210504,0.337522
WBC,128,Fourier Transform Sharpness Index,1,4,128,128,0.016384,0.206839,0.331903
WBC,128,Fourier Transform Sharpness Index,1,5,128,128,0.016384,0.205983,0.370398
WBC,128,Fourier Transform Sharpness Index,1,6,128,128,0.016384,0.224497,0.399584
WBC,128,Fourier Transform Sharpness Index,2,0,128,128,0.016384,0.208513,0.35127
WBC,128,Fourier Transform Sharpness Index,2,1,128,128,0.016384,0.249743,0.349366
WBC,128,Fourier Transform Sharpness Index,2,2,128,128,0.016384,0.209539,0.337723
WBC,128,Fourier Transform Sharpness Index,2,3,128,128,0.016384,0.210497,0.336056
WBC,128,Fourier Transform Sharpness Index,2,4,128,128,0.016384,0.208068,0.373549
WBC,128,Fourier Transform Sharpness Index,2,5,128,128,0.016384,0.210375,0.345262
WBC,128,Fourier Transform Sharpness Index,2,6,128,128,0.016384,0.227262,0.372889
TBI,native,Curvelet Transform Sharpness Index,0,0,2112,2816,5.947392,147.462025,162.514267
TBI,native,Curvelet Transform Sharpness Index,0,1,2112,2816,5.947392,132.367499,149.386689
TBI,native,Curvelet Transform Sharpness Index,0,2,2112,2816,5.947392,136.722418,142.174665
TBI,native,Curvelet Transform Sharpness Index,0,3,2112,2816,5.947392,129.96902,137.837449
TBI,native,Curvelet Transform Sharpness Index,0,4,2112,2816,5.947392,139.867031,138.95264
TBI,native,Curvelet Transform Sharpness Index,0,5,2112,2816,5.947392,131.255243,140.634994
TBI,native,Curvelet Transform Sharpness Index,0,6,2112,2816,5.947392,145.92743,141.86203
TBI,native,Curvelet Transform Sharpness Index,1,0,2112,2816,5.947392,135.405184,139.053039
TBI,native,Curvelet Transform Sharpness Index,1,1,2112,2816,5.947392,137.916816,139.942808
TBI,native,Curvelet Transform Sharpness Index,1,2,2112,2816,5.947392,131.903034,145.93186
TBI,native,Curvelet Transform Sharpness Index,1,3,2112,2816,5.947392,134.488923,138.607385
TBI,native,Curvelet Transform Sharpness Index,1,4,2112,2816,5.947392,130.156271,142.167851
TBI,native,Curvelet Transform Sharpness Index,1,5,2112,2816,5.947392,136.3834,140.260241
TBI,native,Curvelet Transform Sharpness Index,1,6,2112,2816,5.947392,135.593208,142.892562
TBI,native,Curvelet Transform Sharpness Index,2,0,2112,2816,5.947392,135.48675,139.630656
TBI,native,Curvelet Transform Sharpness Index,2,1,2112,2816,5.947392,133.465789,140.75137
TBI,native,Curvelet Transform Sharpness Index,2,2,2112,2816,5.947392,133.608155,143.2955
TBI,native,Curvelet Transform Sharpness Index,2,3,2112,2816,5.947392,129.57097,141.781919
TBI,native,Curvelet Transform Sharpness Index,2,4,2112,2816,5.947392,132.789133,141.345059
TBI,native,Curvelet Transform Sharpness Index,2,5,2112,2816,5.947392,132.470233,146.280361
TBI,native,Curvelet Transform Sharpness Index,2,6,2112,2816,5.947392,132.610558,142.962904
PBS,128,Gradient Squared Energy,0,0,108,128,0.013824,0.038997,9.776181
PBS,128,Gradient Squared Energy,0,1,108,128,0.013824,0.10626,12.895352
PBS,128,Gradient Squared Energy,0,2,108,128,0.013824,0.04211,8.713281
PBS,128,Gradient Squared Energy,0,3,108,128,0.013824,0.04567,8.471113
PBS,128,Gradient Squared Energy,0,4,108,128,0.013824,0.042604,8.210955
PBS,128,Gradient Squared Energy,0,5,108,128,0.013824,0.042231,8.759551
PBS,128,Gradient Squared Energy,0,6,108,128,0.013824,0.057242,8.073597
PBS,128,Gradient Squared Energy,1,0,108,128,0.013824,0.036211,8.08339
PBS,128,Gradient Squared Energy,1,1,108,128,0.013824,0.040749,8.162058
PBS,128,Gradient Squared Energy,1,2,108,128,0.013824,0.038412,8.125132
PBS,128,Gradient Squared Energy,1,3,108,128,0.013824,0.058104,8.0359
PBS,128,Gradient Squared Energy,1,4,108,128,0.013824,0.058462,8.117583
PBS,128,Gradient Squared Energy,1,5,108,128,0.013824,0.039241,8.10637
PBS,128,Gradient Squared Energy,1,6,108,128,0.013824,0.04045,7.944353
PBS,128,Gradient Squared Energy,2,0,108,128,0.013824,0.036294,7.897265
PBS,128,Gradient Squared Energy,2,1,108,128,0.013824,0.044226,8.057967
PBS,128,Gradient Squared Energy,2,2,108,128,0.013824,0.039525,8.051336
PBS,128,Gradient Squared Energy,2,3,108,128,0.013824,0.040487,7.932214
PBS,128,Gradient Squared Energy,2,4,108,128,0.013824,0.038959,7.937477
PBS,128,Gradient Squared Energy,2,5,108,128,0.013824,0.044012,8.213612
PBS,128,Gradient Squared Energy,2,6,108,128,0.013824,0.040629,8.19593
TBI,native,Intensity Range Index,0,0,2112,2816,5.947392,12.049055,19.89125
TBI,native,Intensity Range Index,0,1,2112,2816,5.947392,8.275942,17.767104
TBI,native,Intensity Range Index,0,2,2112,2816,5.947392,8.035264,15.776848
TBI,native,Intensity Range Index,0,3,2112,2816,5.947392,7.915006,15.172711
TBI,native,Intensity Range Index,0,4,2112,2816,5.947392,7.87472,17.62473
TBI,native,Intensity Range Index,0,5,2112,2816,5.947392,8.136137,15.311812
TBI,native,Intensity Range Index,0,6,2112,2816,5.947392,7.925784,15.019661
TBI,native,Intensity Range Index,1,0,2112,2816,5.947392,7.749657,15.656272
TBI,native,Intensity Range Index,1,1,2112,2816,5.947392,7.913945,14.917908
TBI,native,Intensity Range Index,1,2,2112,2816,5.947392,8.241919,15.171916
TBI,native,Intensity Range Index,1,3,2112,2816,5.947392,8.363637,14.582928
TBI,native,Intensity Range Index,1,4,2112,2816,5.947392,8.154262,14.982705
TBI,native,Intensity Range Index,1,5,2112,2816,5.947392,7.848038,15.333564
TBI,native,Intensity Range Index,1,6,2112,2816,5.947392,7.889741,15.131902
TBI,native,Intensity Range Index,2,0,2112,2816,5.947392,7.910725,15.395996
TBI,native,Intensity Range Index,2,1,2112,2816,5.947392,8.209095,15.546633
TBI,native,Intensity Range Index,2,2,2112,2816,5.947392,8.300652,15.082343
TBI,native,Intensity Range Index,2,3,2112,2816,5.947392,7.927518,15.240575
TBI,native,Intensity Range Index,2,4,2112,2816,5.947392,9.55286,17.775667
TBI,native,Intensity Range Index,2,5,2112,2816,5.947392,7.949122,15.009225
TBI,native,Intensity Range Index,2,6,2112,2816,5.947392,8.012533,14.945344
BMA,512,Intensity Variance,0,0,432,512,0.221184,0.302751,8.206507
BMA,512,Intensity Variance,0,1,432,512,0.221184,0.350549,7.831072
BMA,512,Intensity Variance,0,2,432,512,0.221184,0.377365,7.862267
BMA,512,Intensity Variance,0,3,432,512,0.221184,0.416045,8.088136
BMA,512,Intensity Variance,0,4,432,512,0.221184,0.385008,7.722988
BMA,512,Intensity Variance,0,5,432,512,0.221184,0.334947,7.731588
BMA,512,Intensity Variance,0,6,432,512,0.221184,0.386274,8.17488
BMA,512,Intensity Variance,1,0,432,512,0.221184,0.336159,7.87591
BMA,512,Intensity Variance,1,1,432,512,0.221184,0.359159,8.090858
BMA,512,Intensity Variance,1,2,432,512,0.221184,0.378921,7.865987
BMA,512,Intensity Variance,1,3,432,512,0.221184,0.375091,7.586427
BMA,512,Intensity Variance,1,4,432,512,0.221184,0.362307,7.850809
BMA,512,Intensity Variance,1,5,432,512,0.221184,0.360236,7.583927
BMA,512,Intensity Variance,1,6,432,512,0.221184,0.373647,7.894254
BMA,512,Intensity Variance,2,0,432,512,0.221184,0.326271,7.615709
BMA,512,Intensity Variance,2,1,432,512,0.221184,0.390855,8.025143
BMA,512,Intensity Variance,2,2,432,512,0.221184,0.401347,7.654548
BMA,512,Intensity Variance,2,3,432,512,0.221184,0.404812,8.038323
BMA,512,Intensity Variance,2,4,432,512,0.221184,0.418131,7.723893
BMA,512,Intensity Variance,2,5,432,512,0.221184,0.396624,7.851489
BMA,512,Intensity Variance,2,6,432,512,0.221184,0.377513,7.687219
TBF,512,Roberts Focus Measure,0,0,432,512,0.221184,0.51733,7.443306
TBF,512,Roberts Focus Measure,0,1,432,512,0.221184,0.586867,7.336633
TBF,512,Roberts Focus Measure,0,2,432,512,0.221184,0.574111,7.319146
TBF,512,Roberts Focus Measure,0,3,432,512,0.221184,0.608298,7.012303
TBF,512,Roberts Focus Measure,0,4,432,512,0.221184,0.641907,7.211036
TBF,512,Roberts Focus Measure,0,5,432,512,0.221184,0.556337,7.487736
TBF,512,Roberts Focus Measure,0,6,432,512,0.221184,0.610852,7.741089
TBF,512,Roberts Focus Measure,1,0,432,512,0.221184,0.572463,7.335682
TBF,512,Roberts Focus Measure,1,1,432,512,0.221184,0.880705,7.122743
TBF,512,Roberts Focus Measure,1,2,432,512,0.221184,0.731866,7.187555
TBF,512,Roberts Focus Measure,1,3,432,512,0.221184,0.642395,7.230116
TBF,512,Roberts Focus Measure,1,4,432,512,0.221184,0.652335,7.406155
TBF,512,Roberts Focus Measure,1,5,432,512,0.221184,0.605919,7.558339
TBF,512,Roberts Focus Measure,1,6,432,512,0.221184,0.91899,7.771868
TBF,512,Roberts Focus Measure,2,0,432,512,0.221184,0.590145,7.293176
TBF,512,Roberts Focus Measure,2,1,432,512,0.221184,0.585147,7.544988
TBF,512,Roberts Focus Measure,2,2,432,512,0.221184,0.611425,7.218722
TBF,512,Roberts Focus Measure,2,3,432,512,0.221184,0.599284,7.3253
TBF,512,Roberts Focus Measure,2,4,432,512,0.221184,0.561407,7.5333
TBF,512,Roberts Focus Measure,2,5,432,512,0.221184,0.672441,7.218912
TBF,512,Roberts Focus Measure,2,6,432,512,0.221184,0.595925,7.393306
TBF,512,Squared Gradient,0,0,432,512,0.221184,0.499596,7.238061
TBF,512,Squared Gradient,0,1,432,512,0.221184,0.536634,7.505846
TBF,512,Squared Gradient,0,2,432,512,0.221184,0.575196,7.860738
TBF,512,Squared Gradient,0,3,432,512,0.221184,0.533545,7.983724
TBF,512,Squared Gradient,0,4,432,512,0.221184,0.598666,7.525569
TBF,512,Squared Gradient,0,5,432,512,0.221184,0.545628,8.221926
TBF,512,Squared Gradient,0,6,432,512,0.221184,0.564335,7.730231
TBF,512,Squared Gradient,1,0,432,512,0.221184,0.833984,8.085691
TBF,512,Squared Gradient,1,1,432,512,0.221184,0.588914,7.225348
TBF,512,Squared Gradient,1,2,432,512,0.221184,0.917389,7.855451
TBF,512,Squared Gradient,1,3,432,512,0.221184,0.623908,8.419745
TBF,512,Squared Gradient,1,4,432,512,0.221184,0.563511,7.876274
TBF,512,Squared Gradient,1,5,432,512,0.221184,0.563532,8.432859
TBF,512,Squared Gradient,1,6,432,512,0.221184,0.526745,7.654014
TBF,512,Squared Gradient,2,0,432,512,0.221184,0.512211,7.61813
TBF,512,Squared Gradient,2,1,432,512,0.221184,0.604692,7.849713
TBF,512,Squared Gradient,2,2,432,512,0.221184,0.521948,7.887285
TBF,512,Squared Gradient,2,3,432,512,0.221184,0.704978,7.306256
TBF,512,Squared Gradient,2,4,432,512,0.221184,0.487807,7.625086
TBF,512,Squared Gradient,2,5,432,512,0.221184,0.634605,7.938515
TBF,512,Squared Gradient,2,6,432,512,0.221184,0.492946,7.562632
BMA,512,Wavelet W2,0,0,432,512,0.221184,2.287629,10.050897
BMA,512,Wavelet W2,0,1,432,512,0.221184,2.335263,10.445167
BMA,512,Wavelet W2,0,2,432,512,0.221184,2.354084,10.249075
BMA,512,Wavelet W2,0,3,432,512,0.221184,2.349157,9.780328
BMA,512,Wavelet W2,0,4,432,512,0.221184,2.311047,10.09639
BMA,512,Wavelet W2,0,5,432,512,0.221184,2.295409,9.877775
BMA,512,Wavelet W2,0,6,432,512,0.221184,2.376858,9.944111
BMA,512,Wavelet W2,1,0,432,512,0.221184,2.212942,9.541976
BMA,512,Wavelet W2,1,1,432,512,0.221184,2.588532,10.041701
BMA,512,Wavelet W2,1,2,432,512,0.221184,2.347008,9.713012
BMA,512,Wavelet W2,1,3,432,512,0.221184,2.293642,9.86937
BMA,512,Wavelet W2,1,4,432,512,0.221184,2.325271,9.812811
BMA,512,Wavelet W2,1,5,432,512,0.221184,2.272501,9.752226
BMA,512,Wavelet W2,1,6,432,512,0.221184,2.341931,9.958188
BMA,512,Wavelet W2,2,0,432,512,0.221184,2.208797,10.383126
BMA,512,Wavelet W2,2,1,432,512,0.221184,2.382021,9.921274
BMA,512,Wavelet W2,2,2,432,512,0.221184,2.29988,10.557311
BMA,512,Wavelet W2,2,3,432,512,0.221184,2.29521,9.944091
BMA,512,Wavelet W2,2,4,432,512,0.221184,2.351203,10.256966
BMA,512,Wavelet W2,2,5,432,512,0.221184,2.367122,9.92109
BMA,512,Wavelet W2,2,6,432,512,0.221184,2.366519,10.677658
TBF,512,Variance of Laplacian,0,0,432,512,0.221184,0.391354,7.238796
TBF,512,Variance of Laplacian,0,1,432,512,0.221184,0.514563,7.192367
TBF,512,Variance of Laplacian,0,2,432,512,0.221184,0.438003,7.429625
TBF,512,Variance of Laplacian,0,3,432,512,0.221184,0.400463,7.415998
TBF,512,Variance of Laplacian,0,4,432,512,0.221184,0.463371,7.513108
TBF,512,Variance of Laplacian,0,5,432,512,0.221184,0.443237,7.0716
TBF,512,Variance of Laplacian,0,6,432,512,0.221184,0.438184,7.432609
TBF,512,Variance of Laplacian,1,0,432,512,0.221184,0.407945,7.731647
TBF,512,Variance of Laplacian,1,1,432,512,0.221184,0.46438,7.368513
TBF,512,Variance of Laplacian,1,2,432,512,0.221184,0.402678,7.225243
TBF,512,Variance of Laplacian,1,3,432,512,0.221184,0.419604,7.238505
TBF,512,Variance of Laplacian,1,4,432,512,0.221184,0.39553,7.206585
TBF,512,Variance of Laplacian,1,5,432,512,0.221184,0.401621,7.084615
TBF,512,Variance of Laplacian,1,6,432,512,0.221184,0.430483,7.364785
TBF,512,Variance of Laplacian,2,0,432,512,0.221184,0.363917,7.626366
TBF,512,Variance of Laplacian,2,1,432,512,0.221184,0.39002,7.911834
TBF,512,Variance of Laplacian,2,2,432,512,0.221184,0.439237,7.485147
TBF,512,Variance of Laplacian,2,3,432,512,0.221184,0.389386,7.619545
TBF,512,Variance of Laplacian,2,4,432,512,0.221184,0.469892,7.877091
TBF,512,Variance of Laplacian,2,5,432,512,0.221184,0.430129,7.183847
TBF,512,Variance of Laplacian,2,6,432,512,0.221184,0.447484,7.576159
TBI,native,Wavelet Detail Energy (db1),0,0,2112,2816,5.947392,157.321906,151.142235
TBI,native,Wavelet Detail Energy (db1),0,1,2112,2816,5.947392,130.364638,142.544549
TBI,native,Wavelet Detail Energy (db1),0,2,2112,2816,5.947392,136.760986,142.268519
TBI,native,Wavelet Detail Energy (db1),0,3,2112,2816,5.947392,133.490587,142.249811
TBI,native,Wavelet Detail Energy (db1),0,4,2112,2816,5.947392,135.65811,139.271921
TBI,native,Wavelet Detail Energy (db1),0,5,2112,2816,5.947392,134.87291,146.785354
TBI,native,Wavelet Detail Energy (db1),0,6,2112,2816,5.947392,133.212105,143.154469
TBI,native,Wavelet Detail Energy (db1),1,0,2112,2816,5.947392,135.649828,148.097478
TBI,native,Wavelet Detail Energy (db1),1,1,2112,2816,5.947392,141.709576,142.162862
TBI,native,Wavelet Detail Energy (db1),1,2,2112,2816,5.947392,134.123705,147.090558
TBI,native,Wavelet Detail Energy (db1),1,3,2112,2816,5.947392,141.299973,144.259913
TBI,native,Wavelet Detail Energy (db1),1,4,2112,2816,5.947392,136.541657,145.411821
TBI,native,Wavelet Detail Energy (db1),1,5,2112,2816,5.947392,139.884908,143.888445
TBI,native,Wavelet Detail Energy (db1),1,6,2112,2816,5.947392,133.897465,145.473928
TBI,native,Wavelet Detail Energy (db1),2,0,2112,2816,5.947392,141.51146,144.151423
TBI,native,Wavelet Detail Energy (db1),2,1,2112,2816,5.947392,135.72743,145.274727
TBI,native,Wavelet Detail Energy (db1),2,2,2112,2816,5.947392,135.828973,140.54278
TBI,native,Wavelet Detail Energy (db1),2,3,2112,2816,5.947392,134.273958,145.152618
TBI,native,Wavelet Detail Energy (db1),2,4,2112,2816,5.947392,138.839706,143.61557
TBI,native,Wavelet Detail Energy (db1),2,5,2112,2816,5.947392,136.835838,143.7556
TBI,native,Wavelet Detail Energy (db1),2,6,2112,2816,5.947392,139.63115,141.866607
TBF,512,Curvelet Transform Sharpness Index,0,0,432,512,0.221184,1.91126,9.627551
TBF,512,Curvelet Transform Sharpness Index,0,1,432,512,0.221184,1.941671,8.960805
TBF,512,Curvelet Transform Sharpness Index,0,2,432,512,0.221184,1.91832,9.070568
TBF,512,Curvelet Transform Sharpness Index,0,3,432,512,0.221184,2.024295,9.062407
TBF,512,Curvelet Transform Sharpness Index,0,4,432,512,0.221184,1.937266,9.019579
TBF,512,Curvelet Transform Sharpness Index,0,5,432,512,0.221184,1.888815,9.076791
TBF,512,Curvelet Transform Sharpness Index,0,6,432,512,0.221184,1.942756,8.884667
TBF,512,Curvelet Transform Sharpness Index,1,0,432,512,0.221184,1.847271,8.960901
TBF,512,Curvelet Transform Sharpness Index,1,1,432,512,0.221184,1.913909,8.625114
TBF,512,Curvelet Transform Sharpness Index,1,2,432,512,0.221184,1.903023,9.037853
TBF,512,Curvelet Transform Sharpness Index,1,3,432,512,0.221184,2.056692,8.802511
TBF,512,Curvelet Transform Sharpness Index,1,4,432,512,0.221184,1.877617,8.966019
TBF,512,Curvelet Transform Sharpness Index,1,5,432,512,0.221184,1.920343,8.752364
TBF,512,Curvelet Transform Sharpness Index,1,6,432,512,0.221184,2.0064,9.354515
TBF,512,Curvelet Transform Sharpness Index,2,0,432,512,0.221184,1.805113,9.326039
TBF,512,Curvelet Transform Sharpness Index,2,1,432,512,0.221184,1.91829,8.64217
TBF,512,Curvelet Transform Sharpness Index,2,2,432,512,0.221184,1.939775,8.781336
TBF,512,Curvelet Transform Sharpness Index,2,3,432,512,0.221184,1.932812,8.768769
TBF,512,Curvelet Transform Sharpness Index,2,4,432,512,0.221184,1.91792,8.932737
TBF,512,Curvelet Transform Sharpness Index,2,5,432,512,0.221184,1.947228,9.383997
TBF,512,Curvelet Transform Sharpness Index,2,6,432,512,0.221184,2.079588,8.60489
TBI,1024,Brenner Gradient,0,0,768,1024,0.786432,1.068205,14.76357
TBI,1024,Brenner Gradient,0,1,768,1024,0.786432,1.29304,18.382934
TBI,1024,Brenner Gradient,0,2,768,1024,0.786432,1.359933,18.346814
TBI,1024,Brenner Gradient,0,3,768,1024,0.786432,1.418143,17.626459
TBI,1024,Brenner Gradient,0,4,768,1024,0.786432,1.368866,17.802361
TBI,1024,Brenner Gradient,0,5,768,1024,0.786432,1.363656,18.131248
TBI,1024,Brenner Gradient,0,6,768,1024,0.786432,1.352727,17.747586
TBI,1024,Brenner Gradient,1,0,768,1024,0.786432,1.311118,17.943429
TBI,1024,Brenner Gradient,1,1,768,1024,0.786432,1.447592,17.781472
TBI,1024,Brenner Gradient,1,2,768,1024,0.786432,1.320735,18.723074
TBI,1024,Brenner Gradient,1,3,768,1024,0.786432,1.255971,17.545519
TBI,1024,Brenner Gradient,1,4,768,1024,0.786432,1.304271,17.46704
TBI,1024,Brenner Gradient,1,5,768,1024,0.786432,1.426031,17.820503
TBI,1024,Brenner Gradient,1,6,768,1024,0.786432,1.424505,17.812807
TBI,1024,Brenner Gradient,2,0,768,1024,0.786432,1.206379,17.601288
TBI,1024,Brenner Gradient,2,1,768,1024,0.786432,1.355927,18.784863
TBI,1024,Brenner Gradient,2,2,768,1024,0.786432,1.35377,18.080696
TBI,1024,Brenner Gradient,2,3,768,1024,0.786432,1.484948,18.500272
TBI,1024,Brenner Gradient,2,4,768,1024,0.786432,1.343507,17.900898
TBI,1024,Brenner Gradient,2,5,768,1024,0.786432,1.428163,18.727345
TBI,1024,Brenner Gradient,2,6,768,1024,0.786432,1.350235,17.870181
PBS,128,Image Power,0,0,108,128,0.013824,0.012075,12.655583
PBS,128,Image Power,0,1,108,128,0.013824,0.015553,8.070797
PBS,128,Image Power,0,2,108,128,0.013824,0.020114,8.26083
PBS,128,Image Power,0,3,108,128,0.013824,0.014732,8.229161
PBS,128,Image Power,0,4,108,128,0.013824,0.014845,7.99567
PBS,128,Image Power,0,5,108,128,0.013824,0.015703,8.574126
PBS,128,Image Power,0,6,108,128,0.013824,0.041858,8.075793
PBS,128,Image Power,1,0,108,128,0.013824,0.011488,8.176656
PBS,128,Image Power,1,1,108,128,0.013824,0.015525,8.252997
PBS,128,Image Power,1,2,108,128,0.013824,0.014367,7.841397
PBS,128,Image Power,1,3,108,128,0.013824,0.01496,8.438795
PBS,128,Image Power,1,4,108,128,0.013824,0.016157,7.708134
PBS,128,Image Power,1,5,108,128,0.013824,0.015316,8.36383
PBS,128,Image Power,1,6,108,128,0.013824,0.015683,7.935158
PBS,128,Image Power,2,0,108,128,0.013824,0.011526,8.145248
PBS,128,Image Power,2,1,108,128,0.013824,0.02381,8.150006
PBS,128,Image Power,2,2,108,128,0.013824,0.01686,8.236118
PBS,128,Image Power,2,3,108,128,0.013824,0.01559,8.187714
PBS,128,Image Power,2,4,108,128,0.013824,0.016345,8.31853
PBS,128,Image Power,2,5,108,128,0.013824,0.016533,8.563276
PBS,128,Image Power,2,6,108,128,0.013824,0.016549,8.284776
TBI,512,Tenengrad,0,0,384,512,0.196608,0.42297,13.686327
TBI,512,Tenengrad,0,1,384,512,0.196608,0.536189,17.516956
TBI,512,Tenengrad,0,2,384,512,0.196608,0.478664,17.66842
TBI,512,Tenengrad,0,3,384,512,0.196608,0.534616,17.656201
TBI,512,Tenengrad,0,4,384,512,0.196608,0.609164,17.880156
TBI,512,Tenengrad,0,5,384,512,0.196608,0.594591,17.61205
TBI,512,Tenengrad,0,6,384,512,0.196608,0.482629,18.121289
TBI,512,Tenengrad,1,0,384,512,0.196608,0.512801,17.840666
TBI,512,Tenengrad,1,1,384,512,0.196608,0.579597,17.217278
TBI,512,Tenengrad,1,2,384,512,0.196608,0.505371,17.404725
TBI,512,Tenengrad,1,3,384,512,0.196608,0.559368,17.866812
TBI,512,Tenengrad,1,4,384,512,0.196608,0.636383,17.226324
TBI,512,Tenengrad,1,5,384,512,0.196608,0.549411,17.224687
TBI,512,Tenengrad,1,6,384,512,0.196608,0.540867,17.262857
TBI,512,Tenengrad,2,0,384,512,0.196608,0.41208,16.630999
TBI,512,Tenengrad,2,1,384,512,0.196608,0.508246,16.761277
TBI,512,Tenengrad,2,2,384,512,0.196608,0.488507,17.642594
TBI,512,Tenengrad,2,3,384,512,0.196608,0.520652,17.294576
TBI,512,Tenengrad,2,4,384,512,0.196608,0.480718,17.701648
TBI,512,Tenengrad,2,5,384,512,0.196608,0.541336,17.27817
TBI,512,Tenengrad,2,6,384,512,0.196608,0.676275,17.745235
WBC,512,Roberts Focus Measure,0,0,512,512,0.262144,0.805216,1.100485
WBC,512,Roberts Focus Measure,0,1,512,512,0.262144,0.778127,0.925716
WBC,512,Roberts Focus Measure,0,2,512,512,0.262144,0.624049,1.023149
WBC,512,Roberts Focus Measure,0,3,512,512,0.262144,0.762949,0.872811
WBC,512,Roberts Focus Measure,0,4,512,512,0.262144,0.620397,1.05913
WBC,512,Roberts Focus Measure,0,5,512,512,0.262144,0.775327,0.874404
WBC,512,Roberts Focus Measure,0,6,512,512,0.262144,0.678687,0.956337
WBC,512,Roberts Focus Measure,1,0,512,512,0.262144,0.873759,0.997199
WBC,512,Roberts Focus Measure,1,1,512,512,0.262144,0.629422,1.047038
WBC,512,Roberts Focus Measure,1,2,512,512,0.262144,0.743499,0.917769
WBC,512,Roberts Focus Measure,1,3,512,512,0.262144,0.780753,1.169275
WBC,512,Roberts Focus Measure,1,4,512,512,0.262144,0.768021,0.894898
WBC,512,Roberts Focus Measure,1,5,512,512,0.262144,0.617504,0.972641
WBC,512,Roberts Focus Measure,1,6,512,512,0.262144,0.744939,0.866131
WBC,512,Roberts Focus Measure,2,0,512,512,0.262144,0.644456,0.986241
WBC,512,Roberts Focus Measure,2,1,512,512,0.262144,0.766914,0.939133
WBC,512,Roberts Focus Measure,2,2,512,512,0.262144,0.658522,0.976071
WBC,512,Roberts Focus Measure,2,3,512,512,0.262144,0.738121,0.896364
WBC,512,Roberts Focus Measure,2,4,512,512,0.262144,0.613885,0.974789
WBC,512,Roberts Focus Measure,2,5,512,512,0.262144,0.732644,0.863456
WBC,512,Roberts Focus Measure,2,6,512,512,0.262144,0.638717,0.978915
TBI,512,Intensity Skewness Index,0,0,384,512,0.196608,1.607904,18.366363
TBI,512,Intensity Skewness Index,0,1,384,512,0.196608,1.766692,19.234484
TBI,512,Intensity Skewness Index,0,2,384,512,0.196608,1.66678,19.233598
TBI,512,Intensity Skewness Index,0,3,384,512,0.196608,1.764661,19.210177
TBI,512,Intensity Skewness Index,0,4,384,512,0.196608,1.678925,18.72487
TBI,512,Intensity Skewness Index,0,5,384,512,0.196608,1.643808,18.234292
TBI,512,Intensity Skewness Index,0,6,384,512,0.196608,1.688369,18.889288
TBI,512,Intensity Skewness Index,1,0,384,512,0.196608,1.617737,18.664635
TBI,512,Intensity Skewness Index,1,1,384,512,0.196608,1.648916,18.653378
TBI,512,Intensity Skewness Index,1,2,384,512,0.196608,1.647636,19.062303
TBI,512,Intensity Skewness Index,1,3,384,512,0.196608,1.731567,19.670434
TBI,512,Intensity Skewness Index,1,4,384,512,0.196608,1.768265,18.78436
TBI,512,Intensity Skewness Index,1,5,384,512,0.196608,1.738353,18.292982
TBI,512,Intensity Skewness Index,1,6,384,512,0.196608,1.680272,17.935408
TBI,512,Intensity Skewness Index,2,0,384,512,0.196608,1.653825,18.961527
TBI,512,Intensity Skewness Index,2,1,384,512,0.196608,1.746075,19.180405
TBI,512,Intensity Skewness Index,2,2,384,512,0.196608,1.725013,18.621458
TBI,512,Intensity Skewness Index,2,3,384,512,0.196608,1.684809,18.248001
TBI,512,Intensity Skewness Index,2,4,384,512,0.196608,1.795354,18.322733
TBI,512,Intensity Skewness Index,2,5,384,512,0.196608,1.715135,18.208315
TBI,512,Intensity Skewness Index,2,6,384,512,0.196608,1.740788,18.577053
PBS,128,Modified Tenengrad,0,0,108,128,0.013824,0.397058,13.074911
PBS,128,Modified Tenengrad,0,1,108,128,0.013824,0.393981,8.802533
PBS,128,Modified Tenengrad,0,2,108,128,0.013824,0.376284,8.346167
PBS,128,Modified Tenengrad,0,3,108,128,0.013824,0.385568,8.616288
PBS,128,Modified Tenengrad,0,4,108,128,0.013824,0.528747,8.38008
PBS,128,Modified Tenengrad,0,5,108,128,0.013824,0.404887,8.738939
PBS,128,Modified Tenengrad,0,6,108,128,0.013824,0.417758,8.671036
PBS,128,Modified Tenengrad,1,0,108,128,0.013824,0.366245,8.242884
PBS,128,Modified Tenengrad,1,1,108,128,0.013824,0.369315,9.410655
PBS,128,Modified Tenengrad,1,2,108,128,0.013824,0.37684,8.434422
PBS,128,Modified Tenengrad,1,3,108,128,0.013824,0.364057,8.687527
PBS,128,Modified Tenengrad,1,4,108,128,0.013824,0.423765,8.40145
PBS,128,Modified Tenengrad,1,5,108,128,0.013824,0.385533,8.764772
PBS,128,Modified Tenengrad,1,6,108,128,0.013824,0.388452,8.342815
PBS,128,Modified Tenengrad,2,0,108,128,0.013824,0.328982,9.231663
PBS,128,Modified Tenengrad,2,1,108,128,0.013824,0.373982,8.357572
PBS,128,Modified Tenengrad,2,2,108,128,0.013824,0.358341,8.751309
PBS,128,Modified Tenengrad,2,3,108,128,0.013824,0.364628,8.848891
PBS,128,Modified Tenengrad,2,4,108,128,0.013824,0.354861,8.782549
PBS,128,Modified Tenengrad,2,5,108,128,0.013824,0.397952,8.498392
PBS,128,Modified Tenengrad,2,6,108,128,0.013824,0.363629,8.484016
BMA,128,Intensity Range Index,0,0,108,128,0.013824,0.011167,7.781486
BMA,128,Intensity Range Index,0,1,108,128,0.013824,0.013574,8.351098
BMA,128,Intensity Range Index,0,2,108,128,0.013824,0.014489,8.596509
BMA,128,Intensity Range Index,0,3,108,128,0.013824,0.013739,8.029457
BMA,128,Intensity Range Index,0,4,108,128,0.013824,0.014706,8.120169
BMA,128,Intensity Range Index,0,5,108,128,0.013824,0.013742,8.184601
BMA,128,Intensity Range Index,0,6,108,128,0.013824,0.017209,8.145909
BMA,128,Intensity Range Index,1,0,108,128,0.013824,0.011259,8.259753
BMA,128,Intensity Range Index,1,1,108,128,0.013824,0.013935,8.05953
BMA,128,Intensity Range Index,1,2,108,128,0.013824,0.018717,8.218359
BMA,128,Intensity Range Index,1,3,108,128,0.013824,0.013888,7.984038
BMA,128,Intensity Range Index,1,4,108,128,0.013824,0.024879,8.271275
BMA,128,Intensity Range Index,1,5,108,128,0.013824,0.014158,8.08895
BMA,128,Intensity Range Index,1,6,108,128,0.013824,0.014265,8.990892
BMA,128,Intensity Range Index,2,0,108,128,0.013824,0.014117,8.649757
BMA,128,Intensity Range Index,2,1,108,128,0.013824,0.017831,8.668491
BMA,128,Intensity Range Index,2,2,108,128,0.013824,0.013687,8.857107
BMA,128,Intensity Range Index,2,3,108,128,0.013824,0.018109,8.564238
BMA,128,Intensity Range Index,2,4,108,128,0.013824,0.022189,8.536765
BMA,128,Intensity Range Index,2,5,108,128,0.013824,0.017294,8.38694
BMA,128,Intensity Range Index,2,6,108,128,0.013824,0.014299,8.694774
BMA,1024,Spatial Frequency,0,0,864,1024,0.884736,3.52657,11.440079
BMA,1024,Spatial Frequency,0,1,864,1024,0.884736,3.535829,11.362962
BMA,1024,Spatial Frequency,0,2,864,1024,0.884736,3.359067,12.076035
BMA,1024,Spatial Frequency,0,3,864,1024,0.884736,3.247992,11.527898
BMA,1024,Spatial Frequency,0,4,864,1024,0.884736,3.391587,10.942259
BMA,1024,Spatial Frequency,0,5,864,1024,0.884736,3.11385,11.722651
BMA,1024,Spatial Frequency,0,6,864,1024,0.884736,3.182846,11.42305
BMA,1024,Spatial Frequency,1,0,864,1024,0.884736,3.215393,12.161892
BMA,1024,Spatial Frequency,1,1,864,1024,0.884736,3.147307,11.536774
BMA,1024,Spatial Frequency,1,2,864,1024,0.884736,2.981979,11.607902
BMA,1024,Spatial Frequency,1,3,864,1024,0.884736,3.285449,11.560832
BMA,1024,Spatial Frequency,1,4,864,1024,0.884736,3.23084,12.725779
BMA,1024,Spatial Frequency,1,5,864,1024,0.884736,3.575344,11.779996
BMA,1024,Spatial Frequency,1,6,864,1024,0.884736,3.184635,11.456547
BMA,1024,Spatial Frequency,2,0,864,1024,0.884736,3.093163,11.731129
BMA,1024,Spatial Frequency,2,1,864,1024,0.884736,3.229635,11.344478
BMA,1024,Spatial Frequency,2,2,864,1024,0.884736,3.249012,11.066043
BMA,1024,Spatial Frequency,2,3,864,1024,0.884736,3.1427,11.441311
BMA,1024,Spatial Frequency,2,4,864,1024,0.884736,3.289523,10.880295
BMA,1024,Spatial Frequency,2,5,864,1024,0.884736,3.226852,11.435797
BMA,1024,Spatial Frequency,2,6,864,1024,0.884736,3.481427,11.458745
BMA,1024,Curvelet Transform Sharpness Index,0,0,864,1024,0.884736,12.895746,21.636711
BMA,1024,Curvelet Transform Sharpness Index,0,1,864,1024,0.884736,12.261542,22.317562
BMA,1024,Curvelet Transform Sharpness Index,0,2,864,1024,0.884736,12.797849,21.059301
BMA,1024,Curvelet Transform Sharpness Index,0,3,864,1024,0.884736,12.005365,24.360365
BMA,1024,Curvelet Transform Sharpness Index,0,4,864,1024,0.884736,12.424811,21.542689
BMA,1024,Curvelet Transform Sharpness Index,0,5,864,1024,0.884736,12.07827,21.418367
BMA,1024,Curvelet Transform Sharpness Index,0,6,864,1024,0.884736,12.622788,21.359754
BMA,1024,Curvelet Transform Sharpness Index,1,0,864,1024,0.884736,12.287716,21.883898
BMA,1024,Curvelet Transform Sharpness Index,1,1,864,1024,0.884736,12.796279,21.082609
BMA,1024,Curvelet Transform Sharpness Index,1,2,864,1024,0.884736,12.424781,21.967192
BMA,1024,Curvelet Transform Sharpness Index,1,3,864,1024,0.884736,12.867833,20.762193
BMA,1024,Curvelet Transform Sharpness Index,1,4,864,1024,0.884736,12.137344,21.404693
BMA,1024,Curvelet Transform Sharpness Index,1,5,864,1024,0.884736,12.494232,21.048288
BMA,1024,Curvelet Transform Sharpness Index,1,6,864,1024,0.884736,12.236805,21.596471
BMA,1024,Curvelet Transform Sharpness Index,2,0,864,1024,0.884736,12.514064,20.873369
BMA,1024,Curvelet Transform Sharpness Index,2,1,864,1024,0.884736,12.252642,21.721623
BMA,1024,Curvelet Transform Sharpness Index,2,2,864,1024,0.884736,12.598819,20.731584
BMA,1024,Curvelet Transform Sharpness Index,2,3,864,1024,0.884736,12.124122,21.563228
BMA,1024,Curvelet Transform Sharpness Index,2,4,864,1024,0.884736,12.665461,21.757585
BMA,1024,Curvelet Transform Sharpness Index,2,5,864,1024,0.884736,12.145237,22.516045
BMA,1024,Curvelet Transform Sharpness Index,2,6,864,1024,0.884736,13.132602,21.753126
PBS,128,Tenengrad,0,0,108,128,0.013824,0.042289,8.484827
PBS,128,Tenengrad,0,1,108,128,0.013824,0.065411,8.374709
PBS,128,Tenengrad,0,2,108,128,0.013824,0.041311,7.986061
PBS,128,Tenengrad,0,3,108,128,0.013824,0.039618,8.450014
PBS,128,Tenengrad,0,4,108,128,0.013824,0.043666,8.217281
PBS,128,Tenengrad,0,5,108,128,0.013824,0.040488,8.291906
PBS,128,Tenengrad,0,6,108,128,0.013824,0.04525,8.154761
PBS,128,Tenengrad,1,0,108,128,0.013824,0.035878,8.413791
PBS,128,Tenengrad,1,1,108,128,0.013824,0.047014,7.951882
PBS,128,Tenengrad,1,2,108,128,0.013824,0.052332,8.606637
PBS,128,Tenengrad,1,3,108,128,0.013824,0.048292,8.096359
PBS,128,Tenengrad,1,4,108,128,0.013824,0.070772,9.821074
PBS,128,Tenengrad,1,5,108,128,0.013824,0.060572,8.476603
PBS,128,Tenengrad,1,6,108,128,0.013824,0.050027,8.784638
PBS,128,Tenengrad,2,0,108,128,0.013824,0.040185,8.723795
PBS,128,Tenengrad,2,1,108,128,0.013824,0.042986,8.280222
PBS,128,Tenengrad,2,2,108,128,0.013824,0.043951,8.006807
PBS,128,Tenengrad,2,3,108,128,0.013824,0.043207,8.564586
PBS,128,Tenengrad,2,4,108,128,0.013824,0.048352,7.85682
PBS,128,Tenengrad,2,5,108,128,0.013824,0.043495,8.192022
PBS,128,Tenengrad,2,6,108,128,0.013824,0.04418,8.642563
PBS,1024,Normalized Variance,0,0,864,1024,0.884736,1.410168,9.793575
PBS,1024,Normalized Variance,0,1,864,1024,0.884736,1.777455,9.891781
PBS,1024,Normalized Variance,0,2,864,1024,0.884736,1.661995,10.369875
PBS,1024,Normalized Variance,0,3,864,1024,0.884736,1.836591,10.065294
PBS,1024,Normalized Variance,0,4,864,1024,0.884736,1.657645,10.208712
PBS,1024,Normalized Variance,0,5,864,1024,0.884736,1.685382,10.226554
PBS,1024,Normalized Variance,0,6,864,1024,0.884736,1.679409,9.776867
PBS,1024,Normalized Variance,1,0,864,1024,0.884736,1.609959,10.765116
PBS,1024,Normalized Variance,1,1,864,1024,0.884736,1.652563,10.006855
PBS,1024,Normalized Variance,1,2,864,1024,0.884736,1.637001,9.730402
PBS,1024,Normalized Variance,1,3,864,1024,0.884736,1.630018,10.017057
PBS,1024,Normalized Variance,1,4,864,1024,0.884736,1.711995,9.469746
PBS,1024,Normalized Variance,1,5,864,1024,0.884736,1.595236,10.195413
PBS,1024,Normalized Variance,1,6,864,1024,0.884736,1.744065,10.159215
PBS,1024,Normalized Variance,2,0,864,1024,0.884736,1.40655,9.654586
PBS,1024,Normalized Variance,2,1,864,1024,0.884736,1.775055,9.680176
PBS,1024,Normalized Variance,2,2,864,1024,0.884736,1.83704,9.77809
PBS,1024,Normalized Variance,2,3,864,1024,0.884736,1.833337,10.240322
PBS,1024,Normalized Variance,2,4,864,1024,0.884736,1.677966,10.13369
PBS,1024,Normalized Variance,2,5,864,1024,0.884736,1.685176,10.693352
PBS,1024,Normalized Variance,2,6,864,1024,0.884736,1.5625,10.297302
WBC,native,Image Power,0,0,200,200,0.04,0.027412,0.12535
WBC,native,Image Power,0,1,200,200,0.04,0.028871,0.070219
WBC,native,Image Power,0,2,200,200,0.04,0.027074,0.063764
WBC,native,Image Power,0,3,200,200,0.04,0.028987,0.064272
WBC,native,Image Power,0,4,200,200,0.04,0.032507,0.067173
WBC,native,Image Power,0,5,200,200,0.04,0.027412,0.063201
WBC,native,Image Power,0,6,200,200,0.04,0.026783,0.063146
WBC,native,Image Power,1,0,200,200,0.04,0.026577,0.06822
WBC,native,Image Power,1,1,200,200,0.04,0.026855,0.068183
WBC,native,Image Power,1,2,200,200,0.04,0.026916,0.062858
WBC,native,Image Power,1,3,200,200,0.04,0.026795,0.079504
WBC,native,Image Power,1,4,200,200,0.04,0.033276,0.072227
WBC,native,Image Power,1,5,200,200,0.04,0.026703,0.067317
WBC,native,Image Power,1,6,200,200,0.04,0.028189,0.064418
WBC,native,Image Power,2,0,200,200,0.04,0.02659,0.068742
WBC,native,Image Power,2,1,200,200,0.04,0.031503,0.070083
WBC,native,Image Power,2,2,200,200,0.04,0.026901,0.075378
WBC,native,Image Power,2,3,200,200,0.04,0.027713,0.074586
WBC,native,Image Power,2,4,200,200,0.04,0.037654,0.119565
WBC,native,Image Power,2,5,200,200,0.04,0.051637,0.128133
WBC,native,Image Power,2,6,200,200,0.04,0.036713,0.099675
PBS,128,Absolute Central Moment 4,0,0,108,128,0.013824,0.185161,8.293468
PBS,128,Absolute Central Moment 4,0,1,108,128,0.013824,0.182071,8.665991
PBS,128,Absolute Central Moment 4,0,2,108,128,0.013824,0.216253,8.523586
PBS,128,Absolute Central Moment 4,0,3,108,128,0.013824,0.183084,9.042006
PBS,128,Absolute Central Moment 4,0,4,108,128,0.013824,0.187762,8.965111
PBS,128,Absolute Central Moment 4,0,5,108,128,0.013824,0.200447,8.677143
PBS,128,Absolute Central Moment 4,0,6,108,128,0.013824,0.189698,9.040153
PBS,128,Absolute Central Moment 4,1,0,108,128,0.013824,0.241812,8.322853
PBS,128,Absolute Central Moment 4,1,1,108,128,0.013824,0.187688,8.440884
PBS,128,Absolute Central Moment 4,1,2,108,128,0.013824,0.186386,9.213224
PBS,128,Absolute Central Moment 4,1,3,108,128,0.013824,0.20384,8.754053
PBS,128,Absolute Central Moment 4,1,4,108,128,0.013824,0.182868,8.593037
PBS,128,Absolute Central Moment 4,1,5,108,128,0.013824,0.186744,8.378079
PBS,128,Absolute Central Moment 4,1,6,108,128,0.013824,0.198242,8.544407
PBS,128,Absolute Central Moment 4,2,0,108,128,0.013824,0.190732,8.426969
PBS,128,Absolute Central Moment 4,2,1,108,128,0.013824,0.187778,8.263994
PBS,128,Absolute Central Moment 4,2,2,108,128,0.013824,0.180926,8.729309
PBS,128,Absolute Central Moment 4,2,3,108,128,0.013824,0.232756,8.605356
PBS,128,Absolute Central Moment 4,2,4,108,128,0.013824,0.205386,8.553851
PBS,128,Absolute Central Moment 4,2,5,108,128,0.013824,0.18455,9.052939
PBS,128,Absolute Central Moment 4,2,6,108,128,0.013824,0.185023,8.218445
BMA,1024,Intensity Skewness Index,0,0,864,1024,0.884736,7.369703,15.706879
BMA,1024,Intensity Skewness Index,0,1,864,1024,0.884736,7.692403,15.707078
BMA,1024,Intensity Skewness Index,0,2,864,1024,0.884736,7.310198,15.965951
BMA,1024,Intensity Skewness Index,0,3,864,1024,0.884736,7.355661,15.516776
BMA,1024,Intensity Skewness Index,0,4,864,1024,0.884736,7.190025,16.060192
BMA,1024,Intensity Skewness Index,0,5,864,1024,0.884736,7.538495,16.534745
BMA,1024,Intensity Skewness Index,0,6,864,1024,0.884736,7.266973,15.634206
BMA,1024,Intensity Skewness Index,1,0,864,1024,0.884736,7.164175,15.702957
BMA,1024,Intensity Skewness Index,1,1,864,1024,0.884736,7.344137,15.19875
BMA,1024,Intensity Skewness Index,1,2,864,1024,0.884736,7.414474,16.43595
BMA,1024,Intensity Skewness Index,1,3,864,1024,0.884736,7.146572,16.417418
BMA,1024,Intensity Skewness Index,1,4,864,1024,0.884736,7.648403,15.934095
BMA,1024,Intensity Skewness Index,1,5,864,1024,0.884736,7.279292,15.820397
BMA,1024,Intensity Skewness Index,1,6,864,1024,0.884736,7.348139,15.594598
BMA,1024,Intensity Skewness Index,2,0,864,1024,0.884736,7.354066,15.880059
BMA,1024,Intensity Skewness Index,2,1,864,1024,0.884736,7.455296,15.407361
BMA,1024,Intensity Skewness Index,2,2,864,1024,0.884736,7.108976,15.657536
BMA,1024,Intensity Skewness Index,2,3,864,1024,0.884736,7.131655,15.510492
BMA,1024,Intensity Skewness Index,2,4,864,1024,0.884736,7.258126,15.584653
BMA,1024,Intensity Skewness Index,2,5,864,1024,0.884736,7.18547,15.750251
BMA,1024,Intensity Skewness Index,2,6,864,1024,0.884736,7.328782,16.21883
TBI,native,DCT Focus Measure,0,0,2112,2816,5.947392,81.551148,92.838614
TBI,native,DCT Focus Measure,0,1,2112,2816,5.947392,75.340805,79.291513
TBI,native,DCT Focus Measure,0,2,2112,2816,5.947392,70.25821,74.809158
TBI,native,DCT Focus Measure,0,3,2112,2816,5.947392,69.837173,75.996936
TBI,native,DCT Focus Measure,0,4,2112,2816,5.947392,68.542529,79.044946
TBI,native,DCT Focus Measure,0,5,2112,2816,5.947392,68.370818,75.630639
TBI,native,DCT Focus Measure,0,6,2112,2816,5.947392,70.035532,76.710716
TBI,native,DCT Focus Measure,1,0,2112,2816,5.947392,69.224567,74.734564
TBI,native,DCT Focus Measure,1,1,2112,2816,5.947392,70.906263,78.67849
TBI,native,DCT Focus Measure,1,2,2112,2816,5.947392,67.189786,79.104492
TBI,native,DCT Focus Measure,1,3,2112,2816,5.947392,72.274544,78.436657
TBI,native,DCT Focus Measure,1,4,2112,2816,5.947392,105.734093,74.890814
TBI,native,DCT Focus Measure,1,5,2112,2816,5.947392,77.232464,76.608845
TBI,native,DCT Focus Measure,1,6,2112,2816,5.947392,66.50487,82.905354
TBI,native,DCT Focus Measure,2,0,2112,2816,5.947392,68.596798,73.599587
TBI,native,DCT Focus Measure,2,1,2112,2816,5.947392,67.492346,74.753787
TBI,native,DCT Focus Measure,2,2,2112,2816,5.947392,70.821258,75.448755
TBI,native,DCT Focus Measure,2,3,2112,2816,5.947392,71.059882,77.122246
TBI,native,DCT Focus Measure,2,4,2112,2816,5.947392,70.376275,75.521441
TBI,native,DCT Focus Measure,2,5,2112,2816,5.947392,68.237837,78.54994
TBI,native,DCT Focus Measure,2,6,2112,2816,5.947392,71.64622,75.619178
PBS,native,Tenengrad,0,0,2160,2560,5.5296,17.411043,36.39347
PBS,native,Tenengrad,0,1,2160,2560,5.5296,29.127484,30.536155
PBS,native,Tenengrad,0,2,2160,2560,5.5296,17.049682,37.502827
PBS,native,Tenengrad,0,3,2160,2560,5.5296,30.131148,30.943814
PBS,native,Tenengrad,0,4,2160,2560,5.5296,17.48344,37.401403
PBS,native,Tenengrad,0,5,2160,2560,5.5296,34.934255,28.960073
PBS,native,Tenengrad,0,6,2160,2560,5.5296,17.718302,42.891527
PBS,native,Tenengrad,1,0,2160,2560,5.5296,34.78046,30.152451
PBS,native,Tenengrad,1,1,2160,2560,5.5296,16.384113,42.373555
PBS,native,Tenengrad,1,2,2160,2560,5.5296,37.141221,30.985189
PBS,native,Tenengrad,1,3,2160,2560,5.5296,17.515566,37.291169
PBS,native,Tenengrad,1,4,2160,2560,5.5296,31.716633,29.763904
PBS,native,Tenengrad,1,5,2160,2560,5.5296,17.439232,43.454316
PBS,native,Tenengrad,1,6,2160,2560,5.5296,35.678977,31.355918
PBS,native,Tenengrad,2,0,2160,2560,5.5296,16.651521,42.745139
PBS,native,Tenengrad,2,1,2160,2560,5.5296,35.252648,28.818643
PBS,native,Tenengrad,2,2,2160,2560,5.5296,16.42813,42.007914
PBS,native,Tenengrad,2,3,2160,2560,5.5296,36.145226,32.312323
PBS,native,Tenengrad,2,4,2160,2560,5.5296,20.188651,44.098975
PBS,native,Tenengrad,2,5,2160,2560,5.5296,35.800766,31.282652
PBS,native,Tenengrad,2,6,2160,2560,5.5296,17.754289,42.706095
TBI,128,Absolute Central Moment 2,0,0,96,128,0.012288,0.047091,17.483407
TBI,128,Absolute Central Moment 2,0,1,96,128,0.012288,0.030135,12.471886
TBI,128,Absolute Central Moment 2,0,2,96,128,0.012288,0.031238,15.639978
TBI,128,Absolute Central Moment 2,0,3,96,128,0.012288,0.027404,15.952659
TBI,128,Absolute Central Moment 2,0,4,96,128,0.012288,0.028092,16.556281
TBI,128,Absolute Central Moment 2,0,5,96,128,0.012288,0.035889,16.751715
TBI,128,Absolute Central Moment 2,0,6,96,128,0.012288,0.028816,16.998842
TBI,128,Absolute Central Moment 2,1,0,96,128,0.012288,0.024123,15.400553
TBI,128,Absolute Central Moment 2,1,1,96,128,0.012288,0.031385,16.237858
TBI,128,Absolute Central Moment 2,1,2,96,128,0.012288,0.032287,16.987286
TBI,128,Absolute Central Moment 2,1,3,96,128,0.012288,0.03122,16.05555
TBI,128,Absolute Central Moment 2,1,4,96,128,0.012288,0.029018,15.741173
TBI,128,Absolute Central Moment 2,1,5,96,128,0.012288,0.028527,15.868858
TBI,128,Absolute Central Moment 2,1,6,96,128,0.012288,0.026079,15.047792
TBI,128,Absolute Central Moment 2,2,0,96,128,0.012288,0.028107,15.263231
TBI,128,Absolute Central Moment 2,2,1,96,128,0.012288,0.028114,15.110184
TBI,128,Absolute Central Moment 2,2,2,96,128,0.012288,0.025655,14.794519
TBI,128,Absolute Central Moment 2,2,3,96,128,0.012288,0.032167,15.315155
TBI,128,Absolute Central Moment 2,2,4,96,128,0.012288,0.028799,15.984347
TBI,128,Absolute Central Moment 2,2,5,96,128,0.012288,0.054174,15.42998
TBI,128,Absolute Central Moment 2,2,6,96,128,0.012288,0.028508,15.56503
TBI,native,Modified Tenengrad,0,0,2112,2816,5.947392,378.510835,399.346756
TBI,native,Modified Tenengrad,0,1,2112,2816,5.947392,380.844909,393.746086
TBI,native,Modified Tenengrad,0,2,2112,2816,5.947392,371.170573,419.807263
TBI,native,Modified Tenengrad,0,3,2112,2816,5.947392,374.804048,376.653149
TBI,native,Modified Tenengrad,0,4,2112,2816,5.947392,367.67815,379.541987
TBI,native,Modified Tenengrad,0,5,2112,2816,5.947392,402.567825,385.945574
TBI,native,Modified Tenengrad,0,6,2112,2816,5.947392,377.016972,379.16169
TBI,native,Modified Tenengrad,1,0,2112,2816,5.947392,392.418222,381.253335
TBI,native,Modified Tenengrad,1,1,2112,2816,5.947392,375.226255,383.153389
TBI,native,Modified Tenengrad,1,2,2112,2816,5.947392,376.926769,399.059036
TBI,native,Modified Tenengrad,1,3,2112,2816,5.947392,371.737883,378.119719
TBI,native,Modified Tenengrad,1,4,2112,2816,5.947392,371.511409,390.012527
TBI,native,Modified Tenengrad,1,5,2112,2816,5.947392,398.829141,387.039921
TBI,native,Modified Tenengrad,1,6,2112,2816,5.947392,377.484019,385.340039
TBI,native,Modified Tenengrad,2,0,2112,2816,5.947392,378.66213,383.023702
TBI,native,Modified Tenengrad,2,1,2112,2816,5.947392,393.871811,393.706437
TBI,native,Modified Tenengrad,2,2,2112,2816,5.947392,393.745915,396.124736
TBI,native,Modified Tenengrad,2,3,2112,2816,5.947392,380.701544,383.788715
TBI,native,Modified Tenengrad,2,4,2112,2816,5.947392,378.124384,383.106008
TBI,native,Modified Tenengrad,2,5,2112,2816,5.947392,397.205989,389.511497
TBI,native,Modified Tenengrad,2,6,2112,2816,5.947392,386.442659,390.991498
TBI,512,Absolute Central Moment 4,0,0,384,512,0.196608,2.88567,13.743334
TBI,512,Absolute Central Moment 4,0,1,384,512,0.196608,2.632929,19.603951
TBI,512,Absolute Central Moment 4,0,2,384,512,0.196608,2.900971,20.984651
TBI,512,Absolute Central Moment 4,0,3,384,512,0.196608,2.657448,20.702107
TBI,512,Absolute Central Moment 4,0,4,384,512,0.196608,2.669685,19.28143
TBI,512,Absolute Central Moment 4,0,5,384,512,0.196608,2.542523,19.762108
TBI,512,Absolute Central Moment 4,0,6,384,512,0.196608,2.57795,19.366917
TBI,512,Absolute Central Moment 4,1,0,384,512,0.196608,2.501281,19.810337
TBI,512,Absolute Central Moment 4,1,1,384,512,0.196608,2.557187,19.431624
TBI,512,Absolute Central Moment 4,1,2,384,512,0.196608,2.581068,19.267102
TBI,512,Absolute Central Moment 4,1,3,384,512,0.196608,2.613513,18.670322
TBI,512,Absolute Central Moment 4,1,4,384,512,0.196608,2.572067,18.96538
TBI,512,Absolute Central Moment 4,1,5,384,512,0.196608,2.565075,19.591248
TBI,512,Absolute Central Moment 4,1,6,384,512,0.196608,2.765988,19.272463
TBI,512,Absolute Central Moment 4,2,0,384,512,0.196608,2.598336,19.59411
TBI,512,Absolute Central Moment 4,2,1,384,512,0.196608,2.60591,19.613618
TBI,512,Absolute Central Moment 4,2,2,384,512,0.196608,2.603154,19.23208
TBI,512,Absolute Central Moment 4,2,3,384,512,0.196608,2.691828,19.036528
TBI,512,Absolute Central Moment 4,2,4,384,512,0.196608,2.610617,21.043333
TBI,512,Absolute Central Moment 4,2,5,384,512,0.196608,2.654913,20.193279
TBI,512,Absolute Central Moment 4,2,6,384,512,0.196608,2.605023,19.561204
BMA,native,Wavelet Detail Energy (db1),0,0,2160,2560,5.5296,131.97661,152.533499
BMA,native,Wavelet Detail Energy (db1),0,1,2160,2560,5.5296,155.150682,149.414325
BMA,native,Wavelet Detail Energy (db1),0,2,2160,2560,5.5296,139.728064,151.013904
BMA,native,Wavelet Detail Energy (db1),0,3,2160,2560,5.5296,147.779495,145.821681
BMA,native,Wavelet Detail Energy (db1),0,4,2160,2560,5.5296,142.629525,149.633294
BMA,native,Wavelet Detail Energy (db1),0,5,2160,2560,5.5296,150.960349,147.505403
BMA,native,Wavelet Detail Energy (db1),0,6,2160,2560,5.5296,137.420498,160.295812
BMA,native,Wavelet Detail Energy (db1),1,0,2160,2560,5.5296,150.871628,138.04143
BMA,native,Wavelet Detail Energy (db1),1,1,2160,2560,5.5296,136.268554,145.908374
BMA,native,Wavelet Detail Energy (db1),1,2,2160,2560,5.5296,139.926861,146.574881
BMA,native,Wavelet Detail Energy (db1),1,3,2160,2560,5.5296,135.59929,150.470135
BMA,native,Wavelet Detail Energy (db1),1,4,2160,2560,5.5296,151.47782,148.002771
BMA,native,Wavelet Detail Energy (db1),1,5,2160,2560,5.5296,141.434923,154.917629
BMA,native,Wavelet Detail Energy (db1),1,6,2160,2560,5.5296,150.771873,148.474872
BMA,native,Wavelet Detail Energy (db1),2,0,2160,2560,5.5296,138.760463,142.460207
BMA,native,Wavelet Detail Energy (db1),2,1,2160,2560,5.5296,152.445229,144.39137
BMA,native,Wavelet Detail Energy (db1),2,2,2160,2560,5.5296,139.411807,149.158006
BMA,native,Wavelet Detail Energy (db1),2,3,2160,2560,5.5296,151.323081,150.173302
BMA,native,Wavelet Detail Energy (db1),2,4,2160,2560,5.5296,139.999017,168.932776
BMA,native,Wavelet Detail Energy (db1),2,5,2160,2560,5.5296,153.284046,149.472459
BMA,native,Wavelet Detail Energy (db1),2,6,2160,2560,5.5296,143.61466,147.253934
TBF,1024,Tenengrad,0,0,864,1024,0.884736,2.246521,12.18808
TBF,1024,Tenengrad,0,1,864,1024,0.884736,2.299551,16.137744
TBF,1024,Tenengrad,0,2,864,1024,0.884736,1.934766,10.58168
TBF,1024,Tenengrad,0,3,864,1024,0.884736,2.42669,10.109664
TBF,1024,Tenengrad,0,4,864,1024,0.884736,2.294537,10.249195
TBF,1024,Tenengrad,0,5,864,1024,0.884736,2.367669,10.693129
TBF,1024,Tenengrad,0,6,864,1024,0.884736,2.265276,10.023803
TBF,1024,Tenengrad,1,0,864,1024,0.884736,2.222485,9.954363
TBF,1024,Tenengrad,1,1,864,1024,0.884736,2.415567,10.46595
TBF,1024,Tenengrad,1,2,864,1024,0.884736,2.349841,9.895141
TBF,1024,Tenengrad,1,3,864,1024,0.884736,1.991468,10.31726
TBF,1024,Tenengrad,1,4,864,1024,0.884736,2.218529,9.780565
TBF,1024,Tenengrad,1,5,864,1024,0.884736,2.01618,10.047048
TBF,1024,Tenengrad,1,6,864,1024,0.884736,2.510281,9.871974
TBF,1024,Tenengrad,2,0,864,1024,0.884736,2.122806,10.017463
TBF,1024,Tenengrad,2,1,864,1024,0.884736,2.35152,9.961235
TBF,1024,Tenengrad,2,2,864,1024,0.884736,2.111521,10.175508
TBF,1024,Tenengrad,2,3,864,1024,0.884736,2.276728,9.940505
TBF,1024,Tenengrad,2,4,864,1024,0.884736,2.056615,10.272095
TBF,1024,Tenengrad,2,5,864,1024,0.884736,2.393399,9.8817
TBF,1024,Tenengrad,2,6,864,1024,0.884736,2.178396,10.184607
WBC,128,Laplacian Energy,0,0,128,128,0.016384,0.160755,0.346116
WBC,128,Laplacian Energy,0,1,128,128,0.016384,0.179946,0.304069
WBC,128,Laplacian Energy,0,2,128,128,0.016384,0.157721,0.292672
WBC,128,Laplacian Energy,0,3,128,128,0.016384,0.155457,0.311956
WBC,128,Laplacian Energy,0,4,128,128,0.016384,0.157493,0.297355
WBC,128,Laplacian Energy,0,5,128,128,0.016384,0.189742,0.306941
WBC,128,Laplacian Energy,0,6,128,128,0.016384,0.172727,0.279951
WBC,128,Laplacian Energy,1,0,128,128,0.016384,0.16253,0.298703
WBC,128,Laplacian Energy,1,1,128,128,0.016384,0.154105,0.310254
WBC,128,Laplacian Energy,1,2,128,128,0.016384,0.149631,0.273092
WBC,128,Laplacian Energy,1,3,128,128,0.016384,0.148261,0.277037
WBC,128,Laplacian Energy,1,4,128,128,0.016384,0.151903,0.320313
WBC,128,Laplacian Energy,1,5,128,128,0.016384,0.165086,0.3007
WBC,128,Laplacian Energy,1,6,128,128,0.016384,0.148825,0.272594
WBC,128,Laplacian Energy,2,0,128,128,0.016384,0.146291,0.447518
WBC,128,Laplacian Energy,2,1,128,128,0.016384,0.249163,0.344154
WBC,128,Laplacian Energy,2,2,128,128,0.016384,0.168523,0.28516
WBC,128,Laplacian Energy,2,3,128,128,0.016384,0.150969,0.280056
WBC,128,Laplacian Energy,2,4,128,128,0.016384,0.183174,0.29525
WBC,128,Laplacian Energy,2,5,128,128,0.016384,0.172439,0.284471
WBC,128,Laplacian Energy,2,6,128,128,0.016384,0.153174,0.275288
TBF,native,Wavelet W1,0,0,2160,2560,5.5296,129.124072,141.132494
TBF,native,Wavelet W1,0,1,2160,2560,5.5296,136.59264,139.409007
TBF,native,Wavelet W1,0,2,2160,2560,5.5296,141.740298,153.794801
TBF,native,Wavelet W1,0,3,2160,2560,5.5296,145.527271,138.811068
TBF,native,Wavelet W1,0,4,2160,2560,5.5296,133.633088,141.532173
TBF,native,Wavelet W1,0,5,2160,2560,5.5296,137.977346,133.654757
TBF,native,Wavelet W1,0,6,2160,2560,5.5296,133.176395,141.508195
TBF,native,Wavelet W1,1,0,2160,2560,5.5296,141.428646,140.163271
TBF,native,Wavelet W1,1,1,2160,2560,5.5296,135.938671,144.814604
TBF,native,Wavelet W1,1,2,2160,2560,5.5296,148.427725,141.972242
TBF,native,Wavelet W1,1,3,2160,2560,5.5296,134.212338,148.316597
TBF,native,Wavelet W1,1,4,2160,2560,5.5296,142.051884,144.73709
TBF,native,Wavelet W1,1,5,2160,2560,5.5296,140.666492,138.111876
TBF,native,Wavelet W1,1,6,2160,2560,5.5296,141.319363,140.833483
TBF,native,Wavelet W1,2,0,2160,2560,5.5296,130.016046,142.958222
TBF,native,Wavelet W1,2,1,2160,2560,5.5296,136.223723,135.630761
TBF,native,Wavelet W1,2,2,2160,2560,5.5296,136.989935,141.996278
TBF,native,Wavelet W1,2,3,2160,2560,5.5296,146.545792,139.158316
TBF,native,Wavelet W1,2,4,2160,2560,5.5296,137.234059,149.856524
TBF,native,Wavelet W1,2,5,2160,2560,5.5296,141.002834,139.557507
TBF,native,Wavelet W1,2,6,2160,2560,5.5296,132.480726,150.955819
BMA,128,Intensity Variance,0,0,108,128,0.013824,0.129851,9.324136
BMA,128,Intensity Variance,0,1,108,128,0.013824,0.03775,12.268751
BMA,128,Intensity Variance,0,2,108,128,0.013824,0.033049,9.467879
BMA,128,Intensity Variance,0,3,108,128,0.013824,0.032479,8.658626
BMA,128,Intensity Variance,0,4,108,128,0.013824,0.043491,9.385909
BMA,128,Intensity Variance,0,5,108,128,0.013824,0.033528,9.44639
BMA,128,Intensity Variance,0,6,108,128,0.013824,0.0426,9.257934
BMA,128,Intensity Variance,1,0,108,128,0.013824,0.02289,8.365904
BMA,128,Intensity Variance,1,1,108,128,0.013824,0.032067,8.853733
BMA,128,Intensity Variance,1,2,108,128,0.013824,0.034148,8.868661
BMA,128,Intensity Variance,1,3,108,128,0.013824,0.035806,8.818847
BMA,128,Intensity Variance,1,4,108,128,0.013824,0.031932,8.91467
BMA,128,Intensity Variance,1,5,108,128,0.013824,0.038138,8.778265
BMA,128,Intensity Variance,1,6,108,128,0.013824,0.032285,8.359163
BMA,128,Intensity Variance,2,0,108,128,0.013824,0.022951,7.944561
BMA,128,Intensity Variance,2,1,108,128,0.013824,0.028464,8.756913
BMA,128,Intensity Variance,2,2,108,128,0.013824,0.03534,8.644423
BMA,128,Intensity Variance,2,3,108,128,0.013824,0.033831,9.008455
BMA,128,Intensity Variance,2,4,108,128,0.013824,0.030103,8.785179
BMA,128,Intensity Variance,2,5,108,128,0.013824,0.029457,8.00352
BMA,128,Intensity Variance,2,6,108,128,0.013824,0.035588,8.993613
WBC,512,DCT Focus Measure,0,0,512,512,0.262144,1.830222,2.117368
WBC,512,DCT Focus Measure,0,1,512,512,0.262144,1.862187,2.077522
WBC,512,DCT Focus Measure,0,2,512,512,0.262144,1.783259,1.989611
WBC,512,DCT Focus Measure,0,3,512,512,0.262144,1.781922,1.937935
WBC,512,DCT Focus Measure,0,4,512,512,0.262144,1.708526,1.950741
WBC,512,DCT Focus Measure,0,5,512,512,0.262144,1.731769,1.962349
WBC,512,DCT Focus Measure,0,6,512,512,0.262144,1.563607,1.85048
WBC,512,DCT Focus Measure,1,0,512,512,0.262144,1.699045,1.814974
WBC,512,DCT Focus Measure,1,1,512,512,0.262144,1.567992,1.866952
WBC,512,DCT Focus Measure,1,2,512,512,0.262144,1.606308,1.735108
WBC,512,DCT Focus Measure,1,3,512,512,0.262144,1.573517,1.856639
WBC,512,DCT Focus Measure,1,4,512,512,0.262144,1.640322,1.797042
WBC,512,DCT Focus Measure,1,5,512,512,0.262144,1.583873,1.910403
WBC,512,DCT Focus Measure,1,6,512,512,0.262144,1.602807,1.795596
WBC,512,DCT Focus Measure,2,0,512,512,0.262144,1.525819,1.885391
WBC,512,DCT Focus Measure,2,1,512,512,0.262144,1.616123,1.785014
WBC,512,DCT Focus Measure,2,2,512,512,0.262144,1.578808,1.792101
WBC,512,DCT Focus Measure,2,3,512,512,0.262144,1.593174,1.780517
WBC,512,DCT Focus Measure,2,4,512,512,0.262144,1.548067,1.82688
WBC,512,DCT Focus Measure,2,5,512,512,0.262144,1.607529,1.864228
WBC,512,DCT Focus Measure,2,6,512,512,0.262144,1.812143,1.983749
BMA,1024,Tenengrad,0,0,864,1024,0.884736,1.913896,11.828329
BMA,1024,Tenengrad,0,1,864,1024,0.884736,2.239851,10.172212
BMA,1024,Tenengrad,0,2,864,1024,0.884736,2.24729,10.821614
BMA,1024,Tenengrad,0,3,864,1024,0.884736,2.1688,10.646669
BMA,1024,Tenengrad,0,4,864,1024,0.884736,2.280798,10.971598
BMA,1024,Tenengrad,0,5,864,1024,0.884736,2.386769,10.520597
BMA,1024,Tenengrad,0,6,864,1024,0.884736,2.110079,11.4054
BMA,1024,Tenengrad,1,0,864,1024,0.884736,2.185695,10.321119
BMA,1024,Tenengrad,1,1,864,1024,0.884736,2.288362,11.397942
BMA,1024,Tenengrad,1,2,864,1024,0.884736,2.272072,11.485002
BMA,1024,Tenengrad,1,3,864,1024,0.884736,2.215124,10.792751
BMA,1024,Tenengrad,1,4,864,1024,0.884736,2.287938,11.037684
BMA,1024,Tenengrad,1,5,864,1024,0.884736,2.165388,10.199423
BMA,1024,Tenengrad,1,6,864,1024,0.884736,2.320237,10.11151
BMA,1024,Tenengrad,2,0,864,1024,0.884736,1.905027,10.324112
BMA,1024,Tenengrad,2,1,864,1024,0.884736,2.350457,10.4089
BMA,1024,Tenengrad,2,2,864,1024,0.884736,2.031091,11.120738
BMA,1024,Tenengrad,2,3,864,1024,0.884736,2.683108,10.366143
BMA,1024,Tenengrad,2,4,864,1024,0.884736,2.259341,10.854478
BMA,1024,Tenengrad,2,5,864,1024,0.884736,2.27638,10.781175
BMA,1024,Tenengrad,2,6,864,1024,0.884736,2.213025,10.375257
BMA,1024,Variance of Laplacian,0,0,864,1024,0.884736,1.488376,9.992045
BMA,1024,Variance of Laplacian,0,1,864,1024,0.884736,1.77382,9.611609
BMA,1024,Variance of Laplacian,0,2,864,1024,0.884736,1.721448,9.82901
BMA,1024,Variance of Laplacian,0,3,864,1024,0.884736,1.694201,10.580488
BMA,1024,Variance of Laplacian,0,4,864,1024,0.884736,1.769388,10.01612
BMA,1024,Variance of Laplacian,0,5,864,1024,0.884736,1.705501,10.588416
BMA,1024,Variance of Laplacian,0,6,864,1024,0.884736,1.69894,10.64107
BMA,1024,Variance of Laplacian,1,0,864,1024,0.884736,1.603732,9.95643
BMA,1024,Variance of Laplacian,1,1,864,1024,0.884736,1.720284,10.303525
BMA,1024,Variance of Laplacian,1,2,864,1024,0.884736,1.852955,10.460544
BMA,1024,Variance of Laplacian,1,3,864,1024,0.884736,1.799962,10.139129
BMA,1024,Variance of Laplacian,1,4,864,1024,0.884736,1.723321,10.69488
BMA,1024,Variance of Laplacian,1,5,864,1024,0.884736,1.83669,9.818148
BMA,1024,Variance of Laplacian,1,6,864,1024,0.884736,1.685578,10.283347
BMA,1024,Variance of Laplacian,2,0,864,1024,0.884736,1.648688,10.253749
BMA,1024,Variance of Laplacian,2,1,864,1024,0.884736,1.649737,10.031859
BMA,1024,Variance of Laplacian,2,2,864,1024,0.884736,1.754939,10.362491
BMA,1024,Variance of Laplacian,2,3,864,1024,0.884736,1.693371,10.021519
BMA,1024,Variance of Laplacian,2,4,864,1024,0.884736,1.736804,10.136297
BMA,1024,Variance of Laplacian,2,5,864,1024,0.884736,1.717775,9.968233
BMA,1024,Variance of Laplacian,2,6,864,1024,0.884736,1.786634,10.064884
BMA,native,Laplacian Energy,0,0,2160,2560,5.5296,151.19073,174.739807
BMA,native,Laplacian Energy,0,1,2160,2560,5.5296,159.369176,157.454601
BMA,native,Laplacian Energy,0,2,2160,2560,5.5296,152.749281,168.744986
BMA,native,Laplacian Energy,0,3,2160,2560,5.5296,161.382685,157.203529
BMA,native,Laplacian Energy,0,4,2160,2560,5.5296,151.835452,164.494122
BMA,native,Laplacian Energy,0,5,2160,2560,5.5296,158.965485,190.949456
BMA,native,Laplacian Energy,0,6,2160,2560,5.5296,153.690597,176.292736
BMA,native,Laplacian Energy,1,0,2160,2560,5.5296,157.066966,155.150538
BMA,native,Laplacian Energy,1,1,2160,2560,5.5296,148.925003,162.293819
BMA,native,Laplacian Energy,1,2,2160,2560,5.5296,157.675948,156.301531
BMA,native,Laplacian Energy,1,3,2160,2560,5.5296,150.651662,170.22063
BMA,native,Laplacian Energy,1,4,2160,2560,5.5296,176.667729,156.634341
BMA,native,Laplacian Energy,1,5,2160,2560,5.5296,151.504923,162.145772
BMA,native,Laplacian Energy,1,6,2160,2560,5.5296,157.206259,154.935189
BMA,native,Laplacian Energy,2,0,2160,2560,5.5296,148.758475,166.996928
BMA,native,Laplacian Energy,2,1,2160,2560,5.5296,164.318692,159.487635
BMA,native,Laplacian Energy,2,2,2160,2560,5.5296,171.262769,181.152542
BMA,native,Laplacian Energy,2,3,2160,2560,5.5296,161.458176,159.587413
BMA,native,Laplacian Energy,2,4,2160,2560,5.5296,153.320745,164.724301
BMA,native,Laplacian Energy,2,5,2160,2560,5.5296,161.23836,158.425696
BMA,native,Laplacian Energy,2,6,2160,2560,5.5296,151.71292,166.616182
WBC,native,Sum Modified Laplacian,0,0,200,200,0.04,0.198071,1.030374
WBC,native,Sum Modified Laplacian,0,1,200,200,0.04,0.158489,0.233523
WBC,native,Sum Modified Laplacian,0,2,200,200,0.04,0.166385,0.192341
WBC,native,Sum Modified Laplacian,0,3,200,200,0.04,0.152622,0.283792
WBC,native,Sum Modified Laplacian,0,4,200,200,0.04,0.156697,0.195241
WBC,native,Sum Modified Laplacian,0,5,200,200,0.04,0.128911,0.166457
WBC,native,Sum Modified Laplacian,0,6,200,200,0.04,0.127047,0.163891
WBC,native,Sum Modified Laplacian,1,0,200,200,0.04,0.129061,0.174067
WBC,native,Sum Modified Laplacian,1,1,200,200,0.04,0.136655,0.16826
WBC,native,Sum Modified Laplacian,1,2,200,200,0.04,0.164713,0.191993
WBC,native,Sum Modified Laplacian,1,3,200,200,0.04,0.130753,0.169477
WBC,native,Sum Modified Laplacian,1,4,200,200,0.04,0.127438,0.163258
WBC,native,Sum Modified Laplacian,1,5,200,200,0.04,0.143886,0.179405
WBC,native,Sum Modified Laplacian,1,6,200,200,0.04,0.129515,0.166161
WBC,native,Sum Modified Laplacian,2,0,200,200,0.04,0.142041,0.180767
WBC,native,Sum Modified Laplacian,2,1,200,200,0.04,0.12917,0.165381
WBC,native,Sum Modified Laplacian,2,2,200,200,0.04,0.127822,0.164989
WBC,native,Sum Modified Laplacian,2,3,200,200,0.04,0.142963,0.174332
WBC,native,Sum Modified Laplacian,2,4,200,200,0.04,0.126704,0.163944
WBC,native,Sum Modified Laplacian,2,5,200,200,0.04,0.127295,0.161643
WBC,native,Sum Modified Laplacian,2,6,200,200,0.04,0.144424,0.1791
BMA,native,Intensity Variance,0,0,2160,2560,5.5296,25.241772,37.944165
BMA,native,Intensity Variance,0,1,2160,2560,5.5296,25.47655,29.894799
BMA,native,Intensity Variance,0,2,2160,2560,5.5296,21.147934,30.713994
BMA,native,Intensity Variance,0,3,2160,2560,5.5296,24.778513,28.657465
BMA,native,Intensity Variance,0,4,2160,2560,5.5296,19.346617,30.634611
BMA,native,Intensity Variance,0,5,2160,2560,5.5296,24.864649,26.679762
BMA,native,Intensity Variance,0,6,2160,2560,5.5296,20.639579,31.425247
BMA,native,Intensity Variance,1,0,2160,2560,5.5296,24.285999,28.266876
BMA,native,Intensity Variance,1,1,2160,2560,5.5296,25.586477,40.67312
BMA,native,Intensity Variance,1,2,2160,2560,5.5296,24.362297,26.321361
BMA,native,Intensity Variance,1,3,2160,2560,5.5296,19.382309,30.708939
BMA,native,Intensity Variance,1,4,2160,2560,5.5296,24.90901,27.331505
BMA,native,Intensity Variance,1,5,2160,2560,5.5296,20.382298,30.180352
BMA,native,Intensity Variance,1,6,2160,2560,5.5296,23.936753,27.381363
BMA,native,Intensity Variance,2,0,2160,2560,5.5296,19.973552,31.956665
BMA,native,Intensity Variance,2,1,2160,2560,5.5296,23.85178,26.068416
BMA,native,Intensity Variance,2,2,2160,2560,5.5296,20.560189,31.336653
BMA,native,Intensity Variance,2,3,2160,2560,5.5296,23.667493,26.289749
BMA,native,Intensity Variance,2,4,2160,2560,5.5296,19.544822,29.830653
BMA,native,Intensity Variance,2,5,2160,2560,5.5296,23.528533,26.164067
BMA,native,Intensity Variance,2,6,2160,2560,5.5296,19.201783,30.204744
WBC,512,Intensity Variance,0,0,512,512,0.262144,0.565668,1.538424
WBC,512,Intensity Variance,0,1,512,512,0.262144,0.560205,0.877913
WBC,512,Intensity Variance,0,2,512,512,0.262144,0.527814,0.784056
WBC,512,Intensity Variance,0,3,512,512,0.262144,0.519225,0.784647
WBC,512,Intensity Variance,0,4,512,512,0.262144,0.519114,0.740104
WBC,512,Intensity Variance,0,5,512,512,0.262144,0.500498,0.796165
WBC,512,Intensity Variance,0,6,512,512,0.262144,0.521272,0.744158
WBC,512,Intensity Variance,1,0,512,512,0.262144,0.533286,0.745357
WBC,512,Intensity Variance,1,1,512,512,0.262144,0.505161,0.721915
WBC,512,Intensity Variance,1,2,512,512,0.262144,0.562174,0.757558
WBC,512,Intensity Variance,1,3,512,512,0.262144,0.57166,0.718407
WBC,512,Intensity Variance,1,4,512,512,0.262144,0.496376,0.723293
WBC,512,Intensity Variance,1,5,512,512,0.262144,0.511531,0.706547
WBC,512,Intensity Variance,1,6,512,512,0.262144,0.552165,0.732629
WBC,512,Intensity Variance,2,0,512,512,0.262144,0.514148,0.715242
WBC,512,Intensity Variance,2,1,512,512,0.262144,0.520654,0.761561
WBC,512,Intensity Variance,2,2,512,512,0.262144,0.505612,0.730589
WBC,512,Intensity Variance,2,3,512,512,0.262144,0.540266,0.733183
WBC,512,Intensity Variance,2,4,512,512,0.262144,0.546797,0.7537
WBC,512,Intensity Variance,2,5,512,512,0.262144,0.502581,0.741741
WBC,512,Intensity Variance,2,6,512,512,0.262144,0.535,0.730464
PBS,512,Modified Tenengrad,0,0,432,512,0.221184,6.225469,19.268325
PBS,512,Modified Tenengrad,0,1,432,512,0.221184,6.56744,14.101027
PBS,512,Modified Tenengrad,0,2,432,512,0.221184,6.415585,14.383848
PBS,512,Modified Tenengrad,0,3,432,512,0.221184,6.192162,14.033339
PBS,512,Modified Tenengrad,0,4,432,512,0.221184,6.148694,13.77419
PBS,512,Modified Tenengrad,0,5,432,512,0.221184,6.481656,14.579787
PBS,512,Modified Tenengrad,0,6,432,512,0.221184,6.248591,14.049874
PBS,512,Modified Tenengrad,1,0,432,512,0.221184,5.865862,13.752854
PBS,512,Modified Tenengrad,1,1,432,512,0.221184,5.989579,14.146515
PBS,512,Modified Tenengrad,1,2,432,512,0.221184,6.18995,14.493068
PBS,512,Modified Tenengrad,1,3,432,512,0.221184,6.295784,14.180603
PBS,512,Modified Tenengrad,1,4,432,512,0.221184,6.343479,13.692489
PBS,512,Modified Tenengrad,1,5,432,512,0.221184,6.088356,13.69545
PBS,512,Modified Tenengrad,1,6,432,512,0.221184,6.032127,14.274395
PBS,512,Modified Tenengrad,2,0,432,512,0.221184,5.903425,13.831509
PBS,512,Modified Tenengrad,2,1,432,512,0.221184,5.827157,13.900932
PBS,512,Modified Tenengrad,2,2,432,512,0.221184,5.985387,13.439482
PBS,512,Modified Tenengrad,2,3,432,512,0.221184,5.880916,13.532412
PBS,512,Modified Tenengrad,2,4,432,512,0.221184,5.836611,13.348101
PBS,512,Modified Tenengrad,2,5,432,512,0.221184,5.855577,14.343199
PBS,512,Modified Tenengrad,2,6,432,512,0.221184,6.040851,13.723912
PBS,512,Wavelet W3,0,0,432,512,0.221184,2.300238,10.159262
PBS,512,Wavelet W3,0,1,432,512,0.221184,2.335765,10.145846
PBS,512,Wavelet W3,0,2,432,512,0.221184,2.621647,10.179192
PBS,512,Wavelet W3,0,3,432,512,0.221184,2.483743,10.004331
PBS,512,Wavelet W3,0,4,432,512,0.221184,2.456459,10.081063
PBS,512,Wavelet W3,0,5,432,512,0.221184,2.496823,10.334128
PBS,512,Wavelet W3,0,6,432,512,0.221184,2.580321,10.078214
PBS,512,Wavelet W3,1,0,432,512,0.221184,2.402755,10.294564
PBS,512,Wavelet W3,1,1,432,512,0.221184,2.437475,10.702292
PBS,512,Wavelet W3,1,2,432,512,0.221184,2.751969,9.838167
PBS,512,Wavelet W3,1,3,432,512,0.221184,2.38823,9.940359
PBS,512,Wavelet W3,1,4,432,512,0.221184,2.425586,9.909932
PBS,512,Wavelet W3,1,5,432,512,0.221184,2.386143,9.99095
PBS,512,Wavelet W3,1,6,432,512,0.221184,2.457094,10.27018
PBS,512,Wavelet W3,2,0,432,512,0.221184,2.336154,9.998481
PBS,512,Wavelet W3,2,1,432,512,0.221184,2.422852,10.275154
PBS,512,Wavelet W3,2,2,432,512,0.221184,2.377359,10.27174
PBS,512,Wavelet W3,2,3,432,512,0.221184,2.418389,10.18794
PBS,512,Wavelet W3,2,4,432,512,0.221184,2.334983,10.341853
PBS,512,Wavelet W3,2,5,432,512,0.221184,2.455221,10.304775
PBS,512,Wavelet W3,2,6,432,512,0.221184,2.579996,9.913099
WBC,512,GLCM Contrast,0,0,512,512,0.262144,64.031902,64.057378
WBC,512,GLCM Contrast,0,1,512,512,0.262144,64.174838,64.118516
WBC,512,GLCM Contrast,0,2,512,512,0.262144,63.813484,63.784955
WBC,512,GLCM Contrast,0,3,512,512,0.262144,65.176575,64.35235
WBC,512,GLCM Contrast,0,4,512,512,0.262144,63.721334,65.6456
WBC,512,GLCM Contrast,0,5,512,512,0.262144,63.704864,64.182284
WBC,512,GLCM Contrast,0,6,512,512,0.262144,64.18419,63.740462
WBC,512,GLCM Contrast,1,0,512,512,0.262144,63.635043,63.616741
WBC,512,GLCM Contrast,1,1,512,512,0.262144,64.291422,64.542274
WBC,512,GLCM Contrast,1,2,512,512,0.262144,63.597359,64.756363
WBC,512,GLCM Contrast,1,3,512,512,0.262144,64.892102,64.568639
WBC,512,GLCM Contrast,1,4,512,512,0.262144,64.228053,64.122294
WBC,512,GLCM Contrast,1,5,512,512,0.262144,65.693738,68.482486
WBC,512,GLCM Contrast,1,6,512,512,0.262144,63.493687,64.874084
WBC,512,GLCM Contrast,2,0,512,512,0.262144,64.36935,64.402961
WBC,512,GLCM Contrast,2,1,512,512,0.262144,63.937751,64.050691
WBC,512,GLCM Contrast,2,2,512,512,0.262144,65.927731,65.557398
WBC,512,GLCM Contrast,2,3,512,512,0.262144,64.034665,63.927582
WBC,512,GLCM Contrast,2,4,512,512,0.262144,64.625332,65.146383
WBC,512,GLCM Contrast,2,5,512,512,0.262144,65.225516,65.855366
WBC,512,GLCM Contrast,2,6,512,512,0.262144,65.551804,64.969342
PBS,512,Squared Gradient,0,0,432,512,0.221184,0.448376,8.517312
PBS,512,Squared Gradient,0,1,432,512,0.221184,0.674711,8.220552
PBS,512,Squared Gradient,0,2,432,512,0.221184,0.576273,8.046266
PBS,512,Squared Gradient,0,3,432,512,0.221184,0.612578,8.404796
PBS,512,Squared Gradient,0,4,432,512,0.221184,0.583246,8.240011
PBS,512,Squared Gradient,0,5,432,512,0.221184,0.595937,7.966951
PBS,512,Squared Gradient,0,6,432,512,0.221184,0.55051,8.078174
PBS,512,Squared Gradient,1,0,432,512,0.221184,0.510623,7.743323
PBS,512,Squared Gradient,1,1,432,512,0.221184,0.474159,8.024843
PBS,512,Squared Gradient,1,2,432,512,0.221184,0.549287,7.98455
PBS,512,Squared Gradient,1,3,432,512,0.221184,0.548753,8.201282
PBS,512,Squared Gradient,1,4,432,512,0.221184,0.496783,7.791016
PBS,512,Squared Gradient,1,5,432,512,0.221184,0.573062,8.048381
PBS,512,Squared Gradient,1,6,432,512,0.221184,0.606202,7.854098
PBS,512,Squared Gradient,2,0,432,512,0.221184,0.5051,8.158584
PBS,512,Squared Gradient,2,1,432,512,0.221184,0.545935,7.934284
PBS,512,Squared Gradient,2,2,432,512,0.221184,0.542795,8.641867
PBS,512,Squared Gradient,2,3,432,512,0.221184,0.751534,7.799869
PBS,512,Squared Gradient,2,4,432,512,0.221184,0.610675,8.12506
PBS,512,Squared Gradient,2,5,432,512,0.221184,0.611157,8.23287
PBS,512,Squared Gradient,2,6,432,512,0.221184,0.562446,8.045866
BMA,1024,Intensity Range Index,0,0,864,1024,0.884736,0.733502,9.161751
BMA,1024,Intensity Range Index,0,1,864,1024,0.884736,0.765881,8.690196
BMA,1024,Intensity Range Index,0,2,864,1024,0.884736,0.867249,9.162127
BMA,1024,Intensity Range Index,0,3,864,1024,0.884736,0.78304,9.164401
BMA,1024,Intensity Range Index,0,4,864,1024,0.884736,0.82313,9.158337
BMA,1024,Intensity Range Index,0,5,864,1024,0.884736,0.773451,9.058387
BMA,1024,Intensity Range Index,0,6,864,1024,0.884736,0.799382,8.741741
BMA,1024,Intensity Range Index,1,0,864,1024,0.884736,0.708257,9.086387
BMA,1024,Intensity Range Index,1,1,864,1024,0.884736,0.888074,9.994768
BMA,1024,Intensity Range Index,1,2,864,1024,0.884736,0.80616,8.614958
BMA,1024,Intensity Range Index,1,3,864,1024,0.884736,0.82155,10.13414
BMA,1024,Intensity Range Index,1,4,864,1024,0.884736,0.941052,9.399824
BMA,1024,Intensity Range Index,1,5,864,1024,0.884736,0.908454,9.543728
BMA,1024,Intensity Range Index,1,6,864,1024,0.884736,0.834962,9.028499
BMA,1024,Intensity Range Index,2,0,864,1024,0.884736,0.759806,9.030799
BMA,1024,Intensity Range Index,2,1,864,1024,0.884736,0.713797,9.364661
BMA,1024,Intensity Range Index,2,2,864,1024,0.884736,0.955556,8.740299
BMA,1024,Intensity Range Index,2,3,864,1024,0.884736,0.801823,9.500748
BMA,1024,Intensity Range Index,2,4,864,1024,0.884736,0.842593,10.058093
BMA,1024,Intensity Range Index,2,5,864,1024,0.884736,0.912768,9.82183
BMA,1024,Intensity Range Index,2,6,864,1024,0.884736,0.905963,9.876748
PBS,1024,Intensity Range Index,0,0,864,1024,0.884736,0.712398,10.065608
PBS,1024,Intensity Range Index,0,1,864,1024,0.884736,0.79599,9.514569
PBS,1024,Intensity Range Index,0,2,864,1024,0.884736,0.813287,9.518282
PBS,1024,Intensity Range Index,0,3,864,1024,0.884736,0.882385,9.420359
PBS,1024,Intensity Range Index,0,4,864,1024,0.884736,0.815007,8.907152
PBS,1024,Intensity Range Index,0,5,864,1024,0.884736,0.772599,9.784838
PBS,1024,Intensity Range Index,0,6,864,1024,0.884736,1.477914,9.372585
PBS,1024,Intensity Range Index,1,0,864,1024,0.884736,0.731369,9.310468
PBS,1024,Intensity Range Index,1,1,864,1024,0.884736,0.858404,8.917331
PBS,1024,Intensity Range Index,1,2,864,1024,0.884736,0.8074,9.830174
PBS,1024,Intensity Range Index,1,3,864,1024,0.884736,0.867868,8.831529
PBS,1024,Intensity Range Index,1,4,864,1024,0.884736,0.796424,9.667472
PBS,1024,Intensity Range Index,1,5,864,1024,0.884736,0.83487,9.345962
PBS,1024,Intensity Range Index,1,6,864,1024,0.884736,0.821847,9.627578
PBS,1024,Intensity Range Index,2,0,864,1024,0.884736,0.70311,9.180723
PBS,1024,Intensity Range Index,2,1,864,1024,0.884736,0.796618,9.053974
PBS,1024,Intensity Range Index,2,2,864,1024,0.884736,0.839737,8.742195
PBS,1024,Intensity Range Index,2,3,864,1024,0.884736,0.782221,8.856629
PBS,1024,Intensity Range Index,2,4,864,1024,0.884736,0.775442,9.386673
PBS,1024,Intensity Range Index,2,5,864,1024,0.884736,0.832839,9.098255
PBS,1024,Intensity Range Index,2,6,864,1024,0.884736,0.776896,9.600889
TBI,native,Fourier High Frequency Energy Ratio,0,0,2112,2816,5.947392,238.518719,231.265646
TBI,native,Fourier High Frequency Energy Ratio,0,1,2112,2816,5.947392,221.358443,230.328638
TBI,native,Fourier High Frequency Energy Ratio,0,2,2112,2816,5.947392,223.215904,236.412909
TBI,native,Fourier High Frequency Energy Ratio,0,3,2112,2816,5.947392,252.135509,230.221515
TBI,native,Fourier High Frequency Energy Ratio,0,4,2112,2816,5.947392,223.380779,223.629901
TBI,native,Fourier High Frequency Energy Ratio,0,5,2112,2816,5.947392,215.406777,223.997616
TBI,native,Fourier High Frequency Energy Ratio,0,6,2112,2816,5.947392,208.629686,227.0957
TBI,native,Fourier High Frequency Energy Ratio,1,0,2112,2816,5.947392,248.854598,216.842164
TBI,native,Fourier High Frequency Energy Ratio,1,1,2112,2816,5.947392,216.908338,219.453983
TBI,native,Fourier High Frequency Energy Ratio,1,2,2112,2816,5.947392,214.466679,223.80291
TBI,native,Fourier High Frequency Energy Ratio,1,3,2112,2816,5.947392,224.862037,244.268253
TBI,native,Fourier High Frequency Energy Ratio,1,4,2112,2816,5.947392,223.198239,268.765531
TBI,native,Fourier High Frequency Energy Ratio,1,5,2112,2816,5.947392,220.151196,225.416636
TBI,native,Fourier High Frequency Energy Ratio,1,6,2112,2816,5.947392,220.504404,227.612608
TBI,native,Fourier High Frequency Energy Ratio,2,0,2112,2816,5.947392,210.920424,227.349271
TBI,native,Fourier High Frequency Energy Ratio,2,1,2112,2816,5.947392,249.851625,221.896086
TBI,native,Fourier High Frequency Energy Ratio,2,2,2112,2816,5.947392,216.283143,230.252843
TBI,native,Fourier High Frequency Energy Ratio,2,3,2112,2816,5.947392,226.176704,227.739618
TBI,native,Fourier High Frequency Energy Ratio,2,4,2112,2816,5.947392,214.147508,228.96171
TBI,native,Fourier High Frequency Energy Ratio,2,5,2112,2816,5.947392,226.971431,251.550731
TBI,native,Fourier High Frequency Energy Ratio,2,6,2112,2816,5.947392,212.309895,233.322422
TBI,native,Variance of Laplacian,0,0,2112,2816,5.947392,16.630624,24.777288
TBI,native,Variance of Laplacian,0,1,2112,2816,5.947392,15.188335,25.620936
TBI,native,Variance of Laplacian,0,2,2112,2816,5.947392,15.303665,24.845054
TBI,native,Variance of Laplacian,0,3,2112,2816,5.947392,16.517313,26.719968
TBI,native,Variance of Laplacian,0,4,2112,2816,5.947392,15.380728,24.402367
TBI,native,Variance of Laplacian,0,5,2112,2816,5.947392,15.878619,24.434161
TBI,native,Variance of Laplacian,0,6,2112,2816,5.947392,14.834614,25.14052
TBI,native,Variance of Laplacian,1,0,2112,2816,5.947392,15.075161,27.47604
TBI,native,Variance of Laplacian,1,1,2112,2816,5.947392,17.888375,24.497318
TBI,native,Variance of Laplacian,1,2,2112,2816,5.947392,15.135346,25.439757
TBI,native,Variance of Laplacian,1,3,2112,2816,5.947392,16.072689,24.036179
TBI,native,Variance of Laplacian,1,4,2112,2816,5.947392,15.936939,24.821823
TBI,native,Variance of Laplacian,1,5,2112,2816,5.947392,14.882411,23.816262
TBI,native,Variance of Laplacian,1,6,2112,2816,5.947392,15.569048,26.825978
TBI,native,Variance of Laplacian,2,0,2112,2816,5.947392,16.205996,26.121525
TBI,native,Variance of Laplacian,2,1,2112,2816,5.947392,16.739613,25.757848
TBI,native,Variance of Laplacian,2,2,2112,2816,5.947392,15.149878,24.415102
TBI,native,Variance of Laplacian,2,3,2112,2816,5.947392,16.608971,25.499966
TBI,native,Variance of Laplacian,2,4,2112,2816,5.947392,15.774701,25.446039
TBI,native,Variance of Laplacian,2,5,2112,2816,5.947392,15.629081,26.464317
TBI,native,Variance of Laplacian,2,6,2112,2816,5.947392,15.044283,24.328258
PBS,native,Brenner Gradient,0,0,2160,2560,5.5296,11.548612,25.156323
PBS,native,Brenner Gradient,0,1,2160,2560,5.5296,16.781305,18.143624
PBS,native,Brenner Gradient,0,2,2160,2560,5.5296,11.521947,24.087776
PBS,native,Brenner Gradient,0,3,2160,2560,5.5296,16.753636,18.403197
PBS,native,Brenner Gradient,0,4,2160,2560,5.5296,11.700064,24.504223
PBS,native,Brenner Gradient,0,5,2160,2560,5.5296,16.673156,19.769286
PBS,native,Brenner Gradient,0,6,2160,2560,5.5296,12.681335,24.37465
PBS,native,Brenner Gradient,1,0,2160,2560,5.5296,16.596316,19.800674
PBS,native,Brenner Gradient,1,1,2160,2560,5.5296,12.552534,22.891077
PBS,native,Brenner Gradient,1,2,2160,2560,5.5296,16.297964,18.06048
PBS,native,Brenner Gradient,1,3,2160,2560,5.5296,13.171295,24.732379
PBS,native,Brenner Gradient,1,4,2160,2560,5.5296,16.462749,18.78583
PBS,native,Brenner Gradient,1,5,2160,2560,5.5296,12.522171,25.632583
PBS,native,Brenner Gradient,1,6,2160,2560,5.5296,17.088621,19.600904
PBS,native,Brenner Gradient,2,0,2160,2560,5.5296,12.710418,24.541855
PBS,native,Brenner Gradient,2,1,2160,2560,5.5296,17.774851,18.833477
PBS,native,Brenner Gradient,2,2,2160,2560,5.5296,11.744747,23.714036
PBS,native,Brenner Gradient,2,3,2160,2560,5.5296,16.862936,19.049088
PBS,native,Brenner Gradient,2,4,2160,2560,5.5296,11.654411,23.543231
PBS,native,Brenner Gradient,2,5,2160,2560,5.5296,16.15936,18.277458
PBS,native,Brenner Gradient,2,6,2160,2560,5.5296,11.99629,23.946822
TBI,128,Wavelet Detail Energy (db1),0,0,96,128,0.012288,0.109534,15.505594
TBI,128,Wavelet Detail Energy (db1),0,1,96,128,0.012288,0.135916,12.689721
TBI,128,Wavelet Detail Energy (db1),0,2,96,128,0.012288,0.123674,17.795451
TBI,128,Wavelet Detail Energy (db1),0,3,96,128,0.012288,0.127117,16.545823
TBI,128,Wavelet Detail Energy (db1),0,4,96,128,0.012288,0.11942,16.934774
TBI,128,Wavelet Detail Energy (db1),0,5,96,128,0.012288,0.145646,16.144282
TBI,128,Wavelet Detail Energy (db1),0,6,96,128,0.012288,0.121923,16.066076
TBI,128,Wavelet Detail Energy (db1),1,0,96,128,0.012288,0.121999,16.575761
TBI,128,Wavelet Detail Energy (db1),1,1,96,128,0.012288,0.156257,16.379626
TBI,128,Wavelet Detail Energy (db1),1,2,96,128,0.012288,0.181311,16.535335
TBI,128,Wavelet Detail Energy (db1),1,3,96,128,0.012288,0.270229,16.515691
TBI,128,Wavelet Detail Energy (db1),1,4,96,128,0.012288,0.159649,17.111429
TBI,128,Wavelet Detail Energy (db1),1,5,96,128,0.012288,0.12539,16.098383
TBI,128,Wavelet Detail Energy (db1),1,6,96,128,0.012288,0.14013,16.228655
TBI,128,Wavelet Detail Energy (db1),2,0,96,128,0.012288,0.120837,15.918444
TBI,128,Wavelet Detail Energy (db1),2,1,96,128,0.012288,0.12028,16.375689
TBI,128,Wavelet Detail Energy (db1),2,2,96,128,0.012288,0.130768,16.854843
TBI,128,Wavelet Detail Energy (db1),2,3,96,128,0.012288,0.172728,16.345274
TBI,128,Wavelet Detail Energy (db1),2,4,96,128,0.012288,0.130732,16.55989
TBI,128,Wavelet Detail Energy (db1),2,5,96,128,0.012288,0.137309,16.847864
TBI,128,Wavelet Detail Energy (db1),2,6,96,128,0.012288,0.134025,15.707701
TBI,128,Sum Modified Laplacian,0,0,96,128,0.012288,0.050625,15.70168
TBI,128,Sum Modified Laplacian,0,1,96,128,0.012288,0.060543,15.935985
TBI,128,Sum Modified Laplacian,0,2,96,128,0.012288,0.069052,15.673076
TBI,128,Sum Modified Laplacian,0,3,96,128,0.012288,0.069033,15.937289
TBI,128,Sum Modified Laplacian,0,4,96,128,0.012288,0.06807,15.513044
TBI,128,Sum Modified Laplacian,0,5,96,128,0.012288,0.064839,15.831803
TBI,128,Sum Modified Laplacian,0,6,96,128,0.012288,0.059244,15.493811
TBI,128,Sum Modified Laplacian,1,0,96,128,0.012288,0.049857,15.791621
TBI,128,Sum Modified Laplacian,1,1,96,128,0.012288,0.073899,15.724812
TBI,128,Sum Modified Laplacian,1,2,96,128,0.012288,0.053716,16.459307
TBI,128,Sum Modified Laplacian,1,3,96,128,0.012288,0.059879,15.646983
TBI,128,Sum Modified Laplacian,1,4,96,128,0.012288,0.089767,15.765865
TBI,128,Sum Modified Laplacian,1,5,96,128,0.012288,0.063787,17.23003
TBI,128,Sum Modified Laplacian,1,6,96,128,0.012288,0.064573,16.128438
TBI,128,Sum Modified Laplacian,2,0,96,128,0.012288,0.049928,16.179086
TBI,128,Sum Modified Laplacian,2,1,96,128,0.012288,0.078282,16.337402
TBI,128,Sum Modified Laplacian,2,2,96,128,0.012288,0.066561,16.200218
TBI,128,Sum Modified Laplacian,2,3,96,128,0.012288,0.068878,15.729518
TBI,128,Sum Modified Laplacian,2,4,96,128,0.012288,0.09172,16.542364
TBI,128,Sum Modified Laplacian,2,5,96,128,0.012288,0.063464,16.293589
TBI,128,Sum Modified Laplacian,2,6,96,128,0.012288,0.057325,15.99464
BMA,128,Curvelet Transform Sharpness Index,0,0,108,128,0.013824,0.120131,13.272958
BMA,128,Curvelet Transform Sharpness Index,0,1,108,128,0.013824,0.157493,8.714783
BMA,128,Curvelet Transform Sharpness Index,0,2,108,128,0.013824,0.135762,8.632102
BMA,128,Curvelet Transform Sharpness Index,0,3,108,128,0.013824,0.134791,7.987128
BMA,128,Curvelet Transform Sharpness Index,0,4,108,128,0.013824,0.125424,8.919875
BMA,128,Curvelet Transform Sharpness Index,0,5,108,128,0.013824,0.133494,9.108573
BMA,128,Curvelet Transform Sharpness Index,0,6,108,128,0.013824,0.165089,8.912507
BMA,128,Curvelet Transform Sharpness Index,1,0,108,128,0.013824,0.115743,8.47652
BMA,128,Curvelet Transform Sharpness Index,1,1,108,128,0.013824,0.1236,8.488324
BMA,128,Curvelet Transform Sharpness Index,1,2,108,128,0.013824,0.128176,8.180955
BMA,128,Curvelet Transform Sharpness Index,1,3,108,128,0.013824,0.126429,8.431854
BMA,128,Curvelet Transform Sharpness Index,1,4,108,128,0.013824,0.143714,8.480904
BMA,128,Curvelet Transform Sharpness Index,1,5,108,128,0.013824,0.147339,8.417856
BMA,128,Curvelet Transform Sharpness Index,1,6,108,128,0.013824,0.127753,8.856412
BMA,128,Curvelet Transform Sharpness Index,2,0,108,128,0.013824,0.11717,8.623502
BMA,128,Curvelet Transform Sharpness Index,2,1,108,128,0.013824,0.136329,8.877274
BMA,128,Curvelet Transform Sharpness Index,2,2,108,128,0.013824,0.1524,9.352754
BMA,128,Curvelet Transform Sharpness Index,2,3,108,128,0.013824,0.134161,8.51016
BMA,128,Curvelet Transform Sharpness Index,2,4,108,128,0.013824,0.136224,8.28349
BMA,128,Curvelet Transform Sharpness Index,2,5,108,128,0.013824,0.130529,8.012444
BMA,128,Curvelet Transform Sharpness Index,2,6,108,128,0.013824,0.232593,9.05215
BMA,native,Intensity Skewness Index,0,0,2160,2560,5.5296,51.607348,62.488119
BMA,native,Intensity Skewness Index,0,1,2160,2560,5.5296,53.179802,59.051799
BMA,native,Intensity Skewness Index,0,2,2160,2560,5.5296,51.735251,63.802354
BMA,native,Intensity Skewness Index,0,3,2160,2560,5.5296,55.659003,58.506567
BMA,native,Intensity Skewness Index,0,4,2160,2560,5.5296,50.452441,59.945615
BMA,native,Intensity Skewness Index,0,5,2160,2560,5.5296,54.268838,57.90421
BMA,native,Intensity Skewness Index,0,6,2160,2560,5.5296,50.895688,73.905689
BMA,native,Intensity Skewness Index,1,0,2160,2560,5.5296,54.460085,58.477009
BMA,native,Intensity Skewness Index,1,1,2160,2560,5.5296,51.27197,60.557395
BMA,native,Intensity Skewness Index,1,2,2160,2560,5.5296,54.68818,59.420932
BMA,native,Intensity Skewness Index,1,3,2160,2560,5.5296,51.957336,62.612725
BMA,native,Intensity Skewness Index,1,4,2160,2560,5.5296,54.814075,58.464845
BMA,native,Intensity Skewness Index,1,5,2160,2560,5.5296,51.081942,60.41328
BMA,native,Intensity Skewness Index,1,6,2160,2560,5.5296,54.807506,57.354035
BMA,native,Intensity Skewness Index,2,0,2160,2560,5.5296,50.051747,60.794858
BMA,native,Intensity Skewness Index,2,1,2160,2560,5.5296,55.089197,58.28249
BMA,native,Intensity Skewness Index,2,2,2160,2560,5.5296,51.151538,59.007346
BMA,native,Intensity Skewness Index,2,3,2160,2560,5.5296,53.522079,56.282031
BMA,native,Intensity Skewness Index,2,4,2160,2560,5.5296,52.143526,61.676646
BMA,native,Intensity Skewness Index,2,5,2160,2560,5.5296,53.9465,58.011219
BMA,native,Intensity Skewness Index,2,6,2160,2560,5.5296,53.370271,62.042866
WBC,512,Normalized Variance,0,0,512,512,0.262144,0.389396,1.392487
WBC,512,Normalized Variance,0,1,512,512,0.262144,0.436463,0.754292
WBC,512,Normalized Variance,0,2,512,512,0.262144,0.464883,0.59538
WBC,512,Normalized Variance,0,3,512,512,0.262144,0.356055,0.694321
WBC,512,Normalized Variance,0,4,512,512,0.262144,0.484895,0.624899
WBC,512,Normalized Variance,0,5,512,512,0.262144,0.367245,0.699484
WBC,512,Normalized Variance,0,6,512,512,0.262144,0.445042,0.605183
WBC,512,Normalized Variance,1,0,512,512,0.262144,0.382106,0.795349
WBC,512,Normalized Variance,1,1,512,512,0.262144,0.468062,0.617889
WBC,512,Normalized Variance,1,2,512,512,0.262144,0.379322,0.687697
WBC,512,Normalized Variance,1,3,512,512,0.262144,0.449032,0.634576
WBC,512,Normalized Variance,1,4,512,512,0.262144,0.428959,0.716332
WBC,512,Normalized Variance,1,5,512,512,0.262144,0.459155,0.607042
WBC,512,Normalized Variance,1,6,512,512,0.262144,0.468832,0.826952
WBC,512,Normalized Variance,2,0,512,512,0.262144,0.456369,0.657386
WBC,512,Normalized Variance,2,1,512,512,0.262144,0.465969,0.69764
WBC,512,Normalized Variance,2,2,512,512,0.262144,0.451228,0.683901
WBC,512,Normalized Variance,2,3,512,512,0.262144,0.458896,0.725071
WBC,512,Normalized Variance,2,4,512,512,0.262144,0.445625,0.631545
WBC,512,Normalized Variance,2,5,512,512,0.262144,0.377852,0.661899
WBC,512,Normalized Variance,2,6,512,512,0.262144,0.495235,0.646794
TBI,512,Energy of Gradient,0,0,384,512,0.196608,0.411238,18.487874
TBI,512,Energy of Gradient,0,1,384,512,0.196608,0.504655,17.544748
TBI,512,Energy of Gradient,0,2,384,512,0.196608,0.475163,18.092838
TBI,512,Energy of Gradient,0,3,384,512,0.196608,0.600061,17.78202
TBI,512,Energy of Gradient,0,4,384,512,0.196608,0.496319,17.956904
TBI,512,Energy of Gradient,0,5,384,512,0.196608,0.534768,17.369095
TBI,512,Energy of Gradient,0,6,384,512,0.196608,0.797782,18.249333
TBI,512,Energy of Gradient,1,0,384,512,0.196608,0.533739,17.061258
TBI,512,Energy of Gradient,1,1,384,512,0.196608,0.509991,18.571357
TBI,512,Energy of Gradient,1,2,384,512,0.196608,0.655933,18.05384
TBI,512,Energy of Gradient,1,3,384,512,0.196608,0.516161,17.525921
TBI,512,Energy of Gradient,1,4,384,512,0.196608,0.507058,17.126337
TBI,512,Energy of Gradient,1,5,384,512,0.196608,0.480387,17.543307
TBI,512,Energy of Gradient,1,6,384,512,0.196608,0.560306,17.575371
TBI,512,Energy of Gradient,2,0,384,512,0.196608,0.431885,17.318268
TBI,512,Energy of Gradient,2,1,384,512,0.196608,0.55323,18.202073
TBI,512,Energy of Gradient,2,2,384,512,0.196608,0.549728,17.65447
TBI,512,Energy of Gradient,2,3,384,512,0.196608,0.568081,17.45919
TBI,512,Energy of Gradient,2,4,384,512,0.196608,0.521376,17.912838
TBI,512,Energy of Gradient,2,5,384,512,0.196608,0.64231,18.260601
TBI,512,Energy of Gradient,2,6,384,512,0.196608,0.484757,17.945399
PBS,128,Intensity Range Index,0,0,108,128,0.013824,0.011622,12.51656
PBS,128,Intensity Range Index,0,1,108,128,0.013824,0.015943,8.250024
PBS,128,Intensity Range Index,0,2,108,128,0.013824,0.017947,8.246644
PBS,128,Intensity Range Index,0,3,108,128,0.013824,0.016316,8.308072
PBS,128,Intensity Range Index,0,4,108,128,0.013824,0.014006,8.02675
PBS,128,Intensity Range Index,0,5,108,128,0.013824,0.01316,8.855574
PBS,128,Intensity Range Index,0,6,108,128,0.013824,0.014296,7.992738
PBS,128,Intensity Range Index,1,0,108,128,0.013824,0.011074,8.940011
PBS,128,Intensity Range Index,1,1,108,128,0.013824,0.013999,8.025053
PBS,128,Intensity Range Index,1,2,108,128,0.013824,0.014359,8.764491
PBS,128,Intensity Range Index,1,3,108,128,0.013824,0.01416,8.277238
PBS,128,Intensity Range Index,1,4,108,128,0.013824,0.014511,8.410469
PBS,128,Intensity Range Index,1,5,108,128,0.013824,0.016877,8.283725
PBS,128,Intensity Range Index,1,6,108,128,0.013824,0.015737,7.832062
PBS,128,Intensity Range Index,2,0,108,128,0.013824,0.011673,8.335676
PBS,128,Intensity Range Index,2,1,108,128,0.013824,0.014272,7.709295
PBS,128,Intensity Range Index,2,2,108,128,0.013824,0.014797,8.369971
PBS,128,Intensity Range Index,2,3,108,128,0.013824,0.015604,8.02511
PBS,128,Intensity Range Index,2,4,108,128,0.013824,0.014157,8.316737
PBS,128,Intensity Range Index,2,5,108,128,0.013824,0.014447,7.978521
PBS,128,Intensity Range Index,2,6,108,128,0.013824,0.014371,8.516649
TBI,512,Fourier High Frequency Energy Ratio,0,0,384,512,0.196608,3.286354,17.521598
TBI,512,Fourier High Frequency Energy Ratio,0,1,384,512,0.196608,3.262403,20.648696
TBI,512,Fourier High Frequency Energy Ratio,0,2,384,512,0.196608,3.08667,20.184923
TBI,512,Fourier High Frequency Energy Ratio,0,3,384,512,0.196608,3.079839,21.181968
TBI,512,Fourier High Frequency Energy Ratio,0,4,384,512,0.196608,3.23759,20.231912
TBI,512,Fourier High Frequency Energy Ratio,0,5,384,512,0.196608,3.586192,20.359286
TBI,512,Fourier High Frequency Energy Ratio,0,6,384,512,0.196608,3.065591,20.315242
TBI,512,Fourier High Frequency Energy Ratio,1,0,384,512,0.196608,2.981129,20.370796
TBI,512,Fourier High Frequency Energy Ratio,1,1,384,512,0.196608,3.025182,20.594537
TBI,512,Fourier High Frequency Energy Ratio,1,2,384,512,0.196608,4.068225,21.445748
TBI,512,Fourier High Frequency Energy Ratio,1,3,384,512,0.196608,4.007857,21.547854
TBI,512,Fourier High Frequency Energy Ratio,1,4,384,512,0.196608,3.049331,20.486765
TBI,512,Fourier High Frequency Energy Ratio,1,5,384,512,0.196608,3.120091,20.045897
TBI,512,Fourier High Frequency Energy Ratio,1,6,384,512,0.196608,3.454046,20.660925
TBI,512,Fourier High Frequency Energy Ratio,2,0,384,512,0.196608,2.994508,20.541354
TBI,512,Fourier High Frequency Energy Ratio,2,1,384,512,0.196608,3.005969,21.309216
TBI,512,Fourier High Frequency Energy Ratio,2,2,384,512,0.196608,3.0415,20.431028
TBI,512,Fourier High Frequency Energy Ratio,2,3,384,512,0.196608,3.116308,21.080832
TBI,512,Fourier High Frequency Energy Ratio,2,4,384,512,0.196608,3.130958,21.044423
TBI,512,Fourier High Frequency Energy Ratio,2,5,384,512,0.196608,3.002519,20.294193
TBI,512,Fourier High Frequency Energy Ratio,2,6,384,512,0.196608,3.114936,20.872543
TBF,1024,Curvelet Transform Sharpness Index,0,0,864,1024,0.884736,12.761524,25.842908
TBF,1024,Curvelet Transform Sharpness Index,0,1,864,1024,0.884736,13.516587,21.34792
TBF,1024,Curvelet Transform Sharpness Index,0,2,864,1024,0.884736,12.2728,21.769488
TBF,1024,Curvelet Transform Sharpness Index,0,3,864,1024,0.884736,12.648267,20.874428
TBF,1024,Curvelet Transform Sharpness Index,0,4,864,1024,0.884736,12.403488,21.416635
TBF,1024,Curvelet Transform Sharpness Index,0,5,864,1024,0.884736,12.630554,20.661075
TBF,1024,Curvelet Transform Sharpness Index,0,6,864,1024,0.884736,12.355931,20.910554
TBF,1024,Curvelet Transform Sharpness Index,1,0,864,1024,0.884736,12.410633,20.326692
TBF,1024,Curvelet Transform Sharpness Index,1,1,864,1024,0.884736,12.08641,20.540922
TBF,1024,Curvelet Transform Sharpness Index,1,2,864,1024,0.884736,12.544371,19.966716
TBF,1024,Curvelet Transform Sharpness Index,1,3,864,1024,0.884736,12.124606,21.49789
TBF,1024,Curvelet Transform Sharpness Index,1,4,864,1024,0.884736,13.11066,20.954273
TBF,1024,Curvelet Transform Sharpness Index,1,5,864,1024,0.884736,12.251569,21.465165
TBF,1024,Curvelet Transform Sharpness Index,1,6,864,1024,0.884736,12.444326,20.447422
TBF,1024,Curvelet Transform Sharpness Index,2,0,864,1024,0.884736,12.049878,21.220472
TBF,1024,Curvelet Transform Sharpness Index,2,1,864,1024,0.884736,12.609875,20.131519
TBF,1024,Curvelet Transform Sharpness Index,2,2,864,1024,0.884736,11.94524,21.495618
TBF,1024,Curvelet Transform Sharpness Index,2,3,864,1024,0.884736,12.790617,22.319767
TBF,1024,Curvelet Transform Sharpness Index,2,4,864,1024,0.884736,12.637821,22.349555
TBF,1024,Curvelet Transform Sharpness Index,2,5,864,1024,0.884736,13.091711,22.326948
TBF,1024,Curvelet Transform Sharpness Index,2,6,864,1024,0.884736,12.937207,23.240913
BMA,512,Histogram Entropy,0,0,432,512,0.221184,0.953807,8.991626
BMA,512,Histogram Entropy,0,1,432,512,0.221184,1.052553,8.564789
BMA,512,Histogram Entropy,0,2,432,512,0.221184,1.088996,8.544932
BMA,512,Histogram Entropy,0,3,432,512,0.221184,1.122782,9.316989
BMA,512,Histogram Entropy,0,4,432,512,0.221184,1.18958,8.551276
BMA,512,Histogram Entropy,0,5,432,512,0.221184,1.073828,9.081156
BMA,512,Histogram Entropy,0,6,432,512,0.221184,1.001301,8.65211
BMA,512,Histogram Entropy,1,0,432,512,0.221184,1.026204,9.562821
BMA,512,Histogram Entropy,1,1,432,512,0.221184,1.082577,9.4149
BMA,512,Histogram Entropy,1,2,432,512,0.221184,1.238062,8.674975
BMA,512,Histogram Entropy,1,3,432,512,0.221184,1.077732,8.872312
BMA,512,Histogram Entropy,1,4,432,512,0.221184,1.108536,8.440882
BMA,512,Histogram Entropy,1,5,432,512,0.221184,1.064177,8.409362
BMA,512,Histogram Entropy,1,6,432,512,0.221184,1.235123,8.479787
BMA,512,Histogram Entropy,2,0,432,512,0.221184,0.989561,8.467564
BMA,512,Histogram Entropy,2,1,432,512,0.221184,1.154959,8.767783
BMA,512,Histogram Entropy,2,2,432,512,0.221184,1.092079,8.325713
BMA,512,Histogram Entropy,2,3,432,512,0.221184,1.381776,8.594801
BMA,512,Histogram Entropy,2,4,432,512,0.221184,1.051473,8.673451
BMA,512,Histogram Entropy,2,5,432,512,0.221184,1.027685,8.528767
BMA,512,Histogram Entropy,2,6,432,512,0.221184,1.096396,8.429602
BMA,1024,Mean Absolute Laplacian,0,0,864,1024,0.884736,11.415452,19.208973
BMA,1024,Mean Absolute Laplacian,0,1,864,1024,0.884736,10.913198,19.245582
BMA,1024,Mean Absolute Laplacian,0,2,864,1024,0.884736,11.081472,20.156735
BMA,1024,Mean Absolute Laplacian,0,3,864,1024,0.884736,11.507588,19.873645
BMA,1024,Mean Absolute Laplacian,0,4,864,1024,0.884736,10.887187,19.679941
BMA,1024,Mean Absolute Laplacian,0,5,864,1024,0.884736,11.378651,19.11702
BMA,1024,Mean Absolute Laplacian,0,6,864,1024,0.884736,10.495887,19.499901
BMA,1024,Mean Absolute Laplacian,1,0,864,1024,0.884736,11.734836,19.586989
BMA,1024,Mean Absolute Laplacian,1,1,864,1024,0.884736,10.778333,21.009035
BMA,1024,Mean Absolute Laplacian,1,2,864,1024,0.884736,11.803609,19.958065
BMA,1024,Mean Absolute Laplacian,1,3,864,1024,0.884736,10.933969,20.038192
BMA,1024,Mean Absolute Laplacian,1,4,864,1024,0.884736,11.356351,19.930131
BMA,1024,Mean Absolute Laplacian,1,5,864,1024,0.884736,10.971132,20.216242
BMA,1024,Mean Absolute Laplacian,1,6,864,1024,0.884736,11.481009,20.048446
BMA,1024,Mean Absolute Laplacian,2,0,864,1024,0.884736,11.006986,20.520125
BMA,1024,Mean Absolute Laplacian,2,1,864,1024,0.884736,11.705772,19.307409
BMA,1024,Mean Absolute Laplacian,2,2,864,1024,0.884736,11.229354,21.231908
BMA,1024,Mean Absolute Laplacian,2,3,864,1024,0.884736,12.087675,20.053089
BMA,1024,Mean Absolute Laplacian,2,4,864,1024,0.884736,12.049241,19.959743
BMA,1024,Mean Absolute Laplacian,2,5,864,1024,0.884736,11.488837,19.589191
BMA,1024,Mean Absolute Laplacian,2,6,864,1024,0.884736,11.438602,20.642534
PBS,1024,Sum Modified Laplacian,0,0,864,1024,0.884736,3.39087,11.886243
PBS,1024,Sum Modified Laplacian,0,1,864,1024,0.884736,3.400837,11.776833
PBS,1024,Sum Modified Laplacian,0,2,864,1024,0.884736,3.368745,12.476688
PBS,1024,Sum Modified Laplacian,0,3,864,1024,0.884736,3.53558,12.261435
PBS,1024,Sum Modified Laplacian,0,4,864,1024,0.884736,3.626756,12.714563
PBS,1024,Sum Modified Laplacian,0,5,864,1024,0.884736,3.471263,11.877077
PBS,1024,Sum Modified Laplacian,0,6,864,1024,0.884736,3.690921,11.810182
PBS,1024,Sum Modified Laplacian,1,0,864,1024,0.884736,3.295079,11.629704
PBS,1024,Sum Modified Laplacian,1,1,864,1024,0.884736,3.451756,11.478105
PBS,1024,Sum Modified Laplacian,1,2,864,1024,0.884736,3.366649,12.520594
PBS,1024,Sum Modified Laplacian,1,3,864,1024,0.884736,3.659201,11.847791
PBS,1024,Sum Modified Laplacian,1,4,864,1024,0.884736,3.48886,12.320519
PBS,1024,Sum Modified Laplacian,1,5,864,1024,0.884736,3.554624,11.451938
PBS,1024,Sum Modified Laplacian,1,6,864,1024,0.884736,3.281063,12.268607
PBS,1024,Sum Modified Laplacian,2,0,864,1024,0.884736,3.23951,12.017991
PBS,1024,Sum Modified Laplacian,2,1,864,1024,0.884736,3.432727,11.954058
PBS,1024,Sum Modified Laplacian,2,2,864,1024,0.884736,3.429322,11.738086
PBS,1024,Sum Modified Laplacian,2,3,864,1024,0.884736,3.363403,11.864603
PBS,1024,Sum Modified Laplacian,2,4,864,1024,0.884736,3.459134,11.765719
PBS,1024,Sum Modified Laplacian,2,5,864,1024,0.884736,3.37626,12.156367
PBS,1024,Sum Modified Laplacian,2,6,864,1024,0.884736,3.408481,12.404671
WBC,1024,Intensity Variance,0,0,1024,1024,1.048576,1.836534,3.840647
WBC,1024,Intensity Variance,0,1,1024,1024,1.048576,2.421901,3.162502
WBC,1024,Intensity Variance,0,2,1024,1024,1.048576,1.807345,2.733341
WBC,1024,Intensity Variance,0,3,1024,1024,1.048576,1.896199,2.943256
WBC,1024,Intensity Variance,0,4,1024,1024,1.048576,1.829485,2.824056
WBC,1024,Intensity Variance,0,5,1024,1024,1.048576,2.018408,2.63128
WBC,1024,Intensity Variance,0,6,1024,1024,1.048576,1.890058,2.52107
WBC,1024,Intensity Variance,1,0,1024,1024,1.048576,1.850057,2.926291
WBC,1024,Intensity Variance,1,1,1024,1024,1.048576,1.783775,2.570384
WBC,1024,Intensity Variance,1,2,1024,1024,1.048576,1.798763,2.664121
WBC,1024,Intensity Variance,1,3,1024,1024,1.048576,1.924355,2.557498
WBC,1024,Intensity Variance,1,4,1024,1024,1.048576,1.807235,3.27547
WBC,1024,Intensity Variance,1,5,1024,1024,1.048576,2.026913,2.996882
WBC,1024,Intensity Variance,1,6,1024,1024,1.048576,1.903117,3.007065
WBC,1024,Intensity Variance,2,0,1024,1024,1.048576,1.853134,2.70058
WBC,1024,Intensity Variance,2,1,1024,1024,1.048576,1.825183,2.911805
WBC,1024,Intensity Variance,2,2,1024,1024,1.048576,2.095826,2.69175
WBC,1024,Intensity Variance,2,3,1024,1024,1.048576,1.972008,2.818256
WBC,1024,Intensity Variance,2,4,1024,1024,1.048576,1.889749,2.63687
WBC,1024,Intensity Variance,2,5,1024,1024,1.048576,1.821895,3.027988
WBC,1024,Intensity Variance,2,6,1024,1024,1.048576,1.769505,2.713302
BMA,512,Image Power,0,0,432,512,0.221184,0.236899,7.241714
BMA,512,Image Power,0,1,432,512,0.221184,0.272029,7.449658
BMA,512,Image Power,0,2,432,512,0.221184,0.260193,7.968999
BMA,512,Image Power,0,3,432,512,0.221184,0.304313,7.450221
BMA,512,Image Power,0,4,432,512,0.221184,0.276452,8.231736
BMA,512,Image Power,0,5,432,512,0.221184,0.268226,7.773038
BMA,512,Image Power,0,6,432,512,0.221184,0.306912,7.885367
BMA,512,Image Power,1,0,432,512,0.221184,0.24362,7.739913
BMA,512,Image Power,1,1,432,512,0.221184,0.293789,7.723308
BMA,512,Image Power,1,2,432,512,0.221184,0.256703,7.688582
BMA,512,Image Power,1,3,432,512,0.221184,0.255194,7.805414
BMA,512,Image Power,1,4,432,512,0.221184,0.283591,7.871023
BMA,512,Image Power,1,5,432,512,0.221184,0.268848,7.949937
BMA,512,Image Power,1,6,432,512,0.221184,0.274981,7.809857
BMA,512,Image Power,2,0,432,512,0.221184,0.22247,7.702249
BMA,512,Image Power,2,1,432,512,0.221184,0.267962,7.398845
BMA,512,Image Power,2,2,432,512,0.221184,0.25687,7.853556
BMA,512,Image Power,2,3,432,512,0.221184,0.312974,7.744726
BMA,512,Image Power,2,4,432,512,0.221184,0.30997,7.879488
BMA,512,Image Power,2,5,432,512,0.221184,0.268034,7.593334
BMA,512,Image Power,2,6,432,512,0.221184,0.280432,7.922148
PBS,native,Intensity Variance,0,0,2160,2560,5.5296,20.881571,41.545708
PBS,native,Intensity Variance,0,1,2160,2560,5.5296,23.030249,27.995611
PBS,native,Intensity Variance,0,2,2160,2560,5.5296,19.864452,35.766135
PBS,native,Intensity Variance,0,3,2160,2560,5.5296,23.14981,26.682023
PBS,native,Intensity Variance,0,4,2160,2560,5.5296,20.453137,31.27331
PBS,native,Intensity Variance,0,5,2160,2560,5.5296,23.84416,26.833278
PBS,native,Intensity Variance,0,6,2160,2560,5.5296,20.247226,30.089151
PBS,native,Intensity Variance,1,0,2160,2560,5.5296,25.5476,27.718363
PBS,native,Intensity Variance,1,1,2160,2560,5.5296,21.322295,33.273164
PBS,native,Intensity Variance,1,2,2160,2560,5.5296,24.895287,27.784414
PBS,native,Intensity Variance,1,3,2160,2560,5.5296,20.544989,30.814037
PBS,native,Intensity Variance,1,4,2160,2560,5.5296,23.746685,27.239638
PBS,native,Intensity Variance,1,5,2160,2560,5.5296,21.645194,31.8339
PBS,native,Intensity Variance,1,6,2160,2560,5.5296,23.834395,27.529686
PBS,native,Intensity Variance,2,0,2160,2560,5.5296,20.294054,31.710526
PBS,native,Intensity Variance,2,1,2160,2560,5.5296,24.269928,27.280518
PBS,native,Intensity Variance,2,2,2160,2560,5.5296,20.453481,30.637646
PBS,native,Intensity Variance,2,3,2160,2560,5.5296,24.178002,27.784185
PBS,native,Intensity Variance,2,4,2160,2560,5.5296,20.973073,31.516661
PBS,native,Intensity Variance,2,5,2160,2560,5.5296,23.41524,26.88986
PBS,native,Intensity Variance,2,6,2160,2560,5.5296,19.924059,31.222173
TBI,1024,Wavelet W2,0,0,768,1024,0.786432,13.003533,28.944071
TBI,1024,Wavelet W2,0,1,768,1024,0.786432,13.477542,26.40236
TBI,1024,Wavelet W2,0,2,768,1024,0.786432,12.302492,30.475239
TBI,1024,Wavelet W2,0,3,768,1024,0.786432,14.015589,30.437658
TBI,1024,Wavelet W2,0,4,768,1024,0.786432,12.409146,29.842048
TBI,1024,Wavelet W2,0,5,768,1024,0.786432,13.545292,29.940591
TBI,1024,Wavelet W2,0,6,768,1024,0.786432,12.590067,31.139966
TBI,1024,Wavelet W2,1,0,768,1024,0.786432,13.688071,30.044786
TBI,1024,Wavelet W2,1,1,768,1024,0.786432,11.92598,30.201918
TBI,1024,Wavelet W2,1,2,768,1024,0.786432,13.140732,29.950274
TBI,1024,Wavelet W2,1,3,768,1024,0.786432,12.102286,30.435332
TBI,1024,Wavelet W2,1,4,768,1024,0.786432,12.729502,30.132863
TBI,1024,Wavelet W2,1,5,768,1024,0.786432,12.479526,29.752808
TBI,1024,Wavelet W2,1,6,768,1024,0.786432,12.524536,28.802684
TBI,1024,Wavelet W2,2,0,768,1024,0.786432,12.113209,29.377721
TBI,1024,Wavelet W2,2,1,768,1024,0.786432,12.683261,29.507186
TBI,1024,Wavelet W2,2,2,768,1024,0.786432,12.574669,30.620965
TBI,1024,Wavelet W2,2,3,768,1024,0.786432,13.553017,46.840482
TBI,1024,Wavelet W2,2,4,768,1024,0.786432,13.301386,29.652083
TBI,1024,Wavelet W2,2,5,768,1024,0.786432,12.846158,29.635453
TBI,1024,Wavelet W2,2,6,768,1024,0.786432,12.242016,30.015817
TBF,1024,Wavelet W1,0,0,864,1024,0.884736,13.372854,25.753081
TBF,1024,Wavelet W1,0,1,864,1024,0.884736,12.764643,20.638138
TBF,1024,Wavelet W1,0,2,864,1024,0.884736,12.905042,21.710204
TBF,1024,Wavelet W1,0,3,864,1024,0.884736,13.210881,20.791121
TBF,1024,Wavelet W1,0,4,864,1024,0.884736,11.908881,21.470808
TBF,1024,Wavelet W1,0,5,864,1024,0.884736,12.620323,20.337243
TBF,1024,Wavelet W1,0,6,864,1024,0.884736,12.134225,21.059059
TBF,1024,Wavelet W1,1,0,864,1024,0.884736,13.115898,20.256643
TBF,1024,Wavelet W1,1,1,864,1024,0.884736,12.452959,21.550229
TBF,1024,Wavelet W1,1,2,864,1024,0.884736,13.149379,21.190726
TBF,1024,Wavelet W1,1,3,864,1024,0.884736,13.262825,21.05312
TBF,1024,Wavelet W1,1,4,864,1024,0.884736,12.947573,20.703502
TBF,1024,Wavelet W1,1,5,864,1024,0.884736,12.592281,22.139819
TBF,1024,Wavelet W1,1,6,864,1024,0.884736,12.902971,20.223774
TBF,1024,Wavelet W1,2,0,864,1024,0.884736,13.6238,21.123354
TBF,1024,Wavelet W1,2,1,864,1024,0.884736,12.786764,21.207947
TBF,1024,Wavelet W1,2,2,864,1024,0.884736,12.70284,21.521799
TBF,1024,Wavelet W1,2,3,864,1024,0.884736,13.134577,20.28538
TBF,1024,Wavelet W1,2,4,864,1024,0.884736,12.272419,21.292076
TBF,1024,Wavelet W1,2,5,864,1024,0.884736,13.148133,20.710997
TBF,1024,Wavelet W1,2,6,864,1024,0.884736,12.345515,20.729281
BMA,1024,Roberts Focus Measure,0,0,864,1024,0.884736,2.405453,11.241493
BMA,1024,Roberts Focus Measure,0,1,864,1024,0.884736,2.465597,10.833086
BMA,1024,Roberts Focus Measure,0,2,864,1024,0.884736,2.523733,11.112686
BMA,1024,Roberts Focus Measure,0,3,864,1024,0.884736,2.39847,11.718623
BMA,1024,Roberts Focus Measure,0,4,864,1024,0.884736,2.730261,11.387508
BMA,1024,Roberts Focus Measure,0,5,864,1024,0.884736,2.493282,11.167073
BMA,1024,Roberts Focus Measure,0,6,864,1024,0.884736,2.525071,11.259992
BMA,1024,Roberts Focus Measure,1,0,864,1024,0.884736,2.315129,11.684215
BMA,1024,Roberts Focus Measure,1,1,864,1024,0.884736,2.55007,10.298072
BMA,1024,Roberts Focus Measure,1,2,864,1024,0.884736,2.436775,10.641458
BMA,1024,Roberts Focus Measure,1,3,864,1024,0.884736,2.552853,11.555886
BMA,1024,Roberts Focus Measure,1,4,864,1024,0.884736,2.499662,10.841281
BMA,1024,Roberts Focus Measure,1,5,864,1024,0.884736,2.602828,11.166566
BMA,1024,Roberts Focus Measure,1,6,864,1024,0.884736,2.870605,11.389496
BMA,1024,Roberts Focus Measure,2,0,864,1024,0.884736,2.389483,10.876864
BMA,1024,Roberts Focus Measure,2,1,864,1024,0.884736,2.581185,11.088606
BMA,1024,Roberts Focus Measure,2,2,864,1024,0.884736,2.574446,11.196592
BMA,1024,Roberts Focus Measure,2,3,864,1024,0.884736,2.536277,11.217466
BMA,1024,Roberts Focus Measure,2,4,864,1024,0.884736,2.609115,11.0931
BMA,1024,Roberts Focus Measure,2,5,864,1024,0.884736,2.801017,11.781801
BMA,1024,Roberts Focus Measure,2,6,864,1024,0.884736,2.747041,11.531496
WBC,128,Maximal Intensity,0,0,128,128,0.016384,0.00927,0.224028
WBC,128,Maximal Intensity,0,1,128,128,0.016384,0.009096,0.156626
WBC,128,Maximal Intensity,0,2,128,128,0.016384,0.010344,0.135546
WBC,128,Maximal Intensity,0,3,128,128,0.016384,0.009054,0.127597
WBC,128,Maximal Intensity,0,4,128,128,0.016384,0.008525,0.125806
WBC,128,Maximal Intensity,0,5,128,128,0.016384,0.008487,0.134961
WBC,128,Maximal Intensity,0,6,128,128,0.016384,0.008256,0.124167
WBC,128,Maximal Intensity,1,0,128,128,0.016384,0.008524,0.133276
WBC,128,Maximal Intensity,1,1,128,128,0.016384,0.00837,0.124351
WBC,128,Maximal Intensity,1,2,128,128,0.016384,0.008533,0.12345
WBC,128,Maximal Intensity,1,3,128,128,0.016384,0.009023,0.126386
WBC,128,Maximal Intensity,1,4,128,128,0.016384,0.008479,0.131313
WBC,128,Maximal Intensity,1,5,128,128,0.016384,0.008515,0.123654
WBC,128,Maximal Intensity,1,6,128,128,0.016384,0.008528,0.12586
WBC,128,Maximal Intensity,2,0,128,128,0.016384,0.00813,0.150302
WBC,128,Maximal Intensity,2,1,128,128,0.016384,0.008961,0.141547
WBC,128,Maximal Intensity,2,2,128,128,0.016384,0.008478,0.126982
WBC,128,Maximal Intensity,2,3,128,128,0.016384,0.008647,0.129384
WBC,128,Maximal Intensity,2,4,128,128,0.016384,0.008435,0.143495
WBC,128,Maximal Intensity,2,5,128,128,0.016384,0.008661,0.124544
WBC,128,Maximal Intensity,2,6,128,128,0.016384,0.008279,0.124415
TBI,512,Brenner Gradient,0,0,384,512,0.196608,0.250555,14.048046
TBI,512,Brenner Gradient,0,1,384,512,0.196608,0.250467,17.116087
TBI,512,Brenner Gradient,0,2,384,512,0.196608,0.259212,17.577386
TBI,512,Brenner Gradient,0,3,384,512,0.196608,0.262551,18.39354
TBI,512,Brenner Gradient,0,4,384,512,0.196608,0.319842,17.050032
TBI,512,Brenner Gradient,0,5,384,512,0.196608,0.269196,17.892914
TBI,512,Brenner Gradient,0,6,384,512,0.196608,0.268494,16.849236
TBI,512,Brenner Gradient,1,0,384,512,0.196608,0.241023,17.250023
TBI,512,Brenner Gradient,1,1,384,512,0.196608,0.34073,17.302599
TBI,512,Brenner Gradient,1,2,384,512,0.196608,0.354671,17.107283
TBI,512,Brenner Gradient,1,3,384,512,0.196608,0.247458,17.321371
TBI,512,Brenner Gradient,1,4,384,512,0.196608,0.251936,17.364018
TBI,512,Brenner Gradient,1,5,384,512,0.196608,0.253833,17.681335
TBI,512,Brenner Gradient,1,6,384,512,0.196608,0.252782,16.71333
TBI,512,Brenner Gradient,2,0,384,512,0.196608,0.365292,16.884776
TBI,512,Brenner Gradient,2,1,384,512,0.196608,0.277825,16.970011
TBI,512,Brenner Gradient,2,2,384,512,0.196608,0.302849,16.989883
TBI,512,Brenner Gradient,2,3,384,512,0.196608,0.268766,17.032277
TBI,512,Brenner Gradient,2,4,384,512,0.196608,0.278901,16.940983
TBI,512,Brenner Gradient,2,5,384,512,0.196608,0.302621,16.776327
TBI,512,Brenner Gradient,2,6,384,512,0.196608,0.280501,16.791505
PBS,128,Intensity Variance,0,0,108,128,0.013824,0.024502,12.227598
PBS,128,Intensity Variance,0,1,108,128,0.013824,0.028178,8.472071
PBS,128,Intensity Variance,0,2,108,128,0.013824,0.031197,8.433416
PBS,128,Intensity Variance,0,3,108,128,0.013824,0.035673,8.465389
PBS,128,Intensity Variance,0,4,108,128,0.013824,0.030631,8.201447
PBS,128,Intensity Variance,0,5,108,128,0.013824,0.028828,8.35057
PBS,128,Intensity Variance,0,6,108,128,0.013824,0.034666,8.068263
PBS,128,Intensity Variance,1,0,108,128,0.013824,0.02251,8.544327
PBS,128,Intensity Variance,1,1,108,128,0.013824,0.046963,7.808059
PBS,128,Intensity Variance,1,2,108,128,0.013824,0.028477,8.436854
PBS,128,Intensity Variance,1,3,108,128,0.013824,0.05261,8.188063
PBS,128,Intensity Variance,1,4,108,128,0.013824,0.029669,8.189581
PBS,128,Intensity Variance,1,5,108,128,0.013824,0.035294,8.269542
PBS,128,Intensity Variance,1,6,108,128,0.013824,0.029825,7.811773
PBS,128,Intensity Variance,2,0,108,128,0.013824,0.022242,8.01873
PBS,128,Intensity Variance,2,1,108,128,0.013824,0.028356,7.942975
PBS,128,Intensity Variance,2,2,108,128,0.013824,0.027686,7.957007
PBS,128,Intensity Variance,2,3,108,128,0.013824,0.029021,7.864584
PBS,128,Intensity Variance,2,4,108,128,0.013824,0.027285,7.974774
PBS,128,Intensity Variance,2,5,108,128,0.013824,0.02699,7.829405
PBS,128,Intensity Variance,2,6,108,128,0.013824,0.028039,8.116733
PBS,512,Image Power,0,0,432,512,0.221184,0.229339,7.740418
PBS,512,Image Power,0,1,432,512,0.221184,0.281839,7.582744
PBS,512,Image Power,0,2,432,512,0.221184,0.271463,7.388522
PBS,512,Image Power,0,3,432,512,0.221184,0.343613,7.597174
PBS,512,Image Power,0,4,432,512,0.221184,0.310817,7.6634
PBS,512,Image Power,0,5,432,512,0.221184,0.274602,7.81636
PBS,512,Image Power,0,6,432,512,0.221184,0.278056,7.436309
PBS,512,Image Power,1,0,432,512,0.221184,0.22759,7.464781
PBS,512,Image Power,1,1,432,512,0.221184,0.26385,7.948797
PBS,512,Image Power,1,2,432,512,0.221184,0.257889,7.866799
PBS,512,Image Power,1,3,432,512,0.221184,0.264496,7.620993
PBS,512,Image Power,1,4,432,512,0.221184,0.258558,7.961761
PBS,512,Image Power,1,5,432,512,0.221184,0.259119,7.624192
PBS,512,Image Power,1,6,432,512,0.221184,0.262259,7.955841
PBS,512,Image Power,2,0,432,512,0.221184,0.232515,7.643895
PBS,512,Image Power,2,1,432,512,0.221184,0.336383,7.480457
PBS,512,Image Power,2,2,432,512,0.221184,0.279605,7.563802
PBS,512,Image Power,2,3,432,512,0.221184,0.321159,7.775198
PBS,512,Image Power,2,4,432,512,0.221184,0.329643,7.624666
PBS,512,Image Power,2,5,432,512,0.221184,0.352936,7.763688
PBS,512,Image Power,2,6,432,512,0.221184,0.313802,7.741967
BMA,1024,Sum Modified Laplacian,0,0,864,1024,0.884736,3.629323,12.605786
BMA,1024,Sum Modified Laplacian,0,1,864,1024,0.884736,4.084664,12.359312
BMA,1024,Sum Modified Laplacian,0,2,864,1024,0.884736,3.863475,12.745304
BMA,1024,Sum Modified Laplacian,0,3,864,1024,0.884736,3.760209,19.026468
BMA,1024,Sum Modified Laplacian,0,4,864,1024,0.884736,3.443465,12.839173
BMA,1024,Sum Modified Laplacian,0,5,864,1024,0.884736,3.542047,11.798042
BMA,1024,Sum Modified Laplacian,0,6,864,1024,0.884736,3.5218,12.509064
BMA,1024,Sum Modified Laplacian,1,0,864,1024,0.884736,3.366837,12.57048
BMA,1024,Sum Modified Laplacian,1,1,864,1024,0.884736,3.674188,12.668974
BMA,1024,Sum Modified Laplacian,1,2,864,1024,0.884736,3.647707,11.591879
BMA,1024,Sum Modified Laplacian,1,3,864,1024,0.884736,3.944996,12.123107
BMA,1024,Sum Modified Laplacian,1,4,864,1024,0.884736,4.053657,11.823193
BMA,1024,Sum Modified Laplacian,1,5,864,1024,0.884736,3.63138,11.705005
BMA,1024,Sum Modified Laplacian,1,6,864,1024,0.884736,3.413241,12.438656
BMA,1024,Sum Modified Laplacian,2,0,864,1024,0.884736,3.620637,12.450579
BMA,1024,Sum Modified Laplacian,2,1,864,1024,0.884736,3.631287,12.124582
BMA,1024,Sum Modified Laplacian,2,2,864,1024,0.884736,3.415133,11.925972
BMA,1024,Sum Modified Laplacian,2,3,864,1024,0.884736,3.496834,12.035561
BMA,1024,Sum Modified Laplacian,2,4,864,1024,0.884736,3.408283,12.168876
BMA,1024,Sum Modified Laplacian,2,5,864,1024,0.884736,3.738316,11.83777
BMA,1024,Sum Modified Laplacian,2,6,864,1024,0.884736,3.402489,12.156686
PBS,1024,Fourier Transform Sharpness Index,0,0,864,1024,0.884736,19.633146,28.616856
PBS,1024,Fourier Transform Sharpness Index,0,1,864,1024,0.884736,20.018584,29.452557
PBS,1024,Fourier Transform Sharpness Index,0,2,864,1024,0.884736,20.491093,30.12171
PBS,1024,Fourier Transform Sharpness Index,0,3,864,1024,0.884736,22.151895,34.169436
PBS,1024,Fourier Transform Sharpness Index,0,4,864,1024,0.884736,22.438649,30.097052
PBS,1024,Fourier Transform Sharpness Index,0,5,864,1024,0.884736,22.698388,32.162078
PBS,1024,Fourier Transform Sharpness Index,0,6,864,1024,0.884736,20.398943,29.10548
PBS,1024,Fourier Transform Sharpness Index,1,0,864,1024,0.884736,20.160375,29.217812
PBS,1024,Fourier Transform Sharpness Index,1,1,864,1024,0.884736,20.189607,28.47305
PBS,1024,Fourier Transform Sharpness Index,1,2,864,1024,0.884736,21.993014,30.170017
PBS,1024,Fourier Transform Sharpness Index,1,3,864,1024,0.884736,19.931394,28.705963
PBS,1024,Fourier Transform Sharpness Index,1,4,864,1024,0.884736,21.330121,27.985521
PBS,1024,Fourier Transform Sharpness Index,1,5,864,1024,0.884736,20.698785,29.353318
PBS,1024,Fourier Transform Sharpness Index,1,6,864,1024,0.884736,20.498056,28.284507
PBS,1024,Fourier Transform Sharpness Index,2,0,864,1024,0.884736,20.220763,27.359077
PBS,1024,Fourier Transform Sharpness Index,2,1,864,1024,0.884736,19.531999,28.23264
PBS,1024,Fourier Transform Sharpness Index,2,2,864,1024,0.884736,18.932952,28.688683
PBS,1024,Fourier Transform Sharpness Index,2,3,864,1024,0.884736,19.405876,30.104414
PBS,1024,Fourier Transform Sharpness Index,2,4,864,1024,0.884736,19.361599,28.854949
PBS,1024,Fourier Transform Sharpness Index,2,5,864,1024,0.884736,19.370112,28.040402
PBS,1024,Fourier Transform Sharpness Index,2,6,864,1024,0.884736,20.2078,29.043222
TBI,512,GLCM Contrast,0,0,384,512,0.196608,47.252912,65.870928
TBI,512,GLCM Contrast,0,1,384,512,0.196608,47.97339,65.858419
TBI,512,GLCM Contrast,0,2,384,512,0.196608,47.367383,63.485579
TBI,512,GLCM Contrast,0,3,384,512,0.196608,47.330817,67.474899
TBI,512,GLCM Contrast,0,4,384,512,0.196608,47.301547,65.374739
TBI,512,GLCM Contrast,0,5,384,512,0.196608,47.408701,64.42887
TBI,512,GLCM Contrast,0,6,384,512,0.196608,47.762302,63.97914
TBI,512,GLCM Contrast,1,0,384,512,0.196608,48.406596,65.456056
TBI,512,GLCM Contrast,1,1,384,512,0.196608,48.512025,65.468374
TBI,512,GLCM Contrast,1,2,384,512,0.196608,47.181011,64.318216
TBI,512,GLCM Contrast,1,3,384,512,0.196608,47.477942,64.3253
TBI,512,GLCM Contrast,1,4,384,512,0.196608,47.026558,63.507952
TBI,512,GLCM Contrast,1,5,384,512,0.196608,46.846773,64.758886
TBI,512,GLCM Contrast,1,6,384,512,0.196608,47.70668,63.707013
TBI,512,GLCM Contrast,2,0,384,512,0.196608,47.525803,65.821224
TBI,512,GLCM Contrast,2,1,384,512,0.196608,48.269819,64.744997
TBI,512,GLCM Contrast,2,2,384,512,0.196608,47.407266,74.918822
TBI,512,GLCM Contrast,2,3,384,512,0.196608,47.505446,79.374965
TBI,512,GLCM Contrast,2,4,384,512,0.196608,48.426031,67.603257
TBI,512,GLCM Contrast,2,5,384,512,0.196608,48.321324,66.108376
TBI,512,GLCM Contrast,2,6,384,512,0.196608,48.886185,63.995432
TBF,512,Maximal Intensity,0,0,432,512,0.221184,0.132313,10.751232
TBF,512,Maximal Intensity,0,1,432,512,0.221184,0.135638,7.030914
TBF,512,Maximal Intensity,0,2,432,512,0.221184,0.136399,6.827791
TBF,512,Maximal Intensity,0,3,432,512,0.221184,0.193848,7.240572
TBF,512,Maximal Intensity,0,4,432,512,0.221184,0.158911,6.861922
TBF,512,Maximal Intensity,0,5,432,512,0.221184,0.144578,6.783703
TBF,512,Maximal Intensity,0,6,432,512,0.221184,0.190164,7.234986
TBF,512,Maximal Intensity,1,0,432,512,0.221184,0.099181,6.670455
TBF,512,Maximal Intensity,1,1,432,512,0.221184,0.136878,6.555716
TBF,512,Maximal Intensity,1,2,432,512,0.221184,0.145704,7.150952
TBF,512,Maximal Intensity,1,3,432,512,0.221184,0.153829,6.961219
TBF,512,Maximal Intensity,1,4,432,512,0.221184,0.15795,7.963996
TBF,512,Maximal Intensity,1,5,432,512,0.221184,0.182827,7.158638
TBF,512,Maximal Intensity,1,6,432,512,0.221184,0.160065,7.203461
TBF,512,Maximal Intensity,2,0,432,512,0.221184,0.125646,7.53832
TBF,512,Maximal Intensity,2,1,432,512,0.221184,0.248829,6.919526
TBF,512,Maximal Intensity,2,2,432,512,0.221184,0.147796,6.801446
TBF,512,Maximal Intensity,2,3,432,512,0.221184,0.161708,6.606553
TBF,512,Maximal Intensity,2,4,432,512,0.221184,0.132284,7.090112
TBF,512,Maximal Intensity,2,5,432,512,0.221184,0.151433,7.282593
TBF,512,Maximal Intensity,2,6,432,512,0.221184,0.165393,6.818346
TBI,128,Maximal Intensity,0,0,96,128,0.012288,0.008243,12.030554
TBI,128,Maximal Intensity,0,1,96,128,0.012288,0.012996,16.493344
TBI,128,Maximal Intensity,0,2,96,128,0.012288,0.010248,15.973625
TBI,128,Maximal Intensity,0,3,96,128,0.012288,0.011403,16.988892
TBI,128,Maximal Intensity,0,4,96,128,0.012288,0.012522,15.790153
TBI,128,Maximal Intensity,0,5,96,128,0.012288,0.013399,17.018586
TBI,128,Maximal Intensity,0,6,96,128,0.012288,0.012534,15.501587
TBI,128,Maximal Intensity,1,0,96,128,0.012288,0.007479,15.290601
TBI,128,Maximal Intensity,1,1,96,128,0.012288,0.012463,16.536129
TBI,128,Maximal Intensity,1,2,96,128,0.012288,0.013576,17.489084
TBI,128,Maximal Intensity,1,3,96,128,0.012288,0.012321,17.151327
TBI,128,Maximal Intensity,1,4,96,128,0.012288,0.013757,17.535439
TBI,128,Maximal Intensity,1,5,96,128,0.012288,0.014925,16.793103
TBI,128,Maximal Intensity,1,6,96,128,0.012288,0.011763,16.432546
TBI,128,Maximal Intensity,2,0,96,128,0.012288,0.009359,17.240629
TBI,128,Maximal Intensity,2,1,96,128,0.012288,0.01487,16.003288
TBI,128,Maximal Intensity,2,2,96,128,0.012288,0.016772,15.766016
TBI,128,Maximal Intensity,2,3,96,128,0.012288,0.011533,16.162188
TBI,128,Maximal Intensity,2,4,96,128,0.012288,0.013556,16.224591
TBI,128,Maximal Intensity,2,5,96,128,0.012288,0.011639,16.426042
TBI,128,Maximal Intensity,2,6,96,128,0.012288,0.013374,16.415633
TBI,128,Gradient Squared Energy,0,0,96,128,0.012288,0.036687,17.229432
TBI,128,Gradient Squared Energy,0,1,96,128,0.012288,0.046459,16.553274
TBI,128,Gradient Squared Energy,0,2,96,128,0.012288,0.056844,16.630904
TBI,128,Gradient Squared Energy,0,3,96,128,0.012288,0.041076,16.478094
TBI,128,Gradient Squared Energy,0,4,96,128,0.012288,0.041359,16.285795
TBI,128,Gradient Squared Energy,0,5,96,128,0.012288,0.045798,16.087633
TBI,128,Gradient Squared Energy,0,6,96,128,0.012288,0.049983,15.872797
TBI,128,Gradient Squared Energy,1,0,96,128,0.012288,0.04068,15.999337
TBI,128,Gradient Squared Energy,1,1,96,128,0.012288,0.043311,15.888899
TBI,128,Gradient Squared Energy,1,2,96,128,0.012288,0.04373,15.493861
TBI,128,Gradient Squared Energy,1,3,96,128,0.012288,0.042588,15.762427
TBI,128,Gradient Squared Energy,1,4,96,128,0.012288,0.041246,16.793922
TBI,128,Gradient Squared Energy,1,5,96,128,0.012288,0.039658,15.776368
TBI,128,Gradient Squared Energy,1,6,96,128,0.012288,0.039411,16.852191
TBI,128,Gradient Squared Energy,2,0,96,128,0.012288,0.032617,16.439286
TBI,128,Gradient Squared Energy,2,1,96,128,0.012288,0.04032,16.827496
TBI,128,Gradient Squared Energy,2,2,96,128,0.012288,0.045605,15.862302
TBI,128,Gradient Squared Energy,2,3,96,128,0.012288,0.045627,15.569027
TBI,128,Gradient Squared Energy,2,4,96,128,0.012288,0.059054,15.519989
TBI,128,Gradient Squared Energy,2,5,96,128,0.012288,0.054157,16.70835
TBI,128,Gradient Squared Energy,2,6,96,128,0.012288,0.048127,15.930452
TBI,native,Mean Absolute Laplacian,0,0,2112,2816,5.947392,173.987682,184.895322
TBI,native,Mean Absolute Laplacian,0,1,2112,2816,5.947392,182.149438,180.553862
TBI,native,Mean Absolute Laplacian,0,2,2112,2816,5.947392,166.510163,170.482263
TBI,native,Mean Absolute Laplacian,0,3,2112,2816,5.947392,163.273344,172.979547
TBI,native,Mean Absolute Laplacian,0,4,2112,2816,5.947392,164.972423,172.687674
TBI,native,Mean Absolute Laplacian,0,5,2112,2816,5.947392,168.035384,173.242419
TBI,native,Mean Absolute Laplacian,0,6,2112,2816,5.947392,167.630188,173.717577
TBI,native,Mean Absolute Laplacian,1,0,2112,2816,5.947392,168.851016,168.499055
TBI,native,Mean Absolute Laplacian,1,1,2112,2816,5.947392,169.378219,172.089619
TBI,native,Mean Absolute Laplacian,1,2,2112,2816,5.947392,172.15338,174.945685
TBI,native,Mean Absolute Laplacian,1,3,2112,2816,5.947392,163.137908,170.385567
TBI,native,Mean Absolute Laplacian,1,4,2112,2816,5.947392,165.927447,171.012961
TBI,native,Mean Absolute Laplacian,1,5,2112,2816,5.947392,176.425882,170.664732
TBI,native,Mean Absolute Laplacian,1,6,2112,2816,5.947392,163.544947,166.609399
TBI,native,Mean Absolute Laplacian,2,0,2112,2816,5.947392,167.518858,177.082115
TBI,native,Mean Absolute Laplacian,2,1,2112,2816,5.947392,167.340068,172.694329
TBI,native,Mean Absolute Laplacian,2,2,2112,2816,5.947392,165.800665,175.589525
TBI,native,Mean Absolute Laplacian,2,3,2112,2816,5.947392,169.777793,169.443298
TBI,native,Mean Absolute Laplacian,2,4,2112,2816,5.947392,163.103898,170.073899
TBI,native,Mean Absolute Laplacian,2,5,2112,2816,5.947392,164.597957,175.39246
TBI,native,Mean Absolute Laplacian,2,6,2112,2816,5.947392,165.519888,173.299704
PBS,512,Mean Absolute Laplacian,0,0,432,512,0.221184,2.604026,10.959902
PBS,512,Mean Absolute Laplacian,0,1,432,512,0.221184,2.487206,10.038108
PBS,512,Mean Absolute Laplacian,0,2,432,512,0.221184,2.559943,10.518794
PBS,512,Mean Absolute Laplacian,0,3,432,512,0.221184,2.553252,10.406526
PBS,512,Mean Absolute Laplacian,0,4,432,512,0.221184,2.504899,10.662257
PBS,512,Mean Absolute Laplacian,0,5,432,512,0.221184,2.65456,10.152097
PBS,512,Mean Absolute Laplacian,0,6,432,512,0.221184,2.37762,10.987113
PBS,512,Mean Absolute Laplacian,1,0,432,512,0.221184,2.310502,9.782193
PBS,512,Mean Absolute Laplacian,1,1,432,512,0.221184,2.420423,10.473887
PBS,512,Mean Absolute Laplacian,1,2,432,512,0.221184,2.681698,9.91144
PBS,512,Mean Absolute Laplacian,1,3,432,512,0.221184,2.529279,10.851919
PBS,512,Mean Absolute Laplacian,1,4,432,512,0.221184,2.47649,10.066309
PBS,512,Mean Absolute Laplacian,1,5,432,512,0.221184,2.602108,10.093133
PBS,512,Mean Absolute Laplacian,1,6,432,512,0.221184,2.491726,10.043511
PBS,512,Mean Absolute Laplacian,2,0,432,512,0.221184,2.198135,10.484574
PBS,512,Mean Absolute Laplacian,2,1,432,512,0.221184,2.660271,9.986759
PBS,512,Mean Absolute Laplacian,2,2,432,512,0.221184,2.673556,9.938234
PBS,512,Mean Absolute Laplacian,2,3,432,512,0.221184,2.491446,9.795495
PBS,512,Mean Absolute Laplacian,2,4,432,512,0.221184,2.355585,10.225466
PBS,512,Mean Absolute Laplacian,2,5,432,512,0.221184,2.818401,10.036175
PBS,512,Mean Absolute Laplacian,2,6,432,512,0.221184,2.590673,10.659283
TBI,128,Fourier High Frequency Energy Ratio,0,0,96,128,0.012288,0.212104,12.844683
TBI,128,Fourier High Frequency Energy Ratio,0,1,96,128,0.012288,0.240157,16.399069
TBI,128,Fourier High Frequency Energy Ratio,0,2,96,128,0.012288,0.236967,16.250549
TBI,128,Fourier High Frequency Energy Ratio,0,3,96,128,0.012288,0.279329,17.234074
TBI,128,Fourier High Frequency Energy Ratio,0,4,96,128,0.012288,0.278997,16.147938
TBI,128,Fourier High Frequency Energy Ratio,0,5,96,128,0.012288,0.247619,16.704775
TBI,128,Fourier High Frequency Energy Ratio,0,6,96,128,0.012288,0.241003,16.396239
TBI,128,Fourier High Frequency Energy Ratio,1,0,96,128,0.012288,0.238038,16.000169
TBI,128,Fourier High Frequency Energy Ratio,1,1,96,128,0.012288,0.237715,15.881312
TBI,128,Fourier High Frequency Energy Ratio,1,2,96,128,0.012288,0.259205,16.179284
TBI,128,Fourier High Frequency Energy Ratio,1,3,96,128,0.012288,0.225454,15.90126
TBI,128,Fourier High Frequency Energy Ratio,1,4,96,128,0.012288,0.255542,16.668432
TBI,128,Fourier High Frequency Energy Ratio,1,5,96,128,0.012288,0.255393,16.626671
TBI,128,Fourier High Frequency Energy Ratio,1,6,96,128,0.012288,0.261364,16.16517
TBI,128,Fourier High Frequency Energy Ratio,2,0,96,128,0.012288,0.244385,16.134122
TBI,128,Fourier High Frequency Energy Ratio,2,1,96,128,0.012288,0.253544,17.207093
TBI,128,Fourier High Frequency Energy Ratio,2,2,96,128,0.012288,0.251952,16.508878
TBI,128,Fourier High Frequency Energy Ratio,2,3,96,128,0.012288,0.26095,16.044275
TBI,128,Fourier High Frequency Energy Ratio,2,4,96,128,0.012288,0.261955,17.071352
TBI,128,Fourier High Frequency Energy Ratio,2,5,96,128,0.012288,0.239232,16.630921
TBI,128,Fourier High Frequency Energy Ratio,2,6,96,128,0.012288,0.261053,16.470587
WBC,512,Sum Modified Laplacian,0,0,512,512,0.262144,0.932027,1.498903
WBC,512,Sum Modified Laplacian,0,1,512,512,0.262144,1.003865,1.113684
WBC,512,Sum Modified Laplacian,0,2,512,512,0.262144,0.745709,1.267858
WBC,512,Sum Modified Laplacian,0,3,512,512,0.262144,0.968176,1.055863
WBC,512,Sum Modified Laplacian,0,4,512,512,0.262144,0.78543,1.16083
WBC,512,Sum Modified Laplacian,0,5,512,512,0.262144,0.92079,1.241721
WBC,512,Sum Modified Laplacian,0,6,512,512,0.262144,0.759382,1.154521
WBC,512,Sum Modified Laplacian,1,0,512,512,0.262144,1.033739,1.125122
WBC,512,Sum Modified Laplacian,1,1,512,512,0.262144,0.861445,1.180216
WBC,512,Sum Modified Laplacian,1,2,512,512,0.262144,0.902411,1.00196
WBC,512,Sum Modified Laplacian,1,3,512,512,0.262144,0.756446,1.105914
WBC,512,Sum Modified Laplacian,1,4,512,512,0.262144,0.894162,1.022074
WBC,512,Sum Modified Laplacian,1,5,512,512,0.262144,0.758933,1.085408
WBC,512,Sum Modified Laplacian,1,6,512,512,0.262144,1.03792,1.073518
WBC,512,Sum Modified Laplacian,2,0,512,512,0.262144,0.735742,1.102767
WBC,512,Sum Modified Laplacian,2,1,512,512,0.262144,0.851827,1.153091
WBC,512,Sum Modified Laplacian,2,2,512,512,0.262144,0.856517,1.101155
WBC,512,Sum Modified Laplacian,2,3,512,512,0.262144,0.841326,1.01935
WBC,512,Sum Modified Laplacian,2,4,512,512,0.262144,0.772825,1.250296
WBC,512,Sum Modified Laplacian,2,5,512,512,0.262144,1.04164,1.118625
WBC,512,Sum Modified Laplacian,2,6,512,512,0.262144,1.323709,1.193621
TBI,1024,Intensity Range Index,0,0,768,1024,0.786432,0.614807,17.23035
TBI,1024,Intensity Range Index,0,1,768,1024,0.786432,0.683839,19.549931
TBI,1024,Intensity Range Index,0,2,768,1024,0.786432,0.955052,39.590501
TBI,1024,Intensity Range Index,0,3,768,1024,0.786432,0.777772,17.530775
TBI,1024,Intensity Range Index,0,4,768,1024,0.786432,0.72222,17.702056
TBI,1024,Intensity Range Index,0,5,768,1024,0.786432,0.710464,17.196368
TBI,1024,Intensity Range Index,0,6,768,1024,0.786432,0.724831,16.995882
TBI,1024,Intensity Range Index,1,0,768,1024,0.786432,0.666342,16.993998
TBI,1024,Intensity Range Index,1,1,768,1024,0.786432,0.721978,17.602314
TBI,1024,Intensity Range Index,1,2,768,1024,0.786432,0.685275,16.61987
TBI,1024,Intensity Range Index,1,3,768,1024,0.786432,0.866708,16.813009
TBI,1024,Intensity Range Index,1,4,768,1024,0.786432,0.696036,16.801405
TBI,1024,Intensity Range Index,1,5,768,1024,0.786432,0.713944,16.500159
TBI,1024,Intensity Range Index,1,6,768,1024,0.786432,0.790445,16.574924
TBI,1024,Intensity Range Index,2,0,768,1024,0.786432,0.617508,17.459434
TBI,1024,Intensity Range Index,2,1,768,1024,0.786432,0.779818,16.90682
TBI,1024,Intensity Range Index,2,2,768,1024,0.786432,0.722386,16.753497
TBI,1024,Intensity Range Index,2,3,768,1024,0.786432,0.856227,17.054953
TBI,1024,Intensity Range Index,2,4,768,1024,0.786432,0.699149,17.097085
TBI,1024,Intensity Range Index,2,5,768,1024,0.786432,0.71375,17.13626
TBI,1024,Intensity Range Index,2,6,768,1024,0.786432,0.702074,17.457864
PBS,128,Wavelet Detail Energy (db1),0,0,108,128,0.013824,0.137743,13.192709
PBS,128,Wavelet Detail Energy (db1),0,1,108,128,0.013824,0.16974,9.168081
PBS,128,Wavelet Detail Energy (db1),0,2,108,128,0.013824,0.137411,8.337622
PBS,128,Wavelet Detail Energy (db1),0,3,108,128,0.013824,0.137873,8.659479
PBS,128,Wavelet Detail Energy (db1),0,4,108,128,0.013824,0.209928,8.324384
PBS,128,Wavelet Detail Energy (db1),0,5,108,128,0.013824,0.134023,8.210125
PBS,128,Wavelet Detail Energy (db1),0,6,108,128,0.013824,0.126715,7.717299
PBS,128,Wavelet Detail Energy (db1),1,0,108,128,0.013824,0.142567,8.919473
PBS,128,Wavelet Detail Energy (db1),1,1,108,128,0.013824,0.142368,8.453389
PBS,128,Wavelet Detail Energy (db1),1,2,108,128,0.013824,0.134017,8.301341
PBS,128,Wavelet Detail Energy (db1),1,3,108,128,0.013824,0.133963,8.280078
PBS,128,Wavelet Detail Energy (db1),1,4,108,128,0.013824,0.127129,8.378026
PBS,128,Wavelet Detail Energy (db1),1,5,108,128,0.013824,0.170816,7.649937
PBS,128,Wavelet Detail Energy (db1),1,6,108,128,0.013824,0.148513,8.341751
PBS,128,Wavelet Detail Energy (db1),2,0,108,128,0.013824,0.118585,8.270741
PBS,128,Wavelet Detail Energy (db1),2,1,108,128,0.013824,0.12939,8.31777
PBS,128,Wavelet Detail Energy (db1),2,2,108,128,0.013824,0.151718,8.361665
PBS,128,Wavelet Detail Energy (db1),2,3,108,128,0.013824,0.137687,8.225858
PBS,128,Wavelet Detail Energy (db1),2,4,108,128,0.013824,0.1271,8.559604
PBS,128,Wavelet Detail Energy (db1),2,5,108,128,0.013824,0.127069,8.213114
PBS,128,Wavelet Detail Energy (db1),2,6,108,128,0.013824,0.136873,8.876562
TBI,1024,Squared Gradient,0,0,768,1024,0.786432,2.19365,14.912286
TBI,1024,Squared Gradient,0,1,768,1024,0.786432,2.041215,18.839394
TBI,1024,Squared Gradient,0,2,768,1024,0.786432,2.067924,18.296705
TBI,1024,Squared Gradient,0,3,768,1024,0.786432,1.935213,18.793277
TBI,1024,Squared Gradient,0,4,768,1024,0.786432,2.294798,19.044785
TBI,1024,Squared Gradient,0,5,768,1024,0.786432,2.056416,20.42665
TBI,1024,Squared Gradient,0,6,768,1024,0.786432,2.643994,18.449912
TBI,1024,Squared Gradient,1,0,768,1024,0.786432,1.710646,19.042264
TBI,1024,Squared Gradient,1,1,768,1024,0.786432,2.049159,19.140391
TBI,1024,Squared Gradient,1,2,768,1024,0.786432,2.141406,18.07074
TBI,1024,Squared Gradient,1,3,768,1024,0.786432,2.042273,18.540252
TBI,1024,Squared Gradient,1,4,768,1024,0.786432,1.873793,18.780019
TBI,1024,Squared Gradient,1,5,768,1024,0.786432,2.101462,20.113345
TBI,1024,Squared Gradient,1,6,768,1024,0.786432,2.05745,19.866065
TBI,1024,Squared Gradient,2,0,768,1024,0.786432,2.021944,18.467463
TBI,1024,Squared Gradient,2,1,768,1024,0.786432,2.044241,20.343384
TBI,1024,Squared Gradient,2,2,768,1024,0.786432,2.174866,18.940174
TBI,1024,Squared Gradient,2,3,768,1024,0.786432,2.063358,19.145153
TBI,1024,Squared Gradient,2,4,768,1024,0.786432,2.114195,19.566947
TBI,1024,Squared Gradient,2,5,768,1024,0.786432,2.033348,19.413156
TBI,1024,Squared Gradient,2,6,768,1024,0.786432,2.368735,18.655601
BMA,native,Image Power,0,0,2160,2560,5.5296,19.6208,39.5923
BMA,native,Image Power,0,1,2160,2560,5.5296,23.45138,24.351867
BMA,native,Image Power,0,2,2160,2560,5.5296,15.474298,29.222006
BMA,native,Image Power,0,3,2160,2560,5.5296,17.793924,21.424428
BMA,native,Image Power,0,4,2160,2560,5.5296,14.460482,24.545417
BMA,native,Image Power,0,5,2160,2560,5.5296,18.362716,20.799256
BMA,native,Image Power,0,6,2160,2560,5.5296,14.211571,24.304418
BMA,native,Image Power,1,0,2160,2560,5.5296,17.511363,21.566539
BMA,native,Image Power,1,1,2160,2560,5.5296,15.003866,24.321719
BMA,native,Image Power,1,2,2160,2560,5.5296,17.888412,21.839824
BMA,native,Image Power,1,3,2160,2560,5.5296,13.74641,24.081667
BMA,native,Image Power,1,4,2160,2560,5.5296,17.629728,23.096992
BMA,native,Image Power,1,5,2160,2560,5.5296,14.514093,25.447662
BMA,native,Image Power,1,6,2160,2560,5.5296,18.218892,20.837941
BMA,native,Image Power,2,0,2160,2560,5.5296,14.202059,26.325403
BMA,native,Image Power,2,1,2160,2560,5.5296,18.153972,20.626933
BMA,native,Image Power,2,2,2160,2560,5.5296,13.957237,25.986974
BMA,native,Image Power,2,3,2160,2560,5.5296,17.672982,20.969986
BMA,native,Image Power,2,4,2160,2560,5.5296,13.71359,27.149077
BMA,native,Image Power,2,5,2160,2560,5.5296,19.230245,21.60774
BMA,native,Image Power,2,6,2160,2560,5.5296,14.341548,27.083178
TBI,128,Brenner Gradient,0,0,96,128,0.012288,0.019307,14.314513
TBI,128,Brenner Gradient,0,1,96,128,0.012288,0.02562,11.841862
TBI,128,Brenner Gradient,0,2,96,128,0.012288,0.024699,16.067279
TBI,128,Brenner Gradient,0,3,96,128,0.012288,0.022618,15.826111
TBI,128,Brenner Gradient,0,4,96,128,0.012288,0.021199,26.774221
TBI,128,Brenner Gradient,0,5,96,128,0.012288,0.022625,15.446084
TBI,128,Brenner Gradient,0,6,96,128,0.012288,0.020245,15.556834
TBI,128,Brenner Gradient,1,0,96,128,0.012288,0.016148,15.55504
TBI,128,Brenner Gradient,1,1,96,128,0.012288,0.025289,15.635798
TBI,128,Brenner Gradient,1,2,96,128,0.012288,0.022062,15.831173
TBI,128,Brenner Gradient,1,3,96,128,0.012288,0.027467,15.395095
TBI,128,Brenner Gradient,1,4,96,128,0.012288,0.020337,15.613589
TBI,128,Brenner Gradient,1,5,96,128,0.012288,0.019694,15.772671
TBI,128,Brenner Gradient,1,6,96,128,0.012288,0.025574,15.598541
TBI,128,Brenner Gradient,2,0,96,128,0.012288,0.018314,15.474982
TBI,128,Brenner Gradient,2,1,96,128,0.012288,0.022197,15.797118
TBI,128,Brenner Gradient,2,2,96,128,0.012288,0.025004,15.785245
TBI,128,Brenner Gradient,2,3,96,128,0.012288,0.019872,15.745939
TBI,128,Brenner Gradient,2,4,96,128,0.012288,0.020815,15.71245
TBI,128,Brenner Gradient,2,5,96,128,0.012288,0.024623,16.044913
TBI,128,Brenner Gradient,2,6,96,128,0.012288,0.021394,15.417165
WBC,native,Wavelet W1,0,0,200,200,0.04,0.2538,0.34654
WBC,native,Wavelet W1,0,1,200,200,0.04,0.257774,0.30643
WBC,native,Wavelet W1,0,2,200,200,0.04,0.38304,0.415405
WBC,native,Wavelet W1,0,3,200,200,0.04,0.334722,0.319091
WBC,native,Wavelet W1,0,4,200,200,0.04,0.249425,0.294724
WBC,native,Wavelet W1,0,5,200,200,0.04,0.285769,0.330313
WBC,native,Wavelet W1,0,6,200,200,0.04,0.25099,0.297127
WBC,native,Wavelet W1,1,0,200,200,0.04,0.236463,0.318232
WBC,native,Wavelet W1,1,1,200,200,0.04,0.272515,0.321145
WBC,native,Wavelet W1,1,2,200,200,0.04,0.250272,0.288871
WBC,native,Wavelet W1,1,3,200,200,0.04,0.239348,0.30354
WBC,native,Wavelet W1,1,4,200,200,0.04,0.259216,0.289322
WBC,native,Wavelet W1,1,5,200,200,0.04,0.240057,0.283116
WBC,native,Wavelet W1,1,6,200,200,0.04,0.2376,0.280319
WBC,native,Wavelet W1,2,0,200,200,0.04,0.261042,0.31397
WBC,native,Wavelet W1,2,1,200,200,0.04,0.266979,0.295945
WBC,native,Wavelet W1,2,2,200,200,0.04,0.24249,0.32694
WBC,native,Wavelet W1,2,3,200,200,0.04,0.259565,0.290213
WBC,native,Wavelet W1,2,4,200,200,0.04,0.238328,0.282894
WBC,native,Wavelet W1,2,5,200,200,0.04,0.237514,0.281597
WBC,native,Wavelet W1,2,6,200,200,0.04,0.267644,0.311502
WBC,512,Wavelet W3,0,0,512,512,0.262144,2.668898,3.030529
WBC,512,Wavelet W3,0,1,512,512,0.262144,2.707603,3.103488
WBC,512,Wavelet W3,0,2,512,512,0.262144,2.852572,3.041448
WBC,512,Wavelet W3,0,3,512,512,0.262144,3.029403,3.789967
WBC,512,Wavelet W3,0,4,512,512,0.262144,2.882428,3.225292
WBC,512,Wavelet W3,0,5,512,512,0.262144,2.779689,3.196513
WBC,512,Wavelet W3,0,6,512,512,0.262144,2.845887,2.968451
WBC,512,Wavelet W3,1,0,512,512,0.262144,2.668377,3.021201
WBC,512,Wavelet W3,1,1,512,512,0.262144,2.714254,2.985751
WBC,512,Wavelet W3,1,2,512,512,0.262144,2.697367,2.97196
WBC,512,Wavelet W3,1,3,512,512,0.262144,2.693528,3.244083
WBC,512,Wavelet W3,1,4,512,512,0.262144,2.706083,2.928584
WBC,512,Wavelet W3,1,5,512,512,0.262144,2.927081,4.359761
WBC,512,Wavelet W3,1,6,512,512,0.262144,3.27006,2.952879
WBC,512,Wavelet W3,2,0,512,512,0.262144,2.698549,2.959707
WBC,512,Wavelet W3,2,1,512,512,0.262144,2.781366,2.943329
WBC,512,Wavelet W3,2,2,512,512,0.262144,2.658355,3.306655
WBC,512,Wavelet W3,2,3,512,512,0.262144,2.757819,3.071643
WBC,512,Wavelet W3,2,4,512,512,0.262144,2.785681,3.011453
WBC,512,Wavelet W3,2,5,512,512,0.262144,2.724929,2.93283
WBC,512,Wavelet W3,2,6,512,512,0.262144,3.057982,3.092562
BMA,128,Gradient Squared Energy,0,0,108,128,0.013824,0.036631,12.832843
BMA,128,Gradient Squared Energy,0,1,108,128,0.013824,0.040995,9.233393
BMA,128,Gradient Squared Energy,0,2,108,128,0.013824,0.040235,7.910096
BMA,128,Gradient Squared Energy,0,3,108,128,0.013824,0.040397,8.95165
BMA,128,Gradient Squared Energy,0,4,108,128,0.013824,0.041363,8.087026
BMA,128,Gradient Squared Energy,0,5,108,128,0.013824,0.040586,8.256862
BMA,128,Gradient Squared Energy,0,6,108,128,0.013824,0.048146,7.923352
BMA,128,Gradient Squared Energy,1,0,108,128,0.013824,0.035599,8.417352
BMA,128,Gradient Squared Energy,1,1,108,128,0.013824,0.053881,8.523475
BMA,128,Gradient Squared Energy,1,2,108,128,0.013824,0.039241,8.632075
BMA,128,Gradient Squared Energy,1,3,108,128,0.013824,0.04316,8.18293
BMA,128,Gradient Squared Energy,1,4,108,128,0.013824,0.042559,8.802808
BMA,128,Gradient Squared Energy,1,5,108,128,0.013824,0.046002,7.910284
BMA,128,Gradient Squared Energy,1,6,108,128,0.013824,0.05967,8.077508
BMA,128,Gradient Squared Energy,2,0,108,128,0.013824,0.044183,7.816818
BMA,128,Gradient Squared Energy,2,1,108,128,0.013824,0.040186,8.40425
BMA,128,Gradient Squared Energy,2,2,108,128,0.013824,0.039682,7.785142
BMA,128,Gradient Squared Energy,2,3,108,128,0.013824,0.03857,8.187233
BMA,128,Gradient Squared Energy,2,4,108,128,0.013824,0.039468,7.927074
BMA,128,Gradient Squared Energy,2,5,108,128,0.013824,0.040566,8.017685
BMA,128,Gradient Squared Energy,2,6,108,128,0.013824,0.03887,8.054452
TBF,512,Normalized Variance,0,0,432,512,0.221184,0.328744,7.310268
TBF,512,Normalized Variance,0,1,432,512,0.221184,0.431072,7.380386
TBF,512,Normalized Variance,0,2,432,512,0.221184,0.377807,7.13884
TBF,512,Normalized Variance,0,3,432,512,0.221184,0.498267,6.947913
TBF,512,Normalized Variance,0,4,432,512,0.221184,0.359651,6.797595
TBF,512,Normalized Variance,0,5,432,512,0.221184,0.362721,6.805524
TBF,512,Normalized Variance,0,6,432,512,0.221184,0.362884,6.890088
TBF,512,Normalized Variance,1,0,432,512,0.221184,0.339329,6.981352
TBF,512,Normalized Variance,1,1,432,512,0.221184,0.357364,6.838643
TBF,512,Normalized Variance,1,2,432,512,0.221184,0.378838,6.872015
TBF,512,Normalized Variance,1,3,432,512,0.221184,0.366944,7.318153
TBF,512,Normalized Variance,1,4,432,512,0.221184,0.415048,6.881625
TBF,512,Normalized Variance,1,5,432,512,0.221184,0.402364,7.185425
TBF,512,Normalized Variance,1,6,432,512,0.221184,0.381526,7.192977
TBF,512,Normalized Variance,2,0,432,512,0.221184,0.347164,7.378119
TBF,512,Normalized Variance,2,1,432,512,0.221184,0.385169,7.239649
TBF,512,Normalized Variance,2,2,432,512,0.221184,0.392035,6.952232
TBF,512,Normalized Variance,2,3,432,512,0.221184,0.399598,7.524286
TBF,512,Normalized Variance,2,4,432,512,0.221184,0.430484,7.375816
TBF,512,Normalized Variance,2,5,432,512,0.221184,0.367155,7.740564
TBF,512,Normalized Variance,2,6,432,512,0.221184,0.430417,7.452851
TBI,512,Wavelet W3,0,0,384,512,0.196608,2.083301,16.638566
TBI,512,Wavelet W3,0,1,384,512,0.196608,2.503093,19.205101
TBI,512,Wavelet W3,0,2,384,512,0.196608,2.220312,20.755474
TBI,512,Wavelet W3,0,3,384,512,0.196608,2.106994,18.611137
TBI,512,Wavelet W3,0,4,384,512,0.196608,2.090194,18.485214
TBI,512,Wavelet W3,0,5,384,512,0.196608,2.204819,18.763165
TBI,512,Wavelet W3,0,6,384,512,0.196608,2.103239,19.339534
TBI,512,Wavelet W3,1,0,384,512,0.196608,1.988804,20.130347
TBI,512,Wavelet W3,1,1,384,512,0.196608,2.04749,20.0968
TBI,512,Wavelet W3,1,2,384,512,0.196608,2.169543,18.476221
TBI,512,Wavelet W3,1,3,384,512,0.196608,2.173498,18.941668
TBI,512,Wavelet W3,1,4,384,512,0.196608,2.19301,19.085637
TBI,512,Wavelet W3,1,5,384,512,0.196608,2.077738,19.075947
TBI,512,Wavelet W3,1,6,384,512,0.196608,2.209362,18.576536
TBI,512,Wavelet W3,2,0,384,512,0.196608,2.046837,19.06885
TBI,512,Wavelet W3,2,1,384,512,0.196608,2.083857,20.026842
TBI,512,Wavelet W3,2,2,384,512,0.196608,2.091191,18.49994
TBI,512,Wavelet W3,2,3,384,512,0.196608,2.210465,19.029845
TBI,512,Wavelet W3,2,4,384,512,0.196608,2.123476,18.629849
TBI,512,Wavelet W3,2,5,384,512,0.196608,2.150912,18.587442
TBI,512,Wavelet W3,2,6,384,512,0.196608,2.213831,18.697111
PBS,native,Normalized Variance,0,0,2160,2560,5.5296,19.054729,33.30148
PBS,native,Normalized Variance,0,1,2160,2560,5.5296,18.38286,24.167653
PBS,native,Normalized Variance,0,2,2160,2560,5.5296,15.241159,31.271566
PBS,native,Normalized Variance,0,3,2160,2560,5.5296,18.202848,20.361874
PBS,native,Normalized Variance,0,4,2160,2560,5.5296,13.909942,25.007092
PBS,native,Normalized Variance,0,5,2160,2560,5.5296,18.029136,20.953012
PBS,native,Normalized Variance,0,6,2160,2560,5.5296,14.136931,24.430352
PBS,native,Normalized Variance,1,0,2160,2560,5.5296,18.933635,26.28115
PBS,native,Normalized Variance,1,1,2160,2560,5.5296,16.378572,27.010539
PBS,native,Normalized Variance,1,2,2160,2560,5.5296,19.970779,22.978763
PBS,native,Normalized Variance,1,3,2160,2560,5.5296,14.026962,27.961638
PBS,native,Normalized Variance,1,4,2160,2560,5.5296,19.932188,20.974645
PBS,native,Normalized Variance,1,5,2160,2560,5.5296,14.10588,26.140643
PBS,native,Normalized Variance,1,6,2160,2560,5.5296,18.796104,23.003795
PBS,native,Normalized Variance,2,0,2160,2560,5.5296,14.295635,25.301922
PBS,native,Normalized Variance,2,1,2160,2560,5.5296,18.810785,20.725182
PBS,native,Normalized Variance,2,2,2160,2560,5.5296,14.461416,28.641837
PBS,native,Normalized Variance,2,3,2160,2560,5.5296,31.614234,23.847724
PBS,native,Normalized Variance,2,4,2160,2560,5.5296,14.083641,25.670297
PBS,native,Normalized Variance,2,5,2160,2560,5.5296,18.656268,21.455013
PBS,native,Normalized Variance,2,6,2160,2560,5.5296,14.041187,25.414225
TBF,1024,Roberts Focus Measure,0,0,864,1024,0.884736,2.159967,11.917413
TBF,1024,Roberts Focus Measure,0,1,864,1024,0.884736,2.584038,14.732763
TBF,1024,Roberts Focus Measure,0,2,864,1024,0.884736,2.455581,10.423812
TBF,1024,Roberts Focus Measure,0,3,864,1024,0.884736,2.45812,10.399742
TBF,1024,Roberts Focus Measure,0,4,864,1024,0.884736,2.266926,10.306627
TBF,1024,Roberts Focus Measure,0,5,864,1024,0.884736,2.607336,11.204459
TBF,1024,Roberts Focus Measure,0,6,864,1024,0.884736,2.417289,11.047605
TBF,1024,Roberts Focus Measure,1,0,864,1024,0.884736,2.344319,10.725865
TBF,1024,Roberts Focus Measure,1,1,864,1024,0.884736,2.439024,10.700257
TBF,1024,Roberts Focus Measure,1,2,864,1024,0.884736,2.490262,10.460893
TBF,1024,Roberts Focus Measure,1,3,864,1024,0.884736,2.461305,10.446907
TBF,1024,Roberts Focus Measure,1,4,864,1024,0.884736,2.543558,10.74676
TBF,1024,Roberts Focus Measure,1,5,864,1024,0.884736,2.200848,10.651072
TBF,1024,Roberts Focus Measure,1,6,864,1024,0.884736,2.561299,10.252587
TBF,1024,Roberts Focus Measure,2,0,864,1024,0.884736,2.374198,10.335433
TBF,1024,Roberts Focus Measure,2,1,864,1024,0.884736,2.513136,10.837001
TBF,1024,Roberts Focus Measure,2,2,864,1024,0.884736,2.389862,10.438603
TBF,1024,Roberts Focus Measure,2,3,864,1024,0.884736,2.504242,10.893844
TBF,1024,Roberts Focus Measure,2,4,864,1024,0.884736,2.251525,10.493324
TBF,1024,Roberts Focus Measure,2,5,864,1024,0.884736,2.327987,10.32889
TBF,1024,Roberts Focus Measure,2,6,864,1024,0.884736,2.444099,10.64258
TBF,native,Wavelet W3,0,0,2160,2560,5.5296,144.424023,161.285974
TBF,native,Wavelet W3,0,1,2160,2560,5.5296,158.115668,164.698369
TBF,native,Wavelet W3,0,2,2160,2560,5.5296,151.346312,157.219861
TBF,native,Wavelet W3,0,3,2160,2560,5.5296,153.32739,152.789235
TBF,native,Wavelet W3,0,4,2160,2560,5.5296,151.75884,163.912859
TBF,native,Wavelet W3,0,5,2160,2560,5.5296,157.962092,161.174431
TBF,native,Wavelet W3,0,6,2160,2560,5.5296,151.730694,155.713316
TBF,native,Wavelet W3,1,0,2160,2560,5.5296,159.258327,161.397801
TBF,native,Wavelet W3,1,1,2160,2560,5.5296,150.339338,161.137906
TBF,native,Wavelet W3,1,2,2160,2560,5.5296,148.237753,158.11501
TBF,native,Wavelet W3,1,3,2160,2560,5.5296,167.641242,168.344846
TBF,native,Wavelet W3,1,4,2160,2560,5.5296,152.089718,150.976939
TBF,native,Wavelet W3,1,5,2160,2560,5.5296,146.731918,158.599785
TBF,native,Wavelet W3,1,6,2160,2560,5.5296,154.643437,152.206077
TBF,native,Wavelet W3,2,0,2160,2560,5.5296,147.843066,159.631382
TBF,native,Wavelet W3,2,1,2160,2560,5.5296,153.085728,155.899005
TBF,native,Wavelet W3,2,2,2160,2560,5.5296,153.771119,172.098659
TBF,native,Wavelet W3,2,3,2160,2560,5.5296,157.207654,156.395908
TBF,native,Wavelet W3,2,4,2160,2560,5.5296,149.668506,161.28784
TBF,native,Wavelet W3,2,5,2160,2560,5.5296,151.909005,158.73499
TBF,native,Wavelet W3,2,6,2160,2560,5.5296,153.102763,163.218996
TBF,1024,Variance of Laplacian,0,0,864,1024,0.884736,1.706392,10.796284
TBF,1024,Variance of Laplacian,0,1,864,1024,0.884736,1.863952,14.028524
TBF,1024,Variance of Laplacian,0,2,864,1024,0.884736,1.661042,10.251896
TBF,1024,Variance of Laplacian,0,3,864,1024,0.884736,1.883183,10.008406
TBF,1024,Variance of Laplacian,0,4,864,1024,0.884736,1.649568,9.318787
TBF,1024,Variance of Laplacian,0,5,864,1024,0.884736,1.813277,9.7539
TBF,1024,Variance of Laplacian,0,6,864,1024,0.884736,1.940877,9.698974
TBF,1024,Variance of Laplacian,1,0,864,1024,0.884736,2.075802,9.686649
TBF,1024,Variance of Laplacian,1,1,864,1024,0.884736,1.914109,9.459975
TBF,1024,Variance of Laplacian,1,2,864,1024,0.884736,1.80007,10.351403
TBF,1024,Variance of Laplacian,1,3,864,1024,0.884736,1.699365,9.88456
TBF,1024,Variance of Laplacian,1,4,864,1024,0.884736,1.967554,9.878472
TBF,1024,Variance of Laplacian,1,5,864,1024,0.884736,1.701805,9.945378
TBF,1024,Variance of Laplacian,1,6,864,1024,0.884736,1.806624,9.702354
TBF,1024,Variance of Laplacian,2,0,864,1024,0.884736,1.636173,9.410508
TBF,1024,Variance of Laplacian,2,1,864,1024,0.884736,1.873788,10.201163
TBF,1024,Variance of Laplacian,2,2,864,1024,0.884736,1.758473,10.209537
TBF,1024,Variance of Laplacian,2,3,864,1024,0.884736,1.874215,9.742662
TBF,1024,Variance of Laplacian,2,4,864,1024,0.884736,1.756511,9.653232
TBF,1024,Variance of Laplacian,2,5,864,1024,0.884736,1.738037,9.380625
TBF,1024,Variance of Laplacian,2,6,864,1024,0.884736,1.689654,9.161982
TBI,512,Variance of Gradient,0,0,384,512,0.196608,0.568928,14.521021
TBI,512,Variance of Gradient,0,1,384,512,0.196608,0.709294,17.21545
TBI,512,Variance of Gradient,0,2,384,512,0.196608,0.666636,17.847387
TBI,512,Variance of Gradient,0,3,384,512,0.196608,0.713074,17.611489
TBI,512,Variance of Gradient,0,4,384,512,0.196608,0.670385,17.790155
TBI,512,Variance of Gradient,0,5,384,512,0.196608,0.663592,18.020369
TBI,512,Variance of Gradient,0,6,384,512,0.196608,0.635906,17.507757
TBI,512,Variance of Gradient,1,0,384,512,0.196608,0.658782,17.293135
TBI,512,Variance of Gradient,1,1,384,512,0.196608,0.609929,17.052799
TBI,512,Variance of Gradient,1,2,384,512,0.196608,0.764591,17.526942
TBI,512,Variance of Gradient,1,3,384,512,0.196608,0.625547,18.018086
TBI,512,Variance of Gradient,1,4,384,512,0.196608,0.672505,17.594151
TBI,512,Variance of Gradient,1,5,384,512,0.196608,0.642645,17.767834
TBI,512,Variance of Gradient,1,6,384,512,0.196608,0.704066,18.004608
TBI,512,Variance of Gradient,2,0,384,512,0.196608,0.579777,17.346585
TBI,512,Variance of Gradient,2,1,384,512,0.196608,0.70318,17.723402
TBI,512,Variance of Gradient,2,2,384,512,0.196608,0.654751,17.257321
TBI,512,Variance of Gradient,2,3,384,512,0.196608,0.760575,17.215472
TBI,512,Variance of Gradient,2,4,384,512,0.196608,0.67326,17.524852
TBI,512,Variance of Gradient,2,5,384,512,0.196608,0.747229,20.101412
TBI,512,Variance of Gradient,2,6,384,512,0.196608,0.773604,18.416084
TBF,128,Histogram Entropy,0,0,108,128,0.013824,0.095981,11.747962
TBF,128,Histogram Entropy,0,1,108,128,0.013824,0.118968,7.343869
TBF,128,Histogram Entropy,0,2,108,128,0.013824,0.088122,7.376398
TBF,128,Histogram Entropy,0,3,108,128,0.013824,0.087172,7.270724
TBF,128,Histogram Entropy,0,4,108,128,0.013824,0.087077,7.555352
TBF,128,Histogram Entropy,0,5,108,128,0.013824,0.088789,7.503197
TBF,128,Histogram Entropy,0,6,108,128,0.013824,0.087934,7.731552
TBF,128,Histogram Entropy,1,0,108,128,0.013824,0.079868,8.099423
TBF,128,Histogram Entropy,1,1,108,128,0.013824,0.09285,7.727012
TBF,128,Histogram Entropy,1,2,108,128,0.013824,0.097197,7.817127
TBF,128,Histogram Entropy,1,3,108,128,0.013824,0.088406,7.642934
TBF,128,Histogram Entropy,1,4,108,128,0.013824,0.113907,7.296044
TBF,128,Histogram Entropy,1,5,108,128,0.013824,0.131082,7.678997
TBF,128,Histogram Entropy,1,6,108,128,0.013824,0.093033,7.479474
TBF,128,Histogram Entropy,2,0,108,128,0.013824,0.080222,7.180373
TBF,128,Histogram Entropy,2,1,108,128,0.013824,0.116293,7.819622
TBF,128,Histogram Entropy,2,2,108,128,0.013824,0.093196,7.399668
TBF,128,Histogram Entropy,2,3,108,128,0.013824,0.097113,7.353556
TBF,128,Histogram Entropy,2,4,108,128,0.013824,0.088278,7.351468
TBF,128,Histogram Entropy,2,5,108,128,0.013824,0.08588,7.179733
TBF,128,Histogram Entropy,2,6,108,128,0.013824,0.087456,7.263003
TBF,512,Wavelet Detail Energy (db1),0,0,432,512,0.221184,1.857713,8.704209
TBF,512,Wavelet Detail Energy (db1),0,1,432,512,0.221184,2.236907,8.981083
TBF,512,Wavelet Detail Energy (db1),0,2,432,512,0.221184,2.108896,8.727413
TBF,512,Wavelet Detail Energy (db1),0,3,432,512,0.221184,2.080819,8.970044
TBF,512,Wavelet Detail Energy (db1),0,4,432,512,0.221184,1.942406,9.184147
TBF,512,Wavelet Detail Energy (db1),0,5,432,512,0.221184,1.934557,9.006227
TBF,512,Wavelet Detail Energy (db1),0,6,432,512,0.221184,2.121025,8.796522
TBF,512,Wavelet Detail Energy (db1),1,0,432,512,0.221184,1.801136,9.438887
TBF,512,Wavelet Detail Energy (db1),1,1,432,512,0.221184,1.856716,8.662114
TBF,512,Wavelet Detail Energy (db1),1,2,432,512,0.221184,2.024799,8.813576
TBF,512,Wavelet Detail Energy (db1),1,3,432,512,0.221184,1.912093,8.704076
TBF,512,Wavelet Detail Energy (db1),1,4,432,512,0.221184,1.90996,8.770449
TBF,512,Wavelet Detail Energy (db1),1,5,432,512,0.221184,2.047752,8.892517
TBF,512,Wavelet Detail Energy (db1),1,6,432,512,0.221184,2.029662,8.639597
TBF,512,Wavelet Detail Energy (db1),2,0,432,512,0.221184,1.827903,8.501254
TBF,512,Wavelet Detail Energy (db1),2,1,432,512,0.221184,1.94307,8.689832
TBF,512,Wavelet Detail Energy (db1),2,2,432,512,0.221184,1.880854,9.086555
TBF,512,Wavelet Detail Energy (db1),2,3,432,512,0.221184,1.891264,9.243083
TBF,512,Wavelet Detail Energy (db1),2,4,432,512,0.221184,1.95999,9.447653
TBF,512,Wavelet Detail Energy (db1),2,5,432,512,0.221184,1.983393,8.927298
TBF,512,Wavelet Detail Energy (db1),2,6,432,512,0.221184,1.981792,9.033744
PBS,1024,Tenengrad,0,0,864,1024,0.884736,2.31499,11.211235
PBS,1024,Tenengrad,0,1,864,1024,0.884736,2.51042,10.652773
PBS,1024,Tenengrad,0,2,864,1024,0.884736,2.220334,10.830034
PBS,1024,Tenengrad,0,3,864,1024,0.884736,2.383598,10.574109
PBS,1024,Tenengrad,0,4,864,1024,0.884736,2.270999,10.77762
PBS,1024,Tenengrad,0,5,864,1024,0.884736,2.383138,10.897549
PBS,1024,Tenengrad,0,6,864,1024,0.884736,2.262826,11.296649
PBS,1024,Tenengrad,1,0,864,1024,0.884736,2.619938,10.964207
PBS,1024,Tenengrad,1,1,864,1024,0.884736,2.20077,11.414095
PBS,1024,Tenengrad,1,2,864,1024,0.884736,2.746503,10.74162
PBS,1024,Tenengrad,1,3,864,1024,0.884736,2.257636,10.778647
PBS,1024,Tenengrad,1,4,864,1024,0.884736,2.60048,10.89011
PBS,1024,Tenengrad,1,5,864,1024,0.884736,2.28725,11.194162
PBS,1024,Tenengrad,1,6,864,1024,0.884736,2.588144,11.914665
PBS,1024,Tenengrad,2,0,864,1024,0.884736,2.301799,10.580219
PBS,1024,Tenengrad,2,1,864,1024,0.884736,2.466444,10.380027
PBS,1024,Tenengrad,2,2,864,1024,0.884736,2.187402,10.37343
PBS,1024,Tenengrad,2,3,864,1024,0.884736,2.487515,10.663719
PBS,1024,Tenengrad,2,4,864,1024,0.884736,2.195757,10.743605
PBS,1024,Tenengrad,2,5,864,1024,0.884736,2.279105,10.32458
PBS,1024,Tenengrad,2,6,864,1024,0.884736,2.358457,10.547734
TBF,128,Laplacian Energy,0,0,108,128,0.013824,0.137092,7.411134
TBF,128,Laplacian Energy,0,1,108,128,0.013824,0.173511,7.562056
TBF,128,Laplacian Energy,0,2,108,128,0.013824,0.164173,7.766396
TBF,128,Laplacian Energy,0,3,108,128,0.013824,0.155692,7.472009
TBF,128,Laplacian Energy,0,4,108,128,0.013824,0.16619,7.526695
TBF,128,Laplacian Energy,0,5,108,128,0.013824,0.145085,7.370377
TBF,128,Laplacian Energy,0,6,108,128,0.013824,0.174346,7.461216
TBF,128,Laplacian Energy,1,0,108,128,0.013824,0.131598,7.409426
TBF,128,Laplacian Energy,1,1,108,128,0.013824,0.138678,7.278814
TBF,128,Laplacian Energy,1,2,108,128,0.013824,0.139736,7.645534
TBF,128,Laplacian Energy,1,3,108,128,0.013824,0.150013,7.497304
TBF,128,Laplacian Energy,1,4,108,128,0.013824,0.171317,7.429712
TBF,128,Laplacian Energy,1,5,108,128,0.013824,0.177331,7.400017
TBF,128,Laplacian Energy,1,6,108,128,0.013824,0.142891,7.519803
TBF,128,Laplacian Energy,2,0,108,128,0.013824,0.133215,7.830778
TBF,128,Laplacian Energy,2,1,108,128,0.013824,0.150985,7.548425
TBF,128,Laplacian Energy,2,2,108,128,0.013824,0.150273,7.30358
TBF,128,Laplacian Energy,2,3,108,128,0.013824,0.143853,7.484807
TBF,128,Laplacian Energy,2,4,108,128,0.013824,0.164803,7.653295
TBF,128,Laplacian Energy,2,5,108,128,0.013824,0.146591,7.463668
TBF,128,Laplacian Energy,2,6,108,128,0.013824,0.162297,7.545475
WBC,128,Gradient Squared Energy,0,0,128,128,0.016384,0.041568,0.209901
WBC,128,Gradient Squared Energy,0,1,128,128,0.016384,0.039925,0.161775
WBC,128,Gradient Squared Energy,0,2,128,128,0.016384,0.038471,0.15778
WBC,128,Gradient Squared Energy,0,3,128,128,0.016384,0.03881,0.155091
WBC,128,Gradient Squared Energy,0,4,128,128,0.016384,0.038129,0.154575
WBC,128,Gradient Squared Energy,0,5,128,128,0.016384,0.038575,0.154427
WBC,128,Gradient Squared Energy,0,6,128,128,0.016384,0.038126,0.153594
WBC,128,Gradient Squared Energy,1,0,128,128,0.016384,0.043441,0.187387
WBC,128,Gradient Squared Energy,1,1,128,128,0.016384,0.039771,0.159647
WBC,128,Gradient Squared Energy,1,2,128,128,0.016384,0.038494,0.156737
WBC,128,Gradient Squared Energy,1,3,128,128,0.016384,0.037838,0.155084
WBC,128,Gradient Squared Energy,1,4,128,128,0.016384,0.038416,0.167848
WBC,128,Gradient Squared Energy,1,5,128,128,0.016384,0.046966,0.341108
WBC,128,Gradient Squared Energy,1,6,128,128,0.016384,0.042245,0.184232
WBC,128,Gradient Squared Energy,2,0,128,128,0.016384,0.038332,0.196614
WBC,128,Gradient Squared Energy,2,1,128,128,0.016384,0.040203,0.160037
WBC,128,Gradient Squared Energy,2,2,128,128,0.016384,0.038254,0.156887
WBC,128,Gradient Squared Energy,2,3,128,128,0.016384,0.066815,0.184495
WBC,128,Gradient Squared Energy,2,4,128,128,0.016384,0.039014,0.157728
WBC,128,Gradient Squared Energy,2,5,128,128,0.016384,0.039594,0.155516
WBC,128,Gradient Squared Energy,2,6,128,128,0.016384,0.037832,0.15508
TBF,native,Maximal Intensity,0,0,2160,2560,5.5296,5.495988,20.597822
TBF,native,Maximal Intensity,0,1,2160,2560,5.5296,11.553268,14.235909
TBF,native,Maximal Intensity,0,2,2160,2560,5.5296,6.000309,20.00451
TBF,native,Maximal Intensity,0,3,2160,2560,5.5296,9.06968,11.580147
TBF,native,Maximal Intensity,0,4,2160,2560,5.5296,5.607037,15.765081
TBF,native,Maximal Intensity,0,5,2160,2560,5.5296,9.904673,11.672759
TBF,native,Maximal Intensity,0,6,2160,2560,5.5296,5.643625,15.698543
TBF,native,Maximal Intensity,1,0,2160,2560,5.5296,9.633563,12.122333
TBF,native,Maximal Intensity,1,1,2160,2560,5.5296,5.714403,16.797714
TBF,native,Maximal Intensity,1,2,2160,2560,5.5296,9.783059,11.535888
TBF,native,Maximal Intensity,1,3,2160,2560,5.5296,5.762459,15.280868
TBF,native,Maximal Intensity,1,4,2160,2560,5.5296,9.36739,11.92394
TBF,native,Maximal Intensity,1,5,2160,2560,5.5296,5.538057,15.521787
TBF,native,Maximal Intensity,1,6,2160,2560,5.5296,9.725797,11.890479
TBF,native,Maximal Intensity,2,0,2160,2560,5.5296,5.567764,16.073271
TBF,native,Maximal Intensity,2,1,2160,2560,5.5296,9.573635,11.784777
TBF,native,Maximal Intensity,2,2,2160,2560,5.5296,5.812685,15.905617
TBF,native,Maximal Intensity,2,3,2160,2560,5.5296,9.809249,12.17002
TBF,native,Maximal Intensity,2,4,2160,2560,5.5296,5.896063,15.518151
TBF,native,Maximal Intensity,2,5,2160,2560,5.5296,9.295432,11.486433
TBF,native,Maximal Intensity,2,6,2160,2560,5.5296,5.596014,15.850276
PBS,1024,Wavelet W2,0,0,864,1024,0.884736,14.915935,24.464081
PBS,1024,Wavelet W2,0,1,864,1024,0.884736,14.749592,26.80997
PBS,1024,Wavelet W2,0,2,864,1024,0.884736,14.353587,24.604418
PBS,1024,Wavelet W2,0,3,864,1024,0.884736,15.007403,22.79036
PBS,1024,Wavelet W2,0,4,864,1024,0.884736,13.645568,23.631258
PBS,1024,Wavelet W2,0,5,864,1024,0.884736,14.659776,22.658184
PBS,1024,Wavelet W2,0,6,864,1024,0.884736,14.363631,23.620601
PBS,1024,Wavelet W2,1,0,864,1024,0.884736,14.837104,22.773045
PBS,1024,Wavelet W2,1,1,864,1024,0.884736,13.686653,23.076608
PBS,1024,Wavelet W2,1,2,864,1024,0.884736,14.632308,23.651258
PBS,1024,Wavelet W2,1,3,864,1024,0.884736,14.914324,24.249614
PBS,1024,Wavelet W2,1,4,864,1024,0.884736,15.494481,22.924861
PBS,1024,Wavelet W2,1,5,864,1024,0.884736,14.316478,23.885533
PBS,1024,Wavelet W2,1,6,864,1024,0.884736,15.356524,23.088088
PBS,1024,Wavelet W2,2,0,864,1024,0.884736,14.052946,23.943412
PBS,1024,Wavelet W2,2,1,864,1024,0.884736,15.352506,23.275722
PBS,1024,Wavelet W2,2,2,864,1024,0.884736,14.035028,23.120956
PBS,1024,Wavelet W2,2,3,864,1024,0.884736,14.885852,22.570595
PBS,1024,Wavelet W2,2,4,864,1024,0.884736,14.102138,23.07707
PBS,1024,Wavelet W2,2,5,864,1024,0.884736,14.634939,23.517749
PBS,1024,Wavelet W2,2,6,864,1024,0.884736,13.74701,23.549335
WBC,native,Roberts Focus Measure,0,0,200,200,0.04,0.090285,0.228636
WBC,native,Roberts Focus Measure,0,1,200,200,0.04,0.093974,0.142454
WBC,native,Roberts Focus Measure,0,2,200,200,0.04,0.097628,0.123702
WBC,native,Roberts Focus Measure,0,3,200,200,0.04,0.082466,0.117934
WBC,native,Roberts Focus Measure,0,4,200,200,0.04,0.081268,0.147855
WBC,native,Roberts Focus Measure,0,5,200,200,0.04,0.081994,0.12035
WBC,native,Roberts Focus Measure,0,6,200,200,0.04,0.081411,0.116831
WBC,native,Roberts Focus Measure,1,0,200,200,0.04,0.091164,0.132417
WBC,native,Roberts Focus Measure,1,1,200,200,0.04,0.082051,0.118979
WBC,native,Roberts Focus Measure,1,2,200,200,0.04,0.081398,0.116467
WBC,native,Roberts Focus Measure,1,3,200,200,0.04,0.081169,0.116232
WBC,native,Roberts Focus Measure,1,4,200,200,0.04,0.081372,0.115547
WBC,native,Roberts Focus Measure,1,5,200,200,0.04,0.080727,0.145253
WBC,native,Roberts Focus Measure,1,6,200,200,0.04,0.084505,0.120235
WBC,native,Roberts Focus Measure,2,0,200,200,0.04,0.08077,0.120601
WBC,native,Roberts Focus Measure,2,1,200,200,0.04,0.084325,0.118759
WBC,native,Roberts Focus Measure,2,2,200,200,0.04,0.081232,0.115476
WBC,native,Roberts Focus Measure,2,3,200,200,0.04,0.081709,0.125082
WBC,native,Roberts Focus Measure,2,4,200,200,0.04,0.082434,0.118906
WBC,native,Roberts Focus Measure,2,5,200,200,0.04,0.086005,0.134795
WBC,native,Roberts Focus Measure,2,6,200,200,0.04,0.096596,0.136202
BMA,native,Absolute Central Moment 2,0,0,2160,2560,5.5296,29.120129,49.131126
BMA,native,Absolute Central Moment 2,0,1,2160,2560,5.5296,33.882712,38.263227
BMA,native,Absolute Central Moment 2,0,2,2160,2560,5.5296,28.556411,44.524316
BMA,native,Absolute Central Moment 2,0,3,2160,2560,5.5296,32.633907,35.147113
BMA,native,Absolute Central Moment 2,0,4,2160,2560,5.5296,29.019953,39.377919
BMA,native,Absolute Central Moment 2,0,5,2160,2560,5.5296,33.304468,37.31695
BMA,native,Absolute Central Moment 2,0,6,2160,2560,5.5296,27.76002,39.84438
BMA,native,Absolute Central Moment 2,1,0,2160,2560,5.5296,32.643155,34.853544
BMA,native,Absolute Central Moment 2,1,1,2160,2560,5.5296,29.329687,38.51819
BMA,native,Absolute Central Moment 2,1,2,2160,2560,5.5296,32.184107,34.201694
BMA,native,Absolute Central Moment 2,1,3,2160,2560,5.5296,28.02206,38.142231
BMA,native,Absolute Central Moment 2,1,4,2160,2560,5.5296,31.544191,34.863525
BMA,native,Absolute Central Moment 2,1,5,2160,2560,5.5296,28.621176,39.460863
BMA,native,Absolute Central Moment 2,1,6,2160,2560,5.5296,33.351474,34.545168
BMA,native,Absolute Central Moment 2,2,0,2160,2560,5.5296,28.278757,40.383297
BMA,native,Absolute Central Moment 2,2,1,2160,2560,5.5296,31.830453,34.684427
BMA,native,Absolute Central Moment 2,2,2,2160,2560,5.5296,28.151442,39.907757
BMA,native,Absolute Central Moment 2,2,3,2160,2560,5.5296,32.941744,36.272258
BMA,native,Absolute Central Moment 2,2,4,2160,2560,5.5296,29.068652,40.16359
BMA,native,Absolute Central Moment 2,2,5,2160,2560,5.5296,32.585145,35.170625
BMA,native,Absolute Central Moment 2,2,6,2160,2560,5.5296,28.022303,43.49332
WBC,1024,Curvelet Transform Sharpness Index,0,0,1024,1024,1.048576,17.944495,18.459243
WBC,1024,Curvelet Transform Sharpness Index,0,1,1024,1024,1.048576,17.26397,17.455398
WBC,1024,Curvelet Transform Sharpness Index,0,2,1024,1024,1.048576,16.002404,18.033034
WBC,1024,Curvelet Transform Sharpness Index,0,3,1024,1024,1.048576,17.927422,17.285212
WBC,1024,Curvelet Transform Sharpness Index,0,4,1024,1024,1.048576,15.043418,16.69719
WBC,1024,Curvelet Transform Sharpness Index,0,5,1024,1024,1.048576,16.279104,16.958006
WBC,1024,Curvelet Transform Sharpness Index,0,6,1024,1024,1.048576,14.878375,18.672745
WBC,1024,Curvelet Transform Sharpness Index,1,0,1024,1024,1.048576,16.190665,16.41723
WBC,1024,Curvelet Transform Sharpness Index,1,1,1024,1024,1.048576,15.103597,16.339096
WBC,1024,Curvelet Transform Sharpness Index,1,2,1024,1024,1.048576,15.374637,15.916234
WBC,1024,Curvelet Transform Sharpness Index,1,3,1024,1024,1.048576,23.939398,17.28031
WBC,1024,Curvelet Transform Sharpness Index,1,4,1024,1024,1.048576,15.635519,16.141604
WBC,1024,Curvelet Transform Sharpness Index,1,5,1024,1024,1.048576,14.774246,16.365544
WBC,1024,Curvelet Transform Sharpness Index,1,6,1024,1024,1.048576,15.658289,16.597126
WBC,1024,Curvelet Transform Sharpness Index,2,0,1024,1024,1.048576,15.088493,16.396706
WBC,1024,Curvelet Transform Sharpness Index,2,1,1024,1024,1.048576,15.564992,16.492216
WBC,1024,Curvelet Transform Sharpness Index,2,2,1024,1024,1.048576,14.713223,16.258909
WBC,1024,Curvelet Transform Sharpness Index,2,3,1024,1024,1.048576,15.399313,16.889028
WBC,1024,Curvelet Transform Sharpness Index,2,4,1024,1024,1.048576,15.005731,16.498458
WBC,1024,Curvelet Transform Sharpness Index,2,5,1024,1024,1.048576,15.896311,16.548842
WBC,1024,Curvelet Transform Sharpness Index,2,6,1024,1024,1.048576,14.884762,16.528218
WBC,1024,Fourier Transform Sharpness Index,0,0,1024,1024,1.048576,24.249911,26.391808
WBC,1024,Fourier Transform Sharpness Index,0,1,1024,1024,1.048576,26.576987,24.336495
WBC,1024,Fourier Transform Sharpness Index,0,2,1024,1024,1.048576,25.116228,25.511413
WBC,1024,Fourier Transform Sharpness Index,0,3,1024,1024,1.048576,29.398959,32.23756
WBC,1024,Fourier Transform Sharpness Index,0,4,1024,1024,1.048576,27.273528,26.826365
WBC,1024,Fourier Transform Sharpness Index,0,5,1024,1024,1.048576,24.553758,25.503336
WBC,1024,Fourier Transform Sharpness Index,0,6,1024,1024,1.048576,23.520366,24.496432
WBC,1024,Fourier Transform Sharpness Index,1,0,1024,1024,1.048576,23.713978,27.025888
WBC,1024,Fourier Transform Sharpness Index,1,1,1024,1024,1.048576,25.614107,26.277191
WBC,1024,Fourier Transform Sharpness Index,1,2,1024,1024,1.048576,24.925586,24.657064
WBC,1024,Fourier Transform Sharpness Index,1,3,1024,1024,1.048576,23.731203,24.830171
WBC,1024,Fourier Transform Sharpness Index,1,4,1024,1024,1.048576,23.289461,24.141329
WBC,1024,Fourier Transform Sharpness Index,1,5,1024,1024,1.048576,23.43657,25.286936
WBC,1024,Fourier Transform Sharpness Index,1,6,1024,1024,1.048576,24.592412,25.505635
WBC,1024,Fourier Transform Sharpness Index,2,0,1024,1024,1.048576,26.044838,26.000083
WBC,1024,Fourier Transform Sharpness Index,2,1,1024,1024,1.048576,23.624027,32.291804
WBC,1024,Fourier Transform Sharpness Index,2,2,1024,1024,1.048576,24.165554,25.320331
WBC,1024,Fourier Transform Sharpness Index,2,3,1024,1024,1.048576,24.680683,24.799651
WBC,1024,Fourier Transform Sharpness Index,2,4,1024,1024,1.048576,24.325625,26.023442
WBC,1024,Fourier Transform Sharpness Index,2,5,1024,1024,1.048576,23.300888,27.056545
WBC,1024,Fourier Transform Sharpness Index,2,6,1024,1024,1.048576,29.328282,29.126771
BMA,128,GLCM Contrast,0,0,108,128,0.013824,3.672197,14.789968
BMA,128,GLCM Contrast,0,1,108,128,0.013824,3.784449,11.6215
BMA,128,GLCM Contrast,0,2,108,128,0.013824,3.309427,12.525722
BMA,128,GLCM Contrast,0,3,108,128,0.013824,3.666752,11.350634
BMA,128,GLCM Contrast,0,4,108,128,0.013824,3.367747,11.829435
BMA,128,GLCM Contrast,0,5,108,128,0.013824,3.663253,11.530466
BMA,128,GLCM Contrast,0,6,108,128,0.013824,3.489122,11.828351
BMA,128,GLCM Contrast,1,0,108,128,0.013824,3.334716,12.01297
BMA,128,GLCM Contrast,1,1,108,128,0.013824,3.427361,11.039374
BMA,128,GLCM Contrast,1,2,108,128,0.013824,3.563345,11.505617
BMA,128,GLCM Contrast,1,3,108,128,0.013824,3.393086,11.770672
BMA,128,GLCM Contrast,1,4,108,128,0.013824,3.419216,11.587679
BMA,128,GLCM Contrast,1,5,108,128,0.013824,3.323794,11.397723
BMA,128,GLCM Contrast,1,6,108,128,0.013824,3.323458,11.603413
BMA,128,GLCM Contrast,2,0,108,128,0.013824,3.320612,11.46698
BMA,128,GLCM Contrast,2,1,108,128,0.013824,3.319328,11.617945
BMA,128,GLCM Contrast,2,2,108,128,0.013824,3.373809,11.727883
BMA,128,GLCM Contrast,2,3,108,128,0.013824,3.349025,11.507441
BMA,128,GLCM Contrast,2,4,108,128,0.013824,3.373157,11.475828
BMA,128,GLCM Contrast,2,5,108,128,0.013824,3.327657,11.870348
BMA,128,GLCM Contrast,2,6,108,128,0.013824,3.388894,11.697505
TBI,1024,Wavelet Detail Energy (db1),0,0,768,1024,0.786432,11.15562,29.084565
TBI,1024,Wavelet Detail Energy (db1),0,1,768,1024,0.786432,11.19558,28.244489
TBI,1024,Wavelet Detail Energy (db1),0,2,768,1024,0.786432,10.913783,28.882681
TBI,1024,Wavelet Detail Energy (db1),0,3,768,1024,0.786432,11.612105,27.058269
TBI,1024,Wavelet Detail Energy (db1),0,4,768,1024,0.786432,10.747237,28.723885
TBI,1024,Wavelet Detail Energy (db1),0,5,768,1024,0.786432,11.209581,27.567338
TBI,1024,Wavelet Detail Energy (db1),0,6,768,1024,0.786432,11.374857,27.954242
TBI,1024,Wavelet Detail Energy (db1),1,0,768,1024,0.786432,11.629256,27.400592
TBI,1024,Wavelet Detail Energy (db1),1,1,768,1024,0.786432,11.217051,27.811492
TBI,1024,Wavelet Detail Energy (db1),1,2,768,1024,0.786432,11.633351,27.250479
TBI,1024,Wavelet Detail Energy (db1),1,3,768,1024,0.786432,10.846727,28.68815
TBI,1024,Wavelet Detail Energy (db1),1,4,768,1024,0.786432,11.23685,27.241656
TBI,1024,Wavelet Detail Energy (db1),1,5,768,1024,0.786432,10.708721,28.342061
TBI,1024,Wavelet Detail Energy (db1),1,6,768,1024,0.786432,11.535294,27.564952
TBI,1024,Wavelet Detail Energy (db1),2,0,768,1024,0.786432,10.561248,30.599133
TBI,1024,Wavelet Detail Energy (db1),2,1,768,1024,0.786432,11.510484,27.497735
TBI,1024,Wavelet Detail Energy (db1),2,2,768,1024,0.786432,10.759349,27.625836
TBI,1024,Wavelet Detail Energy (db1),2,3,768,1024,0.786432,11.136526,29.121443
TBI,1024,Wavelet Detail Energy (db1),2,4,768,1024,0.786432,10.859355,28.506716
TBI,1024,Wavelet Detail Energy (db1),2,5,768,1024,0.786432,11.188364,26.556913
TBI,1024,Wavelet Detail Energy (db1),2,6,768,1024,0.786432,10.6188,27.25473
BMA,512,Energy of Gradient,0,0,432,512,0.221184,0.444302,12.272987
BMA,512,Energy of Gradient,0,1,432,512,0.221184,0.510837,7.679435
BMA,512,Energy of Gradient,0,2,432,512,0.221184,0.559187,8.090826
BMA,512,Energy of Gradient,0,3,432,512,0.221184,0.592662,8.067105
BMA,512,Energy of Gradient,0,4,432,512,0.221184,0.491823,8.523782
BMA,512,Energy of Gradient,0,5,432,512,0.221184,0.56838,8.705009
BMA,512,Energy of Gradient,0,6,432,512,0.221184,0.539033,8.040187
BMA,512,Energy of Gradient,1,0,432,512,0.221184,0.507152,7.671001
BMA,512,Energy of Gradient,1,1,432,512,0.221184,0.533191,8.517686
BMA,512,Energy of Gradient,1,2,432,512,0.221184,0.552471,8.492021
BMA,512,Energy of Gradient,1,3,432,512,0.221184,0.551675,10.338732
BMA,512,Energy of Gradient,1,4,432,512,0.221184,0.547041,7.941241
BMA,512,Energy of Gradient,1,5,432,512,0.221184,0.528849,8.174075
BMA,512,Energy of Gradient,1,6,432,512,0.221184,0.538272,7.983311
BMA,512,Energy of Gradient,2,0,432,512,0.221184,0.508437,8.011245
BMA,512,Energy of Gradient,2,1,432,512,0.221184,0.488492,8.125005
BMA,512,Energy of Gradient,2,2,432,512,0.221184,0.553063,7.810804
BMA,512,Energy of Gradient,2,3,432,512,0.221184,0.540839,7.938963
BMA,512,Energy of Gradient,2,4,432,512,0.221184,0.528146,8.745342
BMA,512,Energy of Gradient,2,5,432,512,0.221184,0.634334,8.74487
BMA,512,Energy of Gradient,2,6,432,512,0.221184,0.583224,7.713479
TBF,1024,Intensity Range Index,0,0,864,1024,0.884736,0.936003,8.733026
TBF,1024,Intensity Range Index,0,1,864,1024,0.884736,0.769914,8.214793
TBF,1024,Intensity Range Index,0,2,864,1024,0.884736,0.780901,8.675837
TBF,1024,Intensity Range Index,0,3,864,1024,0.884736,0.865442,8.196526
TBF,1024,Intensity Range Index,0,4,864,1024,0.884736,0.794732,8.327184
TBF,1024,Intensity Range Index,0,5,864,1024,0.884736,0.789911,8.346495
TBF,1024,Intensity Range Index,0,6,864,1024,0.884736,0.843366,8.572647
TBF,1024,Intensity Range Index,1,0,864,1024,0.884736,0.931821,8.484255
TBF,1024,Intensity Range Index,1,1,864,1024,0.884736,0.852888,10.547997
TBF,1024,Intensity Range Index,1,2,864,1024,0.884736,0.830652,8.770716
TBF,1024,Intensity Range Index,1,3,864,1024,0.884736,0.827424,9.440683
TBF,1024,Intensity Range Index,1,4,864,1024,0.884736,0.78247,8.761636
TBF,1024,Intensity Range Index,1,5,864,1024,0.884736,0.868086,8.8393
TBF,1024,Intensity Range Index,1,6,864,1024,0.884736,0.7932,8.654006
TBF,1024,Intensity Range Index,2,0,864,1024,0.884736,0.681134,8.662154
TBF,1024,Intensity Range Index,2,1,864,1024,0.884736,0.922964,8.807118
TBF,1024,Intensity Range Index,2,2,864,1024,0.884736,0.899225,8.55594
TBF,1024,Intensity Range Index,2,3,864,1024,0.884736,0.921464,8.548042
TBF,1024,Intensity Range Index,2,4,864,1024,0.884736,0.915777,8.911025
TBF,1024,Intensity Range Index,2,5,864,1024,0.884736,0.881863,9.698324
TBF,1024,Intensity Range Index,2,6,864,1024,0.884736,0.962591,8.652462
BMA,1024,Variance of Gradient,0,0,864,1024,0.884736,2.918625,11.255598
BMA,1024,Variance of Gradient,0,1,864,1024,0.884736,3.061866,11.510383
BMA,1024,Variance of Gradient,0,2,864,1024,0.884736,3.812817,11.569369
BMA,1024,Variance of Gradient,0,3,864,1024,0.884736,2.821906,11.883718
BMA,1024,Variance of Gradient,0,4,864,1024,0.884736,3.201297,12.378329
BMA,1024,Variance of Gradient,0,5,864,1024,0.884736,2.993307,12.50295
BMA,1024,Variance of Gradient,0,6,864,1024,0.884736,3.085648,10.891543
BMA,1024,Variance of Gradient,1,0,864,1024,0.884736,2.590462,10.999226
BMA,1024,Variance of Gradient,1,1,864,1024,0.884736,3.153768,10.860211
BMA,1024,Variance of Gradient,1,2,864,1024,0.884736,2.821861,11.032701
BMA,1024,Variance of Gradient,1,3,864,1024,0.884736,3.005412,11.279422
BMA,1024,Variance of Gradient,1,4,864,1024,0.884736,3.152221,11.649265
BMA,1024,Variance of Gradient,1,5,864,1024,0.884736,3.252149,11.509812
BMA,1024,Variance of Gradient,1,6,864,1024,0.884736,2.76479,11.409296
BMA,1024,Variance of Gradient,2,0,864,1024,0.884736,2.901815,10.988812
BMA,1024,Variance of Gradient,2,1,864,1024,0.884736,2.743177,11.296798
BMA,1024,Variance of Gradient,2,2,864,1024,0.884736,2.996909,12.056163
BMA,1024,Variance of Gradient,2,3,864,1024,0.884736,3.039322,11.184423
BMA,1024,Variance of Gradient,2,4,864,1024,0.884736,3.259774,11.299052
BMA,1024,Variance of Gradient,2,5,864,1024,0.884736,3.007208,11.823904
BMA,1024,Variance of Gradient,2,6,864,1024,0.884736,2.877714,13.69809
WBC,native,Wavelet Detail Energy (db1),0,0,200,200,0.04,0.328822,0.421557
WBC,native,Wavelet Detail Energy (db1),0,1,200,200,0.04,0.342847,0.432931
WBC,native,Wavelet Detail Energy (db1),0,2,200,200,0.04,0.316908,0.318561
WBC,native,Wavelet Detail Energy (db1),0,3,200,200,0.04,0.252801,0.29596
WBC,native,Wavelet Detail Energy (db1),0,4,200,200,0.04,0.243382,0.310481
WBC,native,Wavelet Detail Energy (db1),0,5,200,200,0.04,0.26009,0.304748
WBC,native,Wavelet Detail Energy (db1),0,6,200,200,0.04,0.266927,0.292463
WBC,native,Wavelet Detail Energy (db1),1,0,200,200,0.04,0.265922,0.321497
WBC,native,Wavelet Detail Energy (db1),1,1,200,200,0.04,0.250447,0.289749
WBC,native,Wavelet Detail Energy (db1),1,2,200,200,0.04,0.241599,0.285184
WBC,native,Wavelet Detail Energy (db1),1,3,200,200,0.04,0.260368,0.301745
WBC,native,Wavelet Detail Energy (db1),1,4,200,200,0.04,0.244931,0.296766
WBC,native,Wavelet Detail Energy (db1),1,5,200,200,0.04,0.248052,0.305186
WBC,native,Wavelet Detail Energy (db1),1,6,200,200,0.04,0.241953,0.310436
WBC,native,Wavelet Detail Energy (db1),2,0,200,200,0.04,0.248769,0.315392
WBC,native,Wavelet Detail Energy (db1),2,1,200,200,0.04,0.246927,0.288595
WBC,native,Wavelet Detail Energy (db1),2,2,200,200,0.04,0.263054,0.293393
WBC,native,Wavelet Detail Energy (db1),2,3,200,200,0.04,0.244054,0.286044
WBC,native,Wavelet Detail Energy (db1),2,4,200,200,0.04,0.248086,0.345594
WBC,native,Wavelet Detail Energy (db1),2,5,200,200,0.04,0.274983,0.307361
WBC,native,Wavelet Detail Energy (db1),2,6,200,200,0.04,0.261942,0.296482
TBF,512,Wavelet W3,0,0,432,512,0.221184,2.36102,8.956755
TBF,512,Wavelet W3,0,1,432,512,0.221184,2.270599,9.25025
TBF,512,Wavelet W3,0,2,432,512,0.221184,2.508429,9.549173
TBF,512,Wavelet W3,0,3,432,512,0.221184,2.411912,9.27823
TBF,512,Wavelet W3,0,4,432,512,0.221184,2.389465,9.335376
TBF,512,Wavelet W3,0,5,432,512,0.221184,2.428021,11.920639
TBF,512,Wavelet W3,0,6,432,512,0.221184,2.428044,9.097536
TBF,512,Wavelet W3,1,0,432,512,0.221184,2.273685,9.510021
TBF,512,Wavelet W3,1,1,432,512,0.221184,2.458504,9.429983
TBF,512,Wavelet W3,1,2,432,512,0.221184,2.507715,9.895334
TBF,512,Wavelet W3,1,3,432,512,0.221184,2.714216,9.441556
TBF,512,Wavelet W3,1,4,432,512,0.221184,2.451326,9.421051
TBF,512,Wavelet W3,1,5,432,512,0.221184,3.278369,9.62696
TBF,512,Wavelet W3,1,6,432,512,0.221184,3.307179,10.389803
TBF,512,Wavelet W3,2,0,432,512,0.221184,2.5897,9.376534
TBF,512,Wavelet W3,2,1,432,512,0.221184,2.718449,9.361444
TBF,512,Wavelet W3,2,2,432,512,0.221184,2.485062,9.718052
TBF,512,Wavelet W3,2,3,432,512,0.221184,2.560848,9.751072
TBF,512,Wavelet W3,2,4,432,512,0.221184,2.449086,9.123626
TBF,512,Wavelet W3,2,5,432,512,0.221184,2.479013,9.694603
TBF,512,Wavelet W3,2,6,432,512,0.221184,2.48045,9.446395
TBF,512,Laplacian Energy,0,0,432,512,0.221184,2.563875,9.927207
TBF,512,Laplacian Energy,0,1,432,512,0.221184,3.131763,9.746379
TBF,512,Laplacian Energy,0,2,432,512,0.221184,2.424887,10.207411
TBF,512,Laplacian Energy,0,3,432,512,0.221184,3.072303,9.989978
TBF,512,Laplacian Energy,0,4,432,512,0.221184,2.528576,9.943928
TBF,512,Laplacian Energy,0,5,432,512,0.221184,2.73628,10.107702
TBF,512,Laplacian Energy,0,6,432,512,0.221184,2.645221,9.858588
TBF,512,Laplacian Energy,1,0,432,512,0.221184,2.784943,10.06174
TBF,512,Laplacian Energy,1,1,432,512,0.221184,2.672552,9.957628
TBF,512,Laplacian Energy,1,2,432,512,0.221184,2.570831,10.148348
TBF,512,Laplacian Energy,1,3,432,512,0.221184,2.797577,10.169111
TBF,512,Laplacian Energy,1,4,432,512,0.221184,2.662324,9.633042
TBF,512,Laplacian Energy,1,5,432,512,0.221184,2.751877,9.583286
TBF,512,Laplacian Energy,1,6,432,512,0.221184,8.750763,9.687768
TBF,512,Laplacian Energy,2,0,432,512,0.221184,3.347149,10.053782
TBF,512,Laplacian Energy,2,1,432,512,0.221184,2.685814,9.823167
TBF,512,Laplacian Energy,2,2,432,512,0.221184,2.467741,10.282219
TBF,512,Laplacian Energy,2,3,432,512,0.221184,2.513593,10.09658
TBF,512,Laplacian Energy,2,4,432,512,0.221184,2.737584,9.945341
TBF,512,Laplacian Energy,2,5,432,512,0.221184,2.853417,9.547738
TBF,512,Laplacian Energy,2,6,432,512,0.221184,2.402192,9.953893
TBF,1024,Wavelet Detail Energy (db1),0,0,864,1024,0.884736,12.831881,20.944782
TBF,1024,Wavelet Detail Energy (db1),0,1,864,1024,0.884736,12.27771,21.128214
TBF,1024,Wavelet Detail Energy (db1),0,2,864,1024,0.884736,13.686999,22.336067
TBF,1024,Wavelet Detail Energy (db1),0,3,864,1024,0.884736,13.226004,20.619783
TBF,1024,Wavelet Detail Energy (db1),0,4,864,1024,0.884736,12.085614,21.358525
TBF,1024,Wavelet Detail Energy (db1),0,5,864,1024,0.884736,12.748126,20.745711
TBF,1024,Wavelet Detail Energy (db1),0,6,864,1024,0.884736,12.320444,22.148882
TBF,1024,Wavelet Detail Energy (db1),1,0,864,1024,0.884736,13.406942,20.746469
TBF,1024,Wavelet Detail Energy (db1),1,1,864,1024,0.884736,12.037273,20.93117
TBF,1024,Wavelet Detail Energy (db1),1,2,864,1024,0.884736,12.426787,20.657992
TBF,1024,Wavelet Detail Energy (db1),1,3,864,1024,0.884736,11.940542,21.046204
TBF,1024,Wavelet Detail Energy (db1),1,4,864,1024,0.884736,12.452954,20.191105
TBF,1024,Wavelet Detail Energy (db1),1,5,864,1024,0.884736,12.169706,22.648905
TBF,1024,Wavelet Detail Energy (db1),1,6,864,1024,0.884736,12.880862,20.934311
TBF,1024,Wavelet Detail Energy (db1),2,0,864,1024,0.884736,12.626799,21.523234
TBF,1024,Wavelet Detail Energy (db1),2,1,864,1024,0.884736,12.687057,20.228647
TBF,1024,Wavelet Detail Energy (db1),2,2,864,1024,0.884736,12.076019,20.733949
TBF,1024,Wavelet Detail Energy (db1),2,3,864,1024,0.884736,13.177917,20.434889
TBF,1024,Wavelet Detail Energy (db1),2,4,864,1024,0.884736,12.151658,21.222376
TBF,1024,Wavelet Detail Energy (db1),2,5,864,1024,0.884736,12.995065,20.889309
TBF,1024,Wavelet Detail Energy (db1),2,6,864,1024,0.884736,13.139771,23.233156
TBI,1024,Spatial Frequency,0,0,768,1024,0.786432,3.182635,20.944202
TBI,1024,Spatial Frequency,0,1,768,1024,0.786432,2.789504,20.659065
TBI,1024,Spatial Frequency,0,2,768,1024,0.786432,3.07933,19.720881
TBI,1024,Spatial Frequency,0,3,768,1024,0.786432,3.124654,20.237093
TBI,1024,Spatial Frequency,0,4,768,1024,0.786432,3.286095,19.743552
TBI,1024,Spatial Frequency,0,5,768,1024,0.786432,2.981522,20.103117
TBI,1024,Spatial Frequency,0,6,768,1024,0.786432,3.120778,21.627553
TBI,1024,Spatial Frequency,1,0,768,1024,0.786432,3.389519,19.881832
TBI,1024,Spatial Frequency,1,1,768,1024,0.786432,3.094069,19.774521
TBI,1024,Spatial Frequency,1,2,768,1024,0.786432,2.917036,20.484192
TBI,1024,Spatial Frequency,1,3,768,1024,0.786432,2.963229,19.571437
TBI,1024,Spatial Frequency,1,4,768,1024,0.786432,2.872574,20.391003
TBI,1024,Spatial Frequency,1,5,768,1024,0.786432,3.402488,19.967827
TBI,1024,Spatial Frequency,1,6,768,1024,0.786432,3.331041,19.268352
TBI,1024,Spatial Frequency,2,0,768,1024,0.786432,3.047467,19.734123
TBI,1024,Spatial Frequency,2,1,768,1024,0.786432,3.252197,20.381246
TBI,1024,Spatial Frequency,2,2,768,1024,0.786432,3.121061,19.551382
TBI,1024,Spatial Frequency,2,3,768,1024,0.786432,2.742718,19.642023
TBI,1024,Spatial Frequency,2,4,768,1024,0.786432,2.905701,19.653187
TBI,1024,Spatial Frequency,2,5,768,1024,0.786432,3.035297,19.925482
TBI,1024,Spatial Frequency,2,6,768,1024,0.786432,3.514266,19.122211
WBC,128,Wavelet W3,0,0,128,128,0.016384,0.25333,0.610989
WBC,128,Wavelet W3,0,1,128,128,0.016384,0.230237,0.413606
WBC,128,Wavelet W3,0,2,128,128,0.016384,0.221424,0.390942
WBC,128,Wavelet W3,0,3,128,128,0.016384,0.208317,0.353349
WBC,128,Wavelet W3,0,4,128,128,0.016384,0.213988,0.369222
WBC,128,Wavelet W3,0,5,128,128,0.016384,0.215522,0.349744
WBC,128,Wavelet W3,0,6,128,128,0.016384,0.214176,0.343699
WBC,128,Wavelet W3,1,0,128,128,0.016384,0.224006,0.370918
WBC,128,Wavelet W3,1,1,128,128,0.016384,0.22351,0.349226
WBC,128,Wavelet W3,1,2,128,128,0.016384,0.199893,0.337104
WBC,128,Wavelet W3,1,3,128,128,0.016384,0.207863,0.365264
WBC,128,Wavelet W3,1,4,128,128,0.016384,0.200375,0.33502
WBC,128,Wavelet W3,1,5,128,128,0.016384,0.201963,0.324009
WBC,128,Wavelet W3,1,6,128,128,0.016384,0.211125,0.400668
WBC,128,Wavelet W3,2,0,128,128,0.016384,0.205308,0.35435
WBC,128,Wavelet W3,2,1,128,128,0.016384,0.207335,0.347917
WBC,128,Wavelet W3,2,2,128,128,0.016384,0.237221,0.334184
WBC,128,Wavelet W3,2,3,128,128,0.016384,0.201706,0.333786
WBC,128,Wavelet W3,2,4,128,128,0.016384,0.205988,0.326378
WBC,128,Wavelet W3,2,5,128,128,0.016384,0.197132,0.373525
WBC,128,Wavelet W3,2,6,128,128,0.016384,0.264274,0.354899
TBI,512,Histogram Entropy,0,0,384,512,0.196608,0.838757,17.273504
TBI,512,Histogram Entropy,0,1,384,512,0.196608,0.977402,19.809066
TBI,512,Histogram Entropy,0,2,384,512,0.196608,0.960664,18.239412
TBI,512,Histogram Entropy,0,3,384,512,0.196608,0.916423,17.67307
TBI,512,Histogram Entropy,0,4,384,512,0.196608,0.973862,17.276013
TBI,512,Histogram Entropy,0,5,384,512,0.196608,0.907055,17.665973
TBI,512,Histogram Entropy,0,6,384,512,0.196608,0.93609,18.467382
TBI,512,Histogram Entropy,1,0,384,512,0.196608,0.844528,17.274287
TBI,512,Histogram Entropy,1,1,384,512,0.196608,0.995387,17.467593
TBI,512,Histogram Entropy,1,2,384,512,0.196608,0.941454,17.1802
TBI,512,Histogram Entropy,1,3,384,512,0.196608,0.930922,17.037773
TBI,512,Histogram Entropy,1,4,384,512,0.196608,0.922404,17.282869
TBI,512,Histogram Entropy,1,5,384,512,0.196608,0.976108,17.25681
TBI,512,Histogram Entropy,1,6,384,512,0.196608,0.932834,18.613673
TBI,512,Histogram Entropy,2,0,384,512,0.196608,0.921713,18.323771
TBI,512,Histogram Entropy,2,1,384,512,0.196608,1.073253,17.118077
TBI,512,Histogram Entropy,2,2,384,512,0.196608,0.971425,17.429756
TBI,512,Histogram Entropy,2,3,384,512,0.196608,0.979936,17.756746
TBI,512,Histogram Entropy,2,4,384,512,0.196608,0.995091,17.831879
TBI,512,Histogram Entropy,2,5,384,512,0.196608,0.95657,17.852938
TBI,512,Histogram Entropy,2,6,384,512,0.196608,0.962328,17.980931
TBI,512,Image Power,0,0,384,512,0.196608,0.24497,16.48999
TBI,512,Image Power,0,1,384,512,0.196608,0.228071,16.496705
TBI,512,Image Power,0,2,384,512,0.196608,0.229013,17.578728
TBI,512,Image Power,0,3,384,512,0.196608,0.229849,17.803929
TBI,512,Image Power,0,4,384,512,0.196608,0.229415,16.979521
TBI,512,Image Power,0,5,384,512,0.196608,0.230037,16.423464
TBI,512,Image Power,0,6,384,512,0.196608,0.231651,16.798493
TBI,512,Image Power,1,0,384,512,0.196608,0.223828,17.497551
TBI,512,Image Power,1,1,384,512,0.196608,0.241478,16.951973
TBI,512,Image Power,1,2,384,512,0.196608,0.366484,16.489441
TBI,512,Image Power,1,3,384,512,0.196608,0.213961,16.415775
TBI,512,Image Power,1,4,384,512,0.196608,0.22285,16.538952
TBI,512,Image Power,1,5,384,512,0.196608,0.242723,16.582821
TBI,512,Image Power,1,6,384,512,0.196608,0.244513,17.337706
TBI,512,Image Power,2,0,384,512,0.196608,0.203387,16.938301
TBI,512,Image Power,2,1,384,512,0.196608,0.250646,15.857394
TBI,512,Image Power,2,2,384,512,0.196608,0.239392,15.90589
TBI,512,Image Power,2,3,384,512,0.196608,0.242633,16.125755
TBI,512,Image Power,2,4,384,512,0.196608,0.242907,16.556787
TBI,512,Image Power,2,5,384,512,0.196608,0.237256,16.83242
TBI,512,Image Power,2,6,384,512,0.196608,0.232372,16.391005
WBC,1024,Intensity Skewness Index,0,0,1024,1024,1.048576,9.16667,9.002345
WBC,1024,Intensity Skewness Index,0,1,1024,1024,1.048576,8.631526,10.273198
WBC,1024,Intensity Skewness Index,0,2,1024,1024,1.048576,9.349229,9.933753
WBC,1024,Intensity Skewness Index,0,3,1024,1024,1.048576,9.484663,10.858869
WBC,1024,Intensity Skewness Index,0,4,1024,1024,1.048576,9.942414,10.01272
WBC,1024,Intensity Skewness Index,0,5,1024,1024,1.048576,9.578437,11.909682
WBC,1024,Intensity Skewness Index,0,6,1024,1024,1.048576,12.799281,10.306143
WBC,1024,Intensity Skewness Index,1,0,1024,1024,1.048576,9.61491,11.692139
WBC,1024,Intensity Skewness Index,1,1,1024,1024,1.048576,10.815791,9.759747
WBC,1024,Intensity Skewness Index,1,2,1024,1024,1.048576,9.121271,11.079226
WBC,1024,Intensity Skewness Index,1,3,1024,1024,1.048576,10.485043,9.706469
WBC,1024,Intensity Skewness Index,1,4,1024,1024,1.048576,9.4687,11.08846
WBC,1024,Intensity Skewness Index,1,5,1024,1024,1.048576,10.17544,9.518527
WBC,1024,Intensity Skewness Index,1,6,1024,1024,1.048576,8.686174,10.608036
WBC,1024,Intensity Skewness Index,2,0,1024,1024,1.048576,9.810691,9.843682
WBC,1024,Intensity Skewness Index,2,1,1024,1024,1.048576,9.00833,11.355532
WBC,1024,Intensity Skewness Index,2,2,1024,1024,1.048576,10.545492,9.645363
WBC,1024,Intensity Skewness Index,2,3,1024,1024,1.048576,8.822337,11.215002
WBC,1024,Intensity Skewness Index,2,4,1024,1024,1.048576,10.272049,10.540289
WBC,1024,Intensity Skewness Index,2,5,1024,1024,1.048576,9.326486,10.899778
WBC,1024,Intensity Skewness Index,2,6,1024,1024,1.048576,9.776231,9.315901
TBF,128,Curvelet Transform Sharpness Index,0,0,108,128,0.013824,0.13808,11.577176
TBF,128,Curvelet Transform Sharpness Index,0,1,108,128,0.013824,0.12349,7.583913
TBF,128,Curvelet Transform Sharpness Index,0,2,108,128,0.013824,0.125678,7.842791
TBF,128,Curvelet Transform Sharpness Index,0,3,108,128,0.013824,0.138174,7.892207
TBF,128,Curvelet Transform Sharpness Index,0,4,108,128,0.013824,0.14406,7.503772
TBF,128,Curvelet Transform Sharpness Index,0,5,108,128,0.013824,0.154825,7.65971
TBF,128,Curvelet Transform Sharpness Index,0,6,108,128,0.013824,0.158495,7.603839
TBF,128,Curvelet Transform Sharpness Index,1,0,108,128,0.013824,0.117636,7.642599
TBF,128,Curvelet Transform Sharpness Index,1,1,108,128,0.013824,0.14922,7.780902
TBF,128,Curvelet Transform Sharpness Index,1,2,108,128,0.013824,0.29639,8.006669
TBF,128,Curvelet Transform Sharpness Index,1,3,108,128,0.013824,0.145528,7.447755
TBF,128,Curvelet Transform Sharpness Index,1,4,108,128,0.013824,0.129466,8.428689
TBF,128,Curvelet Transform Sharpness Index,1,5,108,128,0.013824,0.208995,8.081863
TBF,128,Curvelet Transform Sharpness Index,1,6,108,128,0.013824,0.134688,8.800451
TBF,128,Curvelet Transform Sharpness Index,2,0,108,128,0.013824,0.119467,8.254777
TBF,128,Curvelet Transform Sharpness Index,2,1,108,128,0.013824,0.167969,8.324446
TBF,128,Curvelet Transform Sharpness Index,2,2,108,128,0.013824,0.160163,7.815729
TBF,128,Curvelet Transform Sharpness Index,2,3,108,128,0.013824,0.12991,8.017063
TBF,128,Curvelet Transform Sharpness Index,2,4,108,128,0.013824,0.141228,7.225452
TBF,128,Curvelet Transform Sharpness Index,2,5,108,128,0.013824,0.132153,8.523248
TBF,128,Curvelet Transform Sharpness Index,2,6,108,128,0.013824,0.137819,7.580737
WBC,128,Normalized Variance,0,0,128,128,0.016384,0.035762,0.240724
WBC,128,Normalized Variance,0,1,128,128,0.016384,0.03712,0.162867
WBC,128,Normalized Variance,0,2,128,128,0.016384,0.034831,0.163356
WBC,128,Normalized Variance,0,3,128,128,0.016384,0.036521,0.16267
WBC,128,Normalized Variance,0,4,128,128,0.016384,0.034768,0.156803
WBC,128,Normalized Variance,0,5,128,128,0.016384,0.058173,0.18293
WBC,128,Normalized Variance,0,6,128,128,0.016384,0.039225,0.190603
WBC,128,Normalized Variance,1,0,128,128,0.016384,0.033962,0.164034
WBC,128,Normalized Variance,1,1,128,128,0.016384,0.034537,0.154791
WBC,128,Normalized Variance,1,2,128,128,0.016384,0.034281,0.154696
WBC,128,Normalized Variance,1,3,128,128,0.016384,0.034948,0.517166
WBC,128,Normalized Variance,1,4,128,128,0.016384,0.077195,0.305165
WBC,128,Normalized Variance,1,5,128,128,0.016384,0.043229,0.16547
WBC,128,Normalized Variance,1,6,128,128,0.016384,0.035324,0.157508
WBC,128,Normalized Variance,2,0,128,128,0.016384,0.033898,0.158721
WBC,128,Normalized Variance,2,1,128,128,0.016384,0.034363,0.193655
WBC,128,Normalized Variance,2,2,128,128,0.016384,0.036626,0.16705
WBC,128,Normalized Variance,2,3,128,128,0.016384,0.035396,0.157512
WBC,128,Normalized Variance,2,4,128,128,0.016384,0.034636,0.155422
WBC,128,Normalized Variance,2,5,128,128,0.016384,0.034414,0.153786
WBC,128,Normalized Variance,2,6,128,128,0.016384,0.034316,0.153003
TBI,128,Intensity Range Index,0,0,96,128,0.012288,0.010234,12.148433
TBI,128,Intensity Range Index,0,1,96,128,0.012288,0.020969,16.104285
TBI,128,Intensity Range Index,0,2,96,128,0.012288,0.018506,15.581623
TBI,128,Intensity Range Index,0,3,96,128,0.012288,0.015346,15.096093
TBI,128,Intensity Range Index,0,4,96,128,0.012288,0.013111,14.860271
TBI,128,Intensity Range Index,0,5,96,128,0.012288,0.014222,14.881443
TBI,128,Intensity Range Index,0,6,96,128,0.012288,0.013547,14.867565
TBI,128,Intensity Range Index,1,0,96,128,0.012288,0.010588,37.863024
TBI,128,Intensity Range Index,1,1,96,128,0.012288,0.012849,16.033913
TBI,128,Intensity Range Index,1,2,96,128,0.012288,0.019559,15.62323
TBI,128,Intensity Range Index,1,3,96,128,0.012288,0.014517,15.087853
TBI,128,Intensity Range Index,1,4,96,128,0.012288,0.015025,14.839306
TBI,128,Intensity Range Index,1,5,96,128,0.012288,0.016015,15.43162
TBI,128,Intensity Range Index,1,6,96,128,0.012288,0.013645,15.360702
TBI,128,Intensity Range Index,2,0,96,128,0.012288,0.010647,15.511667
TBI,128,Intensity Range Index,2,1,96,128,0.012288,0.01499,16.585208
TBI,128,Intensity Range Index,2,2,96,128,0.012288,0.017151,15.600425
TBI,128,Intensity Range Index,2,3,96,128,0.012288,0.015085,15.205197
TBI,128,Intensity Range Index,2,4,96,128,0.012288,0.01332,15.585445
TBI,128,Intensity Range Index,2,5,96,128,0.012288,0.016888,15.799099
TBI,128,Intensity Range Index,2,6,96,128,0.012288,0.015707,15.33171
TBI,native,Intensity Variance,0,0,2112,2816,5.947392,25.196748,40.060124
TBI,native,Intensity Variance,0,1,2112,2816,5.947392,20.808713,36.228356
TBI,native,Intensity Variance,0,2,2112,2816,5.947392,21.372183,28.315774
TBI,native,Intensity Variance,0,3,2112,2816,5.947392,22.351077,28.203949
TBI,native,Intensity Variance,0,4,2112,2816,5.947392,22.565157,29.175714
TBI,native,Intensity Variance,0,5,2112,2816,5.947392,20.730719,28.061075
TBI,native,Intensity Variance,0,6,2112,2816,5.947392,21.981825,30.238745
TBI,native,Intensity Variance,1,0,2112,2816,5.947392,21.403892,27.779523
TBI,native,Intensity Variance,1,1,2112,2816,5.947392,20.825599,29.187653
TBI,native,Intensity Variance,1,2,2112,2816,5.947392,21.404935,28.256835
TBI,native,Intensity Variance,1,3,2112,2816,5.947392,22.136516,28.5663
TBI,native,Intensity Variance,1,4,2112,2816,5.947392,22.229338,28.008231
TBI,native,Intensity Variance,1,5,2112,2816,5.947392,20.642947,27.210701
TBI,native,Intensity Variance,1,6,2112,2816,5.947392,21.625823,29.477107
TBI,native,Intensity Variance,2,0,2112,2816,5.947392,21.39652,29.032327
TBI,native,Intensity Variance,2,1,2112,2816,5.947392,22.203723,27.517144
TBI,native,Intensity Variance,2,2,2112,2816,5.947392,22.119111,30.379517
TBI,native,Intensity Variance,2,3,2112,2816,5.947392,23.077048,28.392411
TBI,native,Intensity Variance,2,4,2112,2816,5.947392,21.407831,30.287364
TBI,native,Intensity Variance,2,5,2112,2816,5.947392,22.58528,27.759903
TBI,native,Intensity Variance,2,6,2112,2816,5.947392,21.333364,28.01019
