img_num,rel_x,rel_y,cell_roi_w,cell_roi_h,label
0,43,55,114,90,metamyelocyte
1,57,52,87,96,myelocyte
2,37,49,126,102,seg_neutrophil
3,52,51,96,99,seg_neutrophil
4,43,43,114,114,seg_neutrophil
5,48,48,105,105,metamyelocyte
6,54,42,93,117,seg_neutrophil
7,45,58,111,84,seg_neutrophil
8,46,43,108,114,seg_neutrophil
9,43,49,114,102,metamyelocyte
10,51,51,99,99,band_neutrophil
11,42,54,117,93,band_neutrophil
12,49,54,102,93,band_neutrophil
13,51,54,84,93,band_neutrophil
14,42,45,117,111,band_neutrophil
15,49,49,102,102,myelocyte
16,48,55,105,90,seg_neutrophil
17,45,57,111,87,band_neutrophil
18,39,52,117,96,myelocyte
19,49,51,102,99,seg_neutrophil
20,48,57,105,87,band_neutrophil
21,51,49,99,102,seg_neutrophil
22,43,45,114,111,metamyelocyte
23,18,54,105,93,myelocyte
24,52,64,96,72,myelocyte
25,57,57,87,87,seg_neutrophil
26,48,57,105,87,myelocyte
27,45,58,111,84,myelocyte
28,46,49,108,102,seg_neutrophil
29,52,67,96,66,seg_neutrophil
30,58,57,84,87,lymphocyte
31,52,66,96,69,seg_neutrophil
32,43,58,114,84,myelocyte
33,54,58,93,84,band_neutrophil
34,34,43,132,114,myelocyte
35,45,64,111,72,band_neutrophil
36,46,51,108,99,myelocyte
37,51,51,99,99,seg_neutrophil
38,58,60,84,81,seg_neutrophil
39,58,57,84,87,seg_neutrophil
40,58,57,84,87,seg_neutrophil
41,46,58,108,84,seg_neutrophil
42,48,55,105,90,band_neutrophil
43,51,57,99,87,metamyelocyte
44,49,51,102,99,metamyelocyte
45,43,49,114,102,monocyte
46,45,57,111,87,metamyelocyte
47,39,56,123,111,monocyte
48,48,54,105,93,seg_neutrophil
49,61,55,78,90,lymphocyte
50,40,54,120,93,seg_neutrophil
51,52,52,96,96,metamyelocyte
52,45,52,111,96,band_neutrophil
53,39,37,123,126,monocyte
54,57,54,87,75,lymphocyte
55,42,45,117,111,monocyte
56,34,40,132,120,lymphocyte
57,46,52,108,96,seg_neutrophil
58,49,48,102,105,band_neutrophil
59,48,49,105,102,band_neutrophil
60,48,51,105,99,metamyelocyte
61,55,46,90,108,band_neutrophil
62,51,48,99,105,seg_neutrophil
63,52,55,96,90,myelocyte
64,43,42,114,117,band_neutrophil
65,52,51,96,99,seg_neutrophil
66,37,58,126,84,seg_neutrophil
67,43,49,114,102,seg_neutrophil
68,49,45,102,111,myelocyte
69,49,46,102,108,myelocyte
70,33,36,135,129,myelocyte
71,48,54,105,93,band_neutrophil
72,49,80,102,99,band_neutrophil
73,46,40,108,120,seg_neutrophil
74,43,54,114,93,seg_neutrophil
75,42,52,117,96,seg_neutrophil
76,43,51,114,99,band_neutrophil
77,66,60,69,81,lymphocyte
78,12,52,93,96,seg_neutrophil
79,45,46,111,108,myelocyte
80,43,54,114,93,band_neutrophil
81,49,57,102,87,metamyelocyte
82,48,52,105,96,band_neutrophil
83,57,49,87,102,seg_neutrophil
84,49,55,102,90,seg_neutrophil
85,51,57,99,87,seg_neutrophil
86,61,63,78,63,lymphocyte
87,45,46,111,108,monocyte
88,52,52,96,96,seg_neutrophil
89,46,60,108,81,myelocyte
90,60,21,81,108,band_neutrophil
91,39,52,123,96,myelocyte
92,43,61,114,78,seg_neutrophil
93,49,57,102,87,metamyelocyte
94,46,57,108,87,band_neutrophil
95,51,60,99,81,band_neutrophil
96,39,54,123,93,myelocyte
97,43,52,114,96,seg_neutrophil
98,52,52,96,96,seg_neutrophil
99,46,77,108,90,seg_neutrophil
100,46,51,108,99,seg_neutrophil
101,57,54,87,93,immature_wbc
102,46,48,108,105,seg_neutrophil
103,48,54,105,93,seg_neutrophil
104,34,45,132,111,band_neutrophil
105,51,39,99,96,seg_neutrophil
106,46,43,108,114,seg_neutrophil
107,52,45,96,111,band_neutrophil
108,48,55,99,90,band_neutrophil
109,60,61,69,78,lymphocyte
110,46,48,108,105,seg_neutrophil
111,63,89,75,72,lymphocyte
112,55,51,90,99,myelocyte
113,43,45,114,111,seg_neutrophil
114,39,15,123,108,myelocyte
115,30,58,96,84,seg_neutrophil
116,49,55,102,90,band_neutrophil
117,42,45,117,111,seg_neutrophil
118,57,51,87,99,immature_wbc
119,49,52,102,96,band_neutrophil
120,54,57,93,87,myelocyte
121,34,46,132,108,metamyelocyte
122,45,49,111,102,seg_neutrophil
123,52,49,96,102,band_neutrophil
124,46,55,108,90,band_neutrophil
125,45,51,111,99,myelocyte
126,45,52,111,96,myelocyte
127,39,54,123,93,myelocyte
128,55,55,90,90,seg_neutrophil
129,45,89,111,87,seg_neutrophil
130,67,63,66,75,lymphocyte
131,49,42,102,90,myelocyte
132,54,61,93,78,myelocyte
133,52,64,96,72,myelocyte
134,46,55,108,90,myelocyte
135,52,52,96,96,band_neutrophil
136,46,48,108,105,metamyelocyte
137,46,49,108,102,myelocyte
138,51,54,99,93,band_neutrophil
139,55,49,90,102,myelocyte
140,86,46,105,108,seg_neutrophil
141,45,52,111,96,seg_neutrophil
142,37,46,126,108,lymphocyte
143,42,49,117,102,myelocyte
144,55,51,90,99,band_neutrophil
145,51,60,99,81,myelocyte
146,37,98,126,90,metamyelocyte
147,42,54,117,93,seg_neutrophil
148,51,51,99,99,seg_neutrophil
149,46,83,108,111,seg_neutrophil
150,49,49,102,102,band_neutrophil
151,65,45,108,111,band_neutrophil
152,48,45,105,111,seg_neutrophil
153,70,57,60,87,lymphocyte
154,52,46,96,108,myelocyte
155,48,55,105,90,band_neutrophil
156,43,52,114,96,seg_neutrophil
157,52,49,96,102,band_neutrophil
158,48,46,105,108,metamyelocyte
159,54,49,93,102,band_neutrophil
160,54,51,93,99,band_neutrophil
161,46,46,108,108,metamyelocyte
162,45,54,111,93,band_neutrophil
163,49,46,102,108,myelocyte
164,37,48,126,105,myelocyte
165,24,46,99,108,myelocyte
166,45,48,111,105,band_neutrophil
167,54,61,93,78,seg_neutrophil
168,49,58,102,84,metamyelocyte
169,12,51,87,99,seg_neutrophil
170,54,51,93,99,band_neutrophil
171,43,46,114,108,band_neutrophil
172,46,52,108,96,band_neutrophil
173,39,37,123,126,band_neutrophil
174,6,52,99,96,seg_neutrophil
175,46,48,108,105,seg_neutrophil
176,51,57,99,87,seg_neutrophil
177,46,57,108,87,myelocyte
178,40,58,120,84,myelocyte
179,52,51,96,99,seg_neutrophil
180,54,15,93,90,band_neutrophil
181,55,54,90,93,band_neutrophil
182,52,55,96,90,band_neutrophil
183,55,63,90,75,myelocyte
184,15,52,102,96,band_neutrophil
185,51,42,99,117,myelocyte
186,51,54,99,93,seg_neutrophil
187,51,55,99,90,band_neutrophil
188,49,57,102,87,seg_neutrophil
189,39,55,123,90,band_neutrophil
190,51,52,99,96,band_neutrophil
191,67,63,66,75,lymphocyte
192,52,55,96,90,myelocyte
193,48,55,105,90,seg_neutrophil
194,66,67,69,66,lymphocyte
195,15,63,57,75,lymphocyte
196,67,63,66,75,lymphocyte
197,89,51,93,99,band_neutrophil
198,63,63,75,75,lymphocyte
199,48,51,105,93,band_neutrophil
200,54,49,93,102,seg_neutrophil
201,43,12,114,90,seg_neutrophil
202,48,49,105,102,band_neutrophil
203,51,92,99,96,band_neutrophil
204,49,51,102,99,band_neutrophil
205,39,45,123,111,seg_neutrophil
206,43,52,114,96,seg_neutrophil
207,77,60,99,81,myelocyte
208,46,48,108,105,band_neutrophil
209,46,51,108,99,band_neutrophil
210,60,60,81,81,lymphocyte
211,45,45,111,111,seg_neutrophil
212,52,55,96,90,myelocyte
213,34,51,132,99,metamyelocyte
214,43,46,114,108,myelocyte
215,46,51,108,99,band_neutrophil
216,51,51,99,99,immature_wbc
217,49,54,102,93,myelocyte
218,55,43,90,114,band_neutrophil
219,52,48,96,105,immature_wbc
220,52,39,96,84,immature_wbc
221,51,52,99,96,immature_wbc
222,51,92,99,81,immature_wbc
223,48,45,105,111,immature_wbc
224,55,52,90,96,immature_wbc
225,48,57,105,87,immature_wbc
226,49,46,102,108,immature_wbc
227,58,60,84,81,immature_wbc
228,55,63,90,75,immature_wbc
229,58,54,84,93,immature_wbc
230,57,36,87,84,immature_wbc
231,43,54,114,93,seg_neutrophil
232,58,58,84,84,immature_wbc
233,54,48,93,105,immature_wbc
234,49,52,102,96,immature_wbc
235,48,51,105,99,immature_wbc
236,52,55,96,90,immature_wbc
237,49,49,102,102,seg_neutrophil
238,57,60,87,81,immature_wbc
239,48,49,105,102,immature_wbc
240,48,58,105,84,immature_wbc
241,57,49,87,102,immature_wbc
242,58,54,84,93,seg_neutrophil
243,51,49,99,102,immature_wbc
244,49,58,102,84,immature_wbc
245,51,58,99,84,seg_neutrophil
246,40,55,120,90,seg_neutrophil
247,55,58,90,84,band_neutrophil
248,83,57,108,87,seg_neutrophil
249,57,52,87,96,immature_wbc
250,49,57,102,87,seg_neutrophil
251,49,55,102,90,immature_wbc
252,51,52,99,96,immature_wbc
253,37,52,126,96,immature_wbc
254,48,55,105,90,immature_wbc
255,28,51,144,99,immature_wbc
256,52,52,96,96,immature_wbc
257,55,74,90,99,immature_wbc
258,54,49,93,102,seg_neutrophil
259,55,55,90,90,immature_wbc
260,45,45,111,111,immature_wbc
261,49,57,102,87,immature_wbc
262,46,57,108,87,immature_wbc
263,55,54,90,93,immature_wbc
264,54,57,93,87,immature_wbc
265,55,54,90,93,immature_wbc
266,61,57,78,87,seg_neutrophil
267,95,64,102,72,band_neutrophil
268,60,49,81,102,immature_wbc
269,40,54,120,93,immature_wbc
270,49,57,102,87,immature_wbc
271,60,42,81,117,immature_wbc
272,57,54,87,93,immature_wbc
273,49,95,102,99,immature_wbc
274,58,54,84,93,immature_wbc
275,48,49,105,102,immature_wbc
276,55,49,90,102,band_neutrophil
277,61,55,78,90,band_neutrophil
278,52,46,96,108,metamyelocyte
279,45,57,111,87,band_neutrophil
280,104,54,93,93,immature_wbc
281,55,52,90,96,immature_wbc
282,40,43,120,114,immature_wbc
283,51,52,99,96,immature_wbc
284,60,61,81,78,band_neutrophil
285,49,51,102,99,immature_wbc
286,42,54,117,93,immature_wbc
287,45,52,111,96,seg_neutrophil
288,52,57,96,87,immature_wbc
289,25,34,150,132,immature_wbc
290,63,30,75,72,band_neutrophil
291,46,57,108,87,immature_wbc
292,46,54,108,93,immature_wbc
293,48,58,105,84,immature_wbc
294,21,37,159,126,immature_wbc
295,60,51,81,99,immature_wbc
296,52,63,96,75,immature_wbc
297,54,54,93,93,immature_wbc
298,48,52,105,96,immature_wbc
299,49,57,102,87,band_neutrophil
300,51,57,99,87,immature_wbc
301,57,58,87,84,immature_wbc
302,74,54,87,93,immature_wbc
303,54,40,93,120,immature_wbc
304,40,49,120,102,immature_wbc
305,55,52,90,96,immature_wbc
306,54,51,93,99,seg_neutrophil
307,43,86,114,111,seg_neutrophil
308,39,45,123,111,immature_wbc
309,54,55,93,90,immature_wbc
310,57,54,87,93,immature_wbc
311,6,51,102,99,immature_wbc
312,48,51,105,99,immature_wbc
313,36,42,129,117,immature_wbc
314,49,54,102,93,immature_wbc
315,52,60,96,81,immature_wbc
316,49,48,102,105,immature_wbc
317,58,58,84,84,band_neutrophil
318,51,48,99,105,immature_wbc
319,54,49,93,102,immature_wbc
320,49,57,102,87,immature_wbc
321,55,58,90,84,band_neutrophil
322,43,39,114,123,immature_wbc
323,51,54,96,93,immature_wbc
324,92,54,99,93,immature_wbc
325,49,42,102,117,immature_wbc
326,45,57,111,87,immature_wbc
327,51,57,99,87,immature_wbc
328,51,55,99,90,immature_wbc
329,52,58,96,84,immature_wbc
330,49,58,102,84,immature_wbc
331,43,46,114,108,immature_wbc
332,54,39,93,87,immature_wbc
333,54,54,93,93,immature_wbc
334,57,65,87,81,immature_wbc
335,46,49,108,102,immature_wbc
336,54,60,93,81,band_neutrophil
337,52,55,96,90,band_neutrophil
338,54,61,93,78,band_neutrophil
339,55,51,90,99,immature_wbc
340,61,61,78,78,immature_wbc
341,49,52,102,96,immature_wbc
342,48,55,105,90,immature_wbc
343,46,49,108,102,immature_wbc
344,57,57,87,87,immature_wbc
345,52,51,96,99,immature_wbc
346,46,52,108,96,band_neutrophil
347,40,43,120,114,immature_wbc
348,57,57,87,87,immature_wbc
349,46,49,108,102,immature_wbc
350,58,54,84,93,lymphocyte
351,55,57,90,87,immature_wbc
352,60,55,81,90,immature_wbc
353,46,46,108,108,immature_wbc
354,49,42,102,117,immature_wbc
355,46,49,108,102,immature_wbc
356,48,48,105,105,immature_wbc
357,46,57,108,87,immature_wbc
358,60,54,81,93,immature_wbc
359,64,63,72,75,lymphocyte
360,64,58,72,84,immature_wbc
361,51,54,99,93,immature_wbc
362,52,51,96,99,immature_wbc
363,36,40,129,120,immature_wbc
364,12,55,108,90,immature_wbc
365,60,57,81,87,immature_wbc
366,37,40,126,120,immature_wbc
367,49,57,102,87,immature_wbc
368,43,55,114,90,immature_wbc
369,51,48,99,105,immature_wbc
370,54,51,93,99,immature_wbc
371,55,57,90,87,immature_wbc
372,54,55,93,90,immature_wbc
373,43,40,114,120,immature_wbc
374,51,49,99,102,immature_wbc
375,54,52,93,96,immature_wbc
376,51,52,99,96,immature_wbc
377,48,60,105,81,immature_wbc
378,52,52,96,96,immature_wbc
379,56,56,93,90,immature_wbc
380,48,49,105,102,immature_wbc
381,49,45,102,111,eosinophil
382,49,46,102,108,immature_wbc
383,52,53,96,96,lymphocyte
384,40,40,120,120,immature_wbc
385,53,51,114,99,immature_wbc
386,55,60,90,81,immature_wbc
387,54,52,93,96,immature_wbc
388,46,46,108,108,immature_wbc
389,55,54,90,93,immature_wbc
390,54,54,93,93,immature_wbc
391,57,51,87,99,immature_wbc
392,49,15,102,96,immature_wbc
393,45,49,111,102,immature_wbc
394,52,52,96,96,immature_wbc
395,52,55,96,90,immature_wbc
396,58,66,84,69,immature_wbc
397,39,46,123,108,immature_wbc
398,49,51,102,99,lymphocyte
399,36,44,129,144,immature_wbc
400,60,57,81,87,seg_neutrophil
401,39,42,123,117,immature_wbc
402,55,48,90,105,immature_wbc
403,39,42,123,117,immature_wbc
404,34,40,132,120,seg_neutrophil
405,39,39,123,123,immature_wbc
406,52,58,96,84,immature_wbc
407,42,61,117,78,immature_wbc
408,54,55,93,90,immature_wbc
409,49,55,102,90,immature_wbc
410,33,36,135,129,monocyte
411,46,49,108,102,seg_neutrophil
412,52,101,96,69,immature_wbc
413,39,48,123,105,immature_wbc
414,45,57,111,87,artifact
415,55,49,90,102,immature_wbc
416,57,57,87,87,immature_wbc
417,60,51,81,99,seg_neutrophil
418,55,58,90,84,immature_wbc
419,49,52,102,96,immature_wbc
420,55,21,90,90,immature_wbc
421,49,51,102,99,immature_wbc
422,58,54,84,93,immature_wbc
423,54,57,93,87,immature_wbc
424,51,58,99,84,seg_neutrophil
425,16,31,168,138,immature_wbc
426,54,54,93,93,immature_wbc
427,48,58,105,84,immature_wbc
428,40,49,120,102,immature_wbc
429,57,63,87,75,band_neutrophil
430,45,92,111,90,immature_wbc
431,46,42,108,117,immature_wbc
432,61,61,78,78,seg_neutrophil
433,52,51,96,99,immature_wbc
434,49,57,102,87,immature_wbc
435,39,39,114,123,immature_wbc
436,46,51,108,99,immature_wbc
437,33,42,135,117,monocyte
438,54,48,93,105,seg_neutrophil
439,42,57,117,87,immature_wbc
440,48,51,105,99,immature_wbc
441,25,36,150,129,immature_wbc
442,47,45,111,111,immature_wbc
443,52,48,96,105,immature_wbc
444,57,54,87,93,seg_neutrophil
445,36,51,114,99,immature_wbc
446,40,45,120,93,immature_wbc
447,46,52,108,96,immature_wbc
448,58,52,84,96,immature_wbc
449,50,54,108,93,immature_wbc
450,57,54,87,93,immature_wbc
451,37,37,126,126,immature_wbc
452,34,28,132,144,monocyte
453,52,55,96,90,immature_wbc
454,57,61,87,78,immature_wbc
455,25,33,150,135,immature_wbc
456,49,60,102,81,immature_wbc
457,37,33,126,135,immature_wbc
458,57,45,87,78,immature_wbc
459,45,45,111,111,immature_wbc
460,55,63,90,75,immature_wbc
461,54,55,93,90,immature_wbc
462,51,58,99,84,immature_wbc
463,43,51,114,99,immature_wbc
464,52,55,96,90,immature_wbc
465,51,51,99,99,immature_wbc
466,55,54,90,93,seg_neutrophil
467,51,58,99,84,immature_wbc
468,52,55,96,90,immature_wbc
469,37,54,126,93,immature_wbc
470,45,54,111,93,immature_wbc
471,42,42,117,117,immature_wbc
472,51,95,99,99,immature_wbc
473,69,67,63,66,lymphocyte
474,42,61,117,78,immature_wbc
475,49,55,102,90,basophil
476,54,56,93,105,immature_wbc
477,30,49,141,102,immature_wbc
478,52,61,96,78,immature_wbc
479,61,55,78,90,immature_wbc
480,77,51,117,99,immature_wbc
481,57,60,87,81,immature_wbc
482,52,57,96,87,immature_wbc
483,55,57,90,87,metamyelocyte
484,51,60,99,81,immature_wbc
485,25,45,150,111,immature_wbc
486,52,57,96,87,immature_wbc
487,58,51,84,99,immature_wbc
488,60,61,81,78,immature_wbc
489,46,43,108,114,immature_wbc
490,54,49,93,102,immature_wbc
491,58,98,84,93,immature_wbc
492,51,55,99,90,immature_wbc
493,49,57,102,87,immature_wbc
494,66,57,69,87,immature_wbc
495,57,54,87,93,immature_wbc
496,45,48,111,105,immature_wbc
497,63,55,75,90,immature_wbc
498,54,54,93,93,immature_wbc
499,55,40,90,120,immature_wbc
500,58,55,84,90,immature_wbc
501,61,55,78,90,immature_wbc
502,61,61,78,78,immature_wbc
503,57,69,87,63,immature_wbc
504,51,36,99,87,immature_wbc
505,52,63,96,75,immature_wbc
506,60,52,81,96,immature_wbc
507,54,57,93,87,immature_wbc
508,51,51,99,99,immature_wbc
509,58,60,84,81,immature_wbc
510,60,54,81,93,immature_wbc
511,42,39,117,123,immature_wbc
512,49,24,102,102,immature_wbc
513,55,57,90,87,immature_wbc
514,54,54,93,93,immature_wbc
515,55,57,90,87,immature_wbc
516,54,48,93,105,immature_wbc
517,60,55,81,90,immature_wbc
518,55,48,90,105,immature_wbc
519,52,54,96,93,immature_wbc
520,54,63,93,75,immature_wbc
521,61,55,78,90,immature_wbc
522,42,54,117,93,immature_wbc
523,45,49,111,102,immature_wbc
524,42,48,117,105,immature_wbc
525,61,64,78,72,immature_wbc
526,46,57,108,87,immature_wbc
527,54,45,93,111,immature_wbc
528,3,49,96,102,immature_wbc
529,43,39,114,123,immature_wbc
530,55,95,90,96,immature_wbc
531,57,64,87,72,immature_wbc
532,54,57,93,87,immature_wbc
533,51,51,99,99,immature_wbc
534,37,58,126,84,immature_wbc
535,52,57,96,87,immature_wbc
536,58,43,84,114,immature_wbc
537,55,54,90,93,immature_wbc
538,51,55,99,90,immature_wbc
539,54,54,93,93,immature_wbc
540,55,49,90,102,immature_wbc
541,49,52,102,96,immature_wbc
542,52,57,96,87,immature_wbc
543,57,61,87,78,immature_wbc
544,46,54,108,93,immature_wbc
545,37,52,126,96,immature_wbc
546,64,60,72,81,immature_wbc
547,15,58,96,84,immature_wbc
548,61,49,78,102,immature_wbc
549,58,49,84,102,immature_wbc
550,54,52,93,96,immature_wbc
551,54,51,93,99,immature_wbc
552,57,54,87,93,immature_wbc
553,51,55,99,90,immature_wbc
554,55,61,90,78,immature_wbc
555,55,54,90,93,immature_wbc
556,52,49,96,102,immature_wbc
557,60,49,81,102,immature_wbc
558,55,46,90,108,immature_wbc
559,58,60,84,81,immature_wbc
560,54,51,93,99,immature_wbc
561,48,55,105,90,immature_wbc
562,37,58,126,84,immature_wbc
563,60,51,81,99,immature_wbc
564,48,49,105,102,immature_wbc
565,21,48,102,105,immature_wbc
566,54,43,93,114,immature_wbc
567,60,51,81,99,immature_wbc
568,51,51,99,99,immature_wbc
569,37,48,126,105,immature_wbc
570,34,52,132,96,immature_wbc
571,66,67,69,66,immature_wbc
572,60,66,81,69,immature_wbc
573,54,42,93,117,immature_wbc
574,61,57,78,87,immature_wbc
575,39,48,123,105,immature_wbc
576,39,54,123,93,immature_wbc
577,52,61,96,78,immature_wbc
578,58,55,84,90,immature_wbc
579,64,54,72,93,immature_wbc
580,58,58,84,84,immature_wbc
581,52,48,96,105,immature_wbc
582,52,49,96,102,immature_wbc
583,46,55,108,90,immature_wbc
584,42,55,117,90,immature_wbc
585,46,42,108,117,immature_wbc
586,55,55,90,90,immature_wbc
587,54,60,93,81,immature_wbc
588,66,48,69,105,immature_wbc
589,57,61,87,78,immature_wbc
590,45,39,111,123,immature_wbc
591,46,113,108,84,immature_wbc
592,43,43,114,114,immature_wbc
593,48,52,105,96,immature_wbc
594,61,113,78,81,immature_wbc
595,52,54,96,93,immature_wbc
596,61,64,78,72,immature_wbc
597,48,61,105,78,immature_wbc
598,54,48,93,105,immature_wbc
599,66,61,69,78,immature_wbc
600,95,77,93,81,immature_wbc
601,3,56,99,114,immature_wbc
602,27,60,93,81,immature_wbc
603,49,52,102,96,immature_wbc
604,48,51,105,99,immature_wbc
605,54,46,93,108,immature_wbc
606,60,48,81,105,immature_wbc
607,51,60,99,81,immature_wbc
608,46,27,108,96,immature_wbc
609,36,49,129,102,immature_wbc
610,51,64,99,72,immature_wbc
611,48,43,105,114,immature_wbc
612,54,42,93,117,immature_wbc
613,21,42,159,117,immature_wbc
614,48,43,105,114,immature_wbc
615,49,51,102,99,immature_wbc
616,51,45,99,111,immature_wbc
617,64,64,72,72,immature_wbc
618,51,55,99,90,immature_wbc
619,77,57,84,87,immature_wbc
620,55,52,90,96,immature_wbc
621,46,58,108,84,immature_wbc
622,60,51,81,99,immature_wbc
623,43,52,114,96,immature_wbc
624,54,58,93,84,immature_wbc
625,48,49,105,102,immature_wbc
626,48,51,105,99,immature_wbc
627,61,42,78,117,immature_wbc
628,52,52,96,96,immature_wbc
629,48,58,105,84,immature_wbc
630,70,63,60,75,immature_wbc
631,58,33,84,102,immature_wbc
632,52,46,96,108,immature_wbc
633,49,55,102,90,immature_wbc
634,49,60,102,81,immature_wbc
635,52,55,96,90,immature_wbc
636,58,43,84,114,immature_wbc
637,51,52,99,96,immature_wbc
638,55,98,90,96,immature_wbc
639,54,21,93,102,immature_wbc
640,48,51,105,99,immature_wbc
641,52,52,96,96,immature_wbc
642,52,48,96,105,immature_wbc
643,57,49,87,102,immature_wbc
644,83,55,108,90,immature_wbc
645,57,54,87,93,immature_wbc
646,54,54,93,93,immature_wbc
647,48,46,105,108,immature_wbc
648,58,57,84,87,immature_wbc
649,43,46,114,108,immature_wbc
650,43,52,114,96,immature_wbc
651,54,45,93,111,immature_wbc
652,60,63,81,75,immature_wbc
653,58,52,84,96,immature_wbc
654,42,36,117,108,immature_wbc
655,57,48,87,90,immature_wbc
656,55,49,90,102,immature_wbc
657,60,54,81,93,immature_wbc
658,116,48,81,105,immature_wbc
659,55,48,90,105,immature_wbc
660,66,52,69,96,immature_wbc
661,61,54,78,93,immature_wbc
662,63,54,75,93,immature_wbc
663,80,34,111,132,immature_wbc
664,61,49,78,102,immature_wbc
665,49,48,102,105,immature_wbc
666,49,48,102,105,immature_wbc
667,57,63,87,75,immature_wbc
668,46,48,108,84,immature_wbc
669,43,39,114,123,immature_wbc
670,64,63,72,75,immature_wbc
671,54,83,93,102,immature_wbc
672,45,6,111,90,immature_wbc
673,43,45,114,111,immature_wbc
674,52,60,96,81,immature_wbc
675,51,43,99,114,immature_wbc
676,51,51,84,99,immature_wbc
677,51,58,96,84,immature_wbc
678,61,55,78,90,immature_wbc
679,66,57,69,87,immature_wbc
680,51,52,99,96,immature_wbc
681,58,48,84,105,immature_wbc
682,3,51,78,99,immature_wbc
683,52,58,96,84,immature_wbc
684,60,63,81,75,immature_wbc
685,52,60,96,81,immature_wbc
686,58,63,84,75,immature_wbc
687,66,60,69,81,immature_wbc
688,51,55,99,90,immature_wbc
689,55,46,90,108,immature_wbc
690,63,34,75,132,immature_wbc
691,57,54,87,93,immature_wbc
692,60,66,81,69,immature_wbc
693,37,48,126,105,immature_wbc
694,52,60,96,81,immature_wbc
695,60,55,81,90,immature_wbc
696,83,58,105,84,immature_wbc
697,42,51,117,99,immature_wbc
698,54,55,93,90,immature_wbc
699,52,40,96,120,immature_wbc
700,48,55,105,90,immature_wbc
701,43,48,114,105,immature_wbc
702,55,43,90,114,immature_wbc
703,36,49,129,102,immature_wbc
704,51,54,99,93,immature_wbc
705,36,9,129,114,immature_wbc
706,42,49,117,102,immature_wbc
707,49,60,102,81,immature_wbc
708,61,51,78,99,immature_wbc
709,57,69,87,63,immature_wbc
710,61,51,78,99,immature_wbc
711,61,45,78,111,immature_wbc
712,60,55,81,90,immature_wbc
713,66,58,69,84,immature_wbc
714,9,48,111,105,immature_wbc
715,51,58,99,84,immature_wbc
716,57,57,87,87,immature_wbc
717,54,42,93,117,immature_wbc
718,45,54,111,93,immature_wbc
719,48,57,105,87,immature_wbc
720,46,83,108,114,immature_wbc
721,55,67,90,66,immature_wbc
722,61,42,78,117,immature_wbc
723,61,52,78,96,immature_wbc
724,42,49,117,102,immature_wbc
725,54,46,93,108,immature_wbc
726,45,46,111,108,immature_wbc
727,61,49,78,102,immature_wbc
728,24,54,105,93,immature_wbc
729,51,55,99,90,immature_wbc
730,51,58,99,84,immature_wbc
731,51,66,99,69,immature_wbc
732,48,52,105,96,immature_wbc
733,60,60,81,81,immature_wbc
734,51,55,99,90,immature_wbc
735,48,51,105,99,immature_wbc
736,54,49,93,102,immature_wbc
737,51,33,99,135,immature_wbc
738,55,52,90,96,immature_wbc
739,54,52,93,96,immature_wbc
740,60,61,81,78,immature_wbc
741,55,58,90,84,immature_wbc
742,61,57,78,87,immature_wbc
743,55,60,90,81,immature_wbc
744,49,55,102,90,immature_wbc
745,54,46,93,108,immature_wbc
746,51,51,99,99,immature_wbc
747,51,55,99,90,immature_wbc
748,55,52,90,96,abnormal_lymphocyte
749,52,51,96,99,immature_wbc
750,52,51,96,99,immature_wbc
751,48,51,105,99,immature_wbc
752,33,49,135,102,immature_wbc
753,49,51,102,99,immature_wbc
754,42,45,117,111,immature_wbc
755,36,45,129,111,immature_wbc
756,39,33,123,105,immature_wbc
757,51,45,99,111,immature_wbc
758,52,52,96,96,immature_wbc
759,52,57,96,87,immature_wbc
760,49,57,102,87,immature_wbc
761,51,54,99,93,immature_wbc
762,57,45,87,111,immature_wbc
763,45,80,111,102,immature_wbc
764,63,55,75,90,immature_wbc
765,54,54,93,93,immature_wbc
766,55,55,90,90,immature_wbc
767,54,45,93,111,immature_wbc
768,42,49,117,102,immature_wbc
769,40,52,120,96,immature_wbc
770,48,58,105,84,immature_wbc
771,61,58,78,84,immature_wbc
772,61,71,78,96,immature_wbc
773,52,62,96,93,immature_wbc
774,57,54,87,93,immature_wbc
775,52,57,96,87,immature_wbc
776,57,77,87,102,immature_wbc
777,51,48,99,105,immature_wbc
778,54,61,93,78,immature_wbc
779,63,60,75,81,immature_wbc
780,52,58,96,84,immature_wbc
781,64,61,72,78,immature_wbc
782,58,58,84,84,immature_wbc
783,57,52,87,96,immature_wbc
784,49,3,102,87,immature_wbc
785,54,61,93,78,immature_wbc
786,58,57,84,87,immature_wbc
787,54,39,93,123,immature_wbc
788,54,77,93,96,immature_wbc
789,60,48,81,105,immature_wbc
790,57,52,87,96,immature_wbc
791,58,40,84,120,immature_wbc
792,54,54,93,93,immature_wbc
793,52,55,96,90,immature_wbc
794,54,61,93,78,immature_wbc
795,54,49,93,102,immature_wbc
796,49,55,102,90,immature_wbc
797,30,37,141,126,immature_wbc
798,60,98,81,87,immature_wbc
799,49,46,102,108,immature_wbc
800,33,46,135,108,immature_wbc
801,58,44,84,123,immature_wbc
802,52,55,96,90,immature_wbc
803,58,55,84,90,immature_wbc
804,49,55,102,90,immature_wbc
805,55,45,90,111,immature_wbc
806,55,55,90,90,immature_wbc
807,57,55,87,90,immature_wbc
808,77,49,90,102,immature_wbc
809,49,52,102,96,immature_wbc
810,57,48,87,105,immature_wbc
811,52,48,96,105,immature_wbc
812,45,54,111,93,immature_wbc
813,51,52,99,96,immature_wbc
814,63,54,75,93,immature_wbc
815,55,57,90,87,immature_wbc
816,55,58,90,84,immature_wbc
817,52,45,96,111,immature_wbc
818,55,60,90,81,immature_wbc
819,58,51,84,99,immature_wbc
820,51,55,99,90,immature_wbc
821,55,49,90,102,immature_wbc
822,33,39,135,123,immature_wbc
823,58,61,84,78,immature_wbc
824,46,57,108,87,immature_wbc
825,52,3,96,96,immature_wbc
826,3,51,84,99,immature_wbc
827,58,60,84,81,immature_wbc
828,49,39,102,123,immature_wbc
829,45,51,111,99,immature_wbc
830,43,58,114,84,immature_wbc
831,55,54,90,93,immature_wbc
832,51,74,99,87,immature_wbc
833,54,48,93,105,immature_wbc
834,52,54,96,93,immature_wbc
835,49,40,102,120,immature_wbc
836,51,63,99,75,immature_wbc
837,58,45,84,111,immature_wbc
838,55,49,90,102,immature_wbc
839,55,54,90,93,immature_wbc
840,57,57,87,87,immature_wbc
841,58,54,84,93,immature_wbc
842,48,51,105,99,immature_wbc
843,39,3,123,120,immature_wbc
844,60,58,81,84,immature_wbc
845,54,42,93,117,immature_wbc
846,46,58,108,84,immature_wbc
847,48,60,105,81,immature_wbc
848,54,55,93,90,immature_wbc
849,37,64,126,72,immature_wbc
850,45,51,111,99,immature_wbc
851,52,60,96,81,immature_wbc
852,49,40,102,120,immature_wbc
853,55,71,90,75,immature_wbc
854,52,15,96,117,immature_wbc
855,43,39,114,123,immature_wbc
856,61,49,78,102,immature_wbc
857,45,60,111,81,immature_wbc
858,58,39,84,123,immature_wbc
859,57,60,87,81,immature_wbc
860,66,51,69,99,immature_wbc
861,60,27,81,93,immature_wbc
862,52,58,96,84,immature_wbc
863,54,60,93,81,immature_wbc
864,54,55,93,90,immature_wbc
865,49,52,102,96,immature_wbc
866,46,61,108,78,immature_wbc
867,58,61,84,78,immature_wbc
868,57,51,87,99,immature_wbc
869,55,52,90,96,immature_wbc
870,46,58,108,84,immature_wbc
871,54,55,93,90,immature_wbc
872,61,51,78,99,immature_wbc
873,49,57,102,87,immature_wbc
874,58,54,84,93,immature_wbc
875,54,51,93,99,immature_wbc
876,55,54,90,93,immature_wbc
877,52,57,96,87,immature_wbc
878,64,57,72,87,immature_wbc
879,54,15,93,99,immature_wbc
880,60,21,81,87,immature_wbc
881,61,55,78,90,immature_wbc
882,57,61,87,78,immature_wbc
883,49,39,102,102,immature_wbc
884,61,101,78,90,immature_wbc
885,51,58,99,84,immature_wbc
886,48,49,105,102,immature_wbc
887,49,52,102,96,immature_wbc
888,52,48,96,105,immature_wbc
889,55,52,90,96,immature_wbc
890,57,55,87,90,immature_wbc
891,43,63,114,75,immature_wbc
892,58,49,84,102,immature_wbc
893,51,46,99,108,immature_wbc
894,33,57,84,87,immature_wbc
895,60,46,81,108,immature_wbc
896,46,57,108,87,immature_wbc
897,51,61,99,78,immature_wbc
898,55,51,90,81,immature_wbc
899,54,34,93,132,immature_wbc
900,51,52,99,96,immature_wbc
901,28,9,144,99,immature_wbc
902,45,49,111,102,immature_wbc
903,52,52,96,96,immature_wbc
904,58,54,84,93,immature_wbc
905,43,48,114,105,immature_wbc
906,64,46,72,108,immature_wbc
907,51,61,99,78,immature_wbc
908,55,52,90,96,immature_wbc
909,57,54,87,93,immature_wbc
910,48,46,105,108,immature_wbc
911,55,51,90,99,lymphocyte
912,54,61,93,78,band_neutrophil
913,45,45,111,111,seg_neutrophil
914,36,49,129,102,lymphocyte
915,46,48,108,105,seg_neutrophil
916,51,52,99,96,myelocyte
917,49,52,102,96,seg_neutrophil
918,46,86,108,99,seg_neutrophil
919,46,48,108,105,seg_neutrophil
920,51,49,99,102,band_neutrophil
921,39,39,123,123,seg_neutrophil
922,49,42,102,117,band_neutrophil
923,54,51,93,99,seg_neutrophil
924,46,51,108,99,seg_neutrophil
925,58,52,84,96,myelocyte
926,45,48,111,105,band_neutrophil
927,52,46,96,108,band_neutrophil
928,51,46,99,108,band_neutrophil
929,60,52,81,96,myelocyte
930,51,52,99,96,seg_neutrophil
931,52,48,96,105,band_neutrophil
932,28,46,144,108,monocyte
933,48,36,105,87,seg_neutrophil
934,49,51,102,99,seg_neutrophil
935,34,43,132,114,monocyte
936,48,55,105,90,myelocyte
937,42,51,117,99,band_neutrophil
938,55,55,90,90,unk_wbc
939,54,49,93,102,myelocyte
940,57,54,87,93,band_neutrophil
941,45,49,111,102,metamyelocyte
942,49,55,102,90,band_neutrophil
943,57,57,87,87,seg_neutrophil
944,55,49,90,102,band_neutrophil
945,55,58,90,84,band_neutrophil
946,37,46,126,108,monocyte
947,52,63,96,75,band_neutrophil
948,52,52,96,96,seg_neutrophil
949,46,58,108,84,band_neutrophil
950,46,58,108,84,myelocyte
951,21,48,93,105,monocyte
952,60,54,81,93,seg_neutrophil
953,60,51,81,99,seg_neutrophil
954,65,55,99,90,myelocyte
955,51,57,99,87,seg_neutrophil
956,40,55,120,90,seg_neutrophil
957,43,58,114,84,band_neutrophil
958,54,52,93,96,myelocyte
959,45,54,111,93,myelocyte
960,52,55,96,90,band_neutrophil
961,45,58,111,84,myelocyte
962,48,45,105,102,band_neutrophil
963,43,36,114,78,band_neutrophil
964,49,58,102,84,seg_neutrophil
965,55,55,90,90,band_neutrophil
966,45,54,111,93,band_neutrophil
967,60,49,81,102,band_neutrophil
968,52,57,96,87,band_neutrophil
969,49,54,102,93,seg_neutrophil
970,54,46,93,108,band_neutrophil
971,52,51,96,99,seg_neutrophil
972,45,58,111,84,seg_neutrophil
973,40,52,120,96,myelocyte
974,34,52,132,96,metamyelocyte
975,40,42,120,117,myelocyte
976,51,48,99,105,band_neutrophil
977,43,49,114,102,monocyte
978,34,43,132,114,band_neutrophil
979,46,52,108,96,band_neutrophil
980,66,63,69,75,lymphocyte
981,46,18,108,105,monocyte
982,54,48,93,105,band_neutrophil
983,47,51,114,99,band_neutrophil
984,40,52,120,96,band_neutrophil
985,42,45,117,111,monocyte
986,69,61,63,78,lymphocyte
987,45,52,111,96,monocyte
988,42,52,117,96,seg_neutrophil
989,49,57,102,87,band_neutrophil
990,51,51,99,99,seg_neutrophil
991,52,51,96,99,band_neutrophil
992,37,15,126,123,monocyte
993,46,57,108,87,myelocyte
994,52,60,96,81,metamyelocyte
995,54,57,93,87,band_neutrophil
996,54,54,93,93,myelocyte
997,61,54,78,93,band_neutrophil
998,52,45,96,111,metamyelocyte
999,55,48,90,105,seg_neutrophil
1000,45,51,111,99,monocyte
1001,42,51,117,99,seg_neutrophil
1002,63,60,75,81,band_neutrophil
1003,57,51,87,99,myelocyte
1004,46,6,108,111,seg_neutrophil
1005,45,51,111,99,monocyte
1006,51,52,99,96,band_neutrophil
1007,52,52,96,96,band_neutrophil
1008,51,52,99,96,seg_neutrophil
1009,52,57,96,87,seg_neutrophil
1010,49,48,102,105,seg_neutrophil
1011,43,46,114,108,monocyte
1012,46,30,108,105,seg_neutrophil
1013,52,48,96,105,seg_neutrophil
1014,55,55,90,90,myelocyte
1015,67,63,66,75,lymphocyte
1016,45,54,111,93,band_neutrophil
1017,52,39,96,123,band_neutrophil
1018,48,57,105,87,seg_neutrophil
1019,45,52,111,96,seg_neutrophil
1020,52,52,96,96,myelocyte
1021,46,46,108,108,band_neutrophil
1022,55,57,90,87,seg_neutrophil
1023,45,46,111,108,myelocyte
1024,39,49,123,102,monocyte
1025,51,54,99,93,seg_neutrophil
1026,51,51,99,99,band_neutrophil
1027,37,51,126,99,monocyte
1028,48,95,105,96,myelocyte
1029,52,58,96,84,band_neutrophil
1030,52,54,96,93,myelocyte
1031,54,33,93,93,myelocyte
1032,48,49,105,102,band_neutrophil
1033,42,46,117,108,band_neutrophil
1034,46,48,108,105,band_neutrophil
1035,66,64,69,72,lymphocyte
1036,48,55,105,90,seg_neutrophil
1037,52,55,96,90,seg_neutrophil
1038,36,42,129,117,myelocyte
1039,49,52,102,96,myelocyte
1040,39,37,123,126,monocyte
1041,60,49,81,102,band_neutrophil
1042,55,49,90,102,myelocyte
1043,40,49,120,102,metamyelocyte
1044,49,54,102,93,metamyelocyte
1045,48,46,105,108,band_neutrophil
1046,52,43,96,114,seg_neutrophil
1047,60,61,81,78,band_neutrophil
1048,45,48,111,105,band_neutrophil
1049,51,51,99,99,band_neutrophil
1050,28,49,144,102,monocyte
1051,49,61,102,78,band_neutrophil
1052,52,57,96,87,myelocyte
1053,49,46,102,108,band_neutrophil
1054,52,57,96,87,seg_neutrophil
1055,48,52,105,96,myelocyte
1056,48,52,105,96,band_neutrophil
1057,46,60,108,81,myelocyte
1058,55,57,90,87,seg_neutrophil
1059,42,58,117,84,band_neutrophil
1060,58,45,84,99,metamyelocyte
1061,42,51,117,99,band_neutrophil
1062,43,60,114,81,metamyelocyte
1063,46,49,108,102,seg_neutrophil
1064,48,58,105,84,seg_neutrophil
1065,54,55,93,90,myelocyte
1066,46,51,108,99,band_neutrophil
1067,39,58,123,84,band_neutrophil
1068,49,55,102,90,seg_neutrophil
1069,55,51,90,99,seg_neutrophil
1070,52,52,96,96,seg_neutrophil
1071,46,40,108,120,seg_neutrophil
1072,55,48,90,105,seg_neutrophil
1073,54,69,93,63,lymphocyte
1074,46,48,108,105,seg_neutrophil
1075,54,61,93,78,lymphocyte
1076,113,30,72,81,lymphocyte
1077,55,67,90,66,lymphocyte
1078,55,42,90,117,eosinophil
1079,45,46,111,108,seg_neutrophil
1080,57,49,87,102,seg_neutrophil
1081,42,48,117,105,monocyte
1082,48,55,105,90,seg_neutrophil
1083,61,67,78,66,lymphocyte
1084,58,64,84,72,lymphocyte
1085,60,60,81,81,lymphocyte
1086,57,66,87,69,seg_neutrophil
1087,58,60,84,81,lymphocyte
1088,49,58,102,84,seg_neutrophil
1089,60,65,81,99,seg_neutrophil
1090,58,54,84,93,lymphocyte
1091,48,55,105,90,seg_neutrophil
1092,58,52,84,96,seg_neutrophil
1093,63,64,75,72,lymphocyte
1094,49,52,102,96,seg_neutrophil
1095,69,89,63,72,lymphocyte
1096,60,52,81,96,lymphocyte
1097,73,72,54,57,lymphocyte
1098,54,48,93,105,seg_neutrophil
1099,63,63,75,75,lymphocyte
1100,58,60,84,81,lymphocyte
1101,45,49,111,102,seg_neutrophil
1102,49,49,102,102,seg_neutrophil
1103,46,52,108,96,seg_neutrophil
1104,51,52,99,96,seg_neutrophil
1105,48,58,105,84,lymphocyte
1106,52,58,96,84,seg_neutrophil
1107,48,48,105,105,seg_neutrophil
1108,73,70,54,60,lymphocyte
1109,49,42,102,117,seg_neutrophil
1110,49,52,102,96,seg_neutrophil
1111,46,43,108,114,seg_neutrophil
1112,54,49,93,102,seg_neutrophil
1113,51,58,99,84,seg_neutrophil
1114,46,54,108,93,seg_neutrophil
1115,40,48,120,105,seg_neutrophil
1116,60,58,81,84,lymphocyte
1117,58,51,84,99,lymphocyte
1118,52,43,96,114,seg_neutrophil
1119,63,67,75,66,lymphocyte
1120,51,61,99,78,seg_neutrophil
1121,54,54,93,93,seg_neutrophil
1122,48,51,105,99,seg_neutrophil
1123,24,55,102,90,seg_neutrophil
1124,52,54,96,93,seg_neutrophil
1125,60,49,81,102,seg_neutrophil
1126,60,63,81,75,lymphocyte
1127,55,51,90,99,seg_neutrophil
1128,67,57,66,87,lymphocyte
1129,54,58,93,84,lymphocyte
1130,46,46,108,108,seg_neutrophil
1131,80,55,93,90,seg_neutrophil
1132,60,58,81,84,lymphocyte
1133,48,49,105,102,seg_neutrophil
1134,61,64,78,72,lymphocyte
1135,49,45,102,111,seg_neutrophil
1136,49,43,102,114,seg_neutrophil
1137,63,58,75,84,lymphocyte
1138,48,39,105,123,seg_neutrophil
1139,51,52,99,96,seg_neutrophil
1140,52,54,96,93,seg_neutrophil
1141,61,66,78,69,lymphocyte
1142,43,55,114,90,seg_neutrophil
1143,42,45,117,111,seg_neutrophil
1144,54,42,93,84,lymphocyte
1145,54,43,93,114,seg_neutrophil
1146,52,52,96,96,lymphocyte
1147,48,45,105,111,seg_neutrophil
1148,54,49,93,102,seg_neutrophil
1149,52,43,96,114,eosinophil
1150,43,52,114,96,seg_neutrophil
1151,57,43,87,114,seg_neutrophil
1152,63,67,75,66,lymphocyte
1153,48,49,105,102,seg_neutrophil
1154,61,58,78,84,lymphocyte
1155,55,51,90,99,band_neutrophil
1156,55,68,90,102,seg_neutrophil
1157,51,45,99,111,seg_neutrophil
1158,51,42,99,117,seg_neutrophil
1159,49,54,102,93,seg_neutrophil
1160,52,45,96,111,seg_neutrophil
1161,52,57,96,87,seg_neutrophil
1162,61,58,78,84,lymphocyte
1163,63,69,75,63,lymphocyte
1164,57,64,87,72,lymphocyte
1165,61,61,78,78,lymphocyte
1166,58,71,84,75,lymphocyte
1167,55,49,90,102,seg_neutrophil
1168,45,45,111,111,seg_neutrophil
1169,48,46,105,108,seg_neutrophil
1170,67,69,66,63,lymphocyte
1171,40,42,120,117,monocyte
1172,46,52,108,96,seg_neutrophil
1173,54,61,93,78,lymphocyte
1174,42,40,117,120,seg_neutrophil
1175,51,60,99,81,seg_neutrophil
1176,55,42,90,117,seg_neutrophil
1177,66,66,69,69,lymphocyte
1178,60,57,81,87,lymphocyte
1179,45,54,111,93,seg_neutrophil
1180,83,55,102,90,seg_neutrophil
1181,60,64,81,72,lymphocyte
1182,60,67,81,66,lymphocyte
1183,3,67,90,66,lymphocyte
1184,64,61,72,78,lymphocyte
1185,58,61,84,78,lymphocyte
1186,58,52,84,96,seg_neutrophil
1187,63,64,75,72,lymphocyte
1188,52,49,96,102,seg_neutrophil
1189,55,48,90,105,seg_neutrophil
1190,51,52,99,96,seg_neutrophil
1191,51,46,99,108,seg_neutrophil
1192,48,21,105,108,seg_neutrophil
1193,51,45,99,111,band_neutrophil
1194,63,64,75,72,lymphocyte
1195,58,60,84,81,lymphocyte
1196,54,58,93,84,lymphocyte
1197,57,63,87,75,lymphocyte
1198,46,58,108,84,seg_neutrophil
1199,45,40,111,120,seg_neutrophil
1200,60,66,81,69,lymphocyte
1201,60,54,81,93,seg_neutrophil
1202,60,43,81,114,seg_neutrophil
1203,58,63,84,75,lymphocyte
1204,67,60,66,81,lymphocyte
1205,52,48,96,105,seg_neutrophil
1206,69,67,63,66,lymphocyte
1207,51,58,99,84,lymphocyte
1208,49,55,102,90,seg_neutrophil
1209,58,49,84,102,seg_neutrophil
1210,55,57,90,78,lymphocyte
1211,61,57,78,87,lymphocyte
1212,43,52,114,96,seg_neutrophil
1213,55,54,90,93,lymphocyte
1214,49,40,102,120,seg_neutrophil
1215,48,46,105,108,seg_neutrophil
1216,49,51,102,99,seg_neutrophil
1217,64,60,72,81,lymphocyte
1218,57,48,87,105,seg_neutrophil
1219,61,66,78,69,lymphocyte
1220,60,45,81,111,seg_neutrophil
1221,57,45,87,111,seg_neutrophil
1222,49,61,102,78,seg_neutrophil
1223,60,64,81,72,lymphocyte
1224,60,58,81,84,lymphocyte
1225,64,104,72,72,lymphocyte
1226,52,52,96,96,lymphocyte
1227,60,63,81,75,lymphocyte
1228,55,52,90,96,lymphocyte
1229,63,57,75,87,lymphocyte
1230,54,51,93,99,lymphocyte
1231,58,52,84,96,lymphocyte
1232,63,63,75,75,lymphocyte
1233,43,48,114,105,seg_neutrophil
1234,48,52,105,96,seg_neutrophil
1235,51,55,99,90,lymphocyte
1236,52,49,96,102,seg_neutrophil
1237,46,54,108,93,seg_neutrophil
1238,55,58,90,84,lymphocyte
1239,51,46,99,108,seg_neutrophil
1240,45,51,111,99,seg_neutrophil
1241,50,61,102,78,lymphocyte
1242,60,63,81,75,lymphocyte
1243,46,51,108,99,seg_neutrophil
1244,57,58,87,84,lymphocyte
1245,54,54,93,93,seg_neutrophil
1246,48,48,105,105,seg_neutrophil
1247,67,63,66,75,lymphocyte
1248,54,54,93,93,lymphocyte
1249,48,52,105,96,seg_neutrophil
1250,55,48,90,105,seg_neutrophil
1251,48,48,105,105,seg_neutrophil
1252,61,60,78,81,lymphocyte
1253,39,46,108,108,seg_neutrophil
1254,15,63,90,75,basophil
1255,46,51,108,99,seg_neutrophil
1256,49,48,102,105,seg_neutrophil
1257,48,46,105,108,seg_neutrophil
1258,49,42,102,117,seg_neutrophil
1259,46,48,108,105,seg_neutrophil
1260,54,51,93,99,seg_neutrophil
1261,43,48,114,105,seg_neutrophil
1262,46,48,108,105,seg_neutrophil
1263,46,43,108,114,seg_neutrophil
1264,51,55,99,90,lymphocyte
1265,52,46,96,108,seg_neutrophil
1266,45,46,111,108,seg_neutrophil
1267,48,52,105,96,seg_neutrophil
1268,49,30,102,105,seg_neutrophil
1269,49,46,102,108,seg_neutrophil
1270,40,42,120,117,monocyte
1271,42,46,117,108,seg_neutrophil
1272,55,58,90,84,seg_neutrophil
1273,52,86,96,105,seg_neutrophil
1274,46,51,108,99,seg_neutrophil
1275,52,45,96,111,seg_neutrophil
1276,48,49,105,102,seg_neutrophil
1277,36,45,129,111,monocyte
1278,51,52,99,96,seg_neutrophil
1279,49,51,102,99,seg_neutrophil
1280,51,51,99,99,seg_neutrophil
1281,54,43,93,114,seg_neutrophil
1282,60,55,81,90,lymphocyte
1283,46,49,108,102,seg_neutrophil
1284,46,40,108,120,seg_neutrophil
1285,58,60,84,81,lymphocyte
1286,64,58,72,84,lymphocyte
1287,54,49,93,102,seg_neutrophil
1288,48,54,105,93,seg_neutrophil
1289,51,52,99,96,band_neutrophil
1290,52,52,96,96,seg_neutrophil
1291,46,52,108,96,seg_neutrophil
1292,42,52,117,96,seg_neutrophil
1293,57,58,87,84,lymphocyte
1294,60,57,81,87,lymphocyte
1295,63,57,75,87,lymphocyte
1296,66,60,69,81,lymphocyte
1297,49,49,102,102,seg_neutrophil
1298,52,42,96,117,seg_neutrophil
1299,69,63,63,75,lymphocyte
1300,58,55,84,90,lymphocyte
1301,51,42,99,117,seg_neutrophil
1302,51,43,99,114,monocyte
1303,45,48,111,105,seg_neutrophil
1304,70,70,60,60,lymphocyte
1305,52,48,96,105,seg_neutrophil
1306,46,49,108,102,seg_neutrophil
1307,48,45,105,111,seg_neutrophil
1308,43,45,114,111,monocyte
1309,48,49,105,102,seg_neutrophil
1310,51,48,99,105,seg_neutrophil
1311,43,49,114,102,seg_neutrophil
1312,57,57,87,87,lymphocyte
1313,46,50,108,111,monocyte
1314,61,60,78,81,lymphocyte
1315,54,51,93,99,lymphocyte
1316,48,45,105,111,seg_neutrophil
1317,45,51,111,99,seg_neutrophil
1318,51,51,99,99,seg_neutrophil
1319,51,52,99,96,seg_neutrophil
1320,48,42,105,117,seg_neutrophil
1321,43,52,114,96,seg_neutrophil
1322,64,63,72,75,lymphocyte
1323,49,48,102,105,seg_neutrophil
1324,66,67,69,66,lymphocyte
1325,49,49,102,102,seg_neutrophil
1326,49,48,102,105,seg_neutrophil
1327,49,46,102,108,seg_neutrophil
1328,52,60,96,81,lymphocyte
1329,46,46,108,108,seg_neutrophil
1330,49,43,102,114,seg_neutrophil
1331,61,61,78,78,lymphocyte
1332,69,63,63,75,lymphocyte
1333,48,49,105,102,seg_neutrophil
1334,64,61,72,78,lymphocyte
1335,48,55,105,90,seg_neutrophil
1336,54,43,93,114,seg_neutrophil
1337,45,42,111,117,band_neutrophil
1338,42,33,117,135,monocyte
1339,57,62,87,78,lymphocyte
1340,49,49,102,102,seg_neutrophil
1341,51,51,99,99,seg_neutrophil
1342,46,54,108,93,eosinophil
1343,46,59,108,102,eosinophil
1344,54,71,93,84,lymphocyte
1345,49,46,102,108,seg_neutrophil
1346,52,52,96,96,band_neutrophil
1347,42,48,117,105,seg_neutrophil
1348,51,49,99,102,seg_neutrophil
1349,58,57,84,87,lymphocyte
1350,49,48,102,105,seg_neutrophil
1351,48,48,105,105,seg_neutrophil
1352,48,48,105,105,seg_neutrophil
1353,49,55,102,90,seg_neutrophil
1354,49,51,102,99,seg_neutrophil
1355,66,60,69,81,lymphocyte
1356,66,58,69,84,lymphocyte
1357,67,64,66,72,lymphocyte
1358,54,52,93,96,lymphocyte
1359,66,61,69,78,lymphocyte
1360,49,61,102,78,lymphocyte
1361,60,58,81,84,lymphocyte
1362,55,51,90,99,lymphocyte
1363,48,51,105,99,basophil
1364,49,36,102,108,seg_neutrophil
1365,55,55,90,90,lymphocyte
1366,54,46,93,108,seg_neutrophil
1367,60,63,81,75,lymphocyte
1368,51,51,99,99,seg_neutrophil
1369,54,51,93,99,lymphocyte
1370,49,51,102,99,seg_neutrophil
1371,46,45,108,111,seg_neutrophil
1372,46,45,108,111,seg_neutrophil
1373,48,48,105,105,seg_neutrophil
1374,48,57,105,87,seg_neutrophil
1375,51,51,99,99,seg_neutrophil
1376,52,52,96,96,seg_neutrophil
1377,45,40,111,120,seg_neutrophil
1378,39,42,123,117,seg_neutrophil
1379,40,37,120,126,monocyte
1380,51,51,99,99,seg_neutrophil
1381,51,52,99,96,seg_neutrophil
1382,46,52,108,96,seg_neutrophil
1383,57,63,87,75,lymphocyte
1384,49,46,102,108,seg_neutrophil
1385,46,51,108,96,seg_neutrophil
1386,46,46,108,108,seg_neutrophil
1387,51,42,99,117,seg_neutrophil
1388,43,45,114,111,seg_neutrophil
1389,42,40,117,120,eosinophil
1390,51,49,99,102,seg_neutrophil
1391,57,58,87,84,lymphocyte
1392,40,43,120,114,monocyte
1393,45,48,111,105,seg_neutrophil
1394,51,51,99,99,seg_neutrophil
1395,48,52,105,96,seg_neutrophil
1396,60,58,81,84,lymphocyte
1397,52,51,96,99,seg_neutrophil
1398,45,30,111,105,seg_neutrophil
1399,64,63,72,75,lymphocyte
1400,45,46,111,108,seg_neutrophil
1401,51,51,99,99,seg_neutrophil
1402,46,49,108,102,seg_neutrophil
1403,51,42,99,117,monocyte
1404,68,45,96,111,seg_neutrophil
1405,43,43,114,114,seg_neutrophil
1406,51,40,99,120,eosinophil
1407,48,43,105,114,eosinophil
1408,57,49,87,102,seg_neutrophil
1409,55,48,90,105,seg_neutrophil
1410,39,48,123,105,seg_neutrophil
1411,48,48,105,105,seg_neutrophil
1412,45,54,111,93,seg_neutrophil
1413,43,43,114,114,eosinophil
1414,45,49,111,102,seg_neutrophil
1415,51,48,99,105,seg_neutrophil
1416,46,39,108,123,seg_neutrophil
1417,45,40,111,120,monocyte
1418,45,46,111,108,seg_neutrophil
1419,54,54,93,93,lymphocyte
1420,46,45,108,111,seg_neutrophil
1421,107,54,75,93,lymphocyte
1422,46,49,108,102,seg_neutrophil
1423,46,46,108,108,seg_neutrophil
1424,54,68,93,93,lymphocyte
1425,54,48,93,105,seg_neutrophil
1426,48,48,105,105,seg_neutrophil
1427,60,61,81,78,lymphocyte
1428,45,48,111,105,seg_neutrophil
1429,69,48,63,105,lymphocyte
1430,64,57,72,87,smudge
1431,43,68,114,99,seg_neutrophil
1432,60,63,81,75,lymphocyte
1433,52,43,96,114,seg_neutrophil
1434,52,54,96,93,lymphocyte
1435,61,58,78,84,lymphocyte
1436,48,46,105,108,seg_neutrophil
1437,51,46,99,108,seg_neutrophil
1438,49,45,102,111,seg_neutrophil
1439,46,27,108,147,monocyte
1440,43,46,114,108,seg_neutrophil
1441,36,39,129,123,monocyte
1442,55,58,90,84,lymphocyte
1443,42,48,117,105,seg_neutrophil
1444,48,52,105,96,seg_neutrophil
1445,51,57,99,87,lymphocyte
1446,43,40,114,120,seg_neutrophil
1447,51,52,99,96,seg_neutrophil
1448,40,45,120,111,seg_neutrophil
1449,48,52,105,96,seg_neutrophil
1450,52,48,96,105,seg_neutrophil
1451,45,48,111,105,seg_neutrophil
1452,51,52,99,96,lymphocyte
1453,43,46,114,108,seg_neutrophil
1454,40,40,120,120,seg_neutrophil
1455,54,45,93,111,seg_neutrophil
1456,52,45,96,111,seg_neutrophil
1457,58,60,84,81,lymphocyte
1458,45,43,111,114,seg_neutrophil
1459,51,51,99,99,seg_neutrophil
1460,52,52,96,96,lymphocyte
1461,52,49,96,102,seg_neutrophil
1462,42,48,117,105,seg_neutrophil
1463,51,43,99,114,seg_neutrophil
1464,45,51,111,99,seg_neutrophil
1465,51,46,99,108,seg_neutrophil
1466,64,60,72,81,lymphocyte
1467,51,54,99,93,lymphocyte
1468,42,48,117,105,seg_neutrophil
1469,54,52,93,96,lymphocyte
1470,42,46,117,108,eosinophil
1471,46,43,108,114,seg_neutrophil
1472,46,45,108,111,seg_neutrophil
1473,48,80,105,102,seg_neutrophil
1474,43,45,114,111,seg_neutrophil
1475,43,48,114,105,seg_neutrophil
1476,58,55,84,90,lymphocyte
1477,46,48,108,105,seg_neutrophil
1478,55,54,90,93,seg_neutrophil
1479,49,43,102,114,lymphocyte
1480,60,52,81,96,smudge
1481,67,54,66,93,smudge
1482,57,47,87,117,seg_neutrophil
1483,43,18,114,165,monocyte
1484,52,55,96,90,lymphocyte
1485,66,61,69,78,smudge
1486,64,52,72,96,lymphocyte
1487,46,46,108,108,seg_neutrophil
1488,36,42,129,117,eosinophil
1489,43,49,114,102,seg_neutrophil
1490,37,39,126,123,monocyte
1491,61,60,78,81,lymphocyte
1492,54,60,93,81,lymphocyte
1493,34,57,132,87,smudge
1494,48,45,105,111,seg_neutrophil
1495,43,51,114,99,seg_neutrophil
1496,52,42,96,117,seg_neutrophil
1497,48,51,105,99,seg_neutrophil
1498,48,52,105,96,seg_neutrophil
1499,39,39,123,123,monocyte
1500,49,43,102,114,seg_neutrophil
1501,48,45,105,111,seg_neutrophil
1502,48,49,105,102,seg_neutrophil
1503,51,57,99,87,lymphocyte
1504,57,63,87,75,lymphocyte
1505,55,58,90,84,lymphocyte
1506,57,48,87,105,lymphocyte
1507,60,80,81,78,lymphocyte
1508,43,43,114,114,monocyte
1509,58,60,84,81,lymphocyte
1510,46,48,108,105,lymphocyte
1511,64,60,72,81,lymphocyte
1512,57,52,87,96,lymphocyte
1513,54,60,93,81,lymphocyte
1514,60,58,81,84,lymphocyte
1515,52,54,96,93,band_neutrophil
1516,57,58,87,84,band_neutrophil
1517,57,46,87,108,band_neutrophil
1518,55,51,90,99,band_neutrophil
1519,55,55,90,90,band_neutrophil
1520,45,55,78,90,band_neutrophil
1521,34,42,132,117,band_neutrophil
1522,52,55,96,90,band_neutrophil
1523,55,52,90,96,myelocyte
1524,61,58,78,84,band_neutrophil
1525,55,52,90,96,band_neutrophil
1526,46,57,108,87,band_neutrophil
1527,51,58,99,84,band_neutrophil
1528,34,40,132,120,band_neutrophil
1529,48,43,105,114,band_neutrophil
1530,43,51,114,99,band_neutrophil
1531,64,60,72,81,metamyelocyte
1532,51,49,99,102,band_neutrophil
1533,61,58,78,84,myelocyte
1534,55,55,90,90,band_neutrophil
1535,51,51,99,99,band_neutrophil
1536,49,51,102,99,band_neutrophil
1537,15,46,96,108,band_neutrophil
1538,54,95,93,102,band_neutrophil
1539,54,54,93,93,band_neutrophil
1540,49,54,102,93,band_neutrophil
1541,43,54,114,93,band_neutrophil
1542,49,52,102,96,myelocyte
1543,54,52,93,96,band_neutrophil
1544,55,55,90,90,band_neutrophil
1545,51,54,99,93,band_neutrophil
1546,51,57,99,87,band_neutrophil
1547,52,55,96,90,band_neutrophil
1548,49,52,102,96,band_neutrophil
1549,51,52,99,96,band_neutrophil
1550,45,37,111,126,band_neutrophil
1551,51,54,99,93,band_neutrophil
1552,42,18,117,105,band_neutrophil
1553,61,54,78,93,band_neutrophil
1554,57,52,87,96,band_neutrophil
1555,54,61,93,78,band_neutrophil
1556,92,98,96,90,band_neutrophil
1557,15,46,120,108,band_neutrophil
1558,61,55,78,90,band_neutrophil
1559,52,83,96,90,band_neutrophil
1560,51,54,99,93,band_neutrophil
1561,46,49,108,102,metamyelocyte
1562,48,48,105,105,band_neutrophil
1563,43,33,114,114,band_neutrophil
1564,51,60,99,81,seg_neutrophil
1565,54,51,93,99,seg_neutrophil
1566,48,55,105,90,seg_neutrophil
1567,49,48,102,105,band_neutrophil
1568,54,48,93,105,band_neutrophil
1569,49,52,102,96,seg_neutrophil
1570,61,45,78,111,seg_neutrophil
1571,86,49,111,102,band_neutrophil
1572,54,57,93,87,band_neutrophil
1573,48,55,105,90,band_neutrophil
1574,45,51,111,99,seg_neutrophil
1575,45,52,111,96,band_neutrophil
1576,52,50,96,102,band_neutrophil
1577,51,52,99,96,band_neutrophil
1578,51,52,99,96,band_neutrophil
1579,52,68,96,99,band_neutrophil
1580,49,48,102,105,band_neutrophil
1581,46,49,108,102,band_neutrophil
1582,49,55,102,90,band_neutrophil
1583,55,52,90,96,band_neutrophil
1584,61,55,78,90,band_neutrophil
1585,58,54,84,93,band_neutrophil
1586,51,58,99,84,band_neutrophil
1587,55,51,90,99,band_neutrophil
1588,48,46,105,108,band_neutrophil
1589,57,57,87,87,band_neutrophil
1590,45,57,111,87,myelocyte
1591,51,51,99,99,band_neutrophil
1592,60,55,81,90,band_neutrophil
1593,46,45,108,111,myelocyte
1594,51,51,99,99,band_neutrophil
1595,54,60,93,81,metamyelocyte
1596,64,61,72,78,n_rbc
1597,48,46,105,108,band_neutrophil
1598,12,52,90,96,band_neutrophil
1599,58,51,84,99,band_neutrophil
1600,51,54,99,93,band_neutrophil
1601,58,55,84,90,band_neutrophil
1602,51,55,99,90,band_neutrophil
1603,58,51,84,99,band_neutrophil
1604,52,58,96,84,band_neutrophil
1605,48,55,90,90,myelocyte
1606,61,51,78,99,myelocyte
1607,60,69,81,63,metamyelocyte
1608,48,46,105,108,myelocyte
1609,49,49,102,102,band_neutrophil
1610,57,49,87,102,band_neutrophil
1611,51,58,99,84,myelocyte
1612,52,58,96,84,band_neutrophil
1613,54,51,93,99,band_neutrophil
1614,43,52,114,96,myelocyte
1615,52,51,96,99,band_neutrophil
1616,54,54,93,93,band_neutrophil
1617,45,43,111,114,band_neutrophil
1618,48,48,105,105,band_neutrophil
1619,43,43,114,114,myelocyte
1620,52,51,96,99,band_neutrophil
1621,46,48,108,105,band_neutrophil
1622,52,49,96,102,band_neutrophil
1623,48,51,105,99,band_neutrophil
1624,45,92,111,84,band_neutrophil
1625,52,57,96,87,band_neutrophil
1626,48,49,105,102,myelocyte
1627,46,48,108,105,myelocyte
1628,51,58,99,84,band_neutrophil
1629,43,46,114,108,band_neutrophil
1630,54,46,93,108,band_neutrophil
1631,52,60,96,81,metamyelocyte
1632,55,54,90,93,myelocyte
1633,54,58,93,84,myelocyte
1634,55,48,90,105,band_neutrophil
1635,57,57,87,87,myelocyte
1636,57,54,87,93,band_neutrophil
1637,60,52,81,96,band_neutrophil
1638,49,45,102,111,immature_wbc
1639,55,57,90,87,myelocyte
1640,52,54,96,93,metamyelocyte
1641,61,52,78,96,myelocyte
1642,60,63,81,75,myelocyte
1643,40,48,120,105,eosinophil
1644,64,57,72,87,myelocyte
1645,55,54,90,93,myelocyte
1646,45,55,111,90,eosinophil
1647,60,57,81,87,myelocyte
1648,57,48,87,105,band_neutrophil
1649,63,54,75,93,band_neutrophil
1650,52,9,96,102,band_neutrophil
1651,58,58,84,84,band_neutrophil
1652,52,54,96,93,metamyelocyte
1653,55,57,90,87,myelocyte
1654,54,86,93,99,myelocyte
1655,61,58,78,84,band_neutrophil
1656,49,51,102,99,band_neutrophil
1657,57,24,87,78,band_neutrophil
1658,48,55,105,90,metamyelocyte
1659,55,55,90,90,metamyelocyte
1660,58,83,84,81,metamyelocyte
1661,18,45,108,111,myelocyte
1662,60,45,81,90,myelocyte
1663,60,58,81,84,metamyelocyte
1664,51,54,99,93,myelocyte
1665,49,55,102,90,band_neutrophil
1666,43,52,114,96,band_neutrophil
1667,45,55,111,90,band_neutrophil
1668,54,52,93,96,metamyelocyte
1669,64,57,72,87,myelocyte
1670,57,57,87,87,myelocyte
1671,63,61,75,78,metamyelocyte
1672,55,36,90,129,myelocyte
1673,60,51,81,99,band_neutrophil
1674,45,51,111,99,myelocyte
1675,45,42,111,117,myelocyte
1676,52,57,96,87,myelocyte
1677,60,57,81,87,metamyelocyte
1678,51,51,99,99,myelocyte
1679,18,58,108,84,metamyelocyte
1680,55,60,90,81,myelocyte
1681,49,58,102,84,band_neutrophil
1682,43,51,114,99,myelocyte
1683,52,49,96,102,myelocyte
1684,60,57,81,87,metamyelocyte
1685,52,104,96,75,myelocyte
1686,52,48,96,105,metamyelocyte
1687,55,51,90,99,seg_neutrophil
1688,52,55,96,90,seg_neutrophil
1689,57,49,87,102,seg_neutrophil
1690,49,46,102,108,seg_neutrophil
1691,57,49,87,102,seg_neutrophil
1692,49,46,102,108,seg_neutrophil
1693,57,52,87,96,seg_neutrophil
1694,57,55,87,90,seg_neutrophil
1695,52,58,96,84,myelocyte
1696,48,52,105,96,seg_neutrophil
1697,55,55,90,90,band_neutrophil
1698,42,45,117,111,seg_neutrophil
1699,57,48,87,105,immature_wbc
1700,54,55,93,90,myelocyte
1701,64,60,72,81,myelocyte
1702,45,51,111,99,seg_neutrophil
1703,52,48,96,105,seg_neutrophil
1704,54,54,93,93,metamyelocyte
1705,42,86,117,105,seg_neutrophil
1706,60,49,81,102,seg_neutrophil
1707,52,46,96,108,seg_neutrophil
1708,60,55,81,90,myelocyte
1709,45,55,111,90,seg_neutrophil
1710,55,55,90,90,band_neutrophil
1711,49,49,102,102,band_neutrophil
1712,52,51,96,99,seg_neutrophil
1713,52,54,96,93,band_neutrophil
1714,52,48,96,105,band_neutrophil
1715,57,55,87,90,myelocyte
1716,54,71,93,108,seg_neutrophil
1717,45,51,111,99,myelocyte
1718,54,57,93,87,band_neutrophil
1719,54,51,93,99,seg_neutrophil
1720,52,46,96,108,myelocyte
1721,46,43,108,114,seg_neutrophil
1722,55,51,90,99,band_neutrophil
1723,54,30,93,102,band_neutrophil
1724,57,58,87,84,band_neutrophil
1725,48,46,105,108,band_neutrophil
1726,54,58,93,84,myelocyte
1727,57,46,87,108,seg_neutrophil
1728,58,12,84,96,seg_neutrophil
1729,43,46,114,108,band_neutrophil
1730,48,52,105,96,band_neutrophil
1731,49,51,102,99,band_neutrophil
1732,48,43,105,114,seg_neutrophil
1733,61,52,78,96,metamyelocyte
1734,58,52,84,96,myelocyte
1735,49,55,102,90,band_neutrophil
1736,58,52,84,96,seg_neutrophil
1737,48,60,105,81,band_neutrophil
1738,55,30,90,93,band_neutrophil
1739,51,51,99,99,band_neutrophil
1740,54,57,93,87,seg_neutrophil
1741,45,45,111,111,seg_neutrophil
1742,54,49,93,102,myelocyte
1743,51,55,99,90,metamyelocyte
1744,45,43,111,114,immature_wbc
1745,55,57,90,87,band_neutrophil
1746,58,52,84,96,seg_neutrophil
1747,51,9,99,81,metamyelocyte
1748,51,46,99,108,seg_neutrophil
1749,51,48,99,105,seg_neutrophil
1750,51,52,99,96,band_neutrophil
1751,51,51,99,99,seg_neutrophil
1752,46,49,108,102,myelocyte
1753,51,52,99,96,band_neutrophil
1754,48,58,105,84,seg_neutrophil
1755,51,51,99,99,seg_neutrophil
1756,52,45,96,111,seg_neutrophil
1757,45,51,111,99,seg_neutrophil
1758,51,49,99,102,seg_neutrophil
1759,52,58,96,84,myelocyte
1760,52,55,96,90,seg_neutrophil
1761,57,51,87,99,seg_neutrophil
1762,52,58,96,84,metamyelocyte
1763,77,52,99,96,metamyelocyte
1764,61,58,78,84,band_neutrophil
1765,49,12,102,99,metamyelocyte
1766,48,49,105,102,seg_neutrophil
1767,45,49,84,102,band_neutrophil
1768,60,48,81,105,band_neutrophil
1769,52,51,96,99,seg_neutrophil
1770,61,54,78,93,seg_neutrophil
1771,46,51,108,99,seg_neutrophil
1772,55,51,90,99,seg_neutrophil
1773,49,77,102,105,seg_neutrophil
1774,61,54,78,93,band_neutrophil
1775,63,57,75,87,band_neutrophil
1776,51,49,99,102,band_neutrophil
1777,52,49,96,102,myelocyte
1778,39,57,93,87,seg_neutrophil
1779,55,51,90,99,band_neutrophil
1780,51,12,99,87,band_neutrophil
1781,80,55,99,90,band_neutrophil
1782,55,46,90,108,seg_neutrophil
1783,51,46,99,108,myelocyte
1784,48,48,105,105,seg_neutrophil
1785,74,49,108,102,seg_neutrophil
1786,54,52,93,96,metamyelocyte
1787,58,61,84,78,metamyelocyte
1788,57,57,87,87,band_neutrophil
1789,57,21,87,102,seg_neutrophil
1790,43,48,114,105,immature_wbc
1791,57,51,87,99,band_neutrophil
1792,49,52,102,96,seg_neutrophil
1793,61,48,78,105,myelocyte
1794,52,51,96,99,seg_neutrophil
1795,55,49,90,102,metamyelocyte
1796,51,55,99,90,myelocyte
1797,51,59,99,87,seg_neutrophil
1798,54,52,93,96,seg_neutrophil
1799,49,12,102,96,band_neutrophil
1800,98,55,90,90,seg_neutrophil
1801,48,45,105,111,myelocyte
1802,40,51,120,99,myelocyte
1803,57,60,87,81,band_neutrophil
1804,51,51,99,99,band_neutrophil
1805,51,48,99,105,seg_neutrophil
1806,92,49,93,102,seg_neutrophil
1807,46,48,108,105,seg_neutrophil
1808,45,55,111,90,band_neutrophil
1809,43,54,114,93,seg_neutrophil
1810,51,54,99,93,band_neutrophil
1811,89,49,96,102,band_neutrophil
1812,55,52,90,96,band_neutrophil
1813,49,52,102,96,eosinophil
1814,51,49,99,102,eosinophil
1815,45,48,111,105,band_neutrophil
1816,51,49,99,102,band_neutrophil
1817,51,51,99,99,band_neutrophil
1818,48,51,105,99,band_neutrophil
1819,48,51,105,99,band_neutrophil
1820,49,45,102,111,band_neutrophil
1821,46,57,108,87,eosinophil
1822,54,48,93,105,band_neutrophil
1823,51,54,99,93,band_neutrophil
1824,52,54,96,93,band_neutrophil
1825,46,55,108,90,band_neutrophil
1826,51,55,99,90,band_neutrophil
1827,51,55,99,90,band_neutrophil
1828,48,52,105,96,band_neutrophil
1829,58,55,84,90,band_neutrophil
1830,51,57,99,87,band_neutrophil
1831,51,48,99,105,band_neutrophil
1832,61,55,78,90,band_neutrophil
1833,49,55,102,90,band_neutrophil
1834,52,61,96,78,band_neutrophil
1835,57,55,87,90,band_neutrophil
1836,46,80,108,102,band_neutrophil
1837,58,52,84,96,band_neutrophil
1838,39,54,123,93,band_neutrophil
1839,54,57,90,87,band_neutrophil
1840,51,55,99,90,band_neutrophil
1841,57,33,87,99,band_neutrophil
1842,55,55,90,90,band_neutrophil
1843,58,51,84,99,eosinophil
1844,49,49,102,102,eosinophil
1845,57,52,87,96,band_neutrophil
1846,55,49,90,102,band_neutrophil
1847,51,60,99,81,band_neutrophil
1848,58,55,84,90,band_neutrophil
1849,46,54,108,93,band_neutrophil
1850,48,52,105,96,band_neutrophil
1851,52,51,96,99,band_neutrophil
1852,36,52,93,96,band_neutrophil
1853,49,52,102,96,band_neutrophil
1854,48,62,105,93,band_neutrophil
1855,55,49,90,102,band_neutrophil
1856,57,52,87,96,band_neutrophil
1857,54,62,93,99,band_neutrophil
1858,57,51,87,99,band_neutrophil
1859,52,51,96,99,band_neutrophil
1860,52,52,96,96,band_neutrophil
1861,55,55,90,90,band_neutrophil
1862,49,52,102,96,band_neutrophil
1863,49,21,102,102,band_neutrophil
1864,52,43,96,114,band_neutrophil
1865,55,49,90,102,band_neutrophil
1866,77,52,96,96,eosinophil
1867,61,48,78,105,band_neutrophil
1868,52,52,96,96,eosinophil
1869,54,48,93,105,band_neutrophil
1870,54,52,93,96,band_neutrophil
1871,49,51,102,99,band_neutrophil
1872,54,45,93,102,band_neutrophil
1873,51,49,99,102,band_neutrophil
1874,55,52,90,96,band_neutrophil
1875,49,55,102,90,band_neutrophil
1876,55,52,90,96,band_neutrophil
1877,51,55,99,90,band_neutrophil
1878,54,54,93,93,band_neutrophil
1879,54,54,93,93,band_neutrophil
1880,56,48,96,105,band_neutrophil
1881,49,48,102,105,band_neutrophil
1882,52,57,96,87,band_neutrophil
1883,55,55,90,90,band_neutrophil
1884,54,53,93,96,band_neutrophil
1885,55,55,90,90,band_neutrophil
1886,54,54,93,93,band_neutrophil
1887,54,51,93,99,band_neutrophil
1888,45,52,111,96,metamyelocyte
1889,33,31,135,138,myelocyte
1890,46,52,108,96,eosinophil
1891,45,31,111,138,myelocyte
1892,55,49,90,102,eosinophil
1893,37,39,126,123,myelocyte
1894,45,45,111,111,myelocyte
1895,28,40,144,120,myelocyte
1896,51,42,99,117,myelocyte
1897,46,51,108,99,myelocyte
1898,45,55,111,90,band_neutrophil
1899,49,51,102,99,myelocyte
1900,42,39,117,123,immature_wbc
1901,48,49,105,102,eosinophil
1902,43,48,114,105,eosinophil
1903,43,49,114,102,eosinophil
1904,54,46,93,108,eosinophil
1905,58,46,84,108,eosinophil
1906,31,40,138,120,myelocyte
1907,39,42,123,117,myelocyte
1908,24,27,153,147,myelocyte
1909,49,48,102,105,eosinophil
1910,31,42,138,117,myelocyte
1911,45,49,111,102,eosinophil
1912,48,54,105,93,eosinophil
1913,55,49,90,102,eosinophil
1914,49,48,102,105,eosinophil
1915,54,46,93,108,eosinophil
1916,46,46,108,108,eosinophil
1917,52,55,96,90,eosinophil
1918,52,52,96,96,eosinophil
1919,45,55,111,90,eosinophil
1920,45,52,111,96,myelocyte
1921,51,52,99,96,eosinophil
1922,48,60,105,81,band_neutrophil
1923,54,58,93,84,metamyelocyte
1924,54,54,93,93,immature_wbc
1925,86,51,102,99,band_neutrophil
1926,58,54,84,93,band_neutrophil
1927,51,51,99,99,band_neutrophil
1928,55,60,90,81,band_neutrophil
1929,64,64,72,72,lymphocyte
1930,57,55,87,90,metamyelocyte
1931,52,54,96,93,metamyelocyte
1932,57,55,87,90,band_neutrophil
1933,51,49,99,102,myelocyte
1934,52,49,96,102,myelocyte
1935,54,54,93,93,metamyelocyte
1936,52,51,96,99,metamyelocyte
1937,42,45,102,111,band_neutrophil
1938,110,61,84,78,abnormal_lymphocyte
1939,54,51,93,99,myelocyte
1940,54,52,93,96,metamyelocyte
1941,42,31,117,138,myelocyte
1942,57,49,87,102,band_neutrophil
1943,55,54,90,93,metamyelocyte
1944,48,54,105,93,metamyelocyte
1945,54,49,93,102,metamyelocyte
1946,60,46,81,108,band_neutrophil
1947,55,57,90,87,myelocyte
1948,55,52,90,96,metamyelocyte
1949,57,51,87,99,band_neutrophil
1950,48,45,105,111,seg_neutrophil
1951,52,55,96,90,band_neutrophil
1952,46,52,108,96,band_neutrophil
1953,52,57,96,87,band_neutrophil
1954,48,42,105,117,seg_neutrophil
1955,49,45,102,111,seg_neutrophil
1956,46,45,108,111,seg_neutrophil
1957,49,54,102,93,seg_neutrophil
1958,52,51,96,99,band_neutrophil
1959,54,62,93,87,band_neutrophil
1960,55,52,90,96,band_neutrophil
1961,58,49,84,102,band_neutrophil
1962,40,46,120,108,seg_neutrophil
1963,54,49,93,102,band_neutrophil
1964,49,54,102,93,seg_neutrophil
1965,55,51,90,99,seg_neutrophil
1966,46,45,108,102,seg_neutrophil
1967,49,54,102,93,seg_neutrophil
1968,51,54,99,93,band_neutrophil
1969,48,48,105,105,seg_neutrophil
1970,52,77,96,90,band_neutrophil
1971,49,58,102,84,metamyelocyte
1972,57,52,87,96,band_neutrophil
1973,52,45,96,111,seg_neutrophil
1974,54,60,93,81,band_neutrophil
1975,55,54,90,93,band_neutrophil
1976,54,101,93,96,myelocyte
1977,49,51,102,99,seg_neutrophil
1978,42,57,96,87,seg_neutrophil
1979,48,51,105,99,band_neutrophil
1980,45,46,111,108,seg_neutrophil
1981,58,52,84,96,seg_neutrophil
1982,51,46,99,108,seg_neutrophil
1983,46,34,108,132,myelocyte
1984,51,71,99,96,seg_neutrophil
1985,54,61,93,78,metamyelocyte
1986,49,46,102,108,seg_neutrophil
1987,63,61,75,78,metamyelocyte
1988,51,51,99,99,band_neutrophil
1989,49,51,102,99,myelocyte
1990,54,54,93,93,seg_neutrophil
1991,57,57,87,87,band_neutrophil
1992,54,54,93,93,myelocyte
1993,58,55,84,90,metamyelocyte
1994,54,52,93,96,band_neutrophil
1995,66,57,69,87,band_neutrophil
1996,45,54,111,93,myelocyte
1997,58,57,84,87,band_neutrophil
1998,9,49,111,102,myelocyte
1999,51,9,99,102,band_neutrophil
2000,52,48,96,105,seg_neutrophil
2001,54,49,93,102,seg_neutrophil
2002,55,51,90,99,band_neutrophil
2003,57,52,87,96,band_neutrophil
2004,58,52,84,96,metamyelocyte
2005,65,57,111,87,eosinophil
2006,58,52,84,96,band_neutrophil
2007,46,54,108,93,seg_neutrophil
2008,61,55,78,90,band_neutrophil
2009,55,46,90,108,seg_neutrophil
2010,49,54,102,93,band_neutrophil
2011,45,49,111,102,seg_neutrophil
2012,55,55,90,90,band_neutrophil
2013,55,51,90,99,band_neutrophil
2014,63,89,75,87,band_neutrophil
2015,51,46,99,108,band_neutrophil
2016,43,51,114,99,seg_neutrophil
2017,48,49,105,102,seg_neutrophil
2018,54,54,93,93,band_neutrophil
2019,54,89,93,99,band_neutrophil
2020,51,52,99,96,band_neutrophil
2021,54,57,93,87,band_neutrophil
2022,39,42,123,117,myelocyte
2023,46,42,108,117,seg_neutrophil
2024,34,15,132,123,myelocyte
2025,51,51,99,99,seg_neutrophil
2026,51,58,99,84,band_neutrophil
2027,54,52,93,96,seg_neutrophil
2028,46,46,108,108,seg_neutrophil
2029,54,54,93,93,band_neutrophil
2030,55,51,90,99,band_neutrophil
2031,54,80,93,108,seg_neutrophil
2032,60,48,81,105,band_neutrophil
2033,55,46,90,108,seg_neutrophil
2034,48,57,105,87,seg_neutrophil
2035,55,54,90,93,myelocyte
2036,52,49,96,102,band_neutrophil
2037,55,57,90,87,band_neutrophil
2038,54,54,93,93,lymphocyte
2039,46,40,108,120,seg_neutrophil
2040,48,52,105,96,seg_neutrophil
2041,48,48,105,105,seg_neutrophil
2042,51,57,99,87,seg_neutrophil
2043,52,49,96,102,band_neutrophil
2044,54,52,93,96,seg_neutrophil
2045,45,54,111,93,seg_neutrophil
2046,52,55,96,90,band_neutrophil
2047,57,58,87,84,band_neutrophil
2048,49,48,102,105,eosinophil
2049,49,51,102,99,band_neutrophil
2050,48,55,105,90,band_neutrophil
2051,52,55,96,90,myelocyte
2052,48,46,105,108,myelocyte
2053,46,48,108,105,eosinophil
2054,55,54,90,93,immature_wbc
2055,64,61,72,78,immature_wbc
2056,49,55,102,90,immature_wbc
2057,51,65,99,84,immature_wbc
2058,55,55,90,90,immature_wbc
2059,57,51,87,99,immature_wbc
2060,48,49,105,102,immature_wbc
2061,40,54,120,93,immature_wbc
2062,34,37,132,126,monocyte
2063,51,54,99,93,immature_wbc
2064,45,54,111,93,immature_wbc
2065,55,58,90,84,immature_wbc
2066,54,60,93,81,immature_wbc
2067,63,52,75,96,immature_wbc
2068,52,46,96,108,immature_wbc
2069,33,52,84,96,immature_wbc
2070,51,61,99,78,immature_wbc
2071,45,45,111,111,immature_wbc
2072,60,57,81,87,immature_wbc
2073,52,63,96,75,immature_wbc
2074,45,48,111,105,immature_wbc
2075,48,51,105,99,immature_wbc
2076,52,43,96,114,immature_wbc
2077,48,46,105,108,immature_wbc
2078,46,52,108,96,immature_wbc
2079,45,46,111,108,immature_wbc
2080,51,54,99,93,immature_wbc
2081,57,54,87,93,immature_wbc
2082,58,54,84,93,immature_wbc
2083,49,49,102,102,immature_wbc
2084,52,58,96,84,immature_wbc
2085,54,49,93,102,immature_wbc
2086,51,51,99,99,immature_wbc
2087,43,45,114,111,immature_wbc
2088,64,64,72,72,immature_wbc
2089,52,55,96,90,immature_wbc
2090,39,57,123,87,immature_wbc
2091,42,51,117,99,immature_wbc
2092,43,42,114,117,immature_wbc
2093,52,52,96,96,immature_wbc
2094,42,57,117,87,immature_wbc
2095,49,52,102,96,immature_wbc
2096,60,49,81,102,immature_wbc
2097,48,48,105,105,lymphocyte
2098,57,54,87,93,immature_wbc
2099,63,57,75,87,immature_wbc
2100,27,33,147,135,monocyte
2101,49,52,102,96,immature_wbc
2102,64,66,72,69,lymphocyte
2103,43,55,114,90,immature_wbc
2104,67,72,66,57,n_rbc
2105,46,77,108,99,immature_wbc
2106,28,44,144,144,monocyte
2107,64,55,72,90,immature_wbc
2108,46,49,108,102,immature_wbc
2109,51,60,99,81,immature_wbc
2110,48,48,105,105,immature_wbc
2111,58,57,84,87,immature_wbc
2112,72,60,57,81,lymphocyte
2113,52,55,96,90,immature_wbc
2114,55,60,90,81,immature_wbc
2115,51,60,99,81,immature_wbc
2116,52,57,96,87,immature_wbc
2117,52,48,96,105,immature_wbc
2118,61,63,78,75,lymphocyte
2119,51,58,99,84,immature_wbc
2120,52,57,96,87,immature_wbc
2121,45,57,111,87,immature_wbc
2122,36,39,129,123,monocyte
2123,52,58,96,84,immature_wbc
2124,54,55,93,90,smudge
2125,46,43,108,114,immature_wbc
2126,55,63,90,75,immature_wbc
2127,51,58,99,84,immature_wbc
2128,46,51,108,99,immature_wbc
2129,52,60,96,81,immature_wbc
2130,61,51,78,99,immature_wbc
2131,55,51,90,99,immature_wbc
2132,66,64,69,72,lymphocyte
2133,19,42,162,117,monocyte
2134,54,58,93,84,lymphocyte
2135,63,69,75,63,lymphocyte
2136,55,52,90,96,immature_wbc
2137,51,49,99,102,immature_wbc
2138,63,60,75,81,lymphocyte
2139,58,55,84,90,immature_wbc
2140,57,55,87,90,immature_wbc
2141,48,51,105,99,lymphocyte
2142,40,62,120,96,seg_neutrophil
2143,61,58,78,84,immature_wbc
2144,43,54,114,93,immature_wbc
2145,67,67,66,66,lymphocyte
2146,40,42,120,117,immature_wbc
2147,64,58,72,84,immature_wbc
2148,48,52,105,96,immature_wbc
2149,39,49,123,102,monocyte
2150,98,42,99,117,lymphocyte
2151,67,69,66,63,lymphocyte
2152,60,63,81,75,lymphocyte
2153,55,57,90,87,immature_wbc
2154,49,58,102,84,lymphocyte
2155,49,58,102,84,immature_wbc
2156,51,60,75,81,immature_wbc
2157,51,55,99,90,immature_wbc
2158,52,48,96,105,immature_wbc
2159,61,55,78,90,immature_wbc
2160,45,54,111,93,immature_wbc
2161,57,60,87,81,immature_wbc
2162,64,58,72,84,lymphocyte
2163,37,41,126,123,immature_wbc
2164,36,36,129,129,monocyte
2165,69,63,63,75,lymphocyte
2166,61,57,78,87,immature_wbc
2167,54,49,93,102,immature_wbc
2168,58,30,84,141,monocyte
2169,57,42,87,117,immature_wbc
2170,58,58,84,84,immature_wbc
2171,52,58,96,84,immature_wbc
2172,51,51,99,99,immature_wbc
2173,92,58,96,84,immature_wbc
2174,51,54,99,93,immature_wbc
2175,36,37,129,126,monocyte
2176,63,67,75,66,lymphocyte
2177,34,49,132,102,immature_wbc
2178,57,60,87,81,immature_wbc
2179,51,58,81,84,immature_wbc
2180,52,59,96,84,immature_wbc
2181,24,37,153,126,monocyte
2182,55,48,90,105,immature_wbc
2183,54,61,93,78,immature_wbc
2184,58,86,84,84,immature_wbc
2185,43,55,114,90,immature_wbc
2186,37,52,126,96,immature_wbc
2187,66,64,69,72,lymphocyte
2188,49,51,102,99,immature_wbc
2189,45,54,111,93,immature_wbc
2190,43,42,114,117,monocyte
2191,51,54,99,93,immature_wbc
2192,54,63,93,75,immature_wbc
2193,63,66,75,69,lymphocyte
2194,55,58,90,84,immature_wbc
2195,57,57,87,87,immature_wbc
2196,39,42,99,117,immature_wbc
2197,36,46,129,108,monocyte
2198,54,52,93,96,immature_wbc
2199,49,63,102,75,immature_wbc
2200,51,63,99,75,immature_wbc
2201,48,64,87,72,immature_wbc
2202,57,107,87,69,immature_wbc
2203,69,73,63,54,immature_wbc
2204,60,58,81,84,immature_wbc
2205,55,67,90,66,immature_wbc
2206,61,57,78,87,immature_wbc
2207,61,69,78,63,immature_wbc
2208,58,61,84,78,immature_wbc
2209,69,61,63,78,immature_wbc
2210,64,69,72,63,immature_wbc
2211,61,58,78,84,immature_wbc
2212,55,55,90,90,immature_wbc
2213,60,61,81,78,immature_wbc
2214,49,67,102,66,immature_wbc
2215,57,58,87,84,immature_wbc
2216,70,70,60,60,immature_wbc
2217,58,98,84,87,immature_wbc
2218,58,57,84,87,immature_wbc
2219,3,52,60,96,immature_wbc
2220,54,51,93,99,immature_wbc
2221,55,113,90,81,immature_wbc
2222,61,66,78,66,immature_wbc
2223,67,63,66,75,immature_wbc
2224,52,54,96,93,immature_wbc
2225,51,15,99,84,immature_wbc
2226,61,58,78,84,immature_wbc
2227,58,63,84,75,immature_wbc
2228,60,66,81,69,immature_wbc
2229,58,59,84,84,immature_wbc
2230,58,58,84,84,immature_wbc
2231,55,55,90,90,immature_wbc
2232,52,58,96,84,immature_wbc
2233,51,61,99,78,immature_wbc
2234,51,61,99,78,immature_wbc
2235,48,52,105,96,immature_wbc
2236,63,66,75,69,immature_wbc
2237,63,61,75,78,immature_wbc
2238,64,61,72,78,immature_wbc
2239,58,63,84,75,immature_wbc
2240,64,63,72,75,immature_wbc
2241,83,61,69,78,immature_wbc
2242,60,48,81,105,immature_wbc
2243,60,24,81,78,immature_wbc
2244,55,46,90,108,immature_wbc
2245,48,52,105,96,immature_wbc
2246,55,49,90,102,immature_wbc
2247,58,58,84,84,immature_wbc
2248,49,57,102,87,immature_wbc
2249,57,61,87,78,immature_wbc
2250,63,45,75,54,immature_wbc
2251,54,58,93,84,immature_wbc
2252,57,39,87,75,immature_wbc
2253,66,67,69,66,immature_wbc
2254,67,52,66,96,immature_wbc
2255,58,63,84,75,immature_wbc
2256,55,52,90,96,immature_wbc
2257,61,58,78,84,immature_wbc
2258,60,60,81,81,immature_wbc
2259,61,55,78,90,immature_wbc
2260,55,58,90,84,immature_wbc
2261,63,69,75,63,immature_wbc
2262,61,60,78,81,immature_wbc
2263,63,69,75,63,immature_wbc
2264,61,63,78,75,immature_wbc
2265,55,57,90,87,immature_wbc
2266,61,55,78,90,immature_wbc
2267,58,116,84,78,immature_wbc
2268,61,55,78,90,immature_wbc
2269,63,60,75,81,immature_wbc
2270,60,61,81,78,immature_wbc
2271,61,66,78,69,immature_wbc
2272,70,9,60,66,immature_wbc
2273,61,69,78,63,immature_wbc
2274,57,64,87,72,immature_wbc
2275,63,66,75,69,immature_wbc
2276,52,58,96,84,immature_wbc
2277,60,66,81,69,immature_wbc
2278,52,45,96,111,immature_wbc
2279,30,67,60,66,immature_wbc
2280,57,58,87,84,immature_wbc
2281,57,61,87,78,immature_wbc
2282,58,60,84,81,immature_wbc
2283,69,61,63,78,immature_wbc
2284,60,55,81,90,immature_wbc
2285,52,76,96,48,immature_wbc
2286,60,58,81,84,immature_wbc
2287,49,110,102,75,immature_wbc
2288,64,57,72,87,immature_wbc
2289,64,72,72,57,immature_wbc
2290,55,51,90,99,immature_wbc
2291,70,57,60,87,immature_wbc
2292,70,66,60,69,immature_wbc
2293,64,67,72,66,immature_wbc
2294,61,66,78,69,immature_wbc
2295,55,52,90,96,immature_wbc
2296,66,66,69,69,immature_wbc
2297,63,69,75,63,immature_wbc
2298,76,63,48,75,immature_wbc
2299,73,69,54,63,immature_wbc
2300,60,58,81,84,immature_wbc
2301,63,64,75,72,immature_wbc
2302,63,49,75,102,immature_wbc
2303,60,60,81,81,immature_wbc
2304,60,61,81,78,immature_wbc
2305,58,54,84,93,immature_wbc
2306,69,45,63,60,immature_wbc
2307,51,51,99,99,immature_wbc
2308,48,60,105,81,immature_wbc
2309,72,9,57,60,immature_wbc
2310,89,73,66,54,immature_wbc
2311,89,60,60,81,immature_wbc
2312,95,67,81,66,immature_wbc
2313,48,57,105,87,immature_wbc
2314,63,58,75,84,immature_wbc
2315,73,54,54,75,immature_wbc
2316,66,64,69,72,immature_wbc
2317,61,67,78,66,immature_wbc
2318,49,64,102,72,immature_wbc
2319,60,69,81,63,immature_wbc
2320,75,54,51,93,immature_wbc
2321,70,66,60,69,immature_wbc
2322,72,60,57,81,immature_wbc
2323,54,46,93,108,immature_wbc
2324,69,60,63,81,immature_wbc
2325,52,64,96,72,immature_wbc
2326,61,116,78,66,immature_wbc
2327,57,63,87,75,immature_wbc
2328,46,64,108,72,immature_wbc
2329,61,67,78,66,immature_wbc
2330,63,60,75,81,immature_wbc
2331,52,54,96,93,immature_wbc
2332,52,54,96,93,immature_wbc
2333,58,42,84,117,immature_wbc
2334,54,63,93,75,immature_wbc
2335,66,60,69,81,immature_wbc
2336,67,69,66,63,immature_wbc
2337,58,58,84,84,immature_wbc
2338,58,57,84,87,immature_wbc
2339,60,69,81,63,immature_wbc
2340,70,72,60,57,immature_wbc
2341,48,6,75,63,immature_wbc
2342,72,67,57,66,immature_wbc
2343,58,72,84,57,immature_wbc
2344,55,46,90,108,immature_wbc
2345,72,63,57,75,immature_wbc
2346,61,60,78,81,immature_wbc
2347,57,33,87,84,immature_wbc
2348,63,61,75,78,immature_wbc
2349,52,67,96,66,immature_wbc
2350,67,122,66,69,immature_wbc
2351,67,55,66,90,immature_wbc
2352,51,72,99,57,immature_wbc
2353,67,64,66,72,immature_wbc
2354,67,61,66,78,immature_wbc
2355,61,55,78,90,immature_wbc
2356,63,49,75,102,immature_wbc
2357,51,54,99,93,immature_wbc
2358,51,52,99,96,immature_wbc
2359,57,55,87,90,immature_wbc
2360,70,64,60,72,immature_wbc
2361,72,66,57,69,immature_wbc
2362,51,45,99,78,immature_wbc
2363,63,63,75,75,immature_wbc
2364,61,51,78,99,immature_wbc
2365,61,64,78,72,immature_wbc
2366,73,66,54,69,immature_wbc
2367,58,58,84,84,immature_wbc
2368,63,51,75,99,immature_wbc
2369,98,72,96,57,immature_wbc
2370,21,66,72,69,immature_wbc
2371,63,57,75,87,immature_wbc
2372,69,64,63,72,immature_wbc
2373,60,71,81,102,immature_wbc
2374,54,24,93,90,immature_wbc
2375,60,58,81,84,immature_wbc
2376,57,61,87,78,immature_wbc
2377,61,51,78,99,immature_wbc
2378,46,58,108,84,immature_wbc
2379,55,42,90,117,immature_wbc
2380,64,58,72,84,immature_wbc
2381,57,3,87,54,immature_wbc
2382,58,45,84,111,immature_wbc
2383,67,98,66,75,immature_wbc
2384,61,63,78,75,immature_wbc
2385,77,52,87,96,immature_wbc
2386,45,3,111,78,immature_wbc
2387,58,57,84,87,immature_wbc
2388,70,55,60,90,immature_wbc
2389,55,49,90,102,immature_wbc
2390,66,66,69,69,immature_wbc
2391,60,110,81,57,immature_wbc
2392,64,55,72,90,immature_wbc
2393,58,70,84,60,immature_wbc
2394,70,64,60,72,immature_wbc
2395,63,69,75,63,immature_wbc
2396,61,60,78,81,immature_wbc
2397,57,64,87,72,immature_wbc
2398,70,60,60,81,immature_wbc
2399,69,27,63,72,immature_wbc
2400,72,125,57,72,immature_wbc
2401,58,52,84,96,immature_wbc
2402,60,70,81,60,immature_wbc
2403,61,66,78,69,immature_wbc
2404,101,40,93,120,immature_wbc
2405,43,48,114,105,immature_wbc
2406,69,67,63,66,immature_wbc
2407,70,57,60,87,immature_wbc
2408,61,3,78,60,immature_wbc
2409,54,64,93,72,immature_wbc
2410,72,55,57,90,immature_wbc
2411,63,70,75,60,immature_wbc
2412,64,55,72,90,immature_wbc
2413,51,61,99,78,immature_wbc
2414,61,70,78,60,immature_wbc
2415,64,64,72,72,immature_wbc
2416,72,67,57,66,immature_wbc
2417,73,60,54,81,immature_wbc
2418,67,58,66,84,immature_wbc
2419,64,66,72,69,immature_wbc
2420,61,70,78,60,immature_wbc
2421,73,61,54,78,immature_wbc
2422,60,6,81,63,immature_wbc
2423,61,60,78,81,immature_wbc
2424,52,55,96,90,immature_wbc
2425,60,62,81,87,immature_wbc
2426,63,69,75,63,immature_wbc
2427,60,67,81,66,immature_wbc
2428,57,61,87,78,immature_wbc
2429,64,25,72,150,immature_wbc
2430,55,72,90,57,immature_wbc
2431,70,55,60,90,immature_wbc
2432,57,60,87,81,immature_wbc
2433,57,49,87,102,immature_wbc
2434,3,70,78,60,immature_wbc
2435,3,77,87,96,immature_wbc
2436,15,63,102,75,immature_wbc
2437,57,55,72,90,immature_wbc
2438,70,66,60,69,immature_wbc
2439,61,66,78,69,immature_wbc
2440,61,67,78,66,immature_wbc
2441,57,55,87,90,immature_wbc
2442,63,58,75,84,immature_wbc
2443,55,51,90,99,immature_wbc
2444,54,55,93,90,immature_wbc
2445,64,66,72,69,immature_wbc
2446,69,64,63,72,immature_wbc
2447,64,69,72,63,immature_wbc
2448,66,70,69,60,immature_wbc
2449,72,64,57,72,immature_wbc
2450,55,55,90,90,immature_wbc
2451,64,9,72,51,immature_wbc
2452,57,55,87,90,immature_wbc
2453,54,76,93,48,immature_wbc
2454,57,61,87,78,immature_wbc
2455,66,64,69,72,immature_wbc
2456,64,128,72,69,immature_wbc
2457,61,64,78,72,immature_wbc
2458,66,61,69,78,abnormal_lymphocyte
2459,61,66,78,69,immature_wbc
2460,110,60,75,81,immature_wbc
2461,39,60,54,81,immature_wbc
2462,67,55,66,90,immature_wbc
2463,57,12,87,99,immature_wbc
2464,67,69,66,63,immature_wbc
2465,52,54,96,93,immature_wbc
2466,72,72,57,57,immature_wbc
2467,69,122,63,66,immature_wbc
2468,60,61,81,78,immature_wbc
2469,66,66,69,69,immature_wbc
2470,55,83,90,87,immature_wbc
2471,61,64,78,72,immature_wbc
2472,69,61,63,78,immature_wbc
2473,63,149,75,48,immature_wbc
2474,55,66,90,69,immature_wbc
2475,63,66,75,69,immature_wbc
2476,72,52,57,96,immature_wbc
2477,55,64,90,72,immature_wbc
2478,48,113,105,81,immature_wbc
2479,70,70,60,60,immature_wbc
2480,61,75,78,51,immature_wbc
2481,70,57,60,87,immature_wbc
2482,69,57,63,87,immature_wbc
2483,46,66,108,69,immature_wbc
2484,57,69,87,63,immature_wbc
2485,57,54,87,93,immature_wbc
2486,61,64,78,72,immature_wbc
2487,58,55,84,90,immature_wbc
2488,49,55,102,90,immature_wbc
2489,54,69,93,63,immature_wbc
2490,76,58,48,84,immature_wbc
2491,46,61,108,78,immature_wbc
2492,60,55,81,90,immature_wbc
2493,54,27,93,78,immature_wbc
2494,49,66,102,69,immature_wbc
2495,45,54,111,93,immature_wbc
2496,55,58,90,84,immature_wbc
2497,54,143,93,51,immature_wbc
2498,39,52,123,96,immature_wbc
2499,69,70,63,60,immature_wbc
2500,55,69,90,63,immature_wbc
2501,57,58,87,84,immature_wbc
2502,39,40,123,120,immature_wbc
2503,48,55,105,90,immature_wbc
2504,49,46,102,108,immature_wbc
2505,49,60,102,81,immature_wbc
2506,34,37,132,126,immature_wbc
2507,58,55,84,90,immature_wbc
2508,52,63,96,75,immature_wbc
2509,60,46,81,108,immature_wbc
2510,43,58,114,84,immature_wbc
2511,63,60,75,81,immature_wbc
2512,45,46,111,108,immature_wbc
2513,39,52,123,96,immature_wbc
2514,77,51,93,99,immature_wbc
2515,33,22,111,156,immature_wbc
2516,66,46,69,108,immature_wbc
2517,58,48,84,105,immature_wbc
2518,66,39,69,123,immature_wbc
2519,48,51,105,99,immature_wbc
2520,52,54,96,93,immature_wbc
2521,55,54,90,93,immature_wbc
2522,49,49,102,102,immature_wbc
2523,64,61,72,78,immature_wbc
2524,60,60,81,81,immature_wbc
2525,64,51,72,99,immature_wbc
2526,55,43,90,114,immature_wbc
2527,57,60,87,81,immature_wbc
2528,48,54,105,93,immature_wbc
2529,49,57,102,87,immature_wbc
2530,36,18,129,165,immature_wbc
2531,55,49,90,102,immature_wbc
2532,51,52,99,96,immature_wbc
2533,70,64,60,72,immature_wbc
2534,60,64,81,72,immature_wbc
2535,61,61,78,78,immature_wbc
2536,37,40,126,120,immature_wbc
2537,51,55,99,90,immature_wbc
2538,73,63,54,75,immature_wbc
2539,45,77,111,96,immature_wbc
2540,61,55,78,90,immature_wbc
2541,57,49,87,102,immature_wbc
2542,52,55,96,90,immature_wbc
2543,67,66,66,69,immature_wbc
2544,54,57,93,87,immature_wbc
2545,52,83,96,105,immature_wbc
2546,63,63,75,75,immature_wbc
2547,45,55,111,90,immature_wbc
2548,55,52,90,96,immature_wbc
2549,51,49,99,102,immature_wbc
2550,51,64,99,72,immature_wbc
2551,58,46,84,108,immature_wbc
2552,55,52,90,96,immature_wbc
2553,51,54,99,93,immature_wbc
2554,54,51,93,99,immature_wbc
2555,51,58,99,84,immature_wbc
2556,48,51,105,99,immature_wbc
2557,48,54,105,93,immature_wbc
2558,57,49,87,102,immature_wbc
2559,63,45,75,111,immature_wbc
2560,45,43,111,114,immature_wbc
2561,49,12,102,147,immature_wbc
2562,48,37,105,126,immature_wbc
2563,37,30,126,141,immature_wbc
2564,51,55,99,90,immature_wbc
2565,45,48,111,105,immature_wbc
2566,66,27,69,75,immature_wbc
2567,51,55,99,90,immature_wbc
2568,55,55,90,90,immature_wbc
2569,42,46,117,108,immature_wbc
2570,73,52,54,96,immature_wbc
2571,58,54,84,93,immature_wbc
2572,55,49,90,102,immature_wbc
2573,72,66,57,69,immature_wbc
2574,57,49,87,102,immature_wbc
2575,55,61,90,78,immature_wbc
2576,33,36,135,93,immature_wbc
2577,52,45,96,111,immature_wbc
2578,58,58,84,84,immature_wbc
2579,49,54,102,93,immature_wbc
2580,67,57,66,87,immature_wbc
2581,52,45,96,102,immature_wbc
2582,60,52,81,96,immature_wbc
2583,57,57,87,87,immature_wbc
2584,42,3,117,78,immature_wbc
2585,69,58,63,84,immature_wbc
2586,66,58,69,84,immature_wbc
2587,63,61,75,78,immature_wbc
2588,60,57,81,81,immature_wbc
2589,49,40,102,120,immature_wbc
2590,61,54,78,93,immature_wbc
2591,55,83,90,105,immature_wbc
2592,57,51,87,99,immature_wbc
2593,60,55,81,90,immature_wbc
2594,52,55,96,90,immature_wbc
2595,55,67,90,66,immature_wbc
2596,52,58,96,84,immature_wbc
2597,54,58,93,84,immature_wbc
2598,52,52,96,96,immature_wbc
2599,61,52,78,96,immature_wbc
2600,57,58,87,84,immature_wbc
2601,70,66,60,69,immature_wbc
2602,51,9,99,66,immature_wbc
2603,48,49,105,102,immature_wbc
2604,52,72,96,57,immature_wbc
2605,52,55,96,90,immature_wbc
2606,55,55,90,90,immature_wbc
2607,33,40,135,120,immature_wbc
2608,58,60,84,81,immature_wbc
2609,72,64,57,72,immature_wbc
2610,60,72,81,57,immature_wbc
2611,63,27,75,84,immature_wbc
2612,75,64,51,72,immature_wbc
2613,61,55,78,90,immature_wbc
2614,89,61,78,78,immature_wbc
2615,42,51,117,99,immature_wbc
2616,67,58,66,84,immature_wbc
2617,51,54,99,93,immature_wbc
2618,54,54,93,93,immature_wbc
2619,54,58,93,84,immature_wbc
2620,61,15,78,90,immature_wbc
2621,54,57,93,87,immature_wbc
2622,63,64,75,72,immature_wbc
2623,67,54,66,60,immature_wbc
2624,42,61,117,78,immature_wbc
2625,63,57,75,87,immature_wbc
2626,55,67,90,66,immature_wbc
2627,24,73,153,54,immature_wbc
2628,63,60,75,81,immature_wbc
2629,58,51,84,99,immature_wbc
2630,48,89,105,78,immature_wbc
2631,52,58,96,84,immature_wbc
2632,61,104,78,75,immature_wbc
2633,58,67,84,66,immature_wbc
2634,46,63,108,75,immature_wbc
2635,54,54,93,93,immature_wbc
2636,60,58,81,84,immature_wbc
2637,68,39,93,123,immature_wbc
2638,21,67,60,66,immature_wbc
2639,58,46,84,108,immature_wbc
2640,52,48,96,105,immature_wbc
2641,57,63,87,75,immature_wbc
2642,63,54,75,93,immature_wbc
2643,43,55,114,90,immature_wbc
2644,37,57,126,87,immature_wbc
2645,58,58,84,84,immature_wbc
2646,54,54,93,93,immature_wbc
2647,61,60,78,81,immature_wbc
2648,55,64,90,72,immature_wbc
2649,64,66,72,69,immature_wbc
2650,52,55,96,90,immature_wbc
2651,69,55,63,90,immature_wbc
2652,48,55,105,90,immature_wbc
2653,55,46,90,108,immature_wbc
2654,36,33,129,135,immature_wbc
2655,52,58,96,84,immature_wbc
2656,66,64,69,72,immature_wbc
2657,63,55,75,90,immature_wbc
2658,54,58,93,84,immature_wbc
2659,55,55,90,90,immature_wbc
2660,57,52,87,96,immature_wbc
2661,52,55,96,90,immature_wbc
2662,55,52,90,96,immature_wbc
2663,64,64,72,72,immature_wbc
2664,54,46,93,108,immature_wbc
2665,57,64,87,72,immature_wbc
2666,57,51,87,99,immature_wbc
2667,34,28,132,144,immature_wbc
2668,31,55,138,90,immature_wbc
2669,48,3,105,99,immature_wbc
2670,63,60,75,81,immature_wbc
2671,58,48,84,105,immature_wbc
2672,49,69,102,63,immature_wbc
2673,69,51,63,60,immature_wbc
2674,61,58,78,84,immature_wbc
2675,51,48,99,105,immature_wbc
2676,57,70,87,60,immature_wbc
2677,64,64,72,72,immature_wbc
2678,33,54,84,93,immature_wbc
2679,52,48,96,105,immature_wbc
2680,64,51,72,99,immature_wbc
2681,49,57,102,87,immature_wbc
2682,55,60,90,81,immature_wbc
2683,46,58,108,84,immature_wbc
2684,42,60,117,81,immature_wbc
2685,48,57,105,87,immature_wbc
2686,49,63,102,75,immature_wbc
2687,54,12,93,177,immature_wbc
2688,61,66,78,69,immature_wbc
2689,57,49,87,102,immature_wbc
2690,43,54,114,93,immature_wbc
2691,58,45,84,111,immature_wbc
2692,60,51,81,99,immature_wbc
2693,57,54,87,93,immature_wbc
2694,49,46,102,108,immature_wbc
2695,67,58,66,84,immature_wbc
2696,46,51,108,99,immature_wbc
2697,55,49,90,102,immature_wbc
2698,4,37,192,126,immature_wbc
2699,49,55,102,90,immature_wbc
2700,52,58,96,84,immature_wbc
2701,46,21,108,111,immature_wbc
2702,64,57,72,87,immature_wbc
2703,83,51,90,99,immature_wbc
2704,54,55,93,90,immature_wbc
2705,54,55,93,90,immature_wbc
2706,69,61,63,78,immature_wbc
2707,42,54,117,93,immature_wbc
2708,54,67,93,66,immature_wbc
2709,55,60,90,81,immature_wbc
2710,49,57,102,87,immature_wbc
2711,51,57,99,87,immature_wbc
2712,64,63,72,75,immature_wbc
2713,51,58,99,84,immature_wbc
2714,61,73,78,54,immature_wbc
2715,48,43,105,114,immature_wbc
2716,54,57,93,87,immature_wbc
2717,52,54,96,93,immature_wbc
2718,48,58,105,84,immature_wbc
2719,46,60,108,81,immature_wbc
2720,61,98,78,87,immature_wbc
2721,48,60,105,81,immature_wbc
2722,58,67,84,66,immature_wbc
2723,51,57,99,87,immature_wbc
2724,61,61,78,78,immature_wbc
2725,63,54,75,93,immature_wbc
2726,64,52,72,96,immature_wbc
2727,61,49,78,102,immature_wbc
2728,48,57,105,87,immature_wbc
2729,51,51,99,99,immature_wbc
2730,60,64,81,72,immature_wbc
2731,58,54,84,93,immature_wbc
2732,45,55,111,90,immature_wbc
2733,45,64,111,72,immature_wbc
2734,36,45,129,111,immature_wbc
2735,61,52,78,96,immature_wbc
2736,46,58,108,84,immature_wbc
2737,46,63,108,75,immature_wbc
2738,54,61,93,78,immature_wbc
2739,51,52,99,96,immature_wbc
2740,58,67,84,66,immature_wbc
2741,51,40,99,120,immature_wbc
2742,60,52,81,96,immature_wbc
2743,58,42,84,117,immature_wbc
2744,42,54,117,93,immature_wbc
2745,75,49,51,102,immature_wbc
2746,73,57,54,87,immature_wbc
2747,57,55,87,90,immature_wbc
2748,55,31,90,138,immature_wbc
2749,51,58,99,84,immature_wbc
2750,57,60,87,81,immature_wbc
2751,46,39,108,123,immature_wbc
2752,51,61,99,78,immature_wbc
2753,49,58,102,84,immature_wbc
2754,63,51,75,99,immature_wbc
2755,61,60,78,81,immature_wbc
2756,63,48,75,105,immature_wbc
2757,69,46,63,108,immature_wbc
2758,57,57,87,87,immature_wbc
2759,60,54,81,93,immature_wbc
2760,67,57,66,87,immature_wbc
2761,54,83,93,108,immature_wbc
2762,63,57,75,87,immature_wbc
2763,58,67,84,66,immature_wbc
2764,52,37,96,126,immature_wbc
2765,51,62,99,99,immature_wbc
2766,51,52,99,96,immature_wbc
2767,57,60,87,81,immature_wbc
2768,49,51,102,99,immature_wbc
2769,57,51,87,99,immature_wbc
2770,67,69,66,63,immature_wbc
2771,51,55,90,90,immature_wbc
2772,52,57,96,87,immature_wbc
2773,64,54,72,93,immature_wbc
2774,70,69,60,63,immature_wbc
2775,54,60,93,81,immature_wbc
2776,51,46,99,108,immature_wbc
2777,58,57,84,87,immature_wbc
2778,40,52,120,96,immature_wbc
2779,49,54,102,93,immature_wbc
2780,58,58,84,84,immature_wbc
2781,51,66,99,69,immature_wbc
2782,13,31,174,138,immature_wbc
2783,57,66,87,69,immature_wbc
2784,60,55,81,90,immature_wbc
2785,51,57,99,87,immature_wbc
2786,60,43,81,114,immature_wbc
2787,49,58,102,84,immature_wbc
2788,57,46,87,108,immature_wbc
2789,54,55,93,90,immature_wbc
2790,57,66,87,69,immature_wbc
2791,51,58,99,84,immature_wbc
2792,55,60,90,81,immature_wbc
2793,55,58,90,84,immature_wbc
2794,54,60,93,81,immature_wbc
2795,43,67,114,66,immature_wbc
2796,49,48,102,105,immature_wbc
2797,55,57,90,87,immature_wbc
2798,61,51,78,99,immature_wbc
2799,55,52,90,96,immature_wbc
2800,52,51,96,99,immature_wbc
2801,52,3,96,105,immature_wbc
2802,60,60,81,81,immature_wbc
2803,45,55,111,90,immature_wbc
2804,71,55,72,90,immature_wbc
2805,52,60,96,81,immature_wbc
2806,45,46,111,108,immature_wbc
2807,45,54,111,93,immature_wbc
2808,54,49,93,102,immature_wbc
2809,43,55,114,90,immature_wbc
2810,58,57,84,87,immature_wbc
2811,46,52,108,96,immature_wbc
2812,63,58,75,84,immature_wbc
2813,46,46,108,108,immature_wbc
2814,48,58,105,84,immature_wbc
2815,40,63,120,75,immature_wbc
2816,63,73,75,54,immature_wbc
2817,54,55,93,90,immature_wbc
2818,66,57,69,87,immature_wbc
2819,54,57,93,87,immature_wbc
2820,66,49,69,102,immature_wbc
2821,69,66,63,69,immature_wbc
2822,61,61,78,78,immature_wbc
2823,66,73,69,54,immature_wbc
2824,57,39,87,123,immature_wbc
2825,60,58,81,84,immature_wbc
2826,70,40,60,120,immature_wbc
2827,52,52,96,96,immature_wbc
2828,43,56,114,99,immature_wbc
2829,57,57,87,87,immature_wbc
2830,51,48,99,105,immature_wbc
2831,52,55,96,90,immature_wbc
2832,52,57,96,87,immature_wbc
2833,51,54,99,93,immature_wbc
2834,54,46,93,108,immature_wbc
2835,49,52,102,96,immature_wbc
2836,54,83,93,84,immature_wbc
2837,49,54,102,93,immature_wbc
2838,49,45,102,111,immature_wbc
2839,55,54,90,93,immature_wbc
2840,48,52,105,96,immature_wbc
2841,54,54,93,93,immature_wbc
2842,60,60,81,81,immature_wbc
2843,45,31,111,138,myelocyte
2844,57,61,78,78,lymphocyte
2845,46,51,108,99,immature_wbc
2846,48,54,105,93,myelocyte
2847,46,18,108,165,myelocyte
2848,46,43,108,114,band_neutrophil
2849,54,55,93,90,band_neutrophil
2850,51,49,99,102,seg_neutrophil
2851,48,52,105,96,lymphocyte
2852,49,43,102,114,myelocyte
2853,52,52,96,96,metamyelocyte
2854,49,55,102,90,band_neutrophil
2855,42,43,117,114,myelocyte
2856,57,60,87,81,myelocyte
2857,34,46,132,108,myelocyte
2858,64,58,72,84,lymphocyte
2859,51,55,99,90,seg_neutrophil
2860,45,43,111,114,band_neutrophil
2861,49,80,102,102,myelocyte
2862,49,52,102,96,immature_wbc
2863,40,52,120,96,myelocyte
2864,51,46,99,108,seg_neutrophil
2865,51,48,99,105,seg_neutrophil
2866,54,48,93,105,myelocyte
2867,39,45,90,111,immature_wbc
2868,42,71,117,84,myelocyte
2869,46,48,108,105,myelocyte
2870,52,36,96,87,metamyelocyte
2871,61,61,78,78,band_neutrophil
2872,46,54,108,93,immature_wbc
2873,45,80,111,114,band_neutrophil
2874,36,40,129,120,immature_wbc
2875,57,52,87,96,band_neutrophil
2876,52,49,96,102,myelocyte
2877,54,6,93,99,band_neutrophil
2878,52,48,96,105,immature_wbc
2879,46,46,108,108,myelocyte
2880,55,55,90,90,metamyelocyte
2881,48,58,105,84,immature_wbc
2882,13,24,174,153,immature_wbc
2883,55,60,90,81,lymphocyte
2884,42,38,117,135,immature_wbc
2885,48,40,105,120,lymphocyte
2886,49,80,102,93,seg_neutrophil
2887,52,49,96,102,immature_wbc
2888,3,48,102,105,myelocyte
2889,55,51,90,99,band_neutrophil
2890,45,34,111,132,immature_wbc
2891,49,49,102,102,band_neutrophil
2892,52,60,96,81,myelocyte
2893,49,110,102,81,band_neutrophil
2894,55,58,90,84,band_neutrophil
2895,21,52,111,96,myelocyte
2896,57,48,87,105,myelocyte
2897,54,48,93,105,immature_wbc
2898,51,51,99,99,myelocyte
2899,52,54,96,93,immature_wbc
2900,54,77,93,96,seg_neutrophil
2901,62,46,102,108,myelocyte
2902,62,58,105,84,immature_wbc
2903,51,52,99,96,immature_wbc
2904,52,55,96,90,band_neutrophil
2905,26,43,159,114,immature_wbc
2906,45,52,111,96,myelocyte
2907,55,51,90,99,myelocyte
2908,49,21,102,159,smudge
2909,61,67,78,66,smudge
2910,57,66,87,69,smudge
2911,66,63,69,75,artifact
2912,39,36,123,129,myelocyte
2913,54,49,93,102,myelocyte
2914,54,55,93,90,metamyelocyte
2915,51,43,99,114,band_neutrophil
2916,45,49,111,102,myelocyte
2917,40,52,120,96,myelocyte
2918,55,52,90,96,myelocyte
2919,7,1,186,198,myelocyte
2920,42,45,117,111,myelocyte
2921,45,31,111,138,immature_wbc
2922,74,51,96,99,immature_wbc
2923,45,49,111,102,metamyelocyte
2924,55,51,90,99,myelocyte
2925,43,45,114,111,monocyte
2926,39,48,123,105,metamyelocyte
2927,46,49,108,102,band_neutrophil
2928,45,48,111,105,myelocyte
2929,55,61,90,78,metamyelocyte
2930,46,54,108,93,immature_wbc
2931,54,48,93,105,band_neutrophil
2932,42,55,117,90,metamyelocyte
2933,54,54,93,93,myelocyte
2934,46,45,108,111,myelocyte
2935,36,43,129,114,myelocyte
2936,34,43,132,114,myelocyte
2937,64,63,72,75,immature_wbc
2938,49,30,102,99,band_neutrophil
2939,49,51,102,99,immature_wbc
2940,57,57,87,87,band_neutrophil
2941,45,6,111,93,band_neutrophil
2942,51,51,99,99,myelocyte
2943,47,43,138,114,myelocyte
2944,55,54,90,93,band_neutrophil
2945,43,46,114,108,myelocyte
2946,52,74,96,93,seg_neutrophil
2947,55,51,90,99,metamyelocyte
2948,49,30,102,117,myelocyte
2949,45,46,111,108,myelocyte
2950,34,77,132,120,myelocyte
2951,51,6,99,99,band_neutrophil
2952,54,52,93,96,lymphocyte
2953,55,55,90,90,lymphocyte
2954,67,67,66,66,lymphocyte
2955,54,51,93,99,seg_neutrophil
2956,54,40,93,120,seg_neutrophil
2957,46,46,108,108,seg_neutrophil
2958,49,46,102,108,seg_neutrophil
2959,63,63,75,75,lymphocyte
2960,46,48,108,105,seg_neutrophil
2961,58,55,84,90,lymphocyte
2962,48,45,105,111,eosinophil
2963,40,40,120,120,monocyte
2964,45,51,111,99,seg_neutrophil
2965,46,52,108,96,seg_neutrophil
2966,57,58,87,84,lymphocyte
2967,46,51,108,99,monocyte
2968,46,54,108,93,seg_neutrophil
2969,51,40,99,120,seg_neutrophil
2970,48,45,105,111,seg_neutrophil
2971,63,72,75,57,lymphocyte
2972,52,54,96,93,seg_neutrophil
2973,63,64,75,72,lymphocyte
2974,60,61,81,78,lymphocyte
2975,64,63,72,75,lymphocyte
2976,54,52,93,96,seg_neutrophil
2977,54,24,93,108,seg_neutrophil
2978,45,49,111,102,seg_neutrophil
2979,58,60,84,81,lymphocyte
2980,48,51,105,99,seg_neutrophil
2981,57,46,87,108,lymphocyte
2982,40,46,120,108,monocyte
2983,39,52,123,96,seg_neutrophil
2984,49,49,102,102,seg_neutrophil
2985,43,52,114,96,seg_neutrophil
2986,58,66,84,69,lymphocyte
2987,63,51,75,99,lymphocyte
2988,43,51,114,99,eosinophil
2989,48,42,105,117,seg_neutrophil
2990,48,58,105,84,seg_neutrophil
2991,51,40,99,120,seg_neutrophil
2992,46,55,108,90,seg_neutrophil
2993,43,58,114,84,seg_neutrophil
2994,107,63,75,75,lymphocyte
2995,58,64,84,72,lymphocyte
2996,49,51,102,99,eosinophil
2997,54,52,93,96,seg_neutrophil
2998,55,48,90,105,seg_neutrophil
2999,64,64,72,72,lymphocyte
3000,64,55,72,90,lymphocyte
3001,51,46,99,108,seg_neutrophil
3002,51,51,99,99,eosinophil
3003,45,46,111,108,seg_neutrophil
3004,55,54,90,93,lymphocyte
3005,54,55,93,90,lymphocyte
3006,54,52,93,96,lymphocyte
3007,51,45,99,111,seg_neutrophil
3008,60,9,81,78,lymphocyte
3009,60,63,81,75,lymphocyte
3010,63,69,75,63,lymphocyte
3011,51,57,99,87,seg_neutrophil
3012,61,66,78,69,lymphocyte
3013,57,58,87,84,lymphocyte
3014,46,55,108,90,seg_neutrophil
3015,48,42,105,117,seg_neutrophil
3016,51,46,99,108,eosinophil
3017,55,54,90,93,seg_neutrophil
3018,45,48,111,105,seg_neutrophil
3019,46,43,108,114,monocyte
3020,51,49,99,102,seg_neutrophil
3021,40,46,120,108,seg_neutrophil
3022,45,43,111,114,seg_neutrophil
3023,52,57,96,87,seg_neutrophil
3024,42,49,117,102,seg_neutrophil
3025,46,37,108,126,seg_neutrophil
3026,39,49,93,102,lymphocyte
3027,49,52,102,96,seg_neutrophil
3028,43,37,114,126,seg_neutrophil
3029,60,60,81,81,lymphocyte
3030,45,42,111,117,seg_neutrophil
3031,42,45,117,111,seg_neutrophil
3032,37,19,126,162,lymphocyte
3033,43,37,114,126,monocyte
3034,40,45,120,111,seg_neutrophil
3035,61,69,78,63,lymphocyte
3036,61,58,78,84,lymphocyte
3037,60,101,81,81,lymphocyte
3038,46,48,108,105,seg_neutrophil
3039,55,63,90,75,lymphocyte
3040,48,46,105,108,seg_neutrophil
3041,43,51,114,99,seg_neutrophil
3042,48,55,105,90,seg_neutrophil
3043,57,63,87,75,lymphocyte
3044,61,64,78,72,lymphocyte
3045,52,51,96,99,lymphocyte
3046,52,61,96,78,lymphocyte
3047,51,40,99,120,seg_neutrophil
3048,58,61,84,78,lymphocyte
3049,45,48,111,105,seg_neutrophil
3050,42,45,117,111,seg_neutrophil
3051,48,48,105,105,seg_neutrophil
3052,69,60,63,81,lymphocyte
3053,61,64,78,72,lymphocyte
3054,67,60,66,81,lymphocyte
3055,68,46,120,108,seg_neutrophil
3056,55,60,90,81,lymphocyte
3057,48,54,105,93,band_neutrophil
3058,42,42,117,117,seg_neutrophil
3059,64,66,72,69,lymphocyte
3060,57,60,87,81,lymphocyte
3061,60,63,81,75,lymphocyte
3062,58,52,84,96,lymphocyte
3063,45,54,111,93,seg_neutrophil
3064,52,54,96,93,lymphocyte
3065,43,45,114,111,seg_neutrophil
3066,61,39,78,87,lymphocyte
3067,45,48,111,105,seg_neutrophil
3068,49,57,102,87,seg_neutrophil
3069,48,55,105,90,seg_neutrophil
3070,57,54,87,93,lymphocyte
3071,43,55,114,90,seg_neutrophil
3072,49,48,102,105,seg_neutrophil
3073,58,52,84,96,lymphocyte
3074,48,52,105,96,seg_neutrophil
3075,55,49,90,102,seg_neutrophil
3076,48,43,105,114,seg_neutrophil
3077,58,55,84,90,lymphocyte
3078,45,52,111,96,seg_neutrophil
3079,54,49,93,102,eosinophil
3080,49,48,102,105,band_neutrophil
3081,46,74,108,99,seg_neutrophil
3082,46,43,108,114,seg_neutrophil
3083,46,45,108,111,seg_neutrophil
3084,48,50,105,108,eosinophil
3085,54,60,93,81,lymphocyte
3086,46,42,108,117,seg_neutrophil
3087,61,63,78,75,lymphocyte
3088,52,45,96,111,seg_neutrophil
3089,54,58,93,84,lymphocyte
3090,55,45,90,111,seg_neutrophil
3091,57,63,87,75,lymphocyte
3092,60,61,81,78,lymphocyte
3093,60,61,81,78,lymphocyte
3094,49,44,102,120,seg_neutrophil
3095,48,46,105,108,seg_neutrophil
3096,52,49,96,102,seg_neutrophil
3097,63,63,75,75,lymphocyte
3098,43,52,114,96,seg_neutrophil
3099,63,64,75,72,lymphocyte
3100,49,42,102,117,seg_neutrophil
3101,52,51,96,99,seg_neutrophil
3102,57,58,87,84,lymphocyte
3103,66,48,69,105,lymphocyte
3104,55,55,90,90,lymphocyte
3105,45,49,111,102,seg_neutrophil
3106,51,52,99,96,seg_neutrophil
3107,48,42,105,117,seg_neutrophil
3108,52,46,96,108,seg_neutrophil
3109,60,57,81,87,lymphocyte
3110,60,42,81,117,lymphocyte
3111,46,55,108,90,seg_neutrophil
3112,52,55,96,90,seg_neutrophil
3113,63,61,75,78,lymphocyte
3114,55,57,90,87,lymphocyte
3115,63,66,75,69,lymphocyte
3116,61,55,78,90,lymphocyte
3117,49,40,102,120,seg_neutrophil
3118,60,61,81,78,lymphocyte
3119,67,67,66,66,lymphocyte
3120,46,49,108,102,monocyte
3121,66,64,69,72,lymphocyte
3122,51,51,99,99,abnormal_lymphocyte
3123,52,49,96,102,lymphocyte
3124,49,46,102,108,seg_neutrophil
3125,60,71,81,93,lymphocyte
3126,63,60,75,81,lymphocyte
3127,54,52,93,96,seg_neutrophil
3128,60,61,81,78,lymphocyte
3129,54,65,93,90,seg_neutrophil
3130,60,54,81,93,seg_neutrophil
3131,55,46,90,108,seg_neutrophil
3132,48,52,87,96,seg_neutrophil
3133,46,52,108,96,eosinophil
3134,57,52,87,96,basophil
3135,48,56,105,102,seg_neutrophil
3136,52,52,96,96,seg_neutrophil
3137,48,58,105,84,seg_neutrophil
3138,49,51,102,99,seg_neutrophil
3139,58,46,84,108,seg_neutrophil
3140,43,55,114,90,seg_neutrophil
3141,72,64,57,72,lymphocyte
3142,60,60,81,81,lymphocyte
3143,64,67,72,66,lymphocyte
3144,45,54,111,93,seg_neutrophil
3145,58,60,84,81,lymphocyte
3146,57,51,87,99,lymphocyte
3147,67,66,66,69,lymphocyte
3148,52,54,96,93,lymphocyte
3149,63,67,75,66,lymphocyte
3150,51,57,99,87,band_neutrophil
3151,46,54,108,93,seg_neutrophil
3152,66,57,69,87,lymphocyte
3153,69,61,63,78,lymphocyte
3154,58,60,84,81,lymphocyte
3155,48,48,105,105,seg_neutrophil
3156,61,63,78,75,lymphocyte
3157,46,40,108,120,seg_neutrophil
3158,48,58,105,84,seg_neutrophil
3159,60,33,81,72,lymphocyte
3160,54,49,93,102,seg_neutrophil
3161,67,61,66,78,lymphocyte
3162,66,64,69,72,lymphocyte
3163,64,63,72,75,lymphocyte
3164,46,49,108,102,eosinophil
3165,64,58,72,84,lymphocyte
3166,63,69,75,63,lymphocyte
3167,67,69,66,63,lymphocyte
3168,61,92,78,63,lymphocyte
3169,45,58,111,84,basophil
3170,95,63,93,75,lymphocyte
3171,49,63,102,75,lymphocyte
3172,43,55,114,90,seg_neutrophil
3173,55,63,90,75,lymphocyte
3174,61,57,78,87,lymphocyte
3175,63,69,75,63,lymphocyte
3176,57,49,87,102,seg_neutrophil
3177,48,45,105,111,seg_neutrophil
3178,51,48,99,105,seg_neutrophil
3179,73,67,54,66,lymphocyte
3180,50,48,105,105,seg_neutrophil
3181,60,64,81,72,lymphocyte
3182,54,46,93,108,eosinophil
3183,70,70,60,60,lymphocyte
3184,69,67,63,66,lymphocyte
3185,42,40,117,120,monocyte
3186,67,66,66,69,lymphocyte
3187,58,66,84,69,lymphocyte
3188,57,67,87,66,lymphocyte
3189,48,51,105,99,seg_neutrophil
3190,54,54,93,93,eosinophil
3191,48,42,105,117,seg_neutrophil
3192,51,54,99,93,seg_neutrophil
3193,48,58,105,84,seg_neutrophil
3194,72,70,57,60,lymphocyte
3195,66,69,69,63,lymphocyte
3196,42,61,117,78,seg_neutrophil
3197,64,67,72,66,lymphocyte
3198,61,64,78,72,lymphocyte
3199,54,49,93,102,band_neutrophil
3200,45,58,111,84,seg_neutrophil
3201,57,66,87,69,lymphocyte
3202,61,69,78,63,lymphocyte
3203,46,52,108,96,seg_neutrophil
3204,48,51,105,99,seg_neutrophil
3205,66,64,69,72,lymphocyte
3206,51,66,99,69,lymphocyte
3207,43,46,114,108,band_neutrophil
3208,52,55,96,90,seg_neutrophil
3209,52,58,96,84,seg_neutrophil
3210,58,67,84,66,lymphocyte
3211,40,49,120,102,seg_neutrophil
3212,61,63,78,75,lymphocyte
3213,57,64,87,72,lymphocyte
3214,51,61,99,78,seg_neutrophil
3215,55,58,90,84,seg_neutrophil
3216,63,66,75,69,lymphocyte
3217,42,58,117,84,seg_neutrophil
3218,63,66,75,69,lymphocyte
3219,52,64,96,72,band_neutrophil
3220,64,57,72,87,lymphocyte
3221,66,57,69,87,lymphocyte
3222,49,57,102,87,seg_neutrophil
3223,70,60,60,81,lymphocyte
3224,55,67,90,66,lymphocyte
3225,63,69,75,63,lymphocyte
3226,61,86,78,63,lymphocyte
3227,49,52,102,96,seg_neutrophil
3228,70,64,60,72,lymphocyte
3229,54,33,93,102,seg_neutrophil
3230,48,48,105,105,seg_neutrophil
3231,48,67,72,66,lymphocyte
3232,52,51,96,99,band_neutrophil
3233,60,43,81,114,seg_neutrophil
3234,61,64,78,72,lymphocyte
3235,55,55,90,90,seg_neutrophil
3236,63,60,75,81,lymphocyte
3237,60,52,81,96,lymphocyte
3238,55,63,90,75,lymphocyte
3239,58,45,84,111,seg_neutrophil
3240,52,46,96,108,seg_neutrophil
3241,63,104,75,69,lymphocyte
3242,55,57,90,87,seg_neutrophil
3243,52,55,96,90,seg_neutrophil
3244,55,57,90,87,lymphocyte
3245,57,60,87,81,seg_neutrophil
3246,51,46,99,108,seg_neutrophil
3247,61,57,78,87,lymphocyte
3248,60,57,81,87,lymphocyte
3249,51,49,99,102,seg_neutrophil
3250,57,69,87,63,lymphocyte
3251,64,64,72,72,lymphocyte
3252,43,54,114,93,seg_neutrophil
3253,64,63,72,75,lymphocyte
3254,58,58,84,84,lymphocyte
3255,69,58,63,84,lymphocyte
3256,49,45,102,111,band_neutrophil
3257,52,61,96,78,lymphocyte
3258,69,67,63,66,lymphocyte
3259,63,61,75,78,lymphocyte
3260,61,69,78,63,lymphocyte
3261,46,57,108,87,seg_neutrophil
3262,83,66,72,69,lymphocyte
3263,52,46,96,108,eosinophil
3264,63,61,75,78,lymphocyte
3265,52,54,96,93,seg_neutrophil
3266,48,70,105,60,band_neutrophil
3267,46,56,108,90,seg_neutrophil
3268,77,52,90,96,seg_neutrophil
3269,54,52,93,96,eosinophil
3270,49,52,102,96,seg_neutrophil
3271,64,58,72,84,lymphocyte
3272,49,66,102,69,seg_neutrophil
3273,55,46,90,108,band_neutrophil
3274,67,69,66,63,lymphocyte
3275,54,69,93,63,lymphocyte
3276,57,60,87,81,lymphocyte
3277,67,63,66,75,lymphocyte
3278,64,61,72,78,lymphocyte
3279,60,61,81,78,lymphocyte
3280,51,95,99,96,seg_neutrophil
3281,64,66,72,69,lymphocyte
3282,54,60,93,81,lymphocyte
3283,48,54,105,93,seg_neutrophil
3284,49,58,102,84,seg_neutrophil
3285,63,52,75,96,artifact
3286,60,54,81,93,lymphocyte
3287,57,52,87,96,seg_neutrophil
3288,51,52,99,96,seg_neutrophil
3289,61,60,78,81,lymphocyte
3290,57,64,87,72,lymphocyte
3291,63,66,75,69,lymphocyte
3292,63,58,75,84,lymphocyte
3293,52,52,96,96,seg_neutrophil
3294,51,45,99,111,lymphocyte
3295,64,58,72,84,lymphocyte
3296,54,58,93,84,seg_neutrophil
3297,66,67,69,66,lymphocyte
3298,48,45,105,111,eosinophil
3299,58,63,84,75,lymphocyte
3300,57,60,87,81,lymphocyte
3301,45,48,111,105,seg_neutrophil
3302,64,67,72,66,lymphocyte
3303,60,51,81,99,seg_neutrophil
3304,67,66,66,69,lymphocyte
3305,51,54,99,93,seg_neutrophil
3306,45,48,111,105,eosinophil
3307,52,51,96,99,seg_neutrophil
3308,58,55,84,90,lymphocyte
3309,55,60,90,81,lymphocyte
3310,60,63,81,75,lymphocyte
3311,66,67,69,66,lymphocyte
3312,54,49,93,102,lymphocyte
3313,63,66,75,69,lymphocyte
3314,42,33,99,99,seg_neutrophil
3315,66,69,69,63,lymphocyte
3316,46,46,108,108,seg_neutrophil
3317,48,57,105,87,seg_neutrophil
3318,55,48,90,105,eosinophil
3319,43,52,114,96,seg_neutrophil
3320,51,51,99,99,seg_neutrophil
3321,61,60,78,81,lymphocyte
3322,52,42,96,105,seg_neutrophil
3323,45,54,111,93,seg_neutrophil
3324,49,49,102,102,band_neutrophil
3325,43,54,114,93,lymphocyte
3326,51,55,99,90,band_neutrophil
3327,63,55,75,90,lymphocyte
3328,45,55,111,90,band_neutrophil
3329,80,33,69,72,lymphocyte
3330,51,49,99,102,band_neutrophil
3331,48,52,105,96,seg_neutrophil
3332,61,48,78,81,lymphocyte
3333,70,67,60,66,lymphocyte
3334,64,67,72,66,lymphocyte
3335,58,67,84,66,lymphocyte
3336,52,54,96,93,basophil
3337,64,66,72,69,lymphocyte
3338,64,63,72,75,lymphocyte
3339,52,9,96,81,seg_neutrophil
3340,52,6,96,90,lymphocyte
3341,46,52,108,96,seg_neutrophil
3342,43,77,114,90,lymphocyte
3343,72,66,57,69,lymphocyte
3344,45,55,111,90,band_neutrophil
3345,107,60,78,81,lymphocyte
3346,40,48,120,105,monocyte
3347,49,57,102,87,lymphocyte
3348,69,64,63,72,lymphocyte
3349,46,66,108,69,seg_neutrophil
3350,57,61,87,78,lymphocyte
3351,58,61,84,78,lymphocyte
3352,63,61,75,78,lymphocyte
3353,36,43,129,114,lymphocyte
3354,58,61,84,78,lymphocyte
3355,54,58,93,84,seg_neutrophil
3356,46,43,108,114,monocyte
3357,67,64,66,72,lymphocyte
3358,61,63,78,75,lymphocyte
3359,67,70,66,60,lymphocyte
3360,67,61,66,78,lymphocyte
3361,48,48,105,105,seg_neutrophil
3362,61,66,78,69,lymphocyte
3363,49,52,102,96,lymphocyte
3364,49,54,102,93,seg_neutrophil
3365,42,61,117,78,seg_neutrophil
3366,48,58,105,84,seg_neutrophil
3367,67,64,66,72,lymphocyte
3368,54,48,93,105,seg_neutrophil
3369,58,61,84,78,lymphocyte
3370,52,49,96,102,seg_neutrophil
3371,64,61,72,78,lymphocyte
3372,46,57,108,87,seg_neutrophil
3373,64,66,72,69,lymphocyte
3374,66,64,69,72,lymphocyte
3375,69,64,63,72,lymphocyte
3376,58,64,84,72,lymphocyte
3377,55,61,90,78,lymphocyte
3378,45,52,111,96,seg_neutrophil
3379,46,48,108,105,seg_neutrophil
3380,49,55,102,90,seg_neutrophil
3381,40,52,120,96,eosinophil
3382,66,64,69,72,lymphocyte
3383,60,63,81,75,lymphocyte
3384,64,66,72,69,lymphocyte
3385,51,48,99,105,lymphocyte
3386,64,70,72,60,lymphocyte
3387,43,52,114,96,seg_neutrophil
3388,58,54,84,93,lymphocyte
3389,60,67,81,66,lymphocyte
3390,58,64,84,72,lymphocyte
3391,66,69,69,63,lymphocyte
3392,63,66,75,69,lymphocyte
3393,58,51,84,84,lymphocyte
3394,55,48,90,105,seg_neutrophil
3395,43,45,114,111,lymphocyte
3396,46,52,108,96,seg_neutrophil
3397,52,48,96,105,seg_neutrophil
3398,54,61,93,78,lymphocyte
3399,55,66,90,69,lymphocyte
3400,51,52,99,96,seg_neutrophil
3401,45,48,111,99,seg_neutrophil
3402,60,57,81,87,lymphocyte
3403,49,51,102,99,lymphocyte
3404,60,67,81,66,lymphocyte
3405,48,48,105,105,seg_neutrophil
3406,49,48,102,105,seg_neutrophil
3407,61,69,78,63,lymphocyte
3408,21,67,84,66,lymphocyte
3409,42,43,117,114,lymphocyte
3410,51,48,99,105,seg_neutrophil
3411,57,60,87,81,lymphocyte
3412,58,60,84,81,lymphocyte
3413,61,61,78,78,lymphocyte
3414,57,66,87,69,lymphocyte
3415,46,58,108,84,seg_neutrophil
3416,63,57,75,87,lymphocyte
3417,49,57,102,87,seg_neutrophil
3418,55,55,90,90,lymphocyte
3419,63,60,75,81,lymphocyte
3420,55,46,90,108,seg_neutrophil
3421,45,54,111,93,eosinophil
3422,52,57,96,87,seg_neutrophil
3423,54,51,93,99,seg_neutrophil
3424,52,55,96,90,seg_neutrophil
3425,51,48,99,105,eosinophil
3426,45,57,111,87,seg_neutrophil
3427,66,67,69,66,lymphocyte
3428,46,58,108,84,seg_neutrophil
3429,57,57,87,87,lymphocyte
3430,63,64,75,72,lymphocyte
3431,42,46,117,108,monocyte
3432,51,51,99,99,seg_neutrophil
3433,63,57,75,87,lymphocyte
3434,42,58,117,84,seg_neutrophil
3435,61,61,78,78,lymphocyte
3436,55,63,90,75,lymphocyte
3437,57,60,87,81,seg_neutrophil
3438,66,60,69,81,lymphocyte
3439,69,72,63,57,lymphocyte
3440,49,48,102,105,seg_neutrophil
3441,64,66,72,69,lymphocyte
3442,63,61,75,78,lymphocyte
3443,49,54,102,93,basophil
3444,54,55,93,90,eosinophil
3445,48,49,105,102,seg_neutrophil
3446,65,54,120,93,seg_neutrophil
3447,57,60,87,81,lymphocyte
3448,66,61,69,78,lymphocyte
3449,52,51,96,99,seg_neutrophil
3450,51,49,99,102,seg_neutrophil
3451,49,46,102,108,seg_neutrophil
3452,64,61,72,78,lymphocyte
3453,52,58,96,84,seg_neutrophil
3454,45,49,111,102,seg_neutrophil
3455,57,55,87,90,lymphocyte
3456,58,66,84,69,lymphocyte
3457,54,77,93,84,band_neutrophil
3458,61,67,78,66,band_neutrophil
3459,63,60,75,81,band_neutrophil
3460,54,63,93,75,seg_neutrophil
3461,57,55,87,90,band_neutrophil
3462,39,62,123,102,seg_neutrophil
3463,55,55,90,90,band_neutrophil
3464,46,57,108,87,myelocyte
3465,45,51,111,99,myelocyte
3466,42,61,117,78,band_neutrophil
3467,52,54,96,93,band_neutrophil
3468,52,49,96,102,band_neutrophil
3469,58,54,84,93,band_neutrophil
3470,101,43,90,114,band_neutrophil
3471,51,51,99,99,band_neutrophil
3472,43,45,114,111,seg_neutrophil
3473,52,54,96,93,band_neutrophil
3474,6,55,90,90,band_neutrophil
3475,48,49,93,102,band_neutrophil
3476,49,58,102,84,band_neutrophil
3477,49,68,102,93,eosinophil
3478,52,52,96,96,band_neutrophil
3479,40,46,120,108,seg_neutrophil
3480,54,61,93,78,band_neutrophil
3481,51,55,99,90,seg_neutrophil
3482,49,54,102,93,band_neutrophil
3483,74,60,99,81,band_neutrophil
3484,57,55,87,90,band_neutrophil
3485,52,51,96,99,band_neutrophil
3486,57,49,87,102,seg_neutrophil
3487,58,54,84,93,band_neutrophil
3488,55,52,90,96,myelocyte
3489,57,63,87,75,eosinophil
3490,54,49,93,102,band_neutrophil
3491,57,55,87,90,seg_neutrophil
3492,48,55,105,90,band_neutrophil
3493,46,52,108,96,band_neutrophil
3494,54,63,93,75,band_neutrophil
3495,61,77,78,84,band_neutrophil
3496,48,55,105,90,band_neutrophil
3497,48,49,105,102,band_neutrophil
3498,51,55,99,90,band_neutrophil
3499,54,55,93,90,band_neutrophil
3500,55,62,90,90,band_neutrophil
3501,52,54,96,93,band_neutrophil
3502,54,49,93,102,band_neutrophil
3503,54,60,93,81,band_neutrophil
3504,51,51,99,99,seg_neutrophil
3505,15,52,99,96,seg_neutrophil
3506,52,54,96,93,band_neutrophil
3507,52,95,96,99,band_neutrophil
3508,46,54,108,93,band_neutrophil
3509,49,51,102,99,band_neutrophil
3510,51,52,99,96,seg_neutrophil
3511,49,101,102,93,band_neutrophil
3512,49,52,102,96,seg_neutrophil
3513,46,54,108,93,band_neutrophil
3514,54,51,93,99,band_neutrophil
3515,52,51,96,99,seg_neutrophil
3516,42,51,117,99,band_neutrophil
3517,36,46,87,108,band_neutrophil
3518,61,55,78,90,band_neutrophil
3519,58,58,84,84,band_neutrophil
3520,60,63,81,75,band_neutrophil
3521,60,58,81,84,metamyelocyte
3522,49,54,102,93,band_neutrophil
3523,52,49,96,102,band_neutrophil
3524,51,49,99,102,band_neutrophil
3525,52,36,96,129,smudge
3526,42,42,117,117,immature_wbc
3527,48,55,105,90,band_neutrophil
3528,43,49,114,102,band_neutrophil
3529,55,58,90,84,band_neutrophil
3530,49,57,102,87,band_neutrophil
3531,60,57,81,87,band_neutrophil
3532,46,30,108,108,band_neutrophil
3533,46,43,108,114,seg_neutrophil
3534,48,49,105,102,band_neutrophil
3535,45,51,111,99,band_neutrophil
3536,49,57,102,87,band_neutrophil
3537,52,52,96,96,band_neutrophil
3538,71,58,84,84,band_neutrophil
3539,49,48,102,105,seg_neutrophil
3540,48,49,105,102,immature_wbc
3541,52,48,96,105,band_neutrophil
3542,55,51,90,99,band_neutrophil
3543,57,57,87,87,band_neutrophil
3544,52,52,96,96,band_neutrophil
3545,54,49,93,102,band_neutrophil
3546,52,51,96,99,immature_wbc
3547,58,60,84,81,band_neutrophil
3548,33,54,99,93,band_neutrophil
3549,52,46,96,108,band_neutrophil
3550,49,46,102,108,band_neutrophil
3551,55,60,90,81,band_neutrophil
3552,58,55,84,90,band_neutrophil
3553,45,51,111,99,immature_wbc
3554,42,49,117,102,immature_wbc
3555,48,54,105,93,band_neutrophil
3556,52,51,96,99,seg_neutrophil
3557,51,51,99,99,seg_neutrophil
3558,43,46,114,108,band_neutrophil
3559,49,51,102,99,band_neutrophil
3560,57,52,87,96,band_neutrophil
3561,49,48,102,105,seg_neutrophil
3562,51,49,99,102,seg_neutrophil
3563,58,51,84,99,band_neutrophil
3564,51,49,99,102,band_neutrophil
3565,52,57,96,87,band_neutrophil
3566,61,89,78,87,band_neutrophil
3567,52,54,96,93,band_neutrophil
3568,46,46,108,108,band_neutrophil
3569,57,55,87,90,seg_neutrophil
3570,54,55,93,90,band_neutrophil
3571,55,51,90,99,band_neutrophil
3572,57,52,87,96,seg_neutrophil
3573,49,89,102,99,band_neutrophil
3574,61,58,78,84,band_neutrophil
3575,54,51,93,99,seg_neutrophil
3576,48,48,105,105,band_neutrophil
3577,49,51,102,99,seg_neutrophil
3578,55,48,90,105,band_neutrophil
3579,48,51,105,99,seg_neutrophil
3580,61,54,78,93,band_neutrophil
3581,52,52,96,96,band_neutrophil
3582,43,52,114,96,band_neutrophil
3583,52,55,96,90,band_neutrophil
3584,52,52,96,96,seg_neutrophil
3585,55,60,90,81,band_neutrophil
3586,54,9,93,105,band_neutrophil
3587,51,57,99,87,band_neutrophil
3588,57,54,87,93,seg_neutrophil
3589,51,52,99,96,band_neutrophil
3590,55,48,90,105,band_neutrophil
3591,49,104,102,90,seg_neutrophil
3592,52,51,96,99,band_neutrophil
3593,57,60,87,81,seg_neutrophil
3594,60,58,81,84,band_neutrophil
3595,37,46,126,108,monocyte
3596,65,49,96,102,seg_neutrophil
3597,45,72,111,57,band_neutrophil
3598,51,54,99,93,band_neutrophil
3599,51,48,99,105,band_neutrophil
3600,54,55,93,90,metamyelocyte
3601,64,60,72,81,metamyelocyte
3602,52,54,96,93,band_neutrophil
3603,54,43,93,114,band_neutrophil
3604,58,58,84,84,myelocyte
3605,57,60,87,81,band_neutrophil
3606,57,55,87,90,band_neutrophil
3607,45,51,111,99,seg_neutrophil
3608,54,49,93,102,metamyelocyte
3609,63,58,75,84,band_neutrophil
3610,54,57,90,87,seg_neutrophil
3611,48,49,105,102,band_neutrophil
3612,46,24,108,99,seg_neutrophil
3613,80,48,111,105,seg_neutrophil
3614,45,46,111,108,myelocyte
3615,54,60,93,81,myelocyte
3616,55,58,90,84,lymphocyte
3617,64,51,72,99,lymphocyte
3618,54,18,93,108,band_neutrophil
3619,63,55,75,90,lymphocyte
3620,52,52,96,96,seg_neutrophil
3621,52,51,96,99,lymphocyte
3622,49,49,102,102,lymphocyte
3623,46,42,108,117,lymphocyte
3624,54,52,93,96,seg_neutrophil
3625,51,55,99,90,immature_wbc
3626,55,54,90,93,lymphocyte
3627,42,48,117,105,immature_wbc
3628,45,48,111,105,myelocyte
3629,46,43,108,114,eosinophil
3630,58,30,84,81,monocyte
3631,51,54,99,93,seg_neutrophil
3632,12,61,66,78,lymphocyte
3633,55,55,90,90,immature_wbc
3634,49,80,102,102,lymphocyte
3635,43,42,114,117,monocyte
3636,51,51,99,99,lymphocyte
3637,43,42,114,117,myelocyte
3638,63,58,75,84,myelocyte
3639,39,51,123,99,monocyte
3640,51,65,99,90,immature_wbc
3641,58,52,84,96,lymphocyte
3642,51,54,99,93,lymphocyte
3643,36,40,129,120,myelocyte
3644,57,63,87,75,lymphocyte
3645,46,46,108,108,immature_wbc
3646,49,52,102,96,myelocyte
3647,55,27,90,105,immature_wbc
3648,43,49,114,102,lymphocyte
3649,42,46,117,108,band_neutrophil
3650,52,57,96,87,lymphocyte
3651,55,30,90,99,seg_neutrophil
3652,52,51,96,99,immature_wbc
3653,49,54,102,93,seg_neutrophil
3654,55,58,90,84,immature_wbc
3655,48,46,105,108,immature_wbc
3656,49,48,102,105,lymphocyte
3657,52,46,96,108,monocyte
3658,52,48,96,105,myelocyte
3659,52,49,96,102,lymphocyte
3660,45,46,111,108,immature_wbc
3661,54,58,93,84,eosinophil
3662,48,49,105,102,immature_wbc
3663,55,54,90,93,immature_wbc
3664,49,43,102,114,band_neutrophil
3665,36,48,129,105,myelocyte
3666,51,48,99,105,immature_wbc
3667,34,43,132,114,myelocyte
3668,40,45,120,111,myelocyte
3669,48,54,105,93,immature_wbc
3670,80,49,114,102,eosinophil
3671,18,46,120,108,band_neutrophil
3672,52,45,96,111,band_neutrophil
3673,54,52,93,96,lymphocyte
3674,49,57,102,87,seg_neutrophil
3675,67,58,66,84,artifact
3676,37,58,126,84,artifact
3677,48,42,105,117,seg_neutrophil
3678,69,54,63,93,artifact
3679,51,46,99,108,band_neutrophil
3680,54,57,93,87,seg_neutrophil
3681,46,51,108,99,band_neutrophil
3682,51,48,99,105,band_neutrophil
3683,64,51,72,78,abnormal_lymphocyte
3684,61,60,78,81,abnormal_lymphocyte
3685,67,64,66,72,abnormal_lymphocyte
3686,43,55,114,90,seg_neutrophil
3687,60,52,81,96,lymphocyte
3688,63,66,75,69,abnormal_lymphocyte
3689,61,60,78,81,abnormal_lymphocyte
3690,64,66,72,69,abnormal_lymphocyte
3691,61,61,78,78,abnormal_lymphocyte
3692,70,61,60,78,abnormal_lymphocyte
3693,46,54,108,93,band_neutrophil
3694,48,51,105,99,seg_neutrophil
3695,63,72,75,57,abnormal_lymphocyte
3696,48,57,105,87,band_neutrophil
3697,52,58,96,84,abnormal_lymphocyte
3698,66,60,69,81,abnormal_lymphocyte
3699,61,51,78,66,lymphocyte
3700,69,89,63,63,abnormal_lymphocyte
3701,67,69,66,63,abnormal_lymphocyte
3702,61,69,78,63,abnormal_lymphocyte
3703,54,58,93,84,lymphocyte
3704,55,66,90,69,lymphocyte
3705,43,43,114,114,monocyte
3706,64,67,72,66,abnormal_lymphocyte
3707,119,64,75,72,abnormal_lymphocyte
3708,75,98,51,63,abnormal_lymphocyte
3709,57,63,87,75,abnormal_lymphocyte
3710,63,63,75,75,abnormal_lymphocyte
3711,49,51,102,99,lymphocyte
3712,67,72,66,57,abnormal_lymphocyte
3713,69,66,63,69,abnormal_lymphocyte
3714,64,67,72,66,abnormal_lymphocyte
3715,71,67,78,66,abnormal_lymphocyte
3716,77,61,84,78,abnormal_lymphocyte
3717,63,69,75,63,abnormal_lymphocyte
3718,63,63,75,75,abnormal_lymphocyte
3719,60,67,81,66,abnormal_lymphocyte
3720,64,61,72,78,abnormal_lymphocyte
3721,63,67,75,66,abnormal_lymphocyte
3722,60,66,81,69,abnormal_lymphocyte
3723,61,74,78,81,abnormal_lymphocyte
3724,69,119,63,66,abnormal_lymphocyte
3725,58,66,84,69,abnormal_lymphocyte
3726,58,69,84,63,abnormal_lymphocyte
3727,66,42,69,117,artifact
3728,66,66,69,69,abnormal_lymphocyte
3729,63,45,75,111,smudge
3730,67,70,66,60,abnormal_lymphocyte
3731,67,66,66,69,abnormal_lymphocyte
3732,66,69,69,63,abnormal_lymphocyte
3733,67,116,66,66,abnormal_lymphocyte
3734,63,61,75,78,abnormal_lymphocyte
3735,58,70,84,60,abnormal_lymphocyte
3736,66,63,69,75,abnormal_lymphocyte
3737,70,64,60,72,abnormal_lymphocyte
3738,64,66,72,69,abnormal_lymphocyte
3739,52,51,96,99,band_neutrophil
3740,37,31,126,138,monocyte
3741,60,60,81,81,lymphocyte
3742,69,63,63,75,abnormal_lymphocyte
3743,66,70,69,60,abnormal_lymphocyte
3744,67,73,66,54,smudge
3745,72,67,57,66,abnormal_lymphocyte
3746,61,66,78,69,abnormal_lymphocyte
3747,69,72,63,57,abnormal_lymphocyte
3748,70,12,60,75,abnormal_lymphocyte
3749,66,67,69,66,abnormal_lymphocyte
3750,60,92,81,72,abnormal_lymphocyte
3751,66,69,69,63,abnormal_lymphocyte
3752,60,64,81,72,abnormal_lymphocyte
3753,67,67,66,66,abnormal_lymphocyte
3754,113,66,66,69,abnormal_lymphocyte
3755,61,64,78,72,abnormal_lymphocyte
3756,63,61,75,78,band_neutrophil
3757,66,63,69,75,abnormal_lymphocyte
3758,61,64,78,72,abnormal_lymphocyte
3759,67,63,66,75,abnormal_lymphocyte
3760,69,66,63,69,abnormal_lymphocyte
3761,51,7,99,186,smudge
3762,40,45,120,111,band_neutrophil
3763,67,61,66,78,abnormal_lymphocyte
3764,63,60,75,81,abnormal_lymphocyte
3765,63,64,75,72,abnormal_lymphocyte
3766,72,66,57,69,abnormal_lymphocyte
3767,63,67,75,66,abnormal_lymphocyte
3768,61,63,78,75,abnormal_lymphocyte
3769,21,61,78,78,abnormal_lymphocyte
3770,57,69,87,63,abnormal_lymphocyte
3771,61,63,78,75,abnormal_lymphocyte
3772,61,66,78,69,abnormal_lymphocyte
3773,60,66,81,69,abnormal_lymphocyte
3774,63,66,75,69,abnormal_lymphocyte
3775,6,67,78,66,abnormal_lymphocyte
3776,48,64,72,72,abnormal_lymphocyte
3777,66,24,69,75,abnormal_lymphocyte
3778,48,57,105,87,band_neutrophil
3779,55,57,90,87,seg_neutrophil
3780,63,63,75,75,abnormal_lymphocyte
3781,49,43,102,114,band_neutrophil
3782,66,64,69,72,abnormal_lymphocyte
3783,70,67,60,66,abnormal_lymphocyte
3784,66,64,69,72,abnormal_lymphocyte
3785,46,58,108,84,band_neutrophil
3786,70,66,60,69,abnormal_lymphocyte
3787,60,64,81,72,abnormal_lymphocyte
3788,27,66,66,69,abnormal_lymphocyte
3789,67,64,66,72,abnormal_lymphocyte
3790,67,64,66,72,abnormal_lymphocyte
3791,63,67,75,66,abnormal_lymphocyte
3792,67,67,66,66,abnormal_lymphocyte
3793,72,57,57,87,abnormal_lymphocyte
3794,64,70,72,60,abnormal_lymphocyte
3795,57,89,87,75,abnormal_lymphocyte
3796,58,60,84,81,abnormal_lymphocyte
3797,57,61,87,78,abnormal_lymphocyte
3798,75,63,51,75,smudge
3799,63,69,75,63,smudge
3800,61,55,78,90,lymphocyte
3801,63,60,75,81,lymphocyte
3802,64,60,72,81,abnormal_lymphocyte
3803,60,73,81,54,smudge
3804,66,70,69,60,abnormal_lymphocyte
3805,61,63,78,75,abnormal_lymphocyte
3806,69,63,63,75,abnormal_lymphocyte
3807,61,54,78,93,band_neutrophil
3808,60,63,81,75,abnormal_lymphocyte
3809,60,66,81,69,abnormal_lymphocyte
3810,77,83,75,75,abnormal_lymphocyte
3811,67,60,66,81,abnormal_lymphocyte
3812,67,60,66,81,abnormal_lymphocyte
3813,63,66,75,69,abnormal_lymphocyte
3814,51,45,99,111,band_neutrophil
3815,113,66,75,69,abnormal_lymphocyte
3816,9,66,75,69,abnormal_lymphocyte
3817,66,61,69,78,abnormal_lymphocyte
3818,66,64,69,72,abnormal_lymphocyte
3819,89,67,60,66,g_plt
3820,61,64,78,72,abnormal_lymphocyte
3821,63,67,75,66,abnormal_lymphocyte
3822,66,70,69,60,abnormal_lymphocyte
3823,66,64,69,72,abnormal_lymphocyte
3824,66,64,69,72,abnormal_lymphocyte
3825,61,66,78,69,abnormal_lymphocyte
3826,49,52,102,96,lymphocyte
3827,64,61,72,78,abnormal_lymphocyte
3828,55,66,90,69,smudge
3829,57,33,87,135,smudge
3830,69,67,63,66,abnormal_lymphocyte
3831,60,64,81,72,abnormal_lymphocyte
3832,66,69,69,63,abnormal_lymphocyte
3833,66,66,69,69,abnormal_lymphocyte
3834,60,64,81,72,abnormal_lymphocyte
3835,61,64,78,72,abnormal_lymphocyte
3836,61,69,78,63,abnormal_lymphocyte
3837,69,68,63,84,g_plt
3838,46,40,108,120,monocyte
3839,67,64,66,72,abnormal_lymphocyte
3840,55,61,90,78,abnormal_lymphocyte
3841,60,64,81,72,abnormal_lymphocyte
3842,63,58,75,84,abnormal_lymphocyte
3843,63,64,75,72,abnormal_lymphocyte
3844,63,63,75,75,abnormal_lymphocyte
3845,37,39,126,123,smudge
3846,64,60,72,81,lymphocyte
3847,61,60,78,81,abnormal_lymphocyte
3848,66,134,69,60,abnormal_lymphocyte
3849,67,63,66,75,abnormal_lymphocyte
3850,64,77,72,63,abnormal_lymphocyte
3851,60,67,81,66,abnormal_lymphocyte
3852,69,70,63,60,abnormal_lymphocyte
3853,61,63,78,75,abnormal_lymphocyte
3854,64,63,72,75,abnormal_lymphocyte
3855,61,57,78,87,lymphocyte
3856,98,67,69,66,abnormal_lymphocyte
3857,3,49,102,102,seg_neutrophil
3858,63,64,75,72,abnormal_lymphocyte
3859,58,66,84,69,abnormal_lymphocyte
3860,74,64,69,72,abnormal_lymphocyte
3861,58,69,84,63,abnormal_lymphocyte
3862,66,137,69,60,abnormal_lymphocyte
3863,67,67,66,66,abnormal_lymphocyte
3864,54,67,93,66,abnormal_lymphocyte
3865,57,61,87,78,lymphocyte
3866,61,57,78,87,lymphocyte
3867,52,48,96,105,smudge
3868,48,51,105,99,band_neutrophil
3869,58,64,84,72,abnormal_lymphocyte
3870,67,57,66,87,abnormal_lymphocyte
3871,67,57,66,87,abnormal_lymphocyte
3872,60,66,81,69,abnormal_lymphocyte
3873,66,61,69,78,abnormal_lymphocyte
3874,58,59,84,90,lymphocyte
3875,61,67,78,66,abnormal_lymphocyte
3876,63,63,75,75,abnormal_lymphocyte
3877,70,64,60,72,abnormal_lymphocyte
3878,67,69,66,63,abnormal_lymphocyte
3879,66,66,69,69,abnormal_lymphocyte
3880,63,45,75,75,abnormal_lymphocyte
3881,66,77,69,75,abnormal_lymphocyte
3882,61,70,78,60,abnormal_lymphocyte
3883,45,58,111,84,seg_neutrophil
3884,52,68,96,90,lymphocyte
3885,67,67,66,66,abnormal_lymphocyte
3886,67,69,66,63,abnormal_lymphocyte
3887,52,54,96,93,band_neutrophil
3888,63,67,75,66,abnormal_lymphocyte
3889,45,46,111,108,monocyte
3890,61,61,78,78,abnormal_lymphocyte
3891,69,64,63,72,abnormal_lymphocyte
3892,55,52,90,96,seg_neutrophil
3893,54,55,93,90,lymphocyte
3894,64,70,72,60,abnormal_lymphocyte
3895,63,60,75,81,abnormal_lymphocyte
3896,48,46,105,108,monocyte
3897,45,54,111,93,band_neutrophil
3898,67,72,66,57,abnormal_lymphocyte
3899,60,58,81,84,band_neutrophil
3900,67,66,66,69,lymphocyte
3901,58,57,84,87,lymphocyte
3902,64,70,72,60,abnormal_lymphocyte
3903,58,57,84,87,lymphocyte
3904,58,66,84,69,abnormal_lymphocyte
3905,61,67,78,66,abnormal_lymphocyte
3906,54,58,93,84,seg_neutrophil
3907,63,69,75,63,abnormal_lymphocyte
3908,61,61,78,78,smudge
3909,57,60,87,81,abnormal_lymphocyte
3910,78,63,45,75,g_plt
3911,61,61,78,78,abnormal_lymphocyte
3912,60,63,81,75,abnormal_lymphocyte
3913,66,64,69,72,abnormal_lymphocyte
3914,61,64,78,72,abnormal_lymphocyte
3915,63,67,75,66,abnormal_lymphocyte
3916,46,52,108,96,band_neutrophil
3917,63,60,75,81,abnormal_lymphocyte
3918,64,63,72,75,abnormal_lymphocyte
3919,54,42,93,99,lymphocyte
3920,64,64,72,72,abnormal_lymphocyte
3921,104,58,69,84,lymphocyte
3922,66,66,69,69,abnormal_lymphocyte
3923,69,66,63,69,abnormal_lymphocyte
3924,67,58,66,84,abnormal_lymphocyte
3925,61,67,78,66,abnormal_lymphocyte
3926,57,67,87,66,abnormal_lymphocyte
3927,63,67,75,66,abnormal_lymphocyte
3928,69,60,63,81,abnormal_lymphocyte
3929,69,69,63,63,abnormal_lymphocyte
3930,63,63,75,75,abnormal_lymphocyte
3931,60,64,81,72,abnormal_lymphocyte
3932,61,64,78,72,abnormal_lymphocyte
3933,57,64,87,72,abnormal_lymphocyte
3934,60,63,81,75,smudge
3935,58,55,84,90,lymphocyte
3936,15,51,126,99,monocyte
3937,60,66,81,69,abnormal_lymphocyte
3938,70,15,60,72,abnormal_lymphocyte
3939,61,63,78,75,abnormal_lymphocyte
3940,58,63,84,75,abnormal_lymphocyte
3941,66,15,69,81,abnormal_lymphocyte
3942,66,101,69,54,smudge
3943,61,73,78,54,smudge
3944,31,27,138,147,smudge
3945,61,60,78,81,abnormal_lymphocyte
3946,58,67,84,66,abnormal_lymphocyte
3947,49,52,102,96,lymphocyte
3948,63,63,75,75,abnormal_lymphocyte
3949,64,64,72,72,abnormal_lymphocyte
3950,64,70,72,60,abnormal_lymphocyte
3951,52,52,96,96,lymphocyte
3952,54,6,93,72,abnormal_lymphocyte
3953,107,67,72,66,abnormal_lymphocyte
3954,40,48,120,105,monocyte
3955,48,57,105,87,smudge
3956,57,61,87,78,abnormal_lymphocyte
3957,57,66,87,69,abnormal_lymphocyte
3958,40,39,120,123,band_neutrophil
3959,66,64,69,72,abnormal_lymphocyte
3960,66,66,69,69,abnormal_lymphocyte
3961,64,61,72,78,abnormal_lymphocyte
3962,67,58,66,84,abnormal_lymphocyte
3963,58,58,84,84,lymphocyte
3964,64,63,72,75,abnormal_lymphocyte
3965,57,63,87,75,abnormal_lymphocyte
3966,61,67,78,66,abnormal_lymphocyte
3967,63,69,75,63,abnormal_lymphocyte
3968,64,66,72,69,abnormal_lymphocyte
3969,63,58,75,84,abnormal_lymphocyte
3970,70,27,60,84,smudge
3971,64,57,72,87,smudge
3972,54,51,93,99,lymphocyte
3973,67,63,66,75,smudge
3974,67,45,66,111,smudge
3975,58,60,84,81,lymphocyte
3976,60,63,81,75,abnormal_lymphocyte
3977,67,70,66,60,abnormal_lymphocyte
3978,66,66,69,69,abnormal_lymphocyte
3979,48,55,105,90,basophil
3980,61,64,78,72,abnormal_lymphocyte
3981,45,45,111,111,monocyte
3982,43,24,114,111,seg_neutrophil
3983,54,39,93,75,abnormal_lymphocyte
3984,36,39,129,123,monocyte
3985,58,67,84,66,abnormal_lymphocyte
3986,58,66,84,69,abnormal_lymphocyte
3987,57,64,87,72,abnormal_lymphocyte
3988,46,55,108,90,seg_neutrophil
3989,60,66,81,69,abnormal_lymphocyte
3990,66,63,69,75,abnormal_lymphocyte
3991,66,63,69,66,abnormal_lymphocyte
3992,63,67,75,66,abnormal_lymphocyte
3993,74,60,93,81,lymphocyte
3994,60,64,81,72,abnormal_lymphocyte
3995,66,113,69,78,abnormal_lymphocyte
3996,49,52,102,96,lymphocyte
3997,61,67,78,66,abnormal_lymphocyte
3998,66,60,69,81,abnormal_lymphocyte
3999,58,56,84,93,lymphocyte
4000,61,52,78,96,abnormal_lymphocyte
4001,74,66,63,69,abnormal_lymphocyte
4002,61,63,78,75,abnormal_lymphocyte
4003,64,64,72,72,abnormal_lymphocyte
4004,64,63,72,75,abnormal_lymphocyte
4005,66,66,69,69,abnormal_lymphocyte
4006,64,63,72,75,abnormal_lymphocyte
4007,64,61,72,78,lymphocyte
4008,58,66,84,69,abnormal_lymphocyte
4009,43,48,114,105,band_neutrophil
4010,63,66,75,69,abnormal_lymphocyte
4011,54,49,93,102,lymphocyte
4012,64,72,72,57,abnormal_lymphocyte
4013,64,64,72,72,abnormal_lymphocyte
4014,61,54,78,93,smudge
4015,66,64,69,72,lymphocyte
4016,63,64,75,72,abnormal_lymphocyte
4017,55,66,90,69,abnormal_lymphocyte
4018,12,60,87,81,abnormal_lymphocyte
4019,61,61,78,78,abnormal_lymphocyte
4020,63,66,75,69,abnormal_lymphocyte
4021,58,66,84,69,abnormal_lymphocyte
4022,67,58,66,84,abnormal_lymphocyte
4023,61,70,78,60,abnormal_lymphocyte
4024,52,51,96,99,lymphocyte
4025,67,66,66,69,abnormal_lymphocyte
4026,70,67,60,66,abnormal_lymphocyte
4027,61,66,78,69,abnormal_lymphocyte
4028,67,64,66,72,abnormal_lymphocyte
4029,61,63,78,75,abnormal_lymphocyte
4030,64,67,72,66,abnormal_lymphocyte
4031,67,67,66,66,abnormal_lymphocyte
4032,57,66,87,69,abnormal_lymphocyte
4033,61,67,78,66,abnormal_lymphocyte
4034,64,67,72,66,abnormal_lymphocyte
4035,60,67,81,66,abnormal_lymphocyte
4036,55,70,90,60,abnormal_lymphocyte
4037,66,64,69,72,abnormal_lymphocyte
4038,63,69,75,63,abnormal_lymphocyte
4039,55,58,90,84,lymphocyte
4040,66,71,69,63,abnormal_lymphocyte
4041,55,58,90,84,lymphocyte
4042,49,55,102,90,band_neutrophil
4043,63,67,75,66,abnormal_lymphocyte
4044,60,69,81,63,abnormal_lymphocyte
4045,66,63,69,75,abnormal_lymphocyte
4046,63,64,75,72,abnormal_lymphocyte
4047,61,55,78,90,lymphocyte
4048,60,66,81,69,abnormal_lymphocyte
4049,73,60,54,81,abnormal_lymphocyte
4050,15,61,63,78,abnormal_lymphocyte
4051,66,60,69,81,abnormal_lymphocyte
4052,60,64,81,72,abnormal_lymphocyte
4053,69,51,63,78,abnormal_lymphocyte
4054,57,51,87,99,lymphocyte
4055,67,67,66,66,abnormal_lymphocyte
4056,52,54,96,93,lymphocyte
4057,31,40,138,120,smudge
4058,49,55,102,90,band_neutrophil
4059,60,107,81,60,abnormal_lymphocyte
4060,64,63,72,75,abnormal_lymphocyte
4061,49,61,102,78,seg_neutrophil
4062,63,57,75,87,smudge
4063,66,21,69,66,abnormal_lymphocyte
4064,60,69,81,63,abnormal_lymphocyte
4065,67,36,66,72,abnormal_lymphocyte
4066,63,61,75,78,abnormal_lymphocyte
4067,66,68,69,66,abnormal_lymphocyte
4068,57,58,87,84,abnormal_lymphocyte
4069,98,63,84,75,abnormal_lymphocyte
4070,66,67,69,66,abnormal_lymphocyte
4071,49,45,102,111,seg_neutrophil
4072,37,39,126,123,band_neutrophil
4073,46,54,108,93,lymphocyte
4074,34,33,132,135,smudge
4075,63,60,75,81,abnormal_lymphocyte
4076,46,48,108,105,monocyte
4077,55,49,90,102,seg_neutrophil
4078,60,67,81,66,abnormal_lymphocyte
4079,64,67,72,66,abnormal_lymphocyte
4080,66,67,69,66,abnormal_lymphocyte
4081,49,52,102,96,seg_neutrophil
4082,61,69,78,63,abnormal_lymphocyte
4083,64,67,72,66,abnormal_lymphocyte
4084,60,60,81,81,abnormal_lymphocyte
4085,64,63,72,75,abnormal_lymphocyte
4086,67,66,66,69,abnormal_lymphocyte
4087,57,58,87,84,lymphocyte
4088,45,52,111,96,seg_neutrophil
4089,63,63,75,75,abnormal_lymphocyte
4090,61,66,78,69,abnormal_lymphocyte
4091,70,63,60,75,abnormal_lymphocyte
4092,58,64,84,72,abnormal_lymphocyte
4093,52,55,96,90,lymphocyte
4094,63,72,75,57,abnormal_lymphocyte
4095,66,48,69,63,abnormal_lymphocyte
4096,63,64,75,72,abnormal_lymphocyte
4097,60,64,81,72,abnormal_lymphocyte
4098,63,72,75,57,abnormal_lymphocyte
4099,54,52,93,96,seg_neutrophil
4100,60,69,81,63,abnormal_lymphocyte
4101,57,64,87,72,abnormal_lymphocyte
4102,63,72,75,57,abnormal_lymphocyte
4103,61,63,78,75,abnormal_lymphocyte
4104,64,63,72,75,abnormal_lymphocyte
4105,74,33,117,135,smudge
4106,55,63,90,75,lymphocyte
4107,9,46,72,108,artifact
4108,60,67,81,66,abnormal_lymphocyte
4109,60,58,81,84,lymphocyte
4110,21,27,159,147,smudge
4111,54,30,93,87,smudge
4112,63,61,75,78,abnormal_lymphocyte
4113,57,63,87,75,abnormal_lymphocyte
4114,70,66,60,69,abnormal_lymphocyte
4115,67,64,66,72,abnormal_lymphocyte
4116,3,52,93,96,lymphocyte
4117,58,72,84,57,abnormal_lymphocyte
4118,63,66,75,69,abnormal_lymphocyte
4119,60,70,81,60,abnormal_lymphocyte
4120,61,67,78,66,abnormal_lymphocyte
4121,55,60,90,81,seg_neutrophil
4122,66,95,69,69,abnormal_lymphocyte
4123,61,58,78,84,abnormal_lymphocyte
4124,66,12,69,63,abnormal_lymphocyte
4125,48,55,105,90,seg_neutrophil
4126,57,104,87,60,abnormal_lymphocyte
4127,64,61,72,78,abnormal_lymphocyte
4128,64,64,72,72,abnormal_lymphocyte
4129,70,66,60,69,abnormal_lymphocyte
4130,61,67,78,66,abnormal_lymphocyte
4131,54,57,93,87,band_neutrophil
4132,63,70,75,60,abnormal_lymphocyte
4133,27,57,69,87,abnormal_lymphocyte
4134,63,60,75,81,lymphocyte
4135,61,63,78,75,abnormal_lymphocyte
4136,64,61,72,78,abnormal_lymphocyte
4137,54,34,93,132,smudge
4138,66,63,69,75,lymphocyte
4139,48,48,105,105,seg_neutrophil
4140,61,61,78,78,abnormal_lymphocyte
4141,60,64,81,72,abnormal_lymphocyte
4142,63,64,75,72,abnormal_lymphocyte
4143,64,57,72,87,abnormal_lymphocyte
4144,61,69,78,63,abnormal_lymphocyte
4145,64,69,72,63,abnormal_lymphocyte
4146,64,76,72,48,smudge
4147,60,66,81,69,abnormal_lymphocyte
4148,64,70,72,60,abnormal_lymphocyte
4149,51,54,99,93,lymphocyte
4150,61,64,78,72,abnormal_lymphocyte
4151,28,42,144,117,smudge
4152,57,64,87,72,lymphocyte
4153,58,61,84,78,abnormal_lymphocyte
4154,58,66,84,69,abnormal_lymphocyte
4155,66,63,69,75,abnormal_lymphocyte
4156,57,64,87,72,abnormal_lymphocyte
4157,63,67,75,66,abnormal_lymphocyte
4158,67,63,66,75,abnormal_lymphocyte
4159,131,72,66,57,smudge
4160,60,73,81,54,abnormal_lymphocyte
4161,63,64,75,72,abnormal_lymphocyte
4162,58,52,84,96,lymphocyte
4163,61,80,78,63,abnormal_lymphocyte
4164,51,42,99,117,smudge
4165,72,72,57,57,smudge
4166,66,67,69,66,abnormal_lymphocyte
4167,69,53,63,96,smudge
4168,58,66,84,69,abnormal_lymphocyte
4169,54,49,93,102,seg_neutrophil
4170,64,70,72,60,abnormal_lymphocyte
4171,69,66,63,69,abnormal_lymphocyte
4172,60,66,81,69,abnormal_lymphocyte
4173,43,55,114,90,metamyelocyte
4174,69,63,63,75,abnormal_lymphocyte
4175,57,52,87,96,lymphocyte
4176,61,63,78,75,abnormal_lymphocyte
4177,64,61,72,78,abnormal_lymphocyte
4178,61,60,78,81,abnormal_lymphocyte
4179,64,64,72,72,abnormal_lymphocyte
4180,61,51,78,72,abnormal_lymphocyte
4181,61,66,78,69,abnormal_lymphocyte
4182,61,58,78,84,abnormal_lymphocyte
4183,64,66,72,69,abnormal_lymphocyte
4184,55,55,90,90,lymphocyte
4185,67,63,66,75,abnormal_lymphocyte
4186,69,9,63,84,abnormal_lymphocyte
4187,66,61,69,78,abnormal_lymphocyte
4188,60,67,81,66,abnormal_lymphocyte
4189,36,54,129,93,band_neutrophil
4190,63,63,75,75,abnormal_lymphocyte
4191,63,110,75,63,abnormal_lymphocyte
4192,61,66,78,69,abnormal_lymphocyte
4193,58,64,84,72,abnormal_lymphocyte
4194,64,63,72,75,lymphocyte
4195,49,45,102,111,lymphocyte
4196,67,67,66,66,abnormal_lymphocyte
4197,63,61,75,78,abnormal_lymphocyte
4198,39,36,123,129,metamyelocyte
4199,66,66,69,69,abnormal_lymphocyte
4200,66,74,69,69,abnormal_lymphocyte
4201,66,61,69,78,abnormal_lymphocyte
4202,64,58,72,84,abnormal_lymphocyte
4203,55,57,90,87,lymphocyte
4204,69,63,63,75,abnormal_lymphocyte
4205,64,67,72,66,abnormal_lymphocyte
4206,51,33,99,105,lymphocyte
4207,63,64,75,72,abnormal_lymphocyte
4208,66,69,69,63,abnormal_lymphocyte
4209,3,48,195,105,smudge
4210,58,36,84,84,abnormal_lymphocyte
4211,52,54,96,93,lymphocyte
4212,61,61,78,78,abnormal_lymphocyte
4213,70,55,60,90,smudge
4214,54,70,93,60,smudge
4215,63,63,75,75,abnormal_lymphocyte
4216,66,52,69,96,smudge
4217,58,54,84,93,smudge
4218,64,66,72,69,smudge
4219,63,61,75,78,abnormal_lymphocyte
4220,63,66,75,69,abnormal_lymphocyte
4221,60,61,81,78,abnormal_lymphocyte
4222,52,49,96,102,lymphocyte
4223,58,66,84,69,abnormal_lymphocyte
4224,58,55,84,90,lymphocyte
4225,64,86,72,69,abnormal_lymphocyte
4226,64,67,72,66,abnormal_lymphocyte
4227,36,60,78,81,abnormal_lymphocyte
4228,63,64,75,72,abnormal_lymphocyte
4229,66,67,69,66,lymphocyte
4230,55,42,90,117,smudge
4231,54,52,93,96,smudge
4232,74,70,75,60,abnormal_lymphocyte
4233,24,61,75,78,abnormal_lymphocyte
4234,63,95,75,69,abnormal_lymphocyte
4235,64,66,72,69,abnormal_lymphocyte
4236,61,64,78,72,abnormal_lymphocyte
4237,55,89,90,93,band_neutrophil
4238,67,63,66,75,abnormal_lymphocyte
4239,60,60,81,81,lymphocyte
4240,55,58,90,84,lymphocyte
4241,57,51,87,69,smudge
4242,60,63,81,75,abnormal_lymphocyte
4243,51,43,99,114,smudge
4244,60,64,81,72,abnormal_lymphocyte
4245,60,64,81,72,abnormal_lymphocyte
4246,67,64,66,72,abnormal_lymphocyte
4247,69,104,63,78,abnormal_lymphocyte
4248,64,63,72,75,abnormal_lymphocyte
4249,61,60,78,81,abnormal_lymphocyte
4250,66,101,69,87,abnormal_lymphocyte
4251,61,64,78,72,abnormal_lymphocyte
4252,67,63,66,75,abnormal_lymphocyte
4253,52,56,96,90,metamyelocyte
4254,60,61,81,78,abnormal_lymphocyte
4255,60,64,81,72,lymphocyte
4256,58,66,84,69,abnormal_lymphocyte
4257,57,66,87,69,abnormal_lymphocyte
4258,61,57,78,87,lymphocyte
4259,51,55,99,90,seg_neutrophil
4260,39,43,123,114,band_neutrophil
4261,63,113,75,81,abnormal_lymphocyte
4262,64,67,72,66,abnormal_lymphocyte
4263,58,70,84,60,abnormal_lymphocyte
4264,58,70,84,60,abnormal_lymphocyte
4265,63,113,75,69,abnormal_lymphocyte
4266,48,42,105,117,monocyte
4267,66,64,69,72,abnormal_lymphocyte
4268,55,52,90,96,lymphocyte
4269,64,72,72,57,abnormal_lymphocyte
4270,63,64,75,72,abnormal_lymphocyte
4271,63,72,75,57,abnormal_lymphocyte
4272,55,49,90,102,metamyelocyte
4273,64,60,72,81,lymphocyte
4274,57,18,87,75,abnormal_lymphocyte
4275,69,63,63,75,abnormal_lymphocyte
4276,73,15,54,87,artifact
4277,67,89,66,84,abnormal_lymphocyte
4278,55,67,90,66,abnormal_lymphocyte
4279,64,66,72,69,abnormal_lymphocyte
4280,67,64,66,72,abnormal_lymphocyte
4281,69,42,63,117,artifact
4282,66,55,69,90,abnormal_lymphocyte
4283,54,60,93,81,smudge
4284,63,67,75,66,smudge
4285,66,61,69,78,abnormal_lymphocyte
4286,57,27,87,66,abnormal_lymphocyte
4287,63,61,75,78,abnormal_lymphocyte
4288,64,48,72,105,smudge
4289,54,64,93,72,abnormal_lymphocyte
4290,66,64,69,72,abnormal_lymphocyte
4291,61,67,78,66,abnormal_lymphocyte
4292,66,66,69,69,abnormal_lymphocyte
4293,39,64,69,72,abnormal_lymphocyte
4294,61,67,78,66,abnormal_lymphocyte
4295,54,70,93,60,lymphocyte
4296,64,63,72,75,abnormal_lymphocyte
4297,58,64,84,72,abnormal_lymphocyte
4298,64,67,72,66,abnormal_lymphocyte
4299,42,43,117,114,monocyte
4300,63,63,75,75,abnormal_lymphocyte
4301,64,55,72,90,abnormal_lymphocyte
4302,61,61,78,78,abnormal_lymphocyte
4303,67,67,66,66,abnormal_lymphocyte
4304,46,52,108,96,band_neutrophil
4305,67,67,66,66,abnormal_lymphocyte
4306,55,64,90,72,lymphocyte
4307,60,61,81,78,abnormal_lymphocyte
4308,61,60,78,81,abnormal_lymphocyte
4309,64,66,72,69,abnormal_lymphocyte
4310,67,64,66,72,abnormal_lymphocyte
4311,21,58,75,84,abnormal_lymphocyte
4312,64,66,72,69,abnormal_lymphocyte
4313,64,59,72,90,abnormal_lymphocyte
4314,64,63,72,75,abnormal_lymphocyte
4315,43,46,114,108,seg_neutrophil
4316,30,37,141,126,smudge
4317,67,40,66,120,smudge
4318,18,49,120,102,smudge
4319,61,64,78,72,abnormal_lymphocyte
4320,63,67,75,66,abnormal_lymphocyte
4321,67,63,66,75,abnormal_lymphocyte
4322,63,66,75,69,abnormal_lymphocyte
4323,65,64,75,72,abnormal_lymphocyte
4324,57,61,87,78,abnormal_lymphocyte
4325,61,63,78,75,abnormal_lymphocyte
4326,57,64,87,72,abnormal_lymphocyte
4327,61,63,78,75,lymphocyte
4328,15,66,72,69,abnormal_lymphocyte
4329,63,64,75,72,abnormal_lymphocyte
4330,57,57,87,87,lymphocyte
4331,69,67,63,66,abnormal_lymphocyte
4332,49,55,102,90,seg_neutrophil
4333,64,63,72,75,abnormal_lymphocyte
4334,60,63,81,75,abnormal_lymphocyte
4335,16,45,168,111,smudge
4336,61,64,78,72,abnormal_lymphocyte
4337,58,66,84,69,abnormal_lymphocyte
4338,64,61,72,78,abnormal_lymphocyte
4339,70,98,60,84,abnormal_lymphocyte
4340,64,27,72,75,abnormal_lymphocyte
4341,63,63,75,75,abnormal_lymphocyte
4342,58,64,84,72,abnormal_lymphocyte
4343,116,58,81,84,lymphocyte
4344,63,66,75,69,abnormal_lymphocyte
4345,58,58,84,84,abnormal_lymphocyte
4346,63,67,75,66,abnormal_lymphocyte
4347,63,58,75,84,abnormal_lymphocyte
4348,66,61,69,78,abnormal_lymphocyte
4349,49,46,102,108,smudge
4350,69,70,63,60,abnormal_lymphocyte
4351,69,67,63,66,abnormal_lymphocyte
4352,63,64,75,72,abnormal_lymphocyte
4353,58,63,84,75,abnormal_lymphocyte
4354,122,66,75,69,abnormal_lymphocyte
4355,58,64,84,72,abnormal_lymphocyte
4356,63,69,75,63,abnormal_lymphocyte
4357,46,37,108,126,smudge
4358,57,33,87,135,smudge
4359,63,43,75,114,smudge
4360,57,60,87,81,smudge
4361,66,51,69,99,smudge
4362,58,69,84,63,abnormal_lymphocyte
4363,48,61,105,78,smudge
4364,63,55,75,90,smudge
4365,63,63,75,75,smudge
4366,25,27,150,147,smudge
4367,64,101,72,75,abnormal_lymphocyte
4368,58,9,84,66,abnormal_lymphocyte
4369,43,43,114,114,seg_neutrophil
4370,40,42,120,117,monocyte
4371,55,58,90,84,lymphocyte
4372,57,63,87,75,abnormal_lymphocyte
4373,61,63,78,75,abnormal_lymphocyte
4374,64,61,72,78,abnormal_lymphocyte
4375,28,49,144,102,smudge
4376,70,43,60,114,smudge
4377,64,69,72,63,abnormal_lymphocyte
4378,72,69,57,63,abnormal_lymphocyte
4379,64,58,72,84,abnormal_lymphocyte
4380,58,61,84,78,abnormal_lymphocyte
4381,57,64,87,72,abnormal_lymphocyte
4382,60,54,81,93,band_neutrophil
4383,61,55,78,90,lymphocyte
4384,70,63,60,75,abnormal_lymphocyte
4385,70,66,60,69,abnormal_lymphocyte
4386,67,67,66,66,abnormal_lymphocyte
4387,61,64,78,72,abnormal_lymphocyte
4388,64,61,72,78,lymphocyte
4389,49,49,102,102,seg_neutrophil
4390,66,64,69,72,abnormal_lymphocyte
4391,58,61,84,78,abnormal_lymphocyte
4392,55,60,90,81,abnormal_lymphocyte
4393,60,37,81,126,abnormal_lymphocyte
4394,61,61,78,78,abnormal_lymphocyte
4395,66,64,69,72,abnormal_lymphocyte
4396,60,64,81,72,abnormal_lymphocyte
4397,64,74,72,78,abnormal_lymphocyte
4398,51,52,99,96,lymphocyte
4399,57,61,87,78,lymphocyte
4400,64,67,72,66,abnormal_lymphocyte
4401,67,64,66,72,abnormal_lymphocyte
4402,64,60,72,81,abnormal_lymphocyte
4403,63,64,75,72,abnormal_lymphocyte
4404,67,63,66,75,abnormal_lymphocyte
4405,69,63,63,75,abnormal_lymphocyte
4406,49,51,102,99,band_neutrophil
4407,55,60,90,81,lymphocyte
4408,58,61,84,78,abnormal_lymphocyte
4409,57,49,87,102,lymphocyte
4410,61,67,78,66,abnormal_lymphocyte
4411,69,67,63,66,g_plt
4412,42,58,81,84,abnormal_lymphocyte
4413,54,49,93,102,lymphocyte
4414,60,42,81,117,smudge
4415,55,51,90,99,lymphocyte
4416,54,54,93,93,lymphocyte
4417,46,48,108,105,lymphocyte
4418,51,37,99,126,immature_wbc
4419,51,57,99,87,lymphocyte
4420,12,24,120,153,immature_wbc
4421,55,33,90,135,monocyte
4422,61,57,78,75,lymphocyte
4423,51,13,99,174,immature_wbc
4424,24,55,153,90,immature_wbc
4425,45,48,111,105,lymphocyte
4426,34,52,132,96,lymphocyte
4427,31,19,138,162,immature_wbc
4428,55,64,90,72,lymphocyte
4429,52,52,96,96,lymphocyte
4430,52,49,96,102,lymphocyte
4431,55,15,90,171,immature_wbc
4432,6,58,93,84,artifact
4433,66,66,69,69,smudge
4434,39,27,123,147,immature_wbc
4435,49,43,102,114,immature_wbc
4436,55,54,90,93,lymphocyte
4437,52,57,96,87,lymphocyte
4438,48,31,105,138,immature_wbc
4439,52,49,96,102,lymphocyte
4440,37,27,126,147,immature_wbc
4441,57,42,87,117,smudge
4442,42,37,117,126,monocyte
4443,42,39,117,123,immature_wbc
4444,25,43,150,114,immature_wbc
4445,51,55,99,90,lymphocyte
4446,34,28,132,144,immature_wbc
4447,48,45,105,111,lymphocyte
4448,51,4,99,192,immature_wbc
4449,61,57,78,87,lymphocyte
4450,43,65,114,120,immature_wbc
4451,49,52,102,96,lymphocyte
4452,57,60,87,81,lymphocyte
4453,51,51,99,99,lymphocyte
4454,57,42,87,117,lymphocyte
4455,51,51,99,99,lymphocyte
4456,49,49,102,102,smudge
4457,46,25,108,150,immature_wbc
4458,27,28,147,144,immature_wbc
4459,51,39,99,123,unk_wbc
4460,43,36,114,129,immature_wbc
4461,25,31,150,138,immature_wbc
4462,44,49,114,102,seg_neutrophil
4463,57,52,87,96,lymphocyte
4464,55,54,90,93,lymphocyte
4465,57,51,87,99,lymphocyte
4466,63,52,75,96,lymphocyte
4467,36,49,129,102,monocyte
4468,55,51,90,99,lymphocyte
4469,51,28,99,144,immature_wbc
4470,55,54,90,93,lymphocyte
4471,60,57,81,87,lymphocyte
4472,55,58,90,84,lymphocyte
4473,36,31,129,138,immature_wbc
4474,43,13,114,174,immature_wbc
4475,33,39,135,123,immature_wbc
4476,52,51,96,99,immature_wbc
4477,43,46,114,108,lymphocyte
4478,33,46,135,108,immature_wbc
4479,48,31,105,138,immature_wbc
4480,57,45,87,111,lymphocyte
4481,22,40,156,120,immature_wbc
4482,39,43,123,114,immature_wbc
4483,60,60,81,81,lymphocyte
4484,55,57,90,87,immature_wbc
4485,60,60,81,81,lymphocyte
4486,45,46,111,108,lymphocyte
4487,52,58,96,84,lymphocyte
4488,54,27,93,147,immature_wbc
4489,36,52,87,96,lymphocyte
4490,42,36,117,129,immature_wbc
4491,57,57,87,87,lymphocyte
4492,60,51,81,99,lymphocyte
4493,58,39,84,99,lymphocyte
4494,37,40,126,120,immature_wbc
4495,36,33,129,135,immature_wbc
4496,54,48,93,105,lymphocyte
4497,39,43,123,114,immature_wbc
4498,52,83,96,99,lymphocyte
4499,54,36,93,129,smudge
4500,51,52,99,96,lymphocyte
4501,55,60,90,81,lymphocyte
4502,40,42,120,117,smudge
4503,52,43,96,114,lymphocyte
4504,49,54,102,93,lymphocyte
4505,9,49,99,102,lymphocyte
4506,63,54,75,93,lymphocyte
4507,18,63,84,75,lymphocyte
4508,49,51,102,99,lymphocyte
4509,60,52,81,96,n_rbc
4510,52,51,96,99,immature_wbc
4511,51,37,99,126,smudge
4512,49,49,102,102,immature_wbc
4513,48,54,105,93,lymphocyte
4514,58,58,84,84,lymphocyte
4515,45,43,111,114,immature_wbc
4516,58,51,84,99,lymphocyte
4517,43,30,114,141,monocyte
4518,49,25,102,150,immature_wbc
4519,61,57,78,87,immature_wbc
4520,31,-2,138,204,smudge
4521,58,46,84,108,immature_wbc
4522,48,49,105,102,lymphocyte
4523,28,36,144,129,monocyte
4524,39,36,123,129,immature_wbc
4525,37,31,126,138,immature_wbc
4526,57,48,87,105,lymphocyte
4527,52,51,96,99,lymphocyte
4528,31,22,138,156,immature_wbc
4529,52,46,96,108,lymphocyte
4530,48,51,105,99,lymphocyte
4531,45,28,111,144,artifact
4532,42,41,117,138,immature_wbc
4533,45,54,111,93,immature_wbc
4534,48,55,105,90,lymphocyte
4535,60,69,81,63,smudge
4536,30,36,141,129,monocyte
4537,42,39,117,123,immature_wbc
4538,37,37,126,126,immature_wbc
4539,54,54,93,93,lymphocyte
4540,19,33,162,135,immature_wbc
4541,71,52,93,96,lymphocyte
4542,39,34,123,132,monocyte
4543,39,7,123,186,smudge
4544,60,48,81,105,smudge
4545,49,51,102,99,lymphocyte
4546,43,51,114,99,abnormal_lymphocyte
4547,34,24,132,153,monocyte
4548,27,45,147,111,immature_wbc
4549,49,55,102,90,lymphocyte
4550,45,42,111,117,seg_neutrophil
4551,45,59,111,96,abnormal_lymphocyte
4552,37,33,126,135,smudge
4553,43,36,114,129,monocyte
4554,28,19,144,162,immature_wbc
4555,54,51,93,99,lymphocyte
4556,51,58,99,84,lymphocyte
4557,48,52,105,96,lymphocyte
4558,54,57,93,87,lymphocyte
4559,37,24,126,153,immature_wbc
4560,30,72,141,57,smudge
4561,37,24,126,153,immature_wbc
4562,40,30,120,141,monocyte
4563,22,33,156,135,immature_wbc
4564,64,69,72,63,abnormal_lymphocyte
4565,64,63,72,75,abnormal_lymphocyte
4566,51,54,99,93,seg_neutrophil
4567,60,3,81,93,lymphocyte
4568,67,67,66,66,abnormal_lymphocyte
4569,66,69,69,63,abnormal_lymphocyte
4570,60,64,81,72,abnormal_lymphocyte
4571,64,66,72,69,abnormal_lymphocyte
4572,60,72,81,57,abnormal_lymphocyte
4573,64,70,72,60,abnormal_lymphocyte
4574,60,55,81,90,lymphocyte
4575,72,60,57,81,abnormal_lymphocyte
4576,63,64,75,72,abnormal_lymphocyte
4577,64,60,72,81,abnormal_lymphocyte
4578,64,63,72,75,abnormal_lymphocyte
4579,54,57,93,87,lymphocyte
4580,63,63,75,75,abnormal_lymphocyte
4581,67,63,66,75,abnormal_lymphocyte
4582,63,74,75,87,abnormal_lymphocyte
4583,54,45,93,111,lymphocyte
4584,66,64,69,72,abnormal_lymphocyte
4585,53,49,120,102,abnormal_lymphocyte
4586,63,60,66,81,abnormal_lymphocyte
4587,55,77,90,90,lymphocyte
4588,60,57,81,87,abnormal_lymphocyte
4589,64,66,72,69,abnormal_lymphocyte
4590,45,60,78,81,abnormal_lymphocyte
4591,64,60,72,81,abnormal_lymphocyte
4592,58,66,84,69,abnormal_lymphocyte
4593,66,61,69,78,abnormal_lymphocyte
4594,54,51,93,99,lymphocyte
4595,49,45,102,111,seg_neutrophil
4596,39,49,123,102,smudge
4597,51,52,99,96,lymphocyte
4598,55,63,90,75,abnormal_lymphocyte
4599,33,57,72,87,abnormal_lymphocyte
4600,86,70,75,60,abnormal_lymphocyte
4601,61,61,78,78,abnormal_lymphocyte
4602,54,52,93,96,lymphocyte
4603,67,113,66,72,abnormal_lymphocyte
4604,66,63,69,75,abnormal_lymphocyte
4605,53,39,105,123,band_neutrophil
4606,60,66,81,69,smudge
4607,70,3,60,72,abnormal_lymphocyte
4608,61,60,78,81,abnormal_lymphocyte
4609,69,67,63,66,abnormal_lymphocyte
4610,64,63,72,75,abnormal_lymphocyte
4611,58,57,84,87,abnormal_lymphocyte
4612,63,55,75,90,abnormal_lymphocyte
4613,69,119,63,72,abnormal_lymphocyte
4614,58,66,84,69,abnormal_lymphocyte
4615,55,54,90,93,lymphocyte
4616,61,63,78,75,abnormal_lymphocyte
4617,63,63,75,75,abnormal_lymphocyte
4618,63,64,75,72,abnormal_lymphocyte
4619,60,113,81,78,abnormal_lymphocyte
4620,60,58,81,84,abnormal_lymphocyte
4621,63,61,75,78,abnormal_lymphocyte
4622,70,58,60,84,abnormal_lymphocyte
4623,64,54,72,93,abnormal_lymphocyte
4624,58,55,84,90,smudge
4625,64,57,72,87,abnormal_lymphocyte
4626,66,57,69,87,abnormal_lymphocyte
4627,61,61,78,78,abnormal_lymphocyte
4628,64,58,72,84,abnormal_lymphocyte
4629,66,64,69,72,abnormal_lymphocyte
4630,58,67,84,66,abnormal_lymphocyte
4631,58,54,84,93,lymphocyte
4632,67,66,66,69,abnormal_lymphocyte
4633,70,64,60,72,abnormal_lymphocyte
4634,34,39,132,123,monocyte
4635,58,64,84,72,abnormal_lymphocyte
4636,63,69,75,63,abnormal_lymphocyte
4637,58,61,84,78,abnormal_lymphocyte
4638,58,54,84,93,lymphocyte
4639,58,69,84,63,abnormal_lymphocyte
4640,63,74,75,69,abnormal_lymphocyte
4641,49,45,102,111,band_neutrophil
4642,66,64,69,72,abnormal_lymphocyte
4643,51,48,99,105,band_neutrophil
4644,60,70,81,60,abnormal_lymphocyte
4645,61,42,78,87,lymphocyte
4646,61,113,78,81,abnormal_lymphocyte
4647,67,57,66,87,abnormal_lymphocyte
4648,61,61,78,78,abnormal_lymphocyte
4649,55,52,90,96,band_neutrophil
4650,46,46,108,108,monocyte
4651,65,60,78,81,abnormal_lymphocyte
4652,52,51,96,99,band_neutrophil
4653,64,52,72,96,abnormal_lymphocyte
4654,70,63,60,75,abnormal_lymphocyte
4655,60,64,81,72,lymphocyte
4656,66,60,69,81,abnormal_lymphocyte
4657,66,57,69,87,abnormal_lymphocyte
4658,58,61,84,78,abnormal_lymphocyte
4659,57,53,87,96,abnormal_lymphocyte
4660,58,63,84,66,abnormal_lymphocyte
4661,52,54,96,93,lymphocyte
4662,63,69,75,63,abnormal_lymphocyte
4663,67,63,66,75,abnormal_lymphocyte
4664,63,63,75,75,abnormal_lymphocyte
4665,52,51,96,99,lymphocyte
4666,61,64,78,72,abnormal_lymphocyte
4667,70,64,60,72,abnormal_lymphocyte
4668,66,57,69,87,abnormal_lymphocyte
4669,33,57,75,87,abnormal_lymphocyte
4670,49,52,102,96,lymphocyte
4671,58,51,84,99,abnormal_lymphocyte
4672,67,36,66,72,abnormal_lymphocyte
4673,61,55,78,90,abnormal_lymphocyte
4674,57,61,87,78,abnormal_lymphocyte
4675,61,63,78,75,abnormal_lymphocyte
4676,58,54,84,93,lymphocyte
4677,60,58,81,84,lymphocyte
4678,63,58,75,84,abnormal_lymphocyte
4679,61,60,78,81,abnormal_lymphocyte
4680,60,58,81,84,abnormal_lymphocyte
4681,61,67,78,66,abnormal_lymphocyte
4682,24,60,72,81,abnormal_lymphocyte
4683,54,46,93,108,band_neutrophil
4684,61,64,78,72,abnormal_lymphocyte
4685,58,66,84,69,abnormal_lymphocyte
4686,66,66,69,69,abnormal_lymphocyte
4687,64,66,72,69,abnormal_lymphocyte
4688,48,54,105,93,lymphocyte
4689,42,55,75,90,abnormal_lymphocyte
4690,63,67,75,66,abnormal_lymphocyte
4691,64,64,72,72,smudge
4692,60,60,81,81,lymphocyte
4693,58,63,84,75,abnormal_lymphocyte
4694,63,58,75,84,abnormal_lymphocyte
4695,66,64,69,72,abnormal_lymphocyte
4696,73,63,54,75,abnormal_lymphocyte
4697,64,57,72,87,abnormal_lymphocyte
4698,54,60,93,81,seg_neutrophil
4699,66,68,69,75,abnormal_lymphocyte
4700,54,73,93,54,abnormal_lymphocyte
4701,64,67,72,66,abnormal_lymphocyte
4702,63,63,75,75,abnormal_lymphocyte
4703,58,60,84,81,abnormal_lymphocyte
4704,64,58,72,84,abnormal_lymphocyte
4705,58,54,84,93,lymphocyte
4706,48,51,105,99,band_neutrophil
4707,63,60,75,81,abnormal_lymphocyte
4708,61,63,78,75,abnormal_lymphocyte
4709,63,63,75,75,abnormal_lymphocyte
4710,58,58,84,84,abnormal_lymphocyte
4711,60,66,81,69,abnormal_lymphocyte
4712,63,66,75,69,abnormal_lymphocyte
4713,46,48,108,105,lymphocyte
4714,64,74,72,75,abnormal_lymphocyte
4715,60,61,81,78,abnormal_lymphocyte
4716,63,57,75,87,abnormal_lymphocyte
4717,63,69,75,63,abnormal_lymphocyte
4718,69,63,63,75,abnormal_lymphocyte
4719,40,42,120,117,eosinophil
4720,66,58,69,84,abnormal_lymphocyte
4721,63,66,75,69,abnormal_lymphocyte
4722,67,63,66,75,abnormal_lymphocyte
4723,63,60,75,81,abnormal_lymphocyte
4724,113,61,72,78,abnormal_lymphocyte
4725,64,61,72,78,abnormal_lymphocyte
4726,58,58,84,84,abnormal_lymphocyte
4727,63,98,75,87,abnormal_lymphocyte
4728,63,9,75,69,abnormal_lymphocyte
4729,63,70,75,60,abnormal_lymphocyte
4730,60,67,81,66,abnormal_lymphocyte
4731,63,69,75,63,abnormal_lymphocyte
4732,70,58,60,84,abnormal_lymphocyte
4733,60,63,81,75,abnormal_lymphocyte
4734,63,64,75,72,abnormal_lymphocyte
4735,67,64,66,72,abnormal_lymphocyte
4736,55,52,90,96,band_neutrophil
4737,67,27,66,63,abnormal_lymphocyte
4738,66,64,69,72,abnormal_lymphocyte
4739,57,66,87,69,abnormal_lymphocyte
4740,66,66,69,69,abnormal_lymphocyte
4741,64,51,72,72,abnormal_lymphocyte
4742,113,68,75,69,abnormal_lymphocyte
4743,63,66,75,69,abnormal_lymphocyte
4744,57,24,87,93,lymphocyte
4745,60,57,81,87,abnormal_lymphocyte
4746,63,45,75,78,abnormal_lymphocyte
4747,61,69,78,63,abnormal_lymphocyte
4748,60,63,81,75,lymphocyte
4749,77,67,78,66,abnormal_lymphocyte
4750,52,48,96,105,seg_neutrophil
4751,66,63,69,75,abnormal_lymphocyte
4752,60,57,81,87,abnormal_lymphocyte
4753,61,63,78,75,abnormal_lymphocyte
4754,61,66,78,69,abnormal_lymphocyte
4755,60,58,81,84,abnormal_lymphocyte
4756,64,66,72,69,abnormal_lymphocyte
4757,64,66,72,69,abnormal_lymphocyte
4758,54,55,93,90,lymphocyte
4759,64,21,72,84,abnormal_lymphocyte
4760,58,63,84,75,abnormal_lymphocyte
4761,63,64,75,72,abnormal_lymphocyte
4762,66,61,69,78,abnormal_lymphocyte
4763,60,36,81,81,abnormal_lymphocyte
4764,57,58,87,84,abnormal_lymphocyte
4765,67,54,66,93,abnormal_lymphocyte
4766,57,57,87,87,band_neutrophil
4767,66,66,69,69,abnormal_lymphocyte
4768,61,60,78,81,abnormal_lymphocyte
4769,64,63,72,75,abnormal_lymphocyte
4770,61,63,78,75,abnormal_lymphocyte
4771,58,64,84,72,abnormal_lymphocyte
4772,9,52,96,96,lymphocyte
4773,54,63,87,75,abnormal_lymphocyte
4774,61,63,78,75,abnormal_lymphocyte
4775,57,61,87,78,abnormal_lymphocyte
4776,48,48,105,105,lymphocyte
4777,64,61,72,78,abnormal_lymphocyte
4778,61,57,78,87,lymphocyte
4779,43,45,114,111,band_neutrophil
4780,64,60,72,81,abnormal_lymphocyte
4781,61,57,78,87,abnormal_lymphocyte
4782,60,64,81,72,abnormal_lymphocyte
4783,61,57,78,87,abnormal_lymphocyte
4784,60,61,81,78,abnormal_lymphocyte
4785,63,80,75,81,abnormal_lymphocyte
4786,63,64,75,72,abnormal_lymphocyte
4787,95,54,75,93,lymphocyte
4788,39,70,78,60,abnormal_lymphocyte
4789,67,69,66,63,abnormal_lymphocyte
4790,66,60,69,81,abnormal_lymphocyte
4791,58,64,84,72,abnormal_lymphocyte
4792,61,54,78,93,lymphocyte
4793,9,57,87,87,basophil
4794,58,64,84,72,abnormal_lymphocyte
4795,67,63,66,75,abnormal_lymphocyte
4796,58,64,84,72,abnormal_lymphocyte
4797,63,45,75,75,abnormal_lymphocyte
4798,64,66,72,69,abnormal_lymphocyte
4799,61,66,78,69,abnormal_lymphocyte
4800,64,36,72,78,abnormal_lymphocyte
4801,58,63,84,75,lymphocyte
4802,48,51,105,99,band_neutrophil
4803,66,63,69,75,abnormal_lymphocyte
4804,64,72,72,57,abnormal_lymphocyte
4805,65,63,78,75,abnormal_lymphocyte
4806,60,64,81,72,abnormal_lymphocyte
4807,72,69,57,63,abnormal_lymphocyte
4808,51,49,99,102,seg_neutrophil
4809,66,15,69,81,abnormal_lymphocyte
4810,48,49,105,102,seg_neutrophil
4811,60,55,81,90,lymphocyte
4812,64,64,72,72,abnormal_lymphocyte
4813,49,55,102,90,band_neutrophil
4814,57,52,87,96,lymphocyte
4815,61,24,78,75,abnormal_lymphocyte
4816,63,42,75,84,abnormal_lymphocyte
4817,64,63,72,75,abnormal_lymphocyte
4818,63,69,75,63,abnormal_lymphocyte
4819,63,54,75,93,abnormal_lymphocyte
4820,63,61,75,78,lymphocyte
4821,48,52,105,96,lymphocyte
4822,61,58,78,84,abnormal_lymphocyte
4823,46,43,108,114,seg_neutrophil
4824,61,55,78,90,abnormal_lymphocyte
4825,61,52,78,96,abnormal_lymphocyte
4826,113,101,69,69,abnormal_lymphocyte
4827,48,48,105,105,seg_neutrophil
4828,57,60,87,81,lymphocyte
4829,67,64,66,72,abnormal_lymphocyte
4830,63,63,66,75,abnormal_lymphocyte
4831,63,63,75,75,abnormal_lymphocyte
4832,61,54,78,66,abnormal_lymphocyte
4833,61,57,78,87,abnormal_lymphocyte
4834,66,92,69,75,abnormal_lymphocyte
4835,67,58,66,84,abnormal_lymphocyte
4836,63,63,75,75,abnormal_lymphocyte
4837,64,67,72,66,abnormal_lymphocyte
4838,48,45,105,111,band_neutrophil
4839,49,48,102,105,lymphocyte
4840,63,61,75,78,abnormal_lymphocyte
4841,52,49,96,102,band_neutrophil
4842,60,63,81,75,abnormal_lymphocyte
4843,61,61,78,78,lymphocyte
4844,58,58,84,84,lymphocyte
4845,52,49,96,102,lymphocyte
4846,63,57,75,87,abnormal_lymphocyte
4847,63,69,75,63,abnormal_lymphocyte
4848,72,67,57,66,abnormal_lymphocyte
4849,63,69,75,63,abnormal_lymphocyte
4850,54,58,93,84,lymphocyte
4851,55,64,90,72,abnormal_lymphocyte
4852,67,64,66,72,abnormal_lymphocyte
4853,60,61,81,78,abnormal_lymphocyte
4854,24,60,75,81,abnormal_lymphocyte
4855,54,55,93,90,lymphocyte
4856,45,48,111,105,seg_neutrophil
4857,113,9,78,81,abnormal_lymphocyte
4858,57,51,87,99,lymphocyte
4859,58,60,84,81,abnormal_lymphocyte
4860,64,64,72,72,abnormal_lymphocyte
4861,57,54,87,93,lymphocyte
4862,60,57,81,87,abnormal_lymphocyte
4863,57,67,87,66,abnormal_lymphocyte
4864,63,64,75,72,abnormal_lymphocyte
4865,66,71,69,69,abnormal_lymphocyte
4866,57,63,87,75,abnormal_lymphocyte
4867,39,45,123,111,band_neutrophil
4868,66,75,69,51,abnormal_lymphocyte
4869,61,30,78,57,abnormal_lymphocyte
4870,69,66,63,69,abnormal_lymphocyte
4871,67,66,66,69,abnormal_lymphocyte
4872,89,64,84,72,abnormal_lymphocyte
4873,60,61,81,78,abnormal_lymphocyte
4874,61,66,78,69,abnormal_lymphocyte
4875,58,70,84,60,abnormal_lymphocyte
4876,61,69,78,63,abnormal_lymphocyte
4877,58,83,84,84,lymphocyte
4878,61,60,78,81,abnormal_lymphocyte
4879,22,48,156,105,smudge
4880,64,67,72,66,abnormal_lymphocyte
4881,21,48,102,105,band_neutrophil
4882,64,54,72,93,abnormal_lymphocyte
4883,69,66,63,69,abnormal_lymphocyte
4884,70,60,60,81,abnormal_lymphocyte
4885,66,39,69,72,abnormal_lymphocyte
4886,69,55,63,90,abnormal_lymphocyte
4887,61,60,78,81,abnormal_lymphocyte
4888,60,69,81,63,abnormal_lymphocyte
4889,63,64,75,72,abnormal_lymphocyte
4890,63,67,75,66,abnormal_lymphocyte
4891,55,61,90,78,abnormal_lymphocyte
4892,54,55,93,90,band_neutrophil
4893,43,48,114,105,band_neutrophil
4894,58,60,84,81,abnormal_lymphocyte
4895,64,3,72,72,abnormal_lymphocyte
4896,61,83,78,75,abnormal_lymphocyte
4897,48,60,105,81,lymphocyte
4898,61,64,78,72,abnormal_lymphocyte
4899,66,60,69,81,abnormal_lymphocyte
4900,66,64,69,72,abnormal_lymphocyte
4901,57,71,87,84,lymphocyte
4902,63,67,75,66,abnormal_lymphocyte
4903,61,55,78,90,lymphocyte
4904,51,51,99,99,lymphocyte
4905,63,57,75,87,abnormal_lymphocyte
4906,57,51,87,72,abnormal_lymphocyte
4907,63,69,75,63,abnormal_lymphocyte
4908,101,61,78,78,abnormal_lymphocyte
4909,63,64,75,72,abnormal_lymphocyte
4910,57,57,87,87,abnormal_lymphocyte
4911,67,45,66,72,abnormal_lymphocyte
4912,48,59,105,108,seg_neutrophil
4913,58,60,84,81,lymphocyte
4914,63,64,75,72,abnormal_lymphocyte
4915,66,48,69,81,abnormal_lymphocyte
4916,57,66,66,69,abnormal_lymphocyte
4917,66,63,69,75,abnormal_lymphocyte
4918,60,58,81,84,abnormal_lymphocyte
4919,18,63,78,75,abnormal_lymphocyte
4920,66,61,69,78,abnormal_lymphocyte
4921,58,58,84,84,abnormal_lymphocyte
4922,64,58,72,84,abnormal_lymphocyte
4923,57,60,87,81,abnormal_lymphocyte
4924,40,51,120,99,band_neutrophil
4925,64,60,72,81,abnormal_lymphocyte
4926,60,67,69,66,abnormal_lymphocyte
4927,60,66,81,69,abnormal_lymphocyte
4928,37,37,126,126,band_neutrophil
4929,66,67,69,66,abnormal_lymphocyte
4930,63,77,75,75,lymphocyte
4931,36,64,81,72,abnormal_lymphocyte
4932,66,66,69,69,abnormal_lymphocyte
4933,125,58,57,84,abnormal_lymphocyte
4934,67,60,66,81,abnormal_lymphocyte
4935,64,67,72,66,abnormal_lymphocyte
4936,63,57,75,87,abnormal_lymphocyte
4937,55,58,90,84,lymphocyte
4938,61,66,78,69,abnormal_lymphocyte
4939,61,58,78,84,lymphocyte
4940,63,60,75,81,abnormal_lymphocyte
4941,61,63,78,75,abnormal_lymphocyte
4942,55,52,90,96,abnormal_lymphocyte
4943,63,60,75,81,abnormal_lymphocyte
4944,60,60,81,81,abnormal_lymphocyte
4945,60,72,81,57,abnormal_lymphocyte
4946,67,64,66,72,abnormal_lymphocyte
4947,58,60,84,81,smudge
4948,52,63,96,75,abnormal_lymphocyte
4949,40,34,120,132,band_neutrophil
4950,60,58,81,84,abnormal_lymphocyte
4951,66,30,69,84,abnormal_lymphocyte
4952,64,66,72,69,abnormal_lymphocyte
4953,67,89,66,72,abnormal_lymphocyte
4954,70,52,60,96,smudge
4955,69,66,63,69,abnormal_lymphocyte
4956,61,52,78,96,lymphocyte
4957,60,60,81,81,abnormal_lymphocyte
4958,54,57,93,87,lymphocyte
4959,67,24,66,78,abnormal_lymphocyte
4960,63,64,75,72,abnormal_lymphocyte
4961,52,73,96,54,abnormal_lymphocyte
4962,119,61,75,78,abnormal_lymphocyte
4963,55,3,90,81,abnormal_lymphocyte
4964,60,63,81,75,abnormal_lymphocyte
4965,60,61,81,78,abnormal_lymphocyte
4966,67,67,66,66,abnormal_lymphocyte
4967,45,57,81,87,abnormal_lymphocyte
4968,64,63,72,75,abnormal_lymphocyte
4969,58,61,84,78,abnormal_lymphocyte
4970,36,27,129,147,smudge
4971,55,64,90,72,abnormal_lymphocyte
4972,67,61,66,78,abnormal_lymphocyte
4973,63,57,63,87,smudge
4974,48,52,105,96,lymphocyte
4975,64,60,72,81,abnormal_lymphocyte
4976,60,52,81,96,abnormal_lymphocyte
4977,61,33,78,81,abnormal_lymphocyte
4978,60,58,81,84,lymphocyte
4979,61,63,78,75,abnormal_lymphocyte
4980,52,46,96,108,lymphocyte
4981,49,57,102,87,seg_neutrophil
4982,51,58,99,84,abnormal_lymphocyte
4983,64,60,72,81,abnormal_lymphocyte
4984,64,60,72,81,abnormal_lymphocyte
4985,55,55,90,90,lymphocyte
4986,57,55,87,90,abnormal_lymphocyte
4987,52,60,96,81,abnormal_lymphocyte
4988,58,61,84,78,abnormal_lymphocyte
4989,66,66,69,69,abnormal_lymphocyte
4990,64,67,72,66,abnormal_lymphocyte
4991,67,63,66,75,abnormal_lymphocyte
4992,60,60,81,81,abnormal_lymphocyte
4993,34,31,132,138,monocyte
4994,69,67,63,66,abnormal_lymphocyte
4995,49,43,102,114,seg_neutrophil
4996,61,63,78,75,abnormal_lymphocyte
4997,64,57,72,87,abnormal_lymphocyte
4998,64,60,72,81,abnormal_lymphocyte
4999,61,21,78,72,abnormal_lymphocyte
5000,60,63,81,75,abnormal_lymphocyte
5001,58,63,84,75,abnormal_lymphocyte
5002,45,54,111,93,eosinophil
5003,61,51,78,99,seg_neutrophil
5004,52,51,96,99,seg_neutrophil
5005,54,52,93,96,lymphocyte
5006,42,86,117,111,seg_neutrophil
5007,61,36,78,129,seg_neutrophil
5008,46,39,108,123,seg_neutrophil
5009,48,60,105,81,monocyte
5010,48,55,105,90,basophil
5011,51,61,99,78,band_neutrophil
5012,61,64,78,72,lymphocyte
5013,52,57,96,87,lymphocyte
5014,52,52,96,96,eosinophil
5015,43,27,114,147,monocyte
5016,51,46,99,108,seg_neutrophil
5017,54,12,93,75,lymphocyte
5018,71,49,99,102,monocyte
5019,52,61,96,78,seg_neutrophil
5020,55,58,90,84,basophil
5021,57,57,87,87,seg_neutrophil
5022,54,49,93,102,seg_neutrophil
5023,57,34,87,132,monocyte
5024,60,52,81,96,seg_neutrophil
5025,51,36,99,87,seg_neutrophil
5026,55,60,90,81,seg_neutrophil
5027,48,45,105,111,band_neutrophil
5028,58,51,84,99,band_neutrophil
5029,51,57,99,87,seg_neutrophil
5030,39,49,123,102,lymphocyte
5031,83,57,99,87,basophil
5032,63,58,75,84,lymphocyte
5033,49,57,102,87,seg_neutrophil
5034,52,54,96,93,lymphocyte
5035,60,52,81,96,band_neutrophil
5036,60,52,81,96,band_neutrophil
5037,51,57,99,87,band_neutrophil
5038,52,48,96,90,seg_neutrophil
5039,58,51,84,99,eosinophil
5040,37,46,126,108,eosinophil
5041,55,55,90,90,basophil
5042,43,45,114,111,seg_neutrophil
5043,54,57,93,87,seg_neutrophil
5044,43,40,114,120,myelocyte
5045,42,51,117,99,lymphocyte
5046,48,48,105,105,seg_neutrophil
5047,48,55,105,90,seg_neutrophil
5048,52,21,96,138,monocyte
5049,51,55,99,90,seg_neutrophil
5050,51,55,99,90,band_neutrophil
5051,46,54,108,93,lymphocyte
5052,45,49,111,102,seg_neutrophil
5053,45,45,111,105,seg_neutrophil
5054,45,39,111,123,eosinophil
5055,43,37,114,126,monocyte
5056,55,49,90,102,band_neutrophil
5057,57,54,87,93,eosinophil
5058,52,64,96,72,lymphocyte
5059,52,67,96,66,lymphocyte
5060,43,46,114,108,monocyte
5061,57,51,87,99,seg_neutrophil
5062,39,39,78,123,artifact
5063,45,58,57,84,artifact
5064,49,52,102,96,seg_neutrophil
5065,51,42,99,117,seg_neutrophil
5066,12,58,87,84,seg_neutrophil
5067,45,51,111,99,basophil
5068,46,45,108,111,eosinophil
5069,57,46,87,108,lymphocyte
5070,58,52,84,96,seg_neutrophil
5071,66,60,69,81,n_rbc
5072,49,54,102,93,seg_neutrophil
5073,54,57,93,87,seg_neutrophil
5074,58,30,84,141,monocyte
5075,42,6,117,108,monocyte
5076,64,55,72,90,seg_neutrophil
5077,51,46,99,108,eosinophil
5078,55,40,90,120,seg_neutrophil
5079,34,30,132,141,monocyte
5080,48,39,105,123,monocyte
5081,51,57,99,87,band_neutrophil
5082,49,52,102,96,eosinophil
5083,43,42,114,117,eosinophil
5084,48,43,105,114,monocyte
5085,52,57,96,87,band_neutrophil
5086,55,49,90,102,seg_neutrophil
5087,54,49,93,102,band_neutrophil
5088,40,46,120,108,seg_neutrophil
5089,45,54,111,93,eosinophil
5090,60,49,81,102,seg_neutrophil
5091,40,54,120,93,seg_neutrophil
5092,52,49,96,102,seg_neutrophil
5093,51,49,99,102,seg_neutrophil
5094,52,52,96,96,seg_neutrophil
5095,61,61,78,78,lymphocyte
5096,52,45,96,111,eosinophil
5097,57,54,87,93,lymphocyte
5098,58,57,84,87,lymphocyte
5099,54,58,93,84,seg_neutrophil
5100,71,42,114,117,monocyte
5101,51,48,99,105,eosinophil
5102,46,56,108,102,eosinophil
5103,46,61,108,78,seg_neutrophil
5104,54,49,93,102,band_neutrophil
5105,51,58,99,84,eosinophil
5106,61,59,78,87,lymphocyte
5107,45,52,111,96,seg_neutrophil
5108,28,52,144,96,monocyte
5109,49,48,102,105,monocyte
5110,46,43,108,114,lymphocyte
5111,49,57,102,87,lymphocyte
5112,54,51,93,99,lymphocyte
5113,54,48,93,105,seg_neutrophil
5114,52,45,96,111,eosinophil
5115,57,49,87,102,myelocyte
5116,45,52,111,96,seg_neutrophil
5117,39,43,123,114,seg_neutrophil
5118,39,60,123,81,seg_neutrophil
5119,49,61,102,78,seg_neutrophil
5120,45,49,111,102,monocyte
5121,45,48,111,105,monocyte
5122,43,46,114,108,eosinophil
5123,66,63,69,75,g_plt
5124,55,51,90,99,band_neutrophil
5125,52,63,96,75,seg_neutrophil
5126,51,65,99,96,seg_neutrophil
5127,57,59,87,84,lymphocyte
5128,49,52,102,96,seg_neutrophil
5129,46,46,108,108,seg_neutrophil
5130,52,60,96,81,seg_neutrophil
5131,52,48,96,105,eosinophil
5132,49,45,102,111,seg_neutrophil
5133,51,55,99,90,band_neutrophil
5134,52,57,96,87,seg_neutrophil
5135,54,58,93,84,lymphocyte
5136,49,52,102,96,band_neutrophil
5137,54,52,93,96,lymphocyte
5138,64,48,72,66,lymphocyte
5139,46,55,108,90,basophil
5140,33,39,135,123,monocyte
5141,55,98,90,87,seg_neutrophil
5142,48,51,105,99,lymphocyte
5143,54,48,93,105,band_neutrophil
5144,70,73,60,54,n_rbc
5145,51,48,99,105,seg_neutrophil
5146,15,71,93,84,seg_neutrophil
5147,68,52,99,96,lymphocyte
5148,48,54,105,93,seg_neutrophil
5149,46,58,108,84,seg_neutrophil
5150,52,57,96,87,seg_neutrophil
5151,48,52,105,96,eosinophil
5152,40,37,120,126,eosinophil
5153,46,33,108,135,monocyte
5154,58,51,84,99,seg_neutrophil
5155,55,49,90,102,metamyelocyte
5156,71,40,108,120,monocyte
5157,45,37,111,126,monocyte
5158,46,39,108,123,monocyte
5159,43,48,114,105,monocyte
5160,52,46,96,108,seg_neutrophil
5161,45,51,111,99,eosinophil
5162,64,55,72,90,lymphocyte
5163,52,57,96,87,basophil
5164,46,57,108,87,seg_neutrophil
5165,55,57,90,87,lymphocyte
5166,54,48,93,105,seg_neutrophil
5167,46,55,108,90,seg_neutrophil
5168,54,92,93,99,seg_neutrophil
5169,48,40,105,120,monocyte
5170,46,42,108,117,eosinophil
5171,45,51,111,99,basophil
5172,54,49,93,102,seg_neutrophil
5173,55,57,90,87,lymphocyte
5174,52,55,96,90,lymphocyte
5175,49,107,102,84,seg_neutrophil
5176,55,54,90,93,lymphocyte
5177,49,3,102,87,seg_neutrophil
5178,60,58,81,84,monocyte
5179,58,72,84,57,monocyte
5180,40,68,120,96,basophil
5181,55,49,90,102,band_neutrophil
5182,55,57,90,87,lymphocyte
5183,55,54,90,93,lymphocyte
5184,48,24,105,69,seg_neutrophil
5185,60,63,81,75,seg_neutrophil
5186,48,51,105,99,seg_neutrophil
5187,58,58,84,84,lymphocyte
5188,61,57,78,87,lymphocyte
5189,48,52,105,96,eosinophil
5190,67,67,66,66,n_rbc
5191,54,58,93,84,lymphocyte
5192,52,46,96,108,seg_neutrophil
5193,49,55,102,90,band_neutrophil
5194,43,42,114,117,monocyte
5195,46,46,108,108,monocyte
5196,49,46,102,108,basophil
5197,55,58,90,84,band_neutrophil
5198,54,71,93,84,band_neutrophil
5199,57,52,87,96,seg_neutrophil
5200,45,40,111,120,monocyte
5201,52,61,96,78,monocyte
5202,48,48,105,105,eosinophil
5203,40,48,120,105,monocyte
5204,55,52,90,96,lymphocyte
5205,45,52,111,96,eosinophil
5206,27,51,96,99,seg_neutrophil
5207,76,63,48,75,agg_plt
5208,72,70,57,60,agg_plt
5209,52,39,96,123,seg_neutrophil
5210,51,48,99,105,seg_neutrophil
5211,49,55,102,90,seg_neutrophil
5212,45,48,111,105,seg_neutrophil
5213,60,63,81,75,lymphocyte
5214,46,51,108,99,seg_neutrophil
5215,55,52,90,96,lymphocyte
5216,49,42,102,117,seg_neutrophil
5217,48,51,105,99,seg_neutrophil
5218,58,64,84,72,artifact
5219,42,43,117,114,artifact
5220,70,72,60,57,g_plt
5221,51,45,99,108,seg_neutrophil
5222,37,40,126,120,monocyte
5223,61,61,78,78,n_rbc
5224,48,49,105,102,seg_neutrophil
5225,45,48,111,105,seg_neutrophil
5226,46,46,108,108,seg_neutrophil
5227,60,65,81,78,lymphocyte
5228,72,9,57,51,g_plt
5229,45,51,111,99,seg_neutrophil
5230,45,52,111,96,seg_neutrophil
5231,66,63,69,75,lymphocyte
5232,48,45,105,111,seg_neutrophil
5233,58,55,84,90,lymphocyte
5234,48,48,105,105,seg_neutrophil
5235,55,48,90,105,seg_neutrophil
5236,46,52,108,96,seg_neutrophil
5237,58,55,84,90,n_rbc
5238,49,43,102,114,seg_neutrophil
5239,48,48,105,105,seg_neutrophil
5240,49,52,102,96,lymphocyte
5241,58,58,84,84,lymphocyte
5242,52,48,96,105,seg_neutrophil
5243,57,54,87,93,lymphocyte
5244,46,39,108,123,seg_neutrophil
5245,63,58,75,84,agg_plt
5246,64,66,72,69,n_rbc
5247,67,69,66,63,n_rbc
5248,42,46,117,108,seg_neutrophil
5249,40,48,120,105,seg_neutrophil
5250,46,43,108,114,seg_neutrophil
5251,49,60,102,81,lymphocyte
5252,55,45,90,111,seg_neutrophil
5253,46,46,108,108,seg_neutrophil
5254,45,46,111,108,seg_neutrophil
5255,49,48,102,105,seg_neutrophil
5256,34,46,132,108,seg_neutrophil
5257,46,51,108,99,seg_neutrophil
5258,52,42,96,87,lymphocyte
5259,46,43,108,114,seg_neutrophil
5260,45,51,111,99,seg_neutrophil
5261,46,52,108,96,seg_neutrophil
5262,51,49,99,102,n_rbc
5263,61,61,78,78,lymphocyte
5264,51,39,99,123,seg_neutrophil
5265,51,54,99,93,lymphocyte
5266,57,60,87,81,lymphocyte
5267,42,48,117,105,seg_neutrophil
5268,63,46,75,108,lymphocyte
5269,45,27,111,111,seg_neutrophil
5270,55,57,90,87,lymphocyte
5271,64,45,72,111,agg_plt
5272,49,49,102,102,seg_neutrophil
5273,52,49,96,102,seg_neutrophil
5274,46,52,108,96,seg_neutrophil
5275,45,46,111,108,seg_neutrophil
5276,54,74,93,114,monocyte
5277,48,46,105,108,seg_neutrophil
5278,48,43,105,114,seg_neutrophil
5279,61,58,78,84,lymphocyte
5280,49,48,102,105,seg_neutrophil
5281,45,45,111,111,seg_neutrophil
5282,60,49,81,102,lymphocyte
5283,58,60,84,81,lymphocyte
5284,43,55,114,90,seg_neutrophil
5285,52,54,96,93,smudge
5286,69,70,63,60,agg_plt
5287,49,48,102,105,seg_neutrophil
5288,60,54,81,93,lymphocyte
5289,60,57,81,87,lymphocyte
5290,46,52,108,96,basophil
5291,43,48,114,105,eosinophil
5292,-30,-17,261,234,artifact
5293,42,42,117,117,seg_neutrophil
5294,48,31,105,138,seg_neutrophil
5295,46,42,108,117,seg_neutrophil
5296,34,51,132,99,seg_neutrophil
5297,69,75,63,51,agg_plt
5298,46,45,108,111,eosinophil
5299,54,58,93,84,lymphocyte
5300,66,61,69,78,agg_plt
5301,49,42,102,117,seg_neutrophil
5302,49,30,102,114,seg_neutrophil
5303,60,61,81,78,lymphocyte
5304,49,40,102,120,seg_neutrophil
5305,51,43,99,114,seg_neutrophil
5306,64,64,72,72,n_rbc
5307,60,63,81,75,n_rbc
5308,48,45,105,111,seg_neutrophil
5309,40,45,120,111,monocyte
5310,51,48,99,105,seg_neutrophil
5311,48,40,105,120,seg_neutrophil
5312,52,46,96,108,seg_neutrophil
5313,55,48,90,105,seg_neutrophil
5314,46,52,108,96,seg_neutrophil
5315,55,51,90,99,lymphocyte
5316,66,58,69,84,agg_plt
5317,55,54,90,93,n_rbc
5318,43,42,114,117,seg_neutrophil
5319,33,45,135,111,seg_neutrophil
5320,49,54,102,93,seg_neutrophil
5321,46,48,108,105,monocyte
5322,57,52,87,96,lymphocyte
5323,55,58,90,84,lymphocyte
5324,40,48,120,105,seg_neutrophil
5325,60,46,81,108,smudge
5326,49,48,102,105,seg_neutrophil
5327,40,50,120,114,seg_neutrophil
5328,25,24,150,153,artifact
5329,46,48,108,105,seg_neutrophil
5330,54,52,93,96,lymphocyte
5331,45,45,111,111,seg_neutrophil
5332,48,43,105,114,seg_neutrophil
5333,42,45,117,111,seg_neutrophil
5334,39,45,123,111,seg_neutrophil
5335,49,48,102,105,seg_neutrophil
5336,55,55,90,90,lymphocyte
5337,58,43,84,114,eosinophil
5338,60,67,81,66,agg_plt
5339,61,66,78,69,n_rbc
5340,49,54,102,93,eosinophil
5341,46,51,108,99,seg_neutrophil
5342,45,51,111,99,myelocyte
5343,45,40,111,120,seg_neutrophil
5344,61,49,78,102,eosinophil
5345,60,61,81,78,n_rbc
5346,64,63,72,75,lymphocyte
5347,61,63,78,75,n_rbc
5348,60,63,81,75,n_rbc
5349,37,52,126,96,eosinophil
5350,55,58,90,84,abnormal_lymphocyte
5351,58,60,84,81,lymphocyte
5352,51,49,99,102,abnormal_lymphocyte
5353,64,67,72,66,n_rbc
5354,58,66,84,69,lymphocyte
5355,45,55,111,90,lymphocyte
5356,49,52,102,96,lymphocyte
5357,49,54,102,93,lymphocyte
5358,64,64,72,72,lymphocyte
5359,40,54,120,93,seg_neutrophil
5360,48,52,105,96,eosinophil
5361,51,54,99,93,lymphocyte
5362,51,48,99,105,blast
5363,63,64,75,72,lymphocyte
5364,64,67,72,66,lymphocyte
5365,69,61,63,78,lymphocyte
5366,21,60,78,81,artifact
5367,30,72,66,57,artifact
5368,60,55,81,90,lymphocyte
5369,63,69,75,63,artifact
5370,-6,42,213,117,artifact
5371,75,57,51,87,artifact
5372,42,63,117,75,artifact
5373,55,36,90,129,artifact
5374,57,54,87,87,lymphocyte
5375,54,52,93,96,lymphocyte
5376,57,45,87,90,lymphocyte
5377,51,52,99,96,lymphocyte
5378,58,49,84,102,lymphocyte
5379,45,44,111,114,monocyte
5380,63,66,75,69,lymphocyte
5381,63,63,75,75,lymphocyte
5382,54,52,93,96,abnormal_lymphocyte
5383,51,45,99,111,lymphocyte
5384,49,54,102,93,lymphocyte
5385,43,48,114,105,blast
5386,49,55,102,90,seg_neutrophil
5387,46,46,108,108,seg_neutrophil
5388,39,46,123,108,eosinophil
5389,43,40,114,120,seg_neutrophil
5390,52,36,96,111,eosinophil
5391,63,60,75,81,lymphocyte
5392,52,40,96,120,eosinophil
5393,43,36,114,129,eosinophil
5394,57,71,87,90,lymphocyte
5395,39,24,123,153,eosinophil
5396,60,58,81,84,lymphocyte
5397,48,55,105,90,seg_neutrophil
5398,69,51,63,99,smudge
5399,40,45,120,111,seg_neutrophil
5400,70,58,60,84,lymphocyte
5401,6,44,123,120,lymphocyte
5402,43,46,114,108,seg_neutrophil
5403,48,46,105,108,seg_neutrophil
5404,61,59,78,87,lymphocyte
5405,55,37,90,126,basophil
5406,57,51,87,99,lymphocyte
5407,43,46,114,108,seg_neutrophil
5408,39,36,123,129,monocyte
5409,46,52,108,96,lymphocyte
5410,47,42,126,117,eosinophil
5411,61,61,78,78,lymphocyte
5412,46,51,108,99,seg_neutrophil
5413,42,37,117,126,monocyte
5414,55,54,90,93,seg_neutrophil
5415,33,68,135,111,eosinophil
5416,45,37,111,126,eosinophil
5417,52,46,96,108,seg_neutrophil
5418,48,46,105,108,basophil
5419,40,21,120,129,eosinophil
5420,34,42,132,117,monocyte
5421,36,46,129,108,eosinophil
5422,43,45,114,111,eosinophil
5423,51,48,99,105,eosinophil
5424,46,40,108,120,eosinophil
5425,48,45,105,111,seg_neutrophil
5426,49,48,102,105,eosinophil
5427,34,39,132,123,eosinophil
5428,45,45,111,111,eosinophil
5429,52,55,96,90,lymphocyte
5430,51,39,99,123,seg_neutrophil
5431,45,48,111,105,seg_neutrophil
5432,33,33,135,135,eosinophil
5433,46,31,108,138,eosinophil
5434,58,54,84,93,lymphocyte
5435,37,37,126,126,eosinophil
5436,36,46,129,108,eosinophil
5437,45,42,111,117,eosinophil
5438,55,37,90,126,seg_neutrophil
5439,33,39,135,123,eosinophil
5440,51,37,99,126,eosinophil
5441,46,48,108,105,seg_neutrophil
5442,46,42,108,117,seg_neutrophil
5443,52,51,96,99,seg_neutrophil
5444,46,42,108,117,basophil
5445,49,55,102,90,lymphocyte
5446,45,39,111,123,eosinophil
5447,46,51,108,99,eosinophil
5448,43,27,114,102,eosinophil
5449,48,55,105,90,seg_neutrophil
5450,40,52,120,96,seg_neutrophil
5451,48,65,105,111,seg_neutrophil
5452,43,37,114,126,eosinophil
5453,43,37,114,126,eosinophil
5454,58,63,84,75,lymphocyte
5455,39,55,123,90,seg_neutrophil
5456,37,41,126,129,eosinophil
5457,42,42,117,117,eosinophil
5458,31,31,138,138,eosinophil
5459,52,46,96,108,lymphocyte
5460,45,42,111,117,seg_neutrophil
5461,48,45,105,111,seg_neutrophil
5462,46,42,108,117,seg_neutrophil
5463,40,51,120,99,eosinophil
5464,51,45,99,111,eosinophil
5465,45,45,111,111,eosinophil
5466,48,37,105,126,eosinophil
5467,45,45,111,111,eosinophil
5468,39,42,123,117,eosinophil
5469,49,59,102,111,eosinophil
5470,37,40,126,120,eosinophil
5471,48,45,105,111,seg_neutrophil
5472,42,47,117,138,eosinophil
5473,46,27,108,93,seg_neutrophil
5474,48,51,105,99,seg_neutrophil
5475,52,48,96,105,seg_neutrophil
5476,52,9,96,126,seg_neutrophil
5477,54,49,93,102,lymphocyte
5478,43,45,114,111,eosinophil
5479,45,48,111,105,seg_neutrophil
5480,54,51,93,99,seg_neutrophil
5481,15,48,123,105,eosinophil
5482,48,51,105,99,seg_neutrophil
5483,42,37,117,126,monocyte
5484,54,49,93,102,seg_neutrophil
5485,64,42,72,117,eosinophil
5486,51,51,99,99,basophil
5487,40,43,120,114,seg_neutrophil
5488,43,37,114,126,eosinophil
5489,46,45,108,111,seg_neutrophil
5490,42,50,117,114,seg_neutrophil
5491,45,45,111,111,eosinophil
5492,39,48,123,105,eosinophil
5493,54,48,93,105,seg_neutrophil
5494,60,43,81,114,seg_neutrophil
5495,49,46,102,108,seg_neutrophil
5496,48,48,105,105,eosinophil
5497,52,40,96,120,eosinophil
5498,54,54,93,93,seg_neutrophil
5499,48,58,105,84,lymphocyte
5500,40,39,120,123,eosinophil
5501,39,36,123,129,eosinophil
5502,33,43,135,114,eosinophil
5503,45,45,111,111,seg_neutrophil
5504,33,33,135,135,eosinophil
5505,49,54,102,93,seg_neutrophil
5506,55,51,90,99,seg_neutrophil
5507,48,42,105,117,eosinophil
5508,49,27,102,147,eosinophil
5509,40,30,120,141,eosinophil
5510,37,46,126,108,eosinophil
5511,49,71,102,96,seg_neutrophil
5512,39,46,123,108,seg_neutrophil
5513,48,48,105,105,seg_neutrophil
5514,37,48,126,105,eosinophil
5515,43,54,114,93,seg_neutrophil
5516,39,40,123,120,eosinophil
5517,37,42,126,117,monocyte
5518,42,42,117,117,eosinophil
5519,54,48,93,105,seg_neutrophil
5520,43,37,114,126,eosinophil
5521,48,45,105,111,seg_neutrophil
5522,48,48,105,105,lymphocyte
5523,3,54,96,93,lymphocyte
5524,42,46,117,108,seg_neutrophil
5525,52,54,96,93,seg_neutrophil
5526,57,21,87,90,lymphocyte
5527,54,46,93,108,lymphocyte
5528,52,50,96,105,lymphocyte
5529,51,54,99,93,myelocyte
5530,48,51,105,99,lymphocyte
5531,55,57,90,87,lymphocyte
5532,51,49,99,102,lymphocyte
5533,39,51,123,99,seg_neutrophil
5534,52,42,96,117,basophil
5535,49,55,102,90,seg_neutrophil
5536,55,45,90,111,lymphocyte
5537,49,54,102,93,lymphocyte
5538,51,49,99,102,seg_neutrophil
5539,54,51,93,99,lymphocyte
5540,55,60,90,81,lymphocyte
5541,46,46,108,108,seg_neutrophil
5542,49,49,102,102,seg_neutrophil
5543,61,66,78,69,lymphocyte
5544,39,42,123,117,seg_neutrophil
5545,45,43,111,114,seg_neutrophil
5546,40,49,120,102,lymphocyte
5547,34,64,132,72,artifact
5548,45,52,111,96,lymphocyte
5549,52,65,96,81,lymphocyte
5550,48,34,105,132,smudge
5551,55,52,90,96,lymphocyte
5552,49,52,102,96,basophil
5553,51,54,99,93,lymphocyte
5554,51,51,99,99,lymphocyte
5555,51,57,99,87,lymphocyte
5556,48,49,105,102,abnormal_lymphocyte
5557,52,71,96,90,lymphocyte
5558,54,57,93,87,lymphocyte
5559,49,51,102,99,seg_neutrophil
5560,52,57,96,87,lymphocyte
5561,49,51,102,99,lymphocyte
5562,48,46,105,108,seg_neutrophil
5563,61,48,78,105,lymphocyte
5564,48,51,105,99,lymphocyte
5565,57,58,87,84,lymphocyte
5566,61,55,78,90,lymphocyte
5567,51,55,99,90,lymphocyte
5568,57,51,87,99,lymphocyte
5569,51,42,99,111,lymphocyte
5570,52,48,96,105,lymphocyte
5571,57,63,87,75,lymphocyte
5572,52,54,96,93,lymphocyte
5573,55,49,90,102,basophil
5574,54,63,93,75,lymphocyte
5575,60,60,81,81,lymphocyte
5576,57,57,87,87,lymphocyte
5577,60,45,81,111,lymphocyte
5578,54,51,93,99,lymphocyte
5579,43,46,114,108,lymphocyte
5580,58,55,84,90,lymphocyte
5581,58,64,84,72,lymphocyte
5582,46,42,108,117,lymphocyte
5583,54,60,93,81,lymphocyte
5584,54,83,93,102,lymphocyte
5585,55,43,90,114,basophil
5586,51,55,99,90,lymphocyte
5587,46,49,108,102,seg_neutrophil
5588,57,46,87,108,seg_neutrophil
5589,46,49,108,102,basophil
5590,48,49,105,102,band_neutrophil
5591,49,48,102,105,lymphocyte
5592,46,54,108,93,lymphocyte
5593,51,55,99,90,abnormal_lymphocyte
5594,43,48,114,105,seg_neutrophil
5595,51,55,99,90,seg_neutrophil
5596,49,60,102,81,lymphocyte
5597,51,55,99,90,lymphocyte
5598,48,54,105,93,lymphocyte
5599,60,52,81,96,seg_neutrophil
5600,55,58,90,84,lymphocyte
5601,51,48,99,105,lymphocyte
5602,57,57,87,87,lymphocyte
5603,52,55,96,90,lymphocyte
5604,51,54,99,93,abnormal_lymphocyte
5605,57,58,87,84,lymphocyte
5606,61,54,78,93,lymphocyte
5607,48,43,105,114,eosinophil
5608,49,46,102,108,seg_neutrophil
5609,49,45,102,111,eosinophil
5610,42,48,117,105,lymphocyte
5611,40,95,120,99,seg_neutrophil
5612,46,43,108,114,basophil
5613,48,37,105,126,eosinophil
5614,45,49,111,102,seg_neutrophil
5615,49,52,102,96,seg_neutrophil
5616,45,49,111,102,seg_neutrophil
5617,39,49,108,102,seg_neutrophil
5618,49,40,102,120,eosinophil
5619,46,40,108,120,seg_neutrophil
5620,49,42,102,117,seg_neutrophil
5621,43,45,114,111,seg_neutrophil
5622,40,33,120,135,eosinophil
5623,48,45,105,111,seg_neutrophil
5624,45,42,111,117,seg_neutrophil
5625,46,58,108,84,seg_neutrophil
5626,51,46,99,108,seg_neutrophil
5627,43,42,114,117,eosinophil
5628,83,58,84,84,lymphocyte
5629,36,43,129,114,eosinophil
5630,42,46,117,108,lymphocyte
5631,49,48,102,105,seg_neutrophil
5632,45,43,111,114,seg_neutrophil
5633,46,45,108,111,eosinophil
5634,43,51,114,99,seg_neutrophil
5635,46,51,108,99,seg_neutrophil
5636,45,51,111,99,seg_neutrophil
5637,45,45,111,111,seg_neutrophil
5638,63,43,75,114,blast
5639,48,52,105,96,seg_neutrophil
5640,61,25,78,150,blast
5641,48,49,105,102,seg_neutrophil
5642,52,48,96,105,seg_neutrophil
5643,43,43,114,114,seg_neutrophil
5644,51,43,99,114,seg_neutrophil
5645,45,45,111,111,eosinophil
5646,66,58,69,84,smudge
5647,60,39,81,123,smudge
5648,45,48,111,105,seg_neutrophil
5649,48,43,105,114,seg_neutrophil
5650,53,43,114,114,seg_neutrophil
5651,39,42,123,117,eosinophil
5652,46,45,108,111,seg_neutrophil
5653,45,40,111,120,seg_neutrophil
5654,52,51,96,99,seg_neutrophil
5655,49,40,102,120,seg_neutrophil
5656,33,46,135,108,eosinophil
5657,45,56,111,102,seg_neutrophil
5658,42,49,117,102,eosinophil
5659,57,58,87,84,lymphocyte
5660,46,54,108,93,seg_neutrophil
5661,67,69,66,63,g_plt
5662,49,55,102,90,seg_neutrophil
5663,46,46,108,108,seg_neutrophil
5664,43,49,114,102,seg_neutrophil
5665,42,52,117,96,seg_neutrophil
5666,54,49,93,102,seg_neutrophil
5667,42,49,117,102,seg_neutrophil
5668,39,55,123,90,seg_neutrophil
5669,49,42,102,117,seg_neutrophil
5670,46,49,108,102,seg_neutrophil
5671,45,40,111,120,monocyte
5672,83,9,111,102,seg_neutrophil
5673,48,42,105,117,seg_neutrophil
5674,46,51,108,99,seg_neutrophil
5675,48,42,105,117,seg_neutrophil
5676,45,51,111,99,eosinophil
5677,43,51,114,99,seg_neutrophil
5678,33,6,135,171,eosinophil
5679,48,40,105,120,seg_neutrophil
5680,43,39,114,123,seg_neutrophil
5681,49,42,102,117,seg_neutrophil
5682,48,51,105,99,seg_neutrophil
5683,52,52,96,96,seg_neutrophil
5684,45,51,111,99,seg_neutrophil
5685,48,49,105,102,seg_neutrophil
5686,61,51,78,99,eosinophil
5687,48,45,105,111,seg_neutrophil
5688,51,45,99,111,seg_neutrophil
5689,47,54,108,93,seg_neutrophil
5690,48,51,105,99,seg_neutrophil
5691,46,46,108,108,seg_neutrophil
5692,46,51,108,99,seg_neutrophil
5693,42,43,117,114,eosinophil
5694,51,24,99,99,lymphocyte
5695,48,55,105,90,seg_neutrophil
5696,61,54,78,93,seg_neutrophil
5697,48,52,105,96,seg_neutrophil
5698,57,45,87,111,lymphocyte
5699,42,37,117,126,eosinophil
5700,43,37,114,126,seg_neutrophil
5701,45,46,111,108,seg_neutrophil
5702,40,42,120,117,eosinophil
5703,45,45,111,111,seg_neutrophil
5704,45,46,111,108,seg_neutrophil
5705,43,45,114,111,eosinophil
5706,55,52,90,96,seg_neutrophil
5707,45,49,111,102,seg_neutrophil
5708,49,62,102,123,seg_neutrophil
5709,45,51,111,99,seg_neutrophil
5710,58,49,84,102,seg_neutrophil
5711,34,45,132,111,seg_neutrophil
5712,39,49,123,102,seg_neutrophil
5713,45,42,111,117,seg_neutrophil
5714,46,42,108,117,seg_neutrophil
5715,46,43,108,114,seg_neutrophil
5716,39,42,123,117,eosinophil
5717,46,52,108,96,seg_neutrophil
5718,43,45,114,111,seg_neutrophil
5719,57,54,87,93,lymphocyte
5720,43,51,114,99,seg_neutrophil
5721,40,49,120,102,seg_neutrophil
5722,43,46,114,108,seg_neutrophil
5723,36,48,129,105,monocyte
5724,33,45,135,111,eosinophil
5725,39,42,123,117,lymphocyte
5726,43,45,114,111,eosinophil
5727,45,46,111,108,seg_neutrophil
5728,31,18,138,165,eosinophil
5729,54,52,93,96,lymphocyte
5730,49,49,102,102,seg_neutrophil
5731,48,49,105,102,basophil
5732,48,44,105,120,seg_neutrophil
5733,62,48,123,105,seg_neutrophil
5734,40,48,120,105,eosinophil
5735,54,48,93,105,seg_neutrophil
5736,55,57,90,87,lymphocyte
5737,52,46,96,108,seg_neutrophil
5738,46,39,108,93,seg_neutrophil
5739,39,51,72,99,lymphocyte
5740,51,46,99,108,seg_neutrophil
5741,40,45,120,111,seg_neutrophil
5742,43,49,114,102,seg_neutrophil
5743,49,57,102,87,seg_neutrophil
5744,52,54,96,93,seg_neutrophil
5745,46,49,108,102,seg_neutrophil
5746,49,49,102,102,seg_neutrophil
5747,42,48,117,105,seg_neutrophil
5748,43,48,114,105,eosinophil
5749,52,54,96,93,seg_neutrophil
5750,48,51,105,99,lymphocyte
5751,46,45,108,111,seg_neutrophil
5752,52,52,96,96,lymphocyte
5753,52,51,96,99,basophil
5754,61,58,78,84,seg_neutrophil
5755,54,45,93,111,seg_neutrophil
5756,48,43,105,114,eosinophil
5757,46,55,108,90,seg_neutrophil
5758,54,57,93,87,lymphocyte
5759,45,42,111,114,seg_neutrophil
5760,45,52,111,96,seg_neutrophil
5761,77,48,111,105,seg_neutrophil
5762,49,52,102,96,seg_neutrophil
5763,49,46,102,108,seg_neutrophil
5764,48,34,105,132,eosinophil
5765,45,51,111,99,seg_neutrophil
5766,48,57,105,87,seg_neutrophil
5767,55,60,90,81,lymphocyte
5768,45,42,111,117,seg_neutrophil
5769,55,49,90,102,lymphocyte
5770,64,51,72,99,smudge
5771,52,58,96,84,smudge
5772,40,45,120,111,eosinophil
5773,55,49,90,102,lymphocyte
5774,58,52,84,96,lymphocyte
5775,52,66,96,69,lymphocyte
5776,45,51,111,99,lymphocyte
5777,45,56,111,105,seg_neutrophil
5778,46,55,108,90,lymphocyte
5779,49,46,102,108,seg_neutrophil
5780,51,52,99,96,basophil
5781,39,45,123,111,smudge
5782,48,48,105,105,seg_neutrophil
5783,58,51,84,99,lymphocyte
5784,40,51,120,99,seg_neutrophil
5785,60,58,81,84,lymphocyte
5786,37,48,126,105,monocyte
5787,30,39,141,123,monocyte
5788,45,74,111,96,smudge
5789,46,48,108,105,seg_neutrophil
5790,48,45,105,111,seg_neutrophil
5791,45,54,111,93,seg_neutrophil
5792,46,58,108,84,seg_neutrophil
5793,51,64,99,72,lymphocyte
5794,49,52,102,96,eosinophil
5795,61,54,78,93,lymphocyte
5796,58,51,84,99,lymphocyte
5797,48,49,105,102,seg_neutrophil
5798,51,51,99,99,seg_neutrophil
5799,27,42,147,117,monocyte
5800,51,46,99,108,smudge
5801,49,43,102,114,lymphocyte
5802,64,46,72,108,eosinophil
5803,57,39,87,99,lymphocyte
5804,54,57,93,87,seg_neutrophil
5805,64,58,72,84,lymphocyte
5806,49,54,102,93,lymphocyte
5807,36,42,129,117,smudge
5808,60,51,81,99,lymphocyte
5809,48,55,105,90,seg_neutrophil
5810,34,36,132,129,monocyte
5811,58,60,84,81,lymphocyte
5812,48,48,105,105,seg_neutrophil
5813,55,54,90,93,lymphocyte
5814,55,49,90,102,lymphocyte
5815,52,49,96,102,lymphocyte
5816,51,67,69,66,lymphocyte
5817,60,54,81,93,eosinophil
5818,46,49,108,102,lymphocyte
5819,57,57,87,87,lymphocyte
5820,61,69,78,63,lymphocyte
5821,45,48,111,105,seg_neutrophil
5822,55,51,90,99,seg_neutrophil
5823,61,60,78,81,lymphocyte
5824,43,54,114,93,monocyte
5825,51,49,99,102,seg_neutrophil
5826,45,49,111,102,seg_neutrophil
5827,55,54,90,93,lymphocyte
5828,49,24,102,108,seg_neutrophil
5829,58,58,84,84,lymphocyte
5830,46,53,108,108,seg_neutrophil
5831,52,49,96,102,lymphocyte
5832,39,51,123,99,eosinophil
5833,55,63,90,75,lymphocyte
5834,52,54,96,93,seg_neutrophil
5835,37,63,126,75,artifact
5836,66,33,69,135,artifact
5837,66,64,69,72,lymphocyte
5838,46,46,108,108,seg_neutrophil
5839,55,60,90,81,seg_neutrophil
5840,49,75,102,51,lymphocyte
5841,49,46,102,108,seg_neutrophil
5842,49,49,102,102,seg_neutrophil
5843,30,33,141,135,smudge
5844,54,51,93,99,lymphocyte
5845,37,9,126,183,smudge
5846,42,49,117,102,seg_neutrophil
5847,49,39,102,123,lymphocyte
5848,31,36,138,129,eosinophil
5849,57,58,87,84,lymphocyte
5850,54,54,93,93,lymphocyte
5851,49,59,102,99,eosinophil
5852,61,52,78,96,lymphocyte
5853,55,55,90,90,seg_neutrophil
5854,57,58,87,84,lymphocyte
5855,49,46,102,108,eosinophil
5856,58,58,84,84,seg_neutrophil
5857,51,54,99,93,lymphocyte
5858,48,52,105,96,seg_neutrophil
5859,52,51,96,99,lymphocyte
5860,54,58,93,84,lymphocyte
5861,12,52,99,96,lymphocyte
5862,55,60,90,81,lymphocyte
5863,58,64,84,72,smudge
5864,54,49,93,102,seg_neutrophil
5865,42,57,117,87,lymphocyte
5866,45,45,111,111,seg_neutrophil
5867,43,55,114,90,smudge
5868,42,48,117,105,seg_neutrophil
5869,57,51,87,99,seg_neutrophil
5870,46,42,108,117,seg_neutrophil
5871,60,54,81,93,lymphocyte
5872,52,54,96,93,lymphocyte
5873,63,64,75,72,smudge
5874,54,54,93,93,seg_neutrophil
5875,52,57,96,87,lymphocyte
5876,64,63,72,75,lymphocyte
5877,49,51,102,99,seg_neutrophil
5878,43,48,114,105,eosinophil
5879,58,51,84,99,lymphocyte
5880,57,49,87,102,seg_neutrophil
5881,48,52,105,96,smudge
5882,54,55,93,90,lymphocyte
5883,52,49,96,102,eosinophil
5884,60,55,81,90,seg_neutrophil
5885,51,54,99,93,seg_neutrophil
5886,60,63,81,75,lymphocyte
5887,61,58,78,84,lymphocyte
5888,58,55,84,90,lymphocyte
5889,54,54,93,93,lymphocyte
5890,46,51,108,99,seg_neutrophil
5891,43,55,114,90,seg_neutrophil
5892,51,46,99,108,seg_neutrophil
5893,49,54,102,93,lymphocyte
5894,52,51,96,99,seg_neutrophil
5895,60,60,81,81,lymphocyte
5896,58,52,84,96,seg_neutrophil
5897,55,67,90,66,eosinophil
5898,54,52,93,96,seg_neutrophil
5899,46,52,108,96,seg_neutrophil
5900,51,43,99,114,seg_neutrophil
5901,60,18,81,93,agg_plt
5902,54,48,93,105,lymphocyte
5903,98,49,93,102,lymphocyte
5904,49,51,102,99,lymphocyte
5905,42,42,117,117,eosinophil
5906,49,54,102,93,seg_neutrophil
5907,36,42,129,117,eosinophil
5908,43,43,114,114,seg_neutrophil
5909,43,48,114,105,seg_neutrophil
5910,43,42,114,117,seg_neutrophil
5911,33,42,87,117,seg_neutrophil
5912,48,36,105,129,eosinophil
5913,46,39,108,123,eosinophil
5914,61,64,78,72,lymphocyte
5915,33,45,135,111,eosinophil
5916,48,54,105,93,seg_neutrophil
5917,37,3,126,126,monocyte
5918,46,46,108,108,seg_neutrophil
5919,48,46,105,108,seg_neutrophil
5920,83,61,99,78,lymphocyte
5921,40,45,120,111,eosinophil
5922,40,45,120,111,seg_neutrophil
5923,28,43,144,114,eosinophil
5924,36,49,129,102,seg_neutrophil
5925,42,48,117,105,eosinophil
5926,42,39,117,123,eosinophil
5927,36,33,129,135,eosinophil
5928,37,42,126,117,eosinophil
5929,34,51,132,99,eosinophil
5930,45,39,111,123,eosinophil
5931,43,40,114,120,eosinophil
5932,51,45,99,105,seg_neutrophil
5933,48,45,105,111,seg_neutrophil
5934,48,42,105,117,eosinophil
5935,45,43,111,114,seg_neutrophil
5936,34,47,132,135,eosinophil
5937,43,48,114,96,eosinophil
5938,24,33,153,135,eosinophil
5939,67,60,66,81,eosinophil
5940,45,52,111,96,seg_neutrophil
5941,45,55,111,90,seg_neutrophil
5942,39,42,123,117,eosinophil
5943,45,39,111,123,eosinophil
5944,39,49,123,102,eosinophil
5945,52,36,96,90,seg_neutrophil
5946,42,45,117,111,eosinophil
5947,49,46,102,108,seg_neutrophil
5948,18,39,165,123,eosinophil
5949,42,45,117,111,seg_neutrophil
5950,39,30,123,141,eosinophil
5951,52,54,96,93,seg_neutrophil
5952,36,27,129,120,eosinophil
5953,24,43,153,114,agg_plt
5954,45,51,111,99,seg_neutrophil
5955,34,46,132,108,eosinophil
5956,40,45,120,111,eosinophil
5957,45,52,111,96,seg_neutrophil
5958,62,52,87,96,lymphocyte
5959,40,49,120,102,seg_neutrophil
5960,39,40,123,120,eosinophil
5961,48,46,105,108,eosinophil
5962,37,45,126,111,monocyte
5963,54,48,93,105,lymphocyte
5964,40,31,120,138,eosinophil
5965,57,58,87,84,lymphocyte
5966,37,48,126,105,eosinophil
5967,46,43,108,114,seg_neutrophil
5968,58,46,84,108,eosinophil
5969,60,54,81,93,lymphocyte
5970,42,42,117,117,eosinophil
5971,52,45,96,111,abnormal_lymphocyte
5972,40,33,120,135,eosinophil
5973,45,95,111,102,seg_neutrophil
5974,55,55,90,90,lymphocyte
5975,48,42,105,117,eosinophil
5976,40,36,120,129,eosinophil
5977,46,52,108,96,seg_neutrophil
5978,39,42,123,117,eosinophil
5979,63,52,75,96,lymphocyte
5980,25,49,150,102,eosinophil
5981,39,49,123,102,eosinophil
5982,51,49,99,102,abnormal_lymphocyte
5983,51,49,99,102,seg_neutrophil
5984,37,48,126,105,seg_neutrophil
5985,42,46,117,108,eosinophil
5986,33,48,108,105,eosinophil
5987,51,36,99,129,seg_neutrophil
5988,72,66,57,69,lymphocyte
5989,43,46,114,108,seg_neutrophil
5990,55,58,90,84,lymphocyte
5991,36,39,129,123,eosinophil
5992,58,54,84,93,lymphocyte
5993,36,43,129,114,eosinophil
5994,40,40,120,120,eosinophil
5995,52,48,96,105,seg_neutrophil
5996,45,39,111,123,eosinophil
5997,43,49,114,102,seg_neutrophil
5998,40,54,120,93,eosinophil
5999,36,46,129,108,eosinophil
6000,51,45,99,111,seg_neutrophil
6001,42,43,117,114,eosinophil
6002,58,56,84,102,seg_neutrophil
6003,54,57,93,87,seg_neutrophil
6004,58,33,84,90,lymphocyte
6005,45,43,111,114,seg_neutrophil
6006,42,59,117,129,eosinophil
6007,46,46,108,108,seg_neutrophil
6008,39,60,81,81,lymphocyte
6009,42,6,117,111,eosinophil
6010,57,58,87,84,lymphocyte
6011,40,45,120,111,eosinophil
6012,42,54,117,93,seg_neutrophil
6013,43,36,114,129,eosinophil
6014,42,40,117,120,eosinophil
6015,46,48,108,105,seg_neutrophil
6016,60,61,81,78,lymphocyte
6017,67,51,66,99,lymphocyte
6018,40,42,120,117,eosinophil
6019,33,43,135,114,eosinophil
6020,40,39,120,123,seg_neutrophil
6021,36,31,129,138,eosinophil
6022,37,40,126,120,monocyte
6023,40,49,120,102,seg_neutrophil
6024,43,68,114,120,eosinophil
6025,45,48,111,105,seg_neutrophil
6026,33,33,135,135,eosinophil
6027,33,30,135,141,eosinophil
6028,48,36,105,129,eosinophil
6029,46,56,108,93,seg_neutrophil
6030,51,57,99,87,lymphocyte
6031,39,49,123,102,seg_neutrophil
6032,42,30,117,141,eosinophil
6033,42,51,117,99,seg_neutrophil
6034,43,52,114,96,seg_neutrophil
6035,42,48,117,105,seg_neutrophil
6036,48,36,105,129,seg_neutrophil
6037,30,34,141,132,eosinophil
6038,48,45,105,111,seg_neutrophil
6039,51,46,99,108,basophil
6040,39,33,123,126,eosinophil
6041,39,45,123,111,eosinophil
6042,42,42,117,117,seg_neutrophil
6043,45,42,111,117,eosinophil
6044,45,49,111,102,seg_neutrophil
6045,40,42,120,117,eosinophil
6046,36,39,129,123,eosinophil
6047,36,48,129,105,eosinophil
6048,37,43,126,114,eosinophil
6049,58,107,84,87,lymphocyte
6050,54,39,93,123,lymphocyte
6051,31,30,138,141,eosinophil
6052,42,49,117,102,eosinophil
6053,40,42,120,117,monocyte
6054,49,36,102,129,eosinophil
6055,34,30,132,141,eosinophil
6056,42,43,108,114,seg_neutrophil
6057,37,45,126,111,eosinophil
6058,33,40,135,120,eosinophil
6059,58,40,84,120,eosinophil
6060,49,46,102,108,seg_neutrophil
6061,12,24,177,153,eosinophil
6062,48,52,105,96,seg_neutrophil
6063,54,49,93,102,basophil
6064,30,31,141,138,eosinophil
6065,45,48,111,105,eosinophil
6066,55,55,90,90,lymphocyte
6067,40,31,120,138,eosinophil
6068,51,51,99,99,seg_neutrophil
6069,65,39,132,123,eosinophil
6070,49,45,102,111,eosinophil
6071,43,45,114,111,eosinophil
6072,39,37,123,126,eosinophil
6073,36,42,129,117,eosinophil
6074,39,53,123,120,eosinophil
6075,37,46,126,108,eosinophil
6076,45,45,111,111,seg_neutrophil
6077,31,34,138,132,eosinophil
6078,46,46,108,108,seg_neutrophil
6079,58,57,84,87,basophil
6080,40,40,120,120,eosinophil
6081,48,46,105,108,seg_neutrophil
6082,43,42,114,117,seg_neutrophil
6083,52,52,96,96,seg_neutrophil
6084,45,42,111,117,eosinophil
6085,46,52,108,96,seg_neutrophil
6086,39,37,123,126,eosinophil
6087,40,42,120,117,eosinophil
6088,45,39,111,123,eosinophil
6089,64,61,72,78,lymphocyte
6090,40,39,120,123,eosinophil
6091,46,39,108,123,eosinophil
6092,63,55,75,90,lymphocyte
6093,45,58,111,84,lymphocyte
6094,40,48,120,105,blast
6095,30,39,141,123,monocyte
6096,51,39,99,123,seg_neutrophil
6097,39,49,123,102,band_neutrophil
6098,46,36,108,117,blast
6099,49,49,102,102,band_neutrophil
6100,52,61,96,78,lymphocyte
6101,46,49,108,102,lymphocyte
6102,51,54,99,93,lymphocyte
6103,42,46,117,108,monocyte
6104,58,58,84,84,lymphocyte
6105,49,61,102,78,lymphocyte
6106,57,58,87,84,lymphocyte
6107,48,52,105,96,lymphocyte
6108,89,58,108,84,lymphocyte
6109,46,57,108,87,lymphocyte
6110,60,59,81,87,lymphocyte
6111,63,63,75,75,lymphocyte
6112,61,61,78,78,lymphocyte
6113,21,51,105,99,seg_neutrophil
6114,52,46,96,108,seg_neutrophil
6115,52,54,96,93,lymphocyte
6116,34,39,132,123,lymphocyte
6117,42,55,117,90,seg_neutrophil
6118,49,58,102,84,lymphocyte
6119,52,55,96,90,seg_neutrophil
6120,6,51,126,99,monocyte
6121,61,57,78,87,lymphocyte
6122,49,55,102,90,seg_neutrophil
6123,51,55,99,90,seg_neutrophil
6124,21,51,114,99,seg_neutrophil
6125,39,52,123,96,seg_neutrophil
6126,48,46,105,108,seg_neutrophil
6127,52,51,96,99,seg_neutrophil
6128,31,36,138,129,monocyte
6129,55,49,90,102,seg_neutrophil
6130,58,51,84,99,seg_neutrophil
6131,57,43,87,114,seg_neutrophil
6132,40,92,120,105,monocyte
6133,34,34,132,132,monocyte
6134,49,27,102,147,artifact
6135,48,45,105,111,seg_neutrophil
6136,45,48,111,105,seg_neutrophil
6137,42,39,117,123,seg_neutrophil
6138,40,40,120,120,monocyte
6139,34,45,132,111,seg_neutrophil
6140,40,49,120,102,seg_neutrophil
6141,31,33,138,135,monocyte
6142,69,67,63,66,g_plt
6143,52,27,96,111,seg_neutrophil
6144,40,42,120,117,seg_neutrophil
6145,15,52,96,96,seg_neutrophil
6146,34,43,132,114,monocyte
6147,54,52,93,96,seg_neutrophil
6148,39,46,123,108,seg_neutrophil
6149,55,49,90,102,seg_neutrophil
6150,49,43,102,114,seg_neutrophil
6151,57,55,87,90,seg_neutrophil
6152,46,45,108,111,seg_neutrophil
6153,52,51,96,99,seg_neutrophil
6154,42,24,117,87,seg_neutrophil
6155,51,54,99,93,seg_neutrophil
6156,34,30,132,141,monocyte
6157,48,54,105,93,seg_neutrophil
6158,34,48,132,105,monocyte
6159,62,46,120,108,seg_neutrophil
6160,80,43,117,114,seg_neutrophil
6161,33,34,135,132,monocyte
6162,46,43,108,114,seg_neutrophil
6163,40,52,120,96,seg_neutrophil
6164,45,48,111,105,seg_neutrophil
6165,34,36,132,129,monocyte
6166,28,37,144,126,monocyte
6167,49,51,102,99,seg_neutrophil
6168,31,42,138,117,monocyte
6169,45,54,111,93,seg_neutrophil
6170,55,52,90,96,seg_neutrophil
6171,54,45,93,111,seg_neutrophil
6172,45,48,111,105,seg_neutrophil
6173,43,3,114,108,seg_neutrophil
6174,51,39,99,123,seg_neutrophil
6175,40,42,120,117,seg_neutrophil
6176,37,43,126,114,monocyte
6177,48,55,105,90,seg_neutrophil
6178,46,37,108,126,seg_neutrophil
6179,46,46,108,108,seg_neutrophil
6180,40,45,120,111,seg_neutrophil
6181,48,51,105,99,lymphocyte
6182,46,52,108,96,seg_neutrophil
6183,39,36,123,129,monocyte
6184,43,48,114,105,monocyte
6185,54,37,93,126,seg_neutrophil
6186,48,48,105,105,seg_neutrophil
6187,45,52,111,96,seg_neutrophil
6188,42,46,117,108,seg_neutrophil
6189,48,42,105,117,seg_neutrophil
6190,45,37,111,126,monocyte
6191,39,37,123,126,monocyte
6192,45,45,111,111,seg_neutrophil
6193,48,51,105,99,seg_neutrophil
6194,95,45,102,111,seg_neutrophil
6195,45,49,102,102,monocyte
6196,43,68,114,120,monocyte
6197,40,46,120,108,monocyte
6198,52,54,96,93,seg_neutrophil
6199,57,58,87,84,seg_neutrophil
6200,39,52,123,96,seg_neutrophil
6201,43,40,114,120,monocyte
6202,49,21,102,102,seg_neutrophil
6203,45,42,111,117,lymphocyte
6204,34,48,132,105,monocyte
6205,57,49,87,102,seg_neutrophil
6206,68,43,105,114,seg_neutrophil
6207,54,52,93,96,seg_neutrophil
6208,43,40,114,120,monocyte
6209,60,43,81,114,monocyte
6210,52,58,96,84,seg_neutrophil
6211,49,49,102,102,monocyte
6212,45,83,111,102,monocyte
6213,66,67,69,66,lymphocyte
6214,49,45,102,111,seg_neutrophil
6215,58,49,84,102,seg_neutrophil
6216,49,52,102,96,seg_neutrophil
6217,55,52,90,96,seg_neutrophil
6218,49,57,102,87,seg_neutrophil
6219,77,46,105,108,seg_neutrophil
6220,18,36,99,129,monocyte
6221,54,43,93,114,monocyte
6222,45,52,111,96,seg_neutrophil
6223,57,46,87,108,seg_neutrophil
6224,46,43,108,114,seg_neutrophil
6225,34,46,132,108,monocyte
6226,54,74,93,90,seg_neutrophil
6227,46,52,108,96,seg_neutrophil
6228,52,51,96,99,seg_neutrophil
6229,27,39,147,123,monocyte
6230,45,28,111,144,monocyte
6231,46,52,108,96,seg_neutrophil
6232,54,51,93,99,seg_neutrophil
6233,51,55,99,90,seg_neutrophil
6234,45,51,111,99,seg_neutrophil
6235,40,46,120,108,seg_neutrophil
6236,48,57,105,87,lymphocyte
6237,52,54,96,93,seg_neutrophil
6238,51,40,99,120,seg_neutrophil
6239,43,39,114,123,eosinophil
6240,45,45,111,111,eosinophil
6241,69,63,63,75,g_plt
6242,52,40,96,120,eosinophil
6243,42,49,117,102,eosinophil
6244,42,45,117,111,eosinophil
6245,48,49,105,102,seg_neutrophil
6246,48,49,105,102,seg_neutrophil
6247,48,43,105,114,seg_neutrophil
6248,48,43,105,114,eosinophil
6249,52,57,96,87,seg_neutrophil
6250,33,40,135,120,eosinophil
6251,45,42,111,117,seg_neutrophil
6252,39,46,123,108,eosinophil
6253,71,42,108,117,eosinophil
6254,52,45,96,111,seg_neutrophil
6255,43,39,114,123,eosinophil
6256,40,52,120,96,monocyte
6257,40,46,120,108,eosinophil
6258,42,37,117,126,eosinophil
6259,48,9,105,114,eosinophil
6260,45,52,111,96,eosinophil
6261,42,45,117,111,seg_neutrophil
6262,48,51,105,99,seg_neutrophil
6263,48,46,105,108,seg_neutrophil
6264,48,49,105,102,band_neutrophil
6265,43,45,114,111,seg_neutrophil
6266,25,36,150,126,eosinophil
6267,46,28,108,144,eosinophil
6268,57,39,87,123,seg_neutrophil
6269,40,47,120,117,monocyte
6270,46,55,108,90,seg_neutrophil
6271,57,48,87,105,eosinophil
6272,58,27,84,96,seg_neutrophil
6273,54,60,93,81,seg_neutrophil
6274,45,43,111,114,eosinophil
6275,48,40,105,120,eosinophil
6276,43,48,114,105,eosinophil
6277,46,80,108,108,monocyte
6278,46,58,108,84,smudge
6279,27,49,111,102,eosinophil
6280,36,39,129,111,eosinophil
6281,48,40,105,120,seg_neutrophil
6282,49,37,102,126,eosinophil
6283,43,45,114,111,seg_neutrophil
6284,57,55,87,90,lymphocyte
6285,40,49,120,102,eosinophil
6286,40,54,120,93,eosinophil
6287,51,40,99,120,seg_neutrophil
6288,37,43,126,114,seg_neutrophil
6289,40,57,120,87,eosinophil
6290,9,34,93,132,eosinophil
6291,60,34,81,132,seg_neutrophil
6292,30,46,141,108,seg_neutrophil
6293,46,46,108,108,seg_neutrophil
6294,39,48,123,105,eosinophil
6295,42,80,117,114,seg_neutrophil
6296,48,42,105,117,eosinophil
6297,54,45,93,111,seg_neutrophil
6298,40,48,120,105,eosinophil
6299,39,39,123,123,eosinophil
6300,40,49,120,102,eosinophil
6301,36,45,129,111,eosinophil
6302,52,65,96,111,seg_neutrophil
6303,48,48,105,105,eosinophil
6304,43,40,114,120,eosinophil
6305,54,52,93,96,lymphocyte
6306,45,42,111,117,eosinophil
6307,48,12,105,117,seg_neutrophil
6308,46,45,108,111,eosinophil
6309,40,12,120,114,eosinophil
6310,49,54,102,93,smudge
6311,42,43,117,114,seg_neutrophil
6312,54,45,93,111,eosinophil
6313,46,42,108,117,seg_neutrophil
6314,72,72,57,57,g_plt
6315,40,48,120,105,eosinophil
6316,46,60,108,81,seg_neutrophil
6317,43,61,114,78,seg_neutrophil
6318,46,49,108,102,seg_neutrophil
6319,48,63,105,75,seg_neutrophil
6320,42,49,117,102,eosinophil
6321,30,55,141,90,eosinophil
6322,34,51,132,99,eosinophil
6323,46,49,108,102,seg_neutrophil
6324,9,42,123,117,eosinophil
6325,45,37,111,126,eosinophil
6326,43,49,114,102,eosinophil
6327,45,45,111,111,eosinophil
6328,45,42,108,117,eosinophil
6329,52,37,96,126,eosinophil
6330,54,49,93,102,seg_neutrophil
6331,37,39,126,123,band_neutrophil
6332,55,45,90,111,eosinophil
6333,58,61,84,78,seg_neutrophil
6334,46,48,108,105,seg_neutrophil
6335,30,59,141,120,monocyte
6336,45,45,111,111,seg_neutrophil
6337,48,52,105,96,seg_neutrophil
6338,48,40,105,120,eosinophil
6339,42,49,117,102,seg_neutrophil
6340,46,57,108,87,lymphocyte
6341,45,33,111,135,eosinophil
6342,39,40,123,120,seg_neutrophil
6343,46,49,108,102,seg_neutrophil
6344,40,48,120,105,seg_neutrophil
6345,55,42,90,117,seg_neutrophil
6346,37,36,126,129,monocyte
6347,54,51,93,99,seg_neutrophil
6348,39,43,123,114,monocyte
6349,39,43,123,114,eosinophil
6350,48,51,105,99,seg_neutrophil
6351,51,45,99,111,seg_neutrophil
6352,49,54,102,93,eosinophil
6353,51,51,99,99,seg_neutrophil
6354,46,45,108,111,seg_neutrophil
6355,45,55,111,90,eosinophil
6356,57,57,87,87,seg_neutrophil
6357,42,61,117,78,eosinophil
6358,46,54,108,93,seg_neutrophil
6359,51,61,99,78,eosinophil
6360,52,51,96,99,seg_neutrophil
6361,43,39,114,123,eosinophil
6362,48,43,105,114,eosinophil
6363,48,48,105,105,seg_neutrophil
6364,48,53,105,114,eosinophil
6365,43,45,114,111,seg_neutrophil
6366,40,51,120,99,eosinophil
6367,45,48,111,105,eosinophil
6368,62,42,102,117,seg_neutrophil
6369,48,51,105,99,seg_neutrophil
6370,34,42,132,117,eosinophil
6371,58,64,84,72,lymphocyte
6372,45,42,111,117,eosinophil
6373,49,43,102,114,eosinophil
6374,42,54,117,93,eosinophil
6375,43,49,114,102,eosinophil
6376,43,40,114,120,eosinophil
6377,61,61,78,78,smudge
6378,61,63,78,75,seg_neutrophil
6379,39,46,123,108,eosinophil
6380,43,48,114,105,monocyte
6381,63,61,75,78,n_rbc
6382,49,9,102,102,seg_neutrophil
6383,45,49,111,102,seg_neutrophil
6384,66,131,69,63,n_rbc
6385,47,51,114,99,seg_neutrophil
6386,64,63,72,75,lymphocyte
6387,58,61,84,78,n_rbc
6388,51,49,99,102,seg_neutrophil
6389,45,45,111,111,metamyelocyte
6390,61,58,78,84,lymphocyte
6391,55,48,90,105,lymphocyte
6392,60,58,81,84,lymphocyte
6393,55,60,90,81,lymphocyte
6394,83,54,111,93,metamyelocyte
6395,58,57,84,87,n_rbc
6396,63,58,75,84,n_rbc
6397,49,52,102,96,lymphocyte
6398,40,37,120,126,blast
6399,57,54,87,93,lymphocyte
6400,36,45,129,111,eosinophil
6401,64,63,72,75,n_rbc
6402,46,48,108,105,band_neutrophil
6403,51,51,99,99,lymphocyte
6404,49,51,102,99,seg_neutrophil
6405,63,64,75,72,n_rbc
6406,43,49,114,102,seg_neutrophil
6407,61,64,78,72,n_rbc
6408,48,52,105,96,seg_neutrophil
6409,60,64,81,72,n_rbc
6410,36,42,129,117,blast
6411,73,72,54,57,g_plt
6412,46,40,108,120,blast
6413,39,48,123,105,seg_neutrophil
6414,37,52,126,96,seg_neutrophil
6415,40,49,120,102,blast
6416,64,64,72,72,n_rbc
6417,46,52,108,96,seg_neutrophil
6418,67,60,66,81,g_plt
6419,45,51,111,99,seg_neutrophil
6420,45,52,111,96,seg_neutrophil
6421,66,72,69,57,n_rbc
6422,42,89,117,90,band_neutrophil
6423,61,48,78,105,lymphocyte
6424,45,68,111,126,seg_neutrophil
6425,43,49,114,102,seg_neutrophil
6426,58,57,84,87,n_rbc
6427,49,48,102,105,lymphocyte
6428,61,15,78,78,n_rbc
6429,57,54,87,93,lymphocyte
6430,60,63,81,75,n_rbc
6431,64,63,72,75,n_rbc
6432,51,55,99,90,band_neutrophil
6433,49,46,102,108,seg_neutrophil
6434,64,60,72,81,n_rbc
6435,55,54,90,93,n_rbc
6436,39,46,123,108,seg_neutrophil
6437,66,63,69,75,n_rbc
6438,55,54,90,93,lymphocyte
6439,51,30,99,93,n_rbc
6440,55,48,90,105,lymphocyte
6441,46,30,108,141,eosinophil
6442,46,60,108,81,smudge
6443,63,66,75,69,n_rbc
6444,49,39,102,108,metamyelocyte
6445,55,57,90,87,n_rbc
6446,44,45,114,111,seg_neutrophil
6447,43,45,114,111,basophil
6448,48,45,105,111,seg_neutrophil
6449,46,48,108,105,seg_neutrophil
6450,63,61,75,78,n_rbc
6451,63,54,75,93,n_rbc
6452,57,54,87,93,n_rbc
6453,54,52,93,96,lymphocyte
6454,43,54,114,93,lymphocyte
6455,54,55,93,90,n_rbc
6456,48,39,105,123,seg_neutrophil
6457,58,55,84,90,lymphocyte
6458,61,55,78,90,n_rbc
6459,54,57,93,87,n_rbc
6460,48,45,105,111,seg_neutrophil
6461,51,48,99,105,seg_neutrophil
6462,61,52,78,96,lymphocyte
6463,45,62,111,99,band_neutrophil
6464,46,37,108,126,myelocyte
6465,58,61,84,78,n_rbc
6466,57,54,87,93,lymphocyte
6467,45,60,111,81,lymphocyte
6468,39,64,72,72,n_rbc
6469,43,45,114,111,basophil
6470,45,48,111,105,lymphocyte
6471,39,43,123,114,myelocyte
6472,48,55,105,90,lymphocyte
6473,39,40,123,120,seg_neutrophil
6474,31,37,138,126,myelocyte
6475,45,49,111,102,seg_neutrophil
6476,63,83,75,75,n_rbc
6477,45,45,111,111,seg_neutrophil
6478,61,58,78,84,lymphocyte
6479,67,66,66,69,n_rbc
6480,34,36,132,129,monocyte
6481,40,44,120,120,n_rbc
6482,40,48,120,105,blast
6483,61,61,78,78,n_rbc
6484,33,43,135,114,monocyte
6485,51,57,99,87,lymphocyte
6486,48,52,105,96,lymphocyte
6487,46,46,108,108,seg_neutrophil
6488,60,60,81,81,n_rbc
6489,48,43,105,114,band_neutrophil
6490,55,57,90,87,n_rbc
6491,60,60,81,81,lymphocyte
6492,49,52,102,96,seg_neutrophil
6493,45,55,111,90,band_neutrophil
6494,54,54,93,93,lymphocyte
6495,49,51,102,99,seg_neutrophil
6496,59,52,108,96,lymphocyte
6497,43,46,114,108,blast
6498,54,49,93,102,lymphocyte
6499,46,45,108,105,basophil
6500,67,70,66,60,n_rbc
6501,54,58,93,84,lymphocyte
6502,64,57,72,87,n_rbc
6503,61,58,78,84,n_rbc
6504,52,45,96,111,lymphocyte
6505,54,60,93,81,g_plt
6506,42,48,117,105,seg_neutrophil
6507,51,42,99,117,metamyelocyte
6508,40,54,120,93,blast
6509,49,48,102,105,lymphocyte
6510,46,33,108,114,seg_neutrophil
6511,69,67,63,66,n_rbc
6512,49,54,102,93,lymphocyte
6513,40,37,120,126,monocyte
6514,92,42,105,117,seg_neutrophil
6515,54,51,93,99,lymphocyte
6516,46,52,108,96,seg_neutrophil
6517,46,46,108,108,basophil
6518,30,37,141,126,myelocyte
6519,66,64,69,72,g_plt
6520,43,43,114,114,seg_neutrophil
6521,52,58,96,84,n_rbc
6522,57,60,87,81,lymphocyte
6523,58,60,84,81,lymphocyte
6524,58,49,84,102,lymphocyte
6525,52,49,96,102,band_neutrophil
6526,58,63,84,75,lymphocyte
6527,52,39,96,93,myelocyte
6528,46,21,108,108,eosinophil
6529,49,49,102,102,band_neutrophil
6530,63,64,75,72,g_plt
6531,43,42,114,117,seg_neutrophil
6532,75,66,51,69,agg_plt
6533,51,49,99,102,lymphocyte
6534,52,57,96,87,band_neutrophil
6535,67,66,66,69,n_rbc
6536,69,60,63,81,n_rbc
6537,60,63,81,75,n_rbc
6538,45,48,111,105,immature_wbc
6539,57,52,87,96,lymphocyte
6540,49,43,102,114,seg_neutrophil
6541,64,61,72,78,n_rbc
6542,67,18,66,75,n_rbc
6543,48,45,105,111,lymphocyte
6544,55,52,90,96,lymphocyte
6545,63,58,75,84,n_rbc
6546,51,30,99,93,lymphocyte
6547,54,64,93,72,n_rbc
6548,66,57,69,87,n_rbc
6549,42,42,117,117,seg_neutrophil
6550,40,51,120,99,seg_neutrophil
6551,43,49,114,102,myelocyte
6552,67,66,66,69,n_rbc
6553,58,58,84,84,lymphocyte
6554,51,22,99,156,smudge
6555,46,45,108,111,eosinophil
6556,60,61,81,78,smudge
6557,58,57,84,87,lymphocyte
6558,60,55,81,90,lymphocyte
6559,30,43,108,114,eosinophil
6560,51,57,99,87,lymphocyte
6561,45,51,111,99,seg_neutrophil
6562,55,61,90,78,lymphocyte
6563,55,51,90,99,lymphocyte
6564,43,22,114,156,monocyte
6565,51,54,99,93,lymphocyte
6566,58,61,84,78,lymphocyte
6567,64,48,72,105,lymphocyte
6568,51,95,99,102,seg_neutrophil
6569,3,55,111,90,seg_neutrophil
6570,52,43,96,114,seg_neutrophil
6571,63,48,75,105,lymphocyte
6572,25,60,150,81,artifact
6573,39,37,123,126,smudge
6574,52,61,96,78,lymphocyte
6575,42,54,105,93,lymphocyte
6576,54,54,93,93,lymphocyte
6577,57,55,87,90,eosinophil
6578,49,83,102,105,basophil
6579,42,31,117,138,monocyte
6580,37,27,126,147,smudge
6581,52,75,96,51,smudge
6582,58,54,84,93,lymphocyte
6583,57,52,87,96,lymphocyte
6584,61,57,78,87,lymphocyte
6585,49,42,102,117,seg_neutrophil
6586,60,58,81,84,lymphocyte
6587,54,58,93,84,lymphocyte
6588,40,19,120,162,eosinophil
6589,67,54,66,93,lymphocyte
6590,49,57,102,87,lymphocyte
6591,54,54,93,93,lymphocyte
6592,43,51,114,99,seg_neutrophil
6593,46,49,108,102,eosinophil
6594,58,52,84,96,lymphocyte
6595,61,67,78,66,artifact
6596,42,22,117,156,artifact
6597,63,70,75,60,artifact
6598,43,48,114,105,artifact
6599,55,7,90,186,artifact
6600,43,52,114,96,lymphocyte
6601,49,55,102,90,lymphocyte
6602,45,101,111,96,seg_neutrophil
6603,54,55,93,90,lymphocyte
6604,54,52,93,96,lymphocyte
6605,60,43,81,114,lymphocyte
6606,30,27,141,147,monocyte
6607,52,52,96,96,seg_neutrophil
6608,51,51,99,99,abnormal_lymphocyte
6609,43,56,114,90,seg_neutrophil
6610,42,48,117,105,seg_neutrophil
6611,45,45,111,102,seg_neutrophil
6612,61,45,78,111,lymphocyte
6613,61,57,78,87,lymphocyte
6614,54,42,93,117,lymphocyte
6615,64,67,72,66,lymphocyte
6616,46,48,108,105,eosinophil
6617,69,69,63,63,artifact
6618,51,51,99,99,seg_neutrophil
6619,46,51,108,99,lymphocyte
6620,48,48,105,105,lymphocyte
6621,57,54,87,93,lymphocyte
6622,51,54,99,93,lymphocyte
6623,54,52,93,96,lymphocyte
6624,63,24,75,153,artifact
6625,51,54,99,93,lymphocyte
6626,49,51,102,99,abnormal_lymphocyte
6627,57,61,87,78,lymphocyte
6628,42,48,117,105,seg_neutrophil
6629,60,42,81,117,lymphocyte
6630,61,52,78,96,lymphocyte
6631,52,48,96,105,lymphocyte
6632,52,49,96,102,lymphocyte
6633,42,49,117,102,seg_neutrophil
6634,48,42,105,117,seg_neutrophil
6635,51,63,99,75,lymphocyte
6636,52,40,96,120,seg_neutrophil
6637,58,52,84,96,artifact
6638,37,36,126,129,artifact
6639,57,55,87,90,lymphocyte
6640,48,45,105,111,eosinophil
6641,57,46,87,108,smudge
6642,45,48,111,105,seg_neutrophil
6643,49,57,102,87,lymphocyte
6644,58,51,84,99,lymphocyte
6645,52,57,96,87,lymphocyte
6646,45,59,84,93,lymphocyte
6647,49,51,102,99,seg_neutrophil
6648,46,43,108,114,abnormal_lymphocyte
6649,54,58,93,84,smudge
6650,51,51,99,99,seg_neutrophil
6651,49,48,102,105,seg_neutrophil
6652,43,48,114,105,seg_neutrophil
6653,39,28,123,144,monocyte
6654,64,60,72,81,lymphocyte
6655,69,70,63,60,smudge
6656,52,54,96,93,lymphocyte
6657,57,57,87,87,lymphocyte
6658,54,54,93,93,lymphocyte
6659,58,48,84,105,lymphocyte
6660,46,54,108,93,lymphocyte
6661,45,42,111,117,eosinophil
6662,52,46,96,108,seg_neutrophil
6663,54,25,93,150,eosinophil
6664,55,52,90,96,lymphocyte
6665,43,48,114,105,seg_neutrophil
6666,49,45,102,111,lymphocyte
6667,54,54,93,93,lymphocyte
6668,61,64,78,72,lymphocyte
6669,46,52,108,96,lymphocyte
6670,30,39,141,123,smudge
6671,54,45,93,111,lymphocyte
6672,3,28,105,144,artifact
6673,42,64,84,72,artifact
6674,54,54,93,93,lymphocyte
6675,52,52,96,96,lymphocyte
6676,52,55,96,90,lymphocyte
6677,58,48,84,105,lymphocyte
6678,45,30,111,96,seg_neutrophil
6679,52,48,96,105,seg_neutrophil
6680,55,52,90,96,lymphocyte
6681,54,52,93,96,lymphocyte
6682,58,18,84,99,lymphocyte
6683,54,55,93,90,lymphocyte
6684,57,54,87,93,lymphocyte
6685,57,52,87,96,lymphocyte
6686,54,49,93,102,lymphocyte
6687,55,60,90,81,lymphocyte
6688,57,52,87,96,lymphocyte
6689,55,46,90,108,lymphocyte
6690,43,48,114,105,lymphocyte
6691,57,51,87,99,lymphocyte
6692,54,58,93,84,lymphocyte
6693,51,51,99,99,lymphocyte
6694,42,51,117,99,seg_neutrophil
6695,51,49,99,102,seg_neutrophil
6696,42,46,117,108,monocyte
6697,46,51,108,99,seg_neutrophil
6698,51,54,99,93,lymphocyte
6699,48,28,105,144,smudge
6700,58,51,84,99,lymphocyte
6701,52,57,96,87,lymphocyte
6702,51,48,99,105,seg_neutrophil
6703,52,51,96,96,lymphocyte
6704,51,52,99,96,lymphocyte
6705,54,48,93,105,lymphocyte
6706,43,36,114,129,artifact
6707,46,40,108,120,seg_neutrophil
6708,55,52,90,96,lymphocyte
6709,48,51,105,99,lymphocyte
6710,49,49,102,102,lymphocyte
6711,55,55,90,90,lymphocyte
6712,48,49,105,102,seg_neutrophil
6713,54,40,93,120,artifact
6714,51,25,99,150,artifact
6715,57,52,87,96,lymphocyte
6716,52,55,96,90,lymphocyte
6717,55,57,90,87,lymphocyte
6718,51,46,99,108,seg_neutrophil
6719,55,52,90,96,lymphocyte
6720,51,52,99,96,lymphocyte
6721,43,48,114,105,basophil
6722,57,51,87,99,lymphocyte
6723,48,48,105,105,lymphocyte
6724,54,55,93,90,lymphocyte
6725,52,59,96,99,seg_neutrophil
6726,54,57,93,87,lymphocyte
6727,54,42,93,117,seg_neutrophil
6728,49,54,102,93,lymphocyte
6729,51,52,99,96,lymphocyte
6730,45,51,105,99,lymphocyte
6731,54,52,93,96,lymphocyte
6732,46,46,108,108,basophil
6733,57,54,87,93,lymphocyte
6734,61,48,78,105,lymphocyte
6735,52,54,96,93,lymphocyte
6736,49,49,102,102,seg_neutrophil
6737,48,42,105,117,monocyte
6738,57,51,87,99,lymphocyte
6739,48,49,105,102,seg_neutrophil
6740,54,55,93,90,lymphocyte
6741,49,49,102,102,lymphocyte
6742,52,46,96,108,lymphocyte
6743,53,65,96,96,lymphocyte
6744,52,52,96,96,lymphocyte
6745,57,49,87,102,lymphocyte
6746,49,49,102,102,band_neutrophil
6747,42,43,117,114,eosinophil
6748,58,51,84,99,lymphocyte
6749,60,60,81,81,lymphocyte
6750,63,63,75,75,g_plt
6751,60,58,81,84,lymphocyte
6752,30,40,141,120,metamyelocyte
6753,61,61,78,78,lymphocyte
6754,55,51,90,99,lymphocyte
6755,46,51,108,99,seg_neutrophil
6756,63,46,75,108,myelocyte
6757,70,52,60,96,lymphocyte
6758,12,37,108,126,myelocyte
6759,52,60,96,81,immature_wbc
6760,64,66,72,69,lymphocyte
6761,55,66,90,69,lymphocyte
6762,58,33,84,78,lymphocyte
6763,52,55,96,90,lymphocyte
6764,64,63,72,75,lymphocyte
6765,54,71,78,72,lymphocyte
6766,66,69,69,63,lymphocyte
6767,107,54,84,93,lymphocyte
6768,61,60,78,81,lymphocyte
6769,55,58,90,84,lymphocyte
6770,45,60,111,81,lymphocyte
6771,57,58,87,84,lymphocyte
6772,45,39,111,123,seg_neutrophil
6773,51,48,99,105,lymphocyte
6774,45,51,111,99,seg_neutrophil
6775,54,63,93,75,lymphocyte
6776,63,67,75,66,lymphocyte
6777,39,48,123,105,myelocyte
6778,43,36,114,129,monocyte
6779,49,46,102,108,band_neutrophil
6780,60,54,81,93,lymphocyte
6781,27,66,96,69,lymphocyte
6782,43,54,114,93,metamyelocyte
6783,40,46,120,108,seg_neutrophil
6784,51,51,99,99,band_neutrophil
6785,58,77,84,78,lymphocyte
6786,60,70,81,60,lymphocyte
6787,66,63,69,75,lymphocyte
6788,60,52,81,96,lymphocyte
6789,57,52,87,96,myelocyte
6790,46,40,108,120,seg_neutrophil
6791,61,67,78,66,lymphocyte
6792,52,55,96,90,lymphocyte
6793,48,45,105,111,seg_neutrophil
6794,63,42,75,93,smudge
6795,43,57,114,87,myelocyte
6796,64,62,72,81,lymphocyte
6797,45,48,111,105,band_neutrophil
6798,40,42,120,117,myelocyte
6799,64,52,72,96,lymphocyte
6800,36,25,129,150,smudge
6801,55,58,90,84,lymphocyte
6802,49,43,102,114,lymphocyte
6803,63,60,75,81,lymphocyte
6804,60,57,81,87,lymphocyte
6805,52,58,96,84,lymphocyte
6806,51,34,99,132,metamyelocyte
6807,46,45,108,111,lymphocyte
6808,49,60,102,81,lymphocyte
6809,57,64,87,72,lymphocyte
6810,64,64,72,72,lymphocyte
6811,66,67,69,66,lymphocyte
6812,37,12,126,129,myelocyte
6813,52,52,96,96,seg_neutrophil
6814,33,48,135,105,myelocyte
6815,69,46,63,108,lymphocyte
6816,49,51,102,99,seg_neutrophil
6817,60,67,81,66,lymphocyte
6818,40,45,120,111,lymphocyte
6819,27,22,147,156,smudge
6820,61,66,78,69,lymphocyte
6821,45,54,111,93,monocyte
6822,51,58,99,84,lymphocyte
6823,46,40,108,120,seg_neutrophil
6824,40,48,120,105,myelocyte
6825,55,52,90,96,smudge
6826,55,64,90,72,lymphocyte
6827,60,54,81,93,lymphocyte
6828,64,57,72,87,lymphocyte
6829,51,64,99,72,metamyelocyte
6830,66,60,69,81,lymphocyte
6831,61,110,78,84,lymphocyte
6832,55,48,90,105,blast
6833,43,34,114,132,myelocyte
6834,61,66,78,69,lymphocyte
6835,63,63,75,75,lymphocyte
6836,60,116,81,75,lymphocyte
6837,52,33,96,96,lymphocyte
6838,54,58,93,84,lymphocyte
6839,43,42,114,117,seg_neutrophil
6840,55,55,90,90,lymphocyte
6841,45,45,111,111,myelocyte
6842,66,63,69,75,lymphocyte
6843,30,47,105,111,myelocyte
6844,48,42,105,117,band_neutrophil
6845,57,48,87,105,lymphocyte
6846,80,48,75,105,lymphocyte
6847,64,55,72,90,lymphocyte
6848,57,57,87,87,lymphocyte
6849,64,58,72,84,lymphocyte
6850,55,54,90,75,lymphocyte
6851,40,40,120,120,seg_neutrophil
6852,43,54,114,93,seg_neutrophil
6853,49,52,102,96,seg_neutrophil
6854,48,45,105,111,seg_neutrophil
6855,0,80,201,90,smudge
6856,46,46,108,108,seg_neutrophil
6857,42,51,117,99,myelocyte
6858,64,63,72,75,lymphocyte
6859,58,73,84,54,lymphocyte
6860,40,45,120,111,seg_neutrophil
6861,61,21,78,60,lymphocyte
6862,58,68,84,90,lymphocyte
6863,43,48,114,105,seg_neutrophil
6864,55,63,90,75,lymphocyte
6865,61,64,78,72,lymphocyte
6866,46,67,108,66,lymphocyte
6867,57,58,87,84,lymphocyte
6868,49,46,102,108,lymphocyte
6869,43,45,114,111,band_neutrophil
6870,58,58,84,84,lymphocyte
6871,57,58,87,84,lymphocyte
6872,42,43,117,114,monocyte
6873,45,43,111,114,seg_neutrophil
6874,40,39,120,123,myelocyte
6875,51,45,99,111,metamyelocyte
6876,45,46,111,108,monocyte
6877,49,37,102,126,seg_neutrophil
6878,40,48,120,105,monocyte
6879,30,43,141,114,seg_neutrophil
6880,46,42,108,117,seg_neutrophil
6881,39,46,123,108,monocyte
6882,46,48,108,105,myelocyte
6883,40,42,120,117,band_neutrophil
6884,51,45,99,111,seg_neutrophil
6885,34,45,132,111,myelocyte
6886,45,65,111,111,seg_neutrophil
6887,36,52,129,96,band_neutrophil
6888,45,51,111,99,blast
6889,90,90,20,20,blast
6890,40,48,120,105,seg_neutrophil
6891,45,52,111,96,seg_neutrophil
6892,37,42,126,117,metamyelocyte
6893,48,45,105,111,seg_neutrophil
6894,43,40,114,120,seg_neutrophil
6895,36,39,129,123,seg_neutrophil
6896,48,45,105,111,seg_neutrophil
6897,48,55,105,90,myelocyte
6898,39,49,123,102,band_neutrophil
6899,45,43,111,114,band_neutrophil
6900,51,51,99,99,band_neutrophil
6901,48,49,105,102,metamyelocyte
6902,49,43,102,114,band_neutrophil
6903,40,46,120,108,monocyte
6904,51,42,99,117,metamyelocyte
6905,46,43,108,114,seg_neutrophil
6906,45,46,111,108,seg_neutrophil
6907,48,43,105,114,band_neutrophil
6908,43,36,114,129,myelocyte
6909,48,45,105,111,myelocyte
6910,42,51,117,99,band_neutrophil
6911,67,69,66,63,n_rbc
6912,45,49,111,102,myelocyte
6913,66,73,69,54,artifact
6914,57,45,87,111,artifact
6915,46,40,108,120,monocyte
6916,51,48,99,105,band_neutrophil
6917,40,48,120,105,band_neutrophil
6918,51,40,99,120,metamyelocyte
6919,37,52,126,96,band_neutrophil
6920,45,54,111,93,seg_neutrophil
6921,15,45,111,111,seg_neutrophil
6922,48,54,105,93,band_neutrophil
6923,89,43,99,114,seg_neutrophil
6924,31,39,138,123,myelocyte
6925,36,43,129,114,monocyte
6926,37,30,126,141,myelocyte
6927,46,49,108,102,seg_neutrophil
6928,43,45,114,111,seg_neutrophil
6929,80,45,114,111,lymphocyte
6930,43,51,114,99,seg_neutrophil
6931,45,43,111,114,band_neutrophil
6932,42,45,117,111,band_neutrophil
6933,37,54,126,93,seg_neutrophil
6934,37,40,126,120,band_neutrophil
6935,45,54,90,93,smudge
6936,48,42,105,117,band_neutrophil
6937,64,61,72,78,lymphocyte
6938,37,48,126,105,seg_neutrophil
6939,37,48,126,105,blast
6940,54,45,93,111,band_neutrophil
6941,46,37,108,126,myelocyte
6942,39,42,123,117,monocyte
6943,37,42,126,117,monocyte
6944,45,43,111,114,metamyelocyte
6945,63,60,75,81,n_rbc
6946,61,55,78,90,lymphocyte
6947,43,48,114,105,myelocyte
6948,60,60,81,81,lymphocyte
6949,42,40,117,120,metamyelocyte
6950,45,40,111,120,seg_neutrophil
6951,49,49,102,102,seg_neutrophil
6952,49,49,102,102,myelocyte
6953,48,46,105,108,band_neutrophil
6954,33,42,135,117,monocyte
6955,31,33,138,135,myelocyte
6956,57,55,87,90,blast
6957,51,43,99,114,seg_neutrophil
6958,46,40,108,120,band_neutrophil
6959,43,31,114,138,myelocyte
6960,36,56,129,108,myelocyte
6961,51,54,99,93,lymphocyte
6962,45,51,111,99,band_neutrophil
6963,42,33,117,135,metamyelocyte
6964,52,48,96,105,band_neutrophil
6965,40,49,120,102,band_neutrophil
6966,37,42,126,117,seg_neutrophil
6967,61,64,78,72,blast
6968,37,49,126,102,monocyte
6969,43,40,114,120,monocyte
6970,46,43,108,114,band_neutrophil
6971,43,45,114,111,monocyte
6972,34,48,132,105,band_neutrophil
6973,39,45,108,111,myelocyte
6974,36,48,129,105,band_neutrophil
6975,42,45,117,111,band_neutrophil
6976,43,36,114,102,band_neutrophil
6977,43,46,114,108,band_neutrophil
6978,43,43,114,114,band_neutrophil
6979,39,34,123,132,seg_neutrophil
6980,60,61,81,78,lymphocyte
6981,43,54,114,93,seg_neutrophil
6982,46,51,108,99,seg_neutrophil
6983,67,67,66,66,n_rbc
6984,37,54,126,93,band_neutrophil
6985,43,55,114,90,band_neutrophil
6986,44,45,117,111,band_neutrophil
6987,48,48,105,105,myelocyte
6988,34,54,132,93,seg_neutrophil
6989,51,51,99,99,seg_neutrophil
6990,39,52,123,96,seg_neutrophil
6991,43,45,114,111,myelocyte
6992,43,36,114,129,band_neutrophil
6993,28,37,144,126,myelocyte
6994,46,37,108,126,blast
6995,48,46,105,108,band_neutrophil
6996,45,49,111,102,band_neutrophil
6997,48,52,105,96,band_neutrophil
6998,37,42,126,117,myelocyte
6999,54,43,93,114,smudge
7000,45,37,111,126,metamyelocyte
7001,42,39,117,123,band_neutrophil
7002,42,49,117,102,band_neutrophil
7003,69,64,63,72,n_rbc
7004,55,49,90,102,seg_neutrophil
7005,43,51,114,99,myelocyte
7006,48,36,105,129,metamyelocyte
7007,54,45,93,111,lymphocyte
7008,40,48,120,105,band_neutrophil
7009,63,64,75,72,n_rbc
7010,55,48,90,105,seg_neutrophil
7011,34,37,132,126,myelocyte
7012,39,40,123,120,seg_neutrophil
7013,45,36,111,120,band_neutrophil
7014,57,55,87,90,lymphocyte
7015,49,52,102,96,band_neutrophil
7016,28,37,144,126,smudge
7017,48,52,105,96,myelocyte
7018,37,48,126,105,band_neutrophil
7019,46,33,108,135,band_neutrophil
7020,54,54,93,93,lymphocyte
7021,48,45,105,111,band_neutrophil
7022,46,45,108,111,seg_neutrophil
7023,40,31,120,138,monocyte
7024,40,65,120,123,seg_neutrophil
7025,40,42,120,117,band_neutrophil
7026,48,55,105,90,seg_neutrophil
7027,43,40,114,120,monocyte
7028,45,39,111,123,band_neutrophil
7029,42,46,117,108,seg_neutrophil
7030,49,48,102,105,seg_neutrophil
7031,42,36,117,129,seg_neutrophil
7032,46,37,108,126,blast
7033,64,64,72,72,n_rbc
7034,43,37,114,126,monocyte
7035,39,48,123,105,seg_neutrophil
7036,43,45,114,111,monocyte
7037,46,42,108,117,band_neutrophil
7038,37,48,126,105,seg_neutrophil
7039,42,48,117,105,seg_neutrophil
7040,46,49,108,102,seg_neutrophil
7041,43,34,114,132,monocyte
7042,51,40,99,120,band_neutrophil
7043,36,12,129,93,seg_neutrophil
7044,52,59,96,96,myelocyte
7045,43,52,114,96,seg_neutrophil
7046,54,55,93,90,lymphocyte
7047,33,43,135,114,monocyte
7048,43,37,114,126,monocyte
7049,39,42,123,117,band_neutrophil
7050,57,65,87,96,myelocyte
7051,31,36,138,129,myelocyte
7052,40,54,120,93,metamyelocyte
7053,49,49,102,102,band_neutrophil
7054,45,48,111,105,band_neutrophil
7055,55,57,90,87,lymphocyte
7056,28,39,144,123,myelocyte
7057,49,43,102,114,seg_neutrophil
7058,52,31,96,138,band_neutrophil
7059,48,46,105,108,myelocyte
7060,51,48,99,105,seg_neutrophil
7061,49,45,102,111,seg_neutrophil
7062,45,51,111,99,seg_neutrophil
7063,46,51,108,99,seg_neutrophil
7064,43,51,114,99,eosinophil
7065,48,48,105,105,seg_neutrophil
7066,54,46,93,108,seg_neutrophil
7067,39,36,123,129,monocyte
7068,45,52,111,96,seg_neutrophil
7069,37,42,126,117,eosinophil
7070,63,63,75,75,g_plt
7071,40,51,120,99,seg_neutrophil
7072,6,55,102,90,seg_neutrophil
7073,42,43,117,114,seg_neutrophil
7074,48,58,105,84,seg_neutrophil
7075,42,45,117,111,eosinophil
7076,49,49,102,102,eosinophil
7077,64,61,72,78,lymphocyte
7078,42,54,117,93,seg_neutrophil
7079,49,40,102,120,seg_neutrophil
7080,52,43,96,114,seg_neutrophil
7081,39,51,123,99,seg_neutrophil
7082,48,49,105,102,eosinophil
7083,48,54,105,93,seg_neutrophil
7084,51,45,99,111,seg_neutrophil
7085,42,48,117,105,seg_neutrophil
7086,48,45,105,111,seg_neutrophil
7087,43,46,114,108,seg_neutrophil
7088,45,48,111,105,seg_neutrophil
7089,49,52,102,96,seg_neutrophil
7090,42,52,117,96,seg_neutrophil
7091,49,60,102,81,lymphocyte
7092,46,40,108,120,smudge
7093,49,59,102,105,seg_neutrophil
7094,48,48,105,105,eosinophil
7095,45,49,111,102,seg_neutrophil
7096,40,43,120,114,seg_neutrophil
7097,43,45,114,111,seg_neutrophil
7098,46,45,108,111,seg_neutrophil
7099,51,49,99,102,seg_neutrophil
7100,48,48,105,105,seg_neutrophil
7101,48,51,105,99,seg_neutrophil
7102,40,49,120,102,seg_neutrophil
7103,43,37,114,126,monocyte
7104,46,51,108,99,seg_neutrophil
7105,43,51,114,99,seg_neutrophil
7106,58,42,84,87,lymphocyte
7107,49,57,102,87,seg_neutrophil
7108,43,45,114,111,seg_neutrophil
7109,42,39,117,123,seg_neutrophil
7110,48,39,105,123,eosinophil
7111,48,45,105,111,eosinophil
7112,48,48,105,105,seg_neutrophil
7113,45,42,111,117,seg_neutrophil
7114,46,49,108,102,seg_neutrophil
7115,34,45,132,111,monocyte
7116,42,43,117,114,seg_neutrophil
7117,45,49,111,102,seg_neutrophil
7118,39,49,123,102,eosinophil
7119,49,46,102,108,seg_neutrophil
7120,51,46,99,108,seg_neutrophil
7121,43,46,114,108,seg_neutrophil
7122,51,51,99,99,seg_neutrophil
7123,30,34,141,132,eosinophil
7124,43,48,114,105,seg_neutrophil
7125,45,52,111,96,seg_neutrophil
7126,46,48,108,105,seg_neutrophil
7127,51,39,99,123,smudge
7128,48,52,105,96,seg_neutrophil
7129,58,60,84,81,lymphocyte
7130,45,55,111,90,seg_neutrophil
7131,48,51,105,99,seg_neutrophil
7132,52,33,96,135,monocyte
7133,42,51,117,99,seg_neutrophil
7134,37,31,126,138,eosinophil
7135,42,9,117,114,seg_neutrophil
7136,46,46,108,108,seg_neutrophil
7137,39,62,123,105,seg_neutrophil
7138,43,40,114,120,seg_neutrophil
7139,46,39,108,123,seg_neutrophil
7140,46,53,108,102,seg_neutrophil
7141,43,45,114,111,eosinophil
7142,46,83,108,96,seg_neutrophil
7143,39,45,123,111,seg_neutrophil
7144,45,51,111,99,seg_neutrophil
7145,45,12,111,99,seg_neutrophil
7146,46,51,108,99,seg_neutrophil
7147,40,48,120,105,seg_neutrophil
7148,45,37,111,126,eosinophil
7149,48,48,105,105,seg_neutrophil
7150,40,52,120,96,seg_neutrophil
7151,25,28,150,144,smudge
7152,49,48,102,105,seg_neutrophil
7153,42,48,117,105,seg_neutrophil
7154,48,49,105,102,seg_neutrophil
7155,27,40,147,120,eosinophil
7156,42,46,117,108,seg_neutrophil
7157,48,55,105,90,seg_neutrophil
7158,48,54,105,93,seg_neutrophil
7159,43,49,114,102,seg_neutrophil
7160,52,39,96,123,smudge
7161,45,43,111,114,eosinophil
7162,51,57,99,87,lymphocyte
7163,42,54,117,93,seg_neutrophil
7164,51,49,99,102,seg_neutrophil
7165,45,42,111,111,seg_neutrophil
7166,40,52,120,96,seg_neutrophil
7167,33,42,135,117,eosinophil
7168,37,27,126,147,monocyte
7169,54,45,93,111,seg_neutrophil
7170,45,43,111,114,eosinophil
7171,39,33,123,135,eosinophil
7172,54,58,93,84,lymphocyte
7173,54,27,93,84,lymphocyte
7174,45,52,111,96,eosinophil
7175,37,51,126,99,seg_neutrophil
7176,49,48,102,105,seg_neutrophil
7177,51,46,99,108,lymphocyte
7178,31,24,138,153,eosinophil
7179,49,49,102,102,seg_neutrophil
7180,42,49,117,102,seg_neutrophil
7181,46,43,108,114,seg_neutrophil
7182,46,45,108,111,eosinophil
7183,54,49,93,102,lymphocyte
7184,46,49,108,102,seg_neutrophil
7185,48,45,105,111,seg_neutrophil
7186,58,52,84,96,eosinophil
7187,60,49,81,102,seg_neutrophil
7188,55,57,90,87,seg_neutrophil
7189,49,51,102,99,seg_neutrophil
7190,42,49,117,102,eosinophil
7191,51,46,99,108,seg_neutrophil
7192,43,49,114,102,seg_neutrophil
7193,45,42,111,117,monocyte
7194,60,55,81,90,lymphocyte
7195,70,64,60,72,lymphocyte
7196,46,49,108,102,seg_neutrophil
7197,51,52,99,96,lymphocyte
7198,39,48,123,105,seg_neutrophil
7199,42,43,117,114,monocyte
7200,45,46,111,108,seg_neutrophil
7201,45,39,111,123,seg_neutrophil
7202,42,43,117,114,monocyte
7203,40,42,120,117,seg_neutrophil
7204,46,42,108,117,seg_neutrophil
7205,45,46,111,108,seg_neutrophil
7206,46,54,108,93,seg_neutrophil
7207,43,52,114,96,seg_neutrophil
7208,49,51,102,99,seg_neutrophil
7209,58,52,84,96,lymphocyte
7210,48,52,105,96,seg_neutrophil
7211,37,52,126,96,seg_neutrophil
7212,45,48,111,105,seg_neutrophil
7213,49,43,102,114,seg_neutrophil
7214,24,46,111,108,seg_neutrophil
7215,33,43,114,114,monocyte
7216,46,54,108,93,seg_neutrophil
7217,37,46,126,108,monocyte
7218,46,49,108,102,seg_neutrophil
7219,36,46,114,108,seg_neutrophil
7220,58,58,84,84,lymphocyte
7221,54,52,93,96,lymphocyte
7222,49,63,102,75,lymphocyte
7223,52,61,96,78,smudge
7224,40,49,120,102,seg_neutrophil
7225,55,58,90,84,lymphocyte
7226,55,43,90,114,smudge
7227,45,45,111,111,seg_neutrophil
7228,37,46,126,108,eosinophil
7229,48,45,105,111,seg_neutrophil
7230,63,61,75,78,lymphocyte
7231,46,42,108,117,seg_neutrophil
7232,39,49,123,102,seg_neutrophil
7233,43,54,114,93,monocyte
7234,46,48,108,105,seg_neutrophil
7235,33,48,135,105,eosinophil
7236,51,49,99,102,seg_neutrophil
7237,55,55,90,90,lymphocyte
7238,52,51,96,99,seg_neutrophil
7239,46,51,108,99,seg_neutrophil
7240,49,83,102,99,lymphocyte
7241,43,46,114,108,eosinophil
7242,58,55,84,90,lymphocyte
7243,58,74,84,87,lymphocyte
7244,61,57,78,87,lymphocyte
7245,51,49,99,102,lymphocyte
7246,49,48,102,105,lymphocyte
7247,67,57,66,87,artifact
7248,48,57,105,87,seg_neutrophil
7249,54,57,93,87,blast
7250,40,43,120,114,artifact
7251,55,52,90,96,lymphocyte
7252,57,58,87,84,blast
7253,52,49,96,102,seg_neutrophil
7254,9,55,78,90,lymphocyte
7255,45,37,111,126,monocyte
7256,39,35,123,147,artifact
7257,58,58,84,84,lymphocyte
7258,52,51,96,99,lymphocyte
7259,51,51,99,99,lymphocyte
7260,66,66,69,69,lymphocyte
7261,67,48,66,90,artifact
7262,71,46,90,108,artifact
7263,64,70,72,60,artifact
7264,48,49,105,102,blast
7265,57,46,87,108,lymphocyte
7266,34,63,132,75,artifact
7267,46,51,108,99,seg_neutrophil
7268,66,16,69,168,smudge
7269,51,55,99,90,artifact
7270,60,58,81,84,artifact
7271,67,63,66,75,artifact
7272,64,64,72,72,artifact
7273,45,51,111,99,seg_neutrophil
7274,46,52,108,96,seg_neutrophil
7275,57,51,87,99,lymphocyte
7276,-24,12,249,177,artifact
7277,51,60,99,81,blast
7278,58,54,84,93,lymphocyte
7279,51,48,99,105,seg_neutrophil
7280,58,42,84,117,artifact
7281,46,31,108,138,artifact
7282,49,49,102,102,lymphocyte
7283,51,55,99,90,lymphocyte
7284,58,51,84,99,artifact
7285,52,48,96,105,lymphocyte
7286,48,60,105,81,artifact
7287,51,34,99,132,artifact
7288,64,60,72,81,artifact
7289,40,21,120,159,monocyte
7290,48,49,105,102,lymphocyte
7291,55,51,90,99,seg_neutrophil
7292,49,45,102,111,seg_neutrophil
7293,67,9,66,75,artifact
7294,66,52,69,96,artifact
7295,48,51,105,99,abnormal_lymphocyte
7296,61,63,78,75,artifact
7297,54,55,93,90,lymphocyte
7298,49,52,102,96,lymphocyte
7299,55,57,90,87,lymphocyte
7300,34,34,132,132,monocyte
7301,58,58,84,84,lymphocyte
7302,54,24,93,153,artifact
7303,70,67,60,66,artifact
7304,73,64,54,72,artifact
7305,58,66,84,69,artifact
7306,51,48,99,105,lymphocyte
7307,60,63,81,75,lymphocyte
7308,52,48,96,105,blast
7309,52,49,96,102,lymphocyte
7310,48,52,105,96,blast
7311,55,57,90,87,blast
7312,52,75,96,51,artifact
7313,64,63,72,75,artifact
7314,34,76,132,48,artifact
7315,57,73,87,54,artifact
7316,63,72,75,57,artifact
7317,49,49,102,102,lymphocyte
7318,54,63,93,75,lymphocyte
7319,64,75,72,51,artifact
7320,49,49,102,102,lymphocyte
7321,45,46,111,108,seg_neutrophil
7322,37,37,126,126,artifact
7323,63,72,75,57,artifact
7324,61,68,78,75,artifact
7325,67,67,66,66,artifact
7326,66,63,69,75,artifact
7327,49,55,102,90,smudge
7328,31,45,138,111,smudge
7329,52,55,96,90,lymphocyte
7330,73,67,54,66,artifact
7331,39,60,123,81,artifact
7332,55,45,90,111,blast
7333,40,48,120,105,eosinophil
7334,54,51,93,99,lymphocyte
7335,46,45,108,111,basophil
7336,66,72,69,57,artifact
7337,58,31,84,138,immature_wbc
7338,55,57,90,87,lymphocyte
7339,51,57,99,87,lymphocyte
7340,-18,-24,237,249,artifact
7341,58,48,84,105,artifact
7342,72,60,57,81,artifact
7343,64,72,72,57,artifact
7344,60,54,81,93,artifact
7345,63,46,75,108,artifact
7346,45,48,111,105,immature_wbc
7347,51,49,99,102,lymphocyte
7348,69,49,63,102,artifact
7349,54,46,93,108,immature_wbc
7350,51,48,99,105,seg_neutrophil
7351,69,61,63,78,artifact
7352,46,51,108,99,blast
7353,64,60,72,81,artifact
7354,64,43,72,114,artifact
7355,49,40,102,120,artifact
7356,55,58,90,84,lymphocyte
7357,43,49,114,102,artifact
7358,67,67,66,66,artifact
7359,66,58,69,84,artifact
7360,54,57,93,87,lymphocyte
7361,57,60,87,81,lymphocyte
7362,73,60,54,81,artifact
7363,67,72,66,57,artifact
7364,69,67,63,66,artifact
7365,57,57,87,87,lymphocyte
7366,54,55,93,90,lymphocyte
7367,48,77,105,96,seg_neutrophil
7368,57,60,87,81,lymphocyte
7369,55,62,90,90,lymphocyte
7370,70,58,60,84,artifact
7371,45,46,111,108,seg_neutrophil
7372,51,49,99,102,blast
7373,95,51,87,99,seg_neutrophil
7374,36,51,129,99,artifact
7375,45,7,111,186,artifact
7376,67,60,66,81,artifact
7377,67,61,66,78,artifact
7378,54,61,93,78,lymphocyte
7379,63,9,75,99,artifact
7380,58,31,84,138,artifact
7381,63,54,75,93,artifact
7382,49,67,102,66,artifact
7383,61,72,78,57,artifact
7384,48,46,105,108,lymphocyte
7385,55,51,90,99,seg_neutrophil
7386,66,57,69,87,artifact
7387,45,60,102,81,artifact
7388,51,54,99,93,artifact
7389,60,64,81,72,artifact
7390,46,66,108,69,artifact
7391,60,69,81,63,artifact
7392,45,43,111,114,seg_neutrophil
7393,45,45,111,111,seg_neutrophil
7394,46,46,108,108,seg_neutrophil
7395,42,48,117,105,seg_neutrophil
7396,42,51,117,99,monocyte
7397,45,9,111,120,seg_neutrophil
7398,45,49,111,102,seg_neutrophil
7399,60,49,81,102,artifact
7400,45,36,111,129,eosinophil
7401,58,49,84,102,seg_neutrophil
7402,48,45,105,111,band_neutrophil
7403,49,40,102,120,seg_neutrophil
7404,12,49,108,102,eosinophil
7405,52,49,96,102,seg_neutrophil
7406,48,42,105,117,seg_neutrophil
7407,49,42,102,117,seg_neutrophil
7408,57,49,87,102,eosinophil
7409,49,42,102,117,seg_neutrophil
7410,52,51,96,99,band_neutrophil
7411,40,52,120,96,seg_neutrophil
7412,54,57,93,87,seg_neutrophil
7413,46,49,108,102,seg_neutrophil
7414,49,42,102,117,seg_neutrophil
7415,43,45,114,111,seg_neutrophil
7416,48,46,105,108,seg_neutrophil
7417,54,54,93,93,seg_neutrophil
7418,48,21,105,102,lymphocyte
7419,48,48,105,105,seg_neutrophil
7420,49,51,102,99,eosinophil
7421,60,58,81,84,lymphocyte
7422,54,49,93,102,seg_neutrophil
7423,48,58,105,84,seg_neutrophil
7424,31,36,138,129,eosinophil
7425,49,51,102,99,monocyte
7426,55,57,90,87,eosinophil
7427,49,43,102,114,seg_neutrophil
7428,51,49,99,102,seg_neutrophil
7429,43,46,114,108,seg_neutrophil
7430,64,63,72,75,lymphocyte
7431,43,43,114,114,seg_neutrophil
7432,51,49,99,102,lymphocyte
7433,42,57,117,87,seg_neutrophil
7434,39,37,123,126,monocyte
7435,42,42,117,117,seg_neutrophil
7436,60,68,81,93,lymphocyte
7437,48,43,105,114,seg_neutrophil
7438,51,45,99,111,seg_neutrophil
7439,49,37,102,126,seg_neutrophil
7440,51,55,99,90,seg_neutrophil
7441,48,58,105,84,seg_neutrophil
7442,57,27,87,147,monocyte
7443,40,45,120,111,seg_neutrophil
7444,40,45,120,111,seg_neutrophil
7445,51,45,99,111,seg_neutrophil
7446,49,54,102,93,seg_neutrophil
7447,58,61,84,78,lymphocyte
7448,42,39,117,123,eosinophil
7449,60,58,81,84,seg_neutrophil
7450,54,55,93,90,seg_neutrophil
7451,48,54,105,93,seg_neutrophil
7452,42,48,117,105,seg_neutrophil
7453,45,46,111,108,seg_neutrophil
7454,48,45,105,111,seg_neutrophil
7455,49,45,102,111,basophil
7456,42,15,117,96,monocyte
7457,49,55,102,90,seg_neutrophil
7458,48,68,105,108,seg_neutrophil
7459,40,62,120,120,seg_neutrophil
7460,48,51,105,99,seg_neutrophil
7461,47,40,117,120,eosinophil
7462,48,51,105,99,seg_neutrophil
7463,40,39,120,123,eosinophil
7464,42,48,117,105,seg_neutrophil
7465,39,42,123,117,eosinophil
7466,49,45,102,111,seg_neutrophil
7467,57,52,87,96,lymphocyte
7468,40,43,120,114,seg_neutrophil
7469,45,43,111,114,seg_neutrophil
7470,40,42,120,117,seg_neutrophil
7471,72,70,57,60,g_plt
7472,52,46,96,108,seg_neutrophil
7473,70,70,60,60,g_plt
7474,46,54,108,93,seg_neutrophil
7475,58,63,84,75,lymphocyte
7476,46,33,108,135,seg_neutrophil
7477,54,74,93,96,seg_neutrophil
7478,49,52,102,96,seg_neutrophil
7479,48,54,105,93,abnormal_lymphocyte
7480,49,51,102,99,seg_neutrophil
7481,36,45,129,111,eosinophil
7482,55,57,90,87,seg_neutrophil
7483,48,55,105,90,lymphocyte
7484,40,52,120,96,seg_neutrophil
7485,55,48,90,105,lymphocyte
7486,49,58,102,84,lymphocyte
7487,43,45,114,111,band_neutrophil
7488,37,54,126,93,seg_neutrophil
7489,54,43,93,114,eosinophil
7490,45,48,111,105,seg_neutrophil
7491,52,51,96,99,seg_neutrophil
7492,57,46,87,108,lymphocyte
7493,43,39,114,123,seg_neutrophil
7494,51,51,99,99,basophil
7495,37,45,126,111,eosinophil
7496,39,43,123,114,seg_neutrophil
7497,48,46,105,108,seg_neutrophil
7498,42,37,117,126,eosinophil
7499,58,60,84,81,lymphocyte
7500,43,49,114,102,eosinophil
7501,42,58,117,84,seg_neutrophil
7502,49,45,102,111,seg_neutrophil
7503,42,48,117,105,seg_neutrophil
7504,58,71,84,81,lymphocyte
7505,52,46,96,108,seg_neutrophil
7506,42,42,117,117,seg_neutrophil
7507,46,46,108,108,seg_neutrophil
7508,51,51,99,99,lymphocyte
7509,43,46,114,108,seg_neutrophil
7510,61,61,78,78,lymphocyte
7511,58,55,84,90,eosinophil
7512,69,64,63,72,lymphocyte
7513,63,61,75,78,lymphocyte
7514,48,49,105,102,seg_neutrophil
7515,49,49,102,102,seg_neutrophil
7516,42,71,117,90,seg_neutrophil
7517,67,75,66,51,artifact
7518,42,46,117,108,eosinophil
7519,48,51,105,99,seg_neutrophil
7520,46,46,108,108,monocyte
7521,41,49,150,102,artifact
7522,65,63,84,75,artifact
7523,52,52,96,96,seg_neutrophil
7524,48,54,105,93,seg_neutrophil
7525,46,49,108,102,eosinophil
7526,48,51,105,99,eosinophil
7527,48,37,105,126,eosinophil
7528,58,57,84,87,lymphocyte
7529,49,40,102,120,seg_neutrophil
7530,37,45,126,111,seg_neutrophil
7531,37,43,126,114,seg_neutrophil
7532,48,46,105,108,seg_neutrophil
7533,39,51,123,99,seg_neutrophil
7534,52,54,96,93,lymphocyte
7535,60,58,81,84,seg_neutrophil
7536,61,61,78,78,lymphocyte
7537,45,46,111,108,seg_neutrophil
7538,54,51,93,99,seg_neutrophil
7539,54,46,93,108,myelocyte
7540,52,45,96,111,seg_neutrophil
7541,48,43,105,114,seg_neutrophil
7542,54,57,93,87,lymphocyte
7543,42,54,117,93,seg_neutrophil
7544,49,49,102,102,seg_neutrophil
7545,51,54,99,93,seg_neutrophil
7546,46,45,108,111,monocyte
7547,25,12,150,177,seg_neutrophil
7548,36,51,129,99,monocyte
7549,42,42,117,117,seg_neutrophil
7550,45,46,111,108,seg_neutrophil
7551,43,45,114,111,monocyte
7552,42,48,117,105,seg_neutrophil
7553,52,48,96,105,seg_neutrophil
7554,45,43,111,114,seg_neutrophil
7555,45,42,111,117,seg_neutrophil
7556,40,45,120,111,seg_neutrophil
7557,46,39,108,114,seg_neutrophil
7558,45,40,111,120,seg_neutrophil
7559,46,52,108,96,eosinophil
7560,45,43,111,114,eosinophil
7561,54,49,93,102,seg_neutrophil
7562,49,46,102,108,seg_neutrophil
7563,43,3,114,111,eosinophil
7564,49,34,102,132,eosinophil
7565,43,45,114,111,monocyte
7566,57,57,87,87,lymphocyte
7567,58,61,84,78,lymphocyte
7568,46,57,108,87,seg_neutrophil
7569,45,46,111,108,eosinophil
7570,46,48,108,105,seg_neutrophil
7571,49,54,102,93,seg_neutrophil
7572,43,37,114,126,monocyte
7573,45,52,111,96,lymphocyte
7574,45,48,111,105,seg_neutrophil
7575,40,51,120,99,eosinophil
7576,45,60,111,81,seg_neutrophil
7577,40,46,120,108,eosinophil
7578,43,33,114,135,monocyte
7579,48,48,105,105,eosinophil
7580,43,3,114,96,eosinophil
7581,46,46,108,108,eosinophil
7582,52,46,96,108,smudge
7583,49,55,102,90,eosinophil
7584,48,49,105,102,eosinophil
7585,54,30,93,120,seg_neutrophil
7586,51,49,99,102,eosinophil
7587,40,40,120,120,eosinophil
7588,57,48,87,105,lymphocyte
7589,51,37,99,126,eosinophil
7590,31,46,138,108,eosinophil
7591,51,52,99,96,lymphocyte
7592,44,42,114,117,eosinophil
7593,52,58,96,84,lymphocyte
7594,39,46,123,108,eosinophil
7595,37,52,126,96,eosinophil
7596,42,55,117,90,seg_neutrophil
7597,42,43,117,114,seg_neutrophil
7598,48,54,105,93,eosinophil
7599,54,58,93,84,lymphocyte
7600,40,46,120,108,eosinophil
7601,48,42,105,117,eosinophil
7602,49,18,102,102,eosinophil
7603,46,62,108,126,eosinophil
7604,61,60,78,81,lymphocyte
7605,45,55,111,90,eosinophil
7606,40,43,120,114,seg_neutrophil
7607,45,52,111,96,seg_neutrophil
7608,45,54,111,93,seg_neutrophil
7609,54,54,93,93,lymphocyte
7610,43,54,114,93,seg_neutrophil
7611,49,52,102,96,eosinophil
7612,54,48,93,105,seg_neutrophil
7613,52,52,96,96,seg_neutrophil
7614,40,52,120,96,eosinophil
7615,40,43,120,114,monocyte
7616,58,54,84,93,seg_neutrophil
7617,42,51,117,99,eosinophil
7618,34,46,132,108,monocyte
7619,45,49,111,102,seg_neutrophil
7620,48,50,105,102,seg_neutrophil
7621,42,48,117,105,seg_neutrophil
7622,43,51,114,99,seg_neutrophil
7623,54,57,93,87,lymphocyte
7624,46,45,108,111,seg_neutrophil
7625,51,46,99,108,seg_neutrophil
7626,48,43,105,114,eosinophil
7627,45,46,111,108,eosinophil
7628,52,51,96,99,seg_neutrophil
7629,42,54,117,93,eosinophil
7630,52,46,96,108,eosinophil
7631,43,48,114,105,eosinophil
7632,49,51,102,99,eosinophil
7633,39,42,123,117,eosinophil
7634,67,54,66,93,lymphocyte
7635,54,56,93,96,seg_neutrophil
7636,49,49,102,102,seg_neutrophil
7637,60,57,81,87,seg_neutrophil
7638,49,51,102,99,seg_neutrophil
7639,52,49,96,102,seg_neutrophil
7640,46,46,108,108,seg_neutrophil
7641,54,39,93,123,eosinophil
7642,48,43,105,114,eosinophil
7643,40,24,120,102,eosinophil
7644,49,45,102,111,lymphocyte
7645,51,42,99,117,eosinophil
7646,61,6,78,84,lymphocyte
7647,54,57,93,87,lymphocyte
7648,40,45,120,111,eosinophil
7649,46,51,108,99,eosinophil
7650,46,42,108,117,eosinophil
7651,52,43,96,114,eosinophil
7652,46,55,108,90,seg_neutrophil
7653,58,53,84,108,eosinophil
7654,52,51,96,99,seg_neutrophil
7655,42,48,117,105,eosinophil
7656,45,51,111,99,seg_neutrophil
7657,55,46,90,108,eosinophil
7658,42,49,117,102,eosinophil
7659,42,52,117,96,seg_neutrophil
7660,46,48,108,105,monocyte
7661,52,60,96,81,seg_neutrophil
7662,46,45,108,111,eosinophil
7663,43,42,114,117,eosinophil
7664,46,52,108,96,seg_neutrophil
7665,46,46,108,108,monocyte
7666,57,64,87,72,lymphocyte
7667,49,48,102,105,monocyte
7668,49,46,102,108,eosinophil
7669,46,46,108,108,eosinophil
7670,43,42,114,117,seg_neutrophil
7671,57,55,87,90,seg_neutrophil
7672,46,48,108,105,seg_neutrophil
7673,49,48,102,105,seg_neutrophil
7674,43,46,114,108,seg_neutrophil
7675,54,55,93,90,eosinophil
7676,43,49,114,102,eosinophil
7677,51,51,99,99,eosinophil
7678,49,46,102,108,seg_neutrophil
7679,48,45,105,111,seg_neutrophil
7680,42,51,84,99,lymphocyte
7681,40,49,120,102,eosinophil
7682,46,49,108,102,seg_neutrophil
7683,42,63,117,75,eosinophil
7684,51,52,99,96,lymphocyte
7685,54,57,93,87,lymphocyte
7686,51,52,99,96,eosinophil
7687,55,45,90,111,eosinophil
7688,43,45,114,111,eosinophil
7689,48,45,105,111,eosinophil
7690,49,51,102,99,seg_neutrophil
7691,46,42,108,117,eosinophil
7692,51,48,99,105,seg_neutrophil
7693,48,46,105,108,eosinophil
7694,51,33,99,114,eosinophil
7695,48,54,105,93,seg_neutrophil
7696,42,60,117,81,seg_neutrophil
7697,45,54,111,93,seg_neutrophil
7698,45,42,111,117,monocyte
7699,48,42,105,117,eosinophil
7700,52,43,96,114,eosinophil
7701,51,49,99,102,eosinophil
7702,57,49,87,102,eosinophil
7703,48,52,105,96,eosinophil
7704,48,51,105,99,seg_neutrophil
7705,46,49,108,102,seg_neutrophil
7706,49,45,102,111,myelocyte
7707,45,40,111,120,eosinophil
7708,52,48,96,105,seg_neutrophil
7709,54,52,93,96,seg_neutrophil
7710,43,33,114,117,eosinophil
7711,48,48,105,105,seg_neutrophil
7712,48,54,105,93,seg_neutrophil
7713,48,58,105,84,seg_neutrophil
7714,39,40,123,120,monocyte
7715,45,39,111,123,lymphocyte
7716,48,52,105,96,eosinophil
7717,33,61,135,78,seg_neutrophil
7718,51,48,99,105,seg_neutrophil
7719,52,43,96,114,eosinophil
7720,49,52,102,96,seg_neutrophil
7721,48,39,105,123,eosinophil
7722,46,46,108,108,eosinophil
7723,45,54,111,93,seg_neutrophil
7724,55,49,90,102,seg_neutrophil
7725,48,45,105,111,monocyte
7726,46,48,108,105,eosinophil
7727,54,48,93,105,monocyte
7728,52,57,96,87,seg_neutrophil
7729,54,55,93,90,seg_neutrophil
7730,54,49,93,102,monocyte
7731,50,66,117,69,seg_neutrophil
7732,42,45,117,111,monocyte
7733,42,52,117,96,seg_neutrophil
7734,48,39,105,123,seg_neutrophil
7735,46,52,108,96,seg_neutrophil
7736,60,42,81,87,g_plt
7737,49,60,102,81,monocyte
7738,52,45,96,111,seg_neutrophil
7739,46,61,108,78,monocyte
7740,61,61,78,78,monocyte
7741,54,52,93,96,band_neutrophil
7742,48,39,105,123,monocyte
7743,49,49,102,102,seg_neutrophil
7744,54,63,93,75,monocyte
7745,51,57,99,87,monocyte
7746,43,42,114,117,monocyte
7747,36,37,129,126,monocyte
7748,48,45,105,111,monocyte
7749,46,48,108,105,seg_neutrophil
7750,52,49,96,102,seg_neutrophil
7751,54,57,93,87,seg_neutrophil
7752,57,54,87,93,monocyte
7753,60,55,81,90,monocyte
7754,52,49,96,102,seg_neutrophil
7755,48,49,105,102,seg_neutrophil
7756,49,86,102,111,monocyte
7757,46,45,108,111,monocyte
7758,52,42,96,117,seg_neutrophil
7759,48,57,105,87,seg_neutrophil
7760,48,57,105,87,monocyte
7761,52,33,96,108,seg_neutrophil
7762,52,49,96,102,seg_neutrophil
7763,54,54,93,93,band_neutrophil
7764,40,46,120,108,monocyte
7765,48,86,105,99,seg_neutrophil
7766,55,58,90,84,monocyte
7767,46,66,108,69,monocyte
7768,52,55,96,90,seg_neutrophil
7769,51,61,90,78,seg_neutrophil
7770,52,6,96,87,seg_neutrophil
7771,45,58,111,84,monocyte
7772,52,57,96,87,seg_neutrophil
7773,61,60,78,81,seg_neutrophil
7774,45,55,111,90,seg_neutrophil
7775,54,52,93,96,monocyte
7776,48,52,105,96,seg_neutrophil
7777,48,43,105,114,seg_neutrophil
7778,57,67,87,66,seg_neutrophil
7779,48,52,105,96,seg_neutrophil
7780,45,36,111,99,monocyte
7781,63,52,75,96,lymphocyte
7782,46,58,108,84,seg_neutrophil
7783,57,64,87,72,lymphocyte
7784,42,54,117,93,seg_neutrophil
7785,55,57,90,87,seg_neutrophil
7786,55,66,90,69,seg_neutrophil
7787,49,57,102,87,monocyte
7788,107,57,90,87,monocyte
7789,46,48,108,105,seg_neutrophil
7790,6,51,105,99,seg_neutrophil
7791,37,43,126,114,monocyte
7792,37,46,126,108,seg_neutrophil
7793,36,39,129,123,monocyte
7794,40,43,120,114,seg_neutrophil
7795,63,49,75,102,monocyte
7796,55,67,90,66,seg_neutrophil
7797,54,54,93,93,seg_neutrophil
7798,51,57,99,87,seg_neutrophil
7799,58,52,84,96,seg_neutrophil
7800,55,60,90,81,monocyte
7801,64,67,72,66,lymphocyte
7802,52,58,96,84,seg_neutrophil
7803,43,54,114,93,monocyte
7804,60,54,81,93,seg_neutrophil
7805,54,48,93,105,monocyte
7806,54,46,93,108,seg_neutrophil
7807,37,42,126,117,monocyte
7808,39,48,123,105,seg_neutrophil
7809,31,45,138,111,monocyte
7810,42,40,117,120,seg_neutrophil
7811,51,46,99,108,monocyte
7812,46,42,108,117,monocyte
7813,45,49,111,102,seg_neutrophil
7814,39,46,123,108,monocyte
7815,48,80,105,102,seg_neutrophil
7816,45,48,111,105,seg_neutrophil
7817,39,39,123,123,monocyte
7818,52,55,96,90,seg_neutrophil
7819,67,66,66,69,g_plt
7820,48,61,105,78,monocyte
7821,60,61,81,78,seg_neutrophil
7822,52,58,96,84,monocyte
7823,55,57,90,87,monocyte
7824,83,55,93,90,seg_neutrophil
7825,45,49,111,102,seg_neutrophil
7826,40,27,120,111,seg_neutrophil
7827,39,49,123,102,monocyte
7828,30,43,141,114,monocyte
7829,58,52,84,96,lymphocyte
7830,55,61,90,78,seg_neutrophil
7831,55,52,90,96,seg_neutrophil
7832,60,155,81,42,seg_neutrophil
7833,46,58,108,84,seg_neutrophil
7834,40,49,120,102,lymphocyte
7835,39,52,123,96,monocyte
7836,1,28,198,144,seg_neutrophil
7837,45,48,111,105,seg_neutrophil
7838,43,45,114,111,monocyte
7839,55,49,90,102,seg_neutrophil
7840,46,51,108,99,seg_neutrophil
7841,39,45,123,111,seg_neutrophil
7842,57,33,87,135,monocyte
7843,49,60,102,81,seg_neutrophil
7844,51,51,99,99,seg_neutrophil
7845,49,60,102,81,monocyte
7846,52,60,96,81,seg_neutrophil
7847,52,51,96,99,lymphocyte
7848,51,46,99,108,monocyte
7849,51,43,99,114,seg_neutrophil
7850,24,54,84,93,seg_neutrophil
7851,46,49,108,102,seg_neutrophil
7852,45,49,111,102,seg_neutrophil
7853,39,33,123,135,seg_neutrophil
7854,49,63,102,75,seg_neutrophil
7855,60,52,81,96,seg_neutrophil
7856,52,60,96,81,monocyte
7857,55,63,90,75,seg_neutrophil
7858,54,55,93,90,monocyte
7859,52,55,96,90,seg_neutrophil
7860,51,57,99,87,monocyte
7861,30,43,141,114,monocyte
7862,37,42,126,114,monocyte
7863,40,54,120,93,seg_neutrophil
7864,36,40,129,120,monocyte
7865,63,60,75,81,g_plt
7866,36,37,129,126,monocyte
7867,49,49,102,102,seg_neutrophil
7868,61,58,78,84,lymphocyte
7869,51,48,99,105,seg_neutrophil
7870,9,43,129,114,monocyte
7871,34,36,132,129,monocyte
7872,34,34,132,132,monocyte
7873,34,46,132,108,monocyte
7874,57,46,87,108,seg_neutrophil
7875,45,48,111,105,seg_neutrophil
7876,33,40,135,120,monocyte
7877,34,48,132,105,monocyte
7878,51,15,99,87,lymphocyte
7879,43,49,114,102,seg_neutrophil
7880,37,34,126,132,monocyte
7881,55,51,90,99,seg_neutrophil
7882,42,43,117,114,seg_neutrophil
7883,51,52,99,96,seg_neutrophil
7884,42,48,117,105,seg_neutrophil
7885,48,37,105,126,seg_neutrophil
7886,40,45,120,111,monocyte
7887,54,55,93,90,monocyte
7888,43,45,114,111,seg_neutrophil
7889,37,46,126,108,seg_neutrophil
7890,36,48,129,105,seg_neutrophil
7891,55,60,90,81,lymphocyte
7892,43,48,114,105,seg_neutrophil
7893,39,45,123,111,seg_neutrophil
7894,42,12,117,114,seg_neutrophil
7895,54,48,93,105,seg_neutrophil
7896,48,43,105,114,seg_neutrophil
7897,36,33,129,135,monocyte
7898,39,39,123,123,seg_neutrophil
7899,33,39,135,123,monocyte
7900,46,48,108,105,seg_neutrophil
7901,54,54,93,93,seg_neutrophil
7902,46,42,108,117,seg_neutrophil
7903,39,48,123,105,monocyte
7904,46,49,108,102,monocyte
7905,40,37,120,126,monocyte
7906,52,54,96,93,monocyte
7907,52,51,96,99,monocyte
7908,51,42,99,111,seg_neutrophil
7909,39,42,123,117,monocyte
7910,52,40,96,120,monocyte
7911,54,51,93,99,seg_neutrophil
7912,48,48,105,105,seg_neutrophil
7913,48,49,105,102,seg_neutrophil
7914,46,45,108,111,monocyte
7915,52,49,96,102,seg_neutrophil
7916,46,48,108,105,monocyte
7917,51,104,99,93,monocyte
7918,52,52,96,96,monocyte
7919,48,55,105,90,monocyte
7920,27,40,84,120,band_neutrophil
7921,49,52,102,96,monocyte
7922,52,55,96,90,seg_neutrophil
7923,49,52,102,96,seg_neutrophil
7924,51,49,99,102,seg_neutrophil
7925,62,64,90,72,lymphocyte
7926,46,51,108,99,seg_neutrophil
7927,58,60,84,81,lymphocyte
7928,52,48,96,105,seg_neutrophil
7929,54,66,93,69,lymphocyte
7930,37,60,126,81,seg_neutrophil
7931,61,54,78,69,lymphocyte
7932,67,66,66,69,n_rbc
7933,54,58,93,84,lymphocyte
7934,60,67,81,66,lymphocyte
7935,52,66,96,69,lymphocyte
7936,51,54,99,93,seg_neutrophil
7937,48,54,105,93,seg_neutrophil
7938,49,40,102,120,agg_plt
7939,60,67,81,66,lymphocyte
7940,58,60,84,81,lymphocyte
7941,63,58,75,84,lymphocyte
7942,58,64,84,72,lymphocyte
7943,46,55,108,90,seg_neutrophil
7944,52,52,96,96,seg_neutrophil
7945,60,64,81,72,lymphocyte
7946,46,51,108,99,seg_neutrophil
7947,55,58,90,84,seg_neutrophil
7948,55,55,90,90,seg_neutrophil
7949,45,57,111,87,seg_neutrophil
7950,60,70,81,60,lymphocyte
7951,40,52,120,96,seg_neutrophil
7952,64,67,72,66,lymphocyte
7953,46,55,108,90,band_neutrophil
7954,52,52,96,96,band_neutrophil
7955,67,69,66,63,lymphocyte
7956,60,64,81,72,lymphocyte
7957,54,48,93,105,seg_neutrophil
7958,66,67,69,66,n_rbc
7959,49,49,102,102,seg_neutrophil
7960,48,52,105,96,seg_neutrophil
7961,60,51,81,99,agg_plt
7962,64,67,72,66,smudge
7963,60,64,81,72,lymphocyte
7964,48,49,105,102,seg_neutrophil
7965,63,70,75,60,lymphocyte
7966,45,49,111,102,lymphocyte
7967,64,64,72,72,lymphocyte
7968,66,64,69,72,n_rbc
7969,49,58,102,84,seg_neutrophil
7970,58,49,84,102,seg_neutrophil
7971,46,52,108,96,seg_neutrophil
7972,45,55,111,90,seg_neutrophil
7973,69,63,63,75,lymphocyte
7974,64,57,72,87,lymphocyte
7975,60,61,81,78,lymphocyte
7976,73,63,54,75,n_rbc
7977,45,40,111,120,seg_neutrophil
7978,46,43,108,114,seg_neutrophil
7979,54,55,93,90,lymphocyte
7980,60,55,81,90,lymphocyte
7981,66,66,69,69,n_rbc
7982,3,48,117,105,seg_neutrophil
7983,49,58,102,84,seg_neutrophil
7984,63,61,75,78,lymphocyte
7985,63,67,75,66,lymphocyte
7986,52,57,96,87,seg_neutrophil
7987,73,64,54,72,lymphocyte
7988,55,57,90,87,lymphocyte
7989,60,63,81,75,lymphocyte
7990,46,54,108,93,seg_neutrophil
7991,49,46,102,108,band_neutrophil
7992,46,48,108,105,seg_neutrophil
7993,46,54,108,93,seg_neutrophil
7994,61,60,78,81,lymphocyte
7995,51,55,99,90,seg_neutrophil
7996,61,63,78,75,lymphocyte
7997,40,51,120,99,band_neutrophil
7998,52,70,96,60,lymphocyte
7999,34,45,132,111,seg_neutrophil
8000,51,64,99,72,lymphocyte
8001,46,49,108,102,seg_neutrophil
8002,55,56,90,99,seg_neutrophil
8003,49,49,102,102,seg_neutrophil
8004,57,51,87,99,lymphocyte
8005,49,48,102,105,band_neutrophil
8006,61,39,78,90,lymphocyte
8007,48,52,105,96,seg_neutrophil
8008,66,57,69,87,lymphocyte
8009,40,45,120,111,seg_neutrophil
8010,54,57,93,87,agg_plt
8011,52,48,96,105,band_neutrophil
8012,55,57,90,87,lymphocyte
8013,55,60,90,81,seg_neutrophil
8014,48,49,105,102,seg_neutrophil
8015,45,48,111,105,band_neutrophil
8016,54,58,93,84,lymphocyte
8017,48,45,105,111,band_neutrophil
8018,63,61,75,78,lymphocyte
8019,64,64,72,72,lymphocyte
8020,45,49,111,102,seg_neutrophil
8021,45,52,111,96,seg_neutrophil
8022,49,-26,102,252,smudge
8023,67,60,66,81,lymphocyte
8024,49,55,102,90,band_neutrophil
8025,54,63,93,75,lymphocyte
8026,58,60,84,81,lymphocyte
8027,48,48,105,105,seg_neutrophil
8028,21,57,84,87,lymphocyte
8029,43,52,114,96,seg_neutrophil
8030,46,39,108,84,band_neutrophil
8031,58,66,84,69,lymphocyte
8032,64,86,72,69,n_rbc
8033,52,63,96,75,lymphocyte
8034,60,64,81,72,lymphocyte
8035,48,52,105,96,seg_neutrophil
8036,45,52,111,96,seg_neutrophil
8037,42,60,117,81,seg_neutrophil
8038,49,52,102,96,band_neutrophil
8039,48,48,105,105,band_neutrophil
8040,61,54,78,93,lymphocyte
8041,54,45,93,111,seg_neutrophil
8042,60,58,81,84,lymphocyte
8043,61,49,78,102,lymphocyte
8044,60,45,81,111,seg_neutrophil
8045,45,52,111,96,monocyte
8046,43,51,114,99,seg_neutrophil
8047,40,46,120,108,eosinophil
8048,55,43,90,114,seg_neutrophil
8049,52,49,96,102,seg_neutrophil
8050,49,49,102,102,band_neutrophil
8051,51,48,99,105,band_neutrophil
8052,30,39,141,123,monocyte
8053,42,37,117,126,monocyte
8054,40,55,120,90,seg_neutrophil
8055,63,43,75,114,artifact
8056,55,61,90,78,artifact
8057,34,42,132,117,monocyte
8058,39,52,123,96,seg_neutrophil
8059,43,48,114,105,monocyte
8060,43,51,114,99,eosinophil
8061,51,51,99,99,lymphocyte
8062,57,60,87,75,lymphocyte
8063,48,51,105,99,lymphocyte
8064,43,36,114,129,monocyte
8065,46,48,108,105,band_neutrophil
8066,43,45,114,111,seg_neutrophil
8067,46,43,108,114,smudge
8068,60,63,81,75,lymphocyte
8069,25,49,150,102,smudge
8070,48,48,105,105,band_neutrophil
8071,46,48,108,105,basophil
8072,33,40,135,120,monocyte
8073,51,52,99,96,lymphocyte
8074,52,54,96,93,seg_neutrophil
8075,51,49,99,102,seg_neutrophil
8076,48,46,105,108,lymphocyte
8077,48,45,105,111,eosinophil
8078,52,57,96,87,lymphocyte
8079,43,45,114,111,eosinophil
8080,49,46,102,108,lymphocyte
8081,39,48,123,105,eosinophil
8082,46,51,108,99,seg_neutrophil
8083,42,52,117,96,lymphocyte
8084,60,58,81,84,lymphocyte
8085,55,55,90,90,lymphocyte
8086,49,48,102,105,lymphocyte
8087,37,40,126,120,monocyte
8088,39,36,123,129,artifact
8089,42,61,117,78,artifact
8090,49,64,102,72,artifact
8091,49,76,102,48,artifact
8092,61,67,78,66,artifact
8093,40,6,120,123,monocyte
8094,60,57,81,87,lymphocyte
8095,67,63,66,75,lymphocyte
8096,58,57,84,87,lymphocyte
8097,54,83,93,72,lymphocyte
8098,43,46,114,108,eosinophil
8099,54,40,93,120,eosinophil
8100,45,52,111,96,seg_neutrophil
8101,43,52,114,96,band_neutrophil
8102,40,52,120,96,band_neutrophil
8103,57,54,87,93,lymphocyte
8104,33,42,135,117,monocyte
8105,69,63,63,75,artifact
8106,40,42,120,117,artifact
8107,37,43,126,114,monocyte
8108,48,45,105,111,band_neutrophil
8109,40,46,120,108,monocyte
8110,54,55,93,90,lymphocyte
8111,52,60,96,81,lymphocyte
8112,45,48,111,105,smudge
8113,42,48,117,105,band_neutrophil
8114,51,48,99,105,seg_neutrophil
8115,51,55,99,90,seg_neutrophil
8116,63,58,75,84,artifact
8117,67,63,66,75,artifact
8118,57,60,87,81,lymphocyte
8119,49,48,102,105,seg_neutrophil
8120,45,45,111,111,eosinophil
8121,45,49,111,102,basophil
8122,37,22,126,156,agg_plt
8123,61,61,78,78,lymphocyte
8124,15,19,171,162,artifact
8125,51,45,99,111,agg_plt
8126,51,57,99,87,lymphocyte
8127,30,36,141,129,monocyte
8128,33,52,135,96,eosinophil
8129,39,48,123,105,eosinophil
8130,55,61,90,78,lymphocyte
8131,40,43,120,114,eosinophil
8132,43,46,114,108,monocyte
8133,67,25,66,150,artifact
8134,52,28,96,144,artifact
8135,42,28,117,144,eosinophil
8136,58,60,84,81,lymphocyte
8137,54,55,93,90,seg_neutrophil
8138,49,46,102,108,seg_neutrophil
8139,48,52,105,96,basophil
8140,40,43,120,114,monocyte
8141,46,51,108,99,seg_neutrophil
8142,37,43,126,114,monocyte
8143,48,49,105,102,band_neutrophil
8144,52,55,96,90,lymphocyte
8145,52,45,96,111,monocyte
8146,42,48,117,105,eosinophil
8147,43,52,114,96,eosinophil
8148,33,62,135,126,monocyte
8149,55,61,90,78,lymphocyte
8150,49,57,102,87,band_neutrophil
8151,60,58,81,84,lymphocyte
8152,52,54,96,93,lymphocyte
8153,51,51,99,99,band_neutrophil
8154,61,55,78,90,lymphocyte
8155,49,58,102,84,lymphocyte
8156,52,60,96,81,lymphocyte
8157,40,42,120,117,monocyte
8158,48,48,105,105,eosinophil
8159,60,49,81,102,lymphocyte
8160,52,71,96,72,artifact
8161,13,29,174,147,artifact
8162,39,-12,123,225,artifact
8163,58,34,84,132,artifact
8164,37,40,126,120,monocyte
8165,46,52,108,96,seg_neutrophil
8166,45,58,111,84,artifact
8167,57,51,87,99,lymphocyte
8168,37,40,126,120,monocyte
8169,58,57,84,87,lymphocyte
8170,39,42,123,117,band_neutrophil
8171,45,46,111,108,band_neutrophil
8172,43,43,114,114,band_neutrophil
8173,60,60,81,81,lymphocyte
8174,48,49,105,102,band_neutrophil
8175,45,43,111,114,myelocyte
8176,45,42,111,117,metamyelocyte
8177,33,31,135,138,myelocyte
8178,45,49,111,102,band_neutrophil
8179,45,42,111,117,band_neutrophil
8180,48,43,105,114,band_neutrophil
8181,55,39,90,123,artifact
8182,42,45,117,111,seg_neutrophil
8183,49,92,102,99,seg_neutrophil
8184,61,58,78,84,lymphocyte
8185,46,46,108,108,band_neutrophil
8186,48,27,105,132,myelocyte
8187,46,62,108,105,band_neutrophil
8188,45,39,111,123,band_neutrophil
8189,34,46,132,108,myelocyte
8190,46,49,108,102,band_neutrophil
8191,54,51,93,99,seg_neutrophil
8192,42,27,117,108,band_neutrophil
8193,61,61,78,78,lymphocyte
8194,60,57,81,87,lymphocyte
8195,49,40,102,120,seg_neutrophil
8196,33,39,135,123,myelocyte
8197,46,43,108,114,myelocyte
8198,46,42,108,117,monocyte
8199,43,40,114,120,monocyte
8200,42,36,117,129,seg_neutrophil
8201,37,57,126,87,myelocyte
8202,60,52,81,96,lymphocyte
8203,39,46,123,108,band_neutrophil
8204,39,34,123,132,myelocyte
8205,68,39,99,123,seg_neutrophil
8206,55,39,90,123,seg_neutrophil
8207,43,51,114,99,seg_neutrophil
8208,49,45,102,111,band_neutrophil
8209,75,49,51,102,lymphocyte
8210,37,40,126,120,metamyelocyte
8211,31,28,138,144,myelocyte
8212,67,69,66,63,lymphocyte
8213,42,52,117,96,band_neutrophil
8214,34,46,132,108,band_neutrophil
8215,64,64,72,72,lymphocyte
8216,60,60,81,81,lymphocyte
8217,51,52,99,96,seg_neutrophil
8218,51,39,99,123,band_neutrophil
8219,64,63,72,75,lymphocyte
8220,54,46,93,108,band_neutrophil
8221,46,33,108,114,seg_neutrophil
8222,46,48,108,105,band_neutrophil
8223,37,43,126,114,monocyte
8224,49,42,102,117,myelocyte
8225,40,45,120,111,band_neutrophil
8226,48,52,105,96,band_neutrophil
8227,46,9,108,117,myelocyte
8228,34,46,132,108,myelocyte
8229,45,46,111,108,band_neutrophil
8230,48,40,105,120,seg_neutrophil
8231,49,45,102,111,monocyte
8232,48,49,105,102,seg_neutrophil
8233,45,43,111,114,band_neutrophil
8234,46,51,108,99,band_neutrophil
8235,61,58,78,84,lymphocyte
8236,6,48,126,105,seg_neutrophil
8237,40,45,120,111,metamyelocyte
8238,43,42,114,117,metamyelocyte
8239,40,43,120,114,band_neutrophil
8240,42,48,117,105,band_neutrophil
8241,40,49,120,102,band_neutrophil
8242,45,37,111,126,myelocyte
8243,62,49,129,102,myelocyte
8244,43,43,114,114,seg_neutrophil
8245,45,36,111,129,myelocyte
8246,63,60,75,81,lymphocyte
8247,48,48,105,105,band_neutrophil
8248,31,36,138,129,myelocyte
8249,51,58,99,84,band_neutrophil
8250,61,61,78,78,lymphocyte
8251,54,45,93,111,seg_neutrophil
8252,51,37,99,126,band_neutrophil
8253,57,55,87,90,lymphocyte
8254,52,42,96,117,band_neutrophil
8255,40,49,120,102,band_neutrophil
8256,60,57,81,87,lymphocyte
8257,58,42,84,117,metamyelocyte
8258,40,46,120,108,band_neutrophil
8259,49,45,102,111,band_neutrophil
8260,54,64,93,72,monocyte
8261,43,21,114,138,seg_neutrophil
8262,48,37,105,126,band_neutrophil
8263,49,57,102,87,immature_wbc
8264,49,55,102,90,metamyelocyte
8265,43,55,114,90,seg_neutrophil
8266,42,51,117,99,seg_neutrophil
8267,39,48,123,105,seg_neutrophil
8268,27,43,147,114,myelocyte
8269,48,34,105,132,monocyte
8270,46,37,108,126,band_neutrophil
8271,48,40,105,120,band_neutrophil
8272,63,54,75,93,lymphocyte
8273,45,34,111,132,monocyte
8274,57,55,87,90,band_neutrophil
8275,43,51,114,99,band_neutrophil
8276,57,55,87,90,lymphocyte
8277,52,43,96,114,seg_neutrophil
8278,42,39,117,99,myelocyte
8279,43,48,114,105,seg_neutrophil
8280,51,49,99,102,lymphocyte
8281,60,70,81,60,lymphocyte
8282,48,45,105,111,monocyte
8283,39,33,123,135,seg_neutrophil
8284,46,40,108,120,band_neutrophil
8285,39,43,123,114,seg_neutrophil
8286,45,51,111,99,seg_neutrophil
8287,37,30,126,141,myelocyte
8288,45,52,111,96,band_neutrophil
8289,45,43,111,114,seg_neutrophil
8290,45,39,111,123,seg_neutrophil
8291,37,43,126,114,band_neutrophil
8292,46,48,108,105,seg_neutrophil
8293,43,40,114,120,myelocyte
8294,54,43,93,114,seg_neutrophil
8295,46,48,108,105,myelocyte
8296,49,43,102,114,band_neutrophil
8297,48,36,105,96,metamyelocyte
8298,48,39,105,123,myelocyte
8299,49,52,102,96,seg_neutrophil
8300,61,60,78,81,lymphocyte
8301,49,48,102,105,seg_neutrophil
8302,40,46,120,108,monocyte
8303,39,52,123,96,band_neutrophil
8304,40,49,120,102,band_neutrophil
8305,45,71,111,102,lymphocyte
8306,57,52,87,96,lymphocyte
8307,34,30,132,141,myelocyte
8308,46,45,108,111,metamyelocyte
8309,34,33,132,135,band_neutrophil
8310,40,37,120,126,monocyte
8311,43,49,114,102,band_neutrophil
8312,45,52,111,96,metamyelocyte
8313,48,51,105,99,seg_neutrophil
8314,61,66,78,69,n_rbc
8315,49,46,102,108,metamyelocyte
8316,43,52,114,96,band_neutrophil
8317,40,3,120,99,metamyelocyte
8318,60,51,81,81,lymphocyte
8319,51,51,99,99,band_neutrophil
8320,52,49,96,102,seg_neutrophil
8321,49,51,102,99,seg_neutrophil
8322,67,64,66,72,lymphocyte
8323,49,39,102,123,metamyelocyte
8324,60,57,81,87,lymphocyte
8325,48,49,105,102,seg_neutrophil
8326,43,51,114,99,myelocyte
8327,39,40,123,120,myelocyte
8328,46,45,108,111,band_neutrophil
8329,57,48,87,105,lymphocyte
8330,48,49,105,102,myelocyte
8331,45,46,111,108,seg_neutrophil
8332,45,49,111,102,seg_neutrophil
8333,45,42,111,117,monocyte
8334,60,61,81,78,lymphocyte
8335,42,45,117,111,metamyelocyte
8336,49,40,102,120,band_neutrophil
8337,34,43,132,114,band_neutrophil
8338,43,46,114,108,band_neutrophil
8339,40,48,120,105,myelocyte
8340,60,57,81,87,lymphocyte
8341,48,37,105,126,band_neutrophil
8342,42,40,117,120,band_neutrophil
8343,30,59,120,102,seg_neutrophil
8344,46,42,108,117,seg_neutrophil
8345,42,51,117,99,seg_neutrophil
8346,42,21,117,111,band_neutrophil
8347,40,48,120,105,band_neutrophil
8348,58,54,84,93,lymphocyte
8349,31,40,138,120,myelocyte
8350,48,83,105,105,band_neutrophil
8351,40,46,120,108,band_neutrophil
8352,45,40,111,120,band_neutrophil
8353,42,39,117,123,myelocyte
8354,46,36,108,129,seg_neutrophil
8355,49,57,102,84,lymphocyte
8356,37,48,126,105,myelocyte
8357,46,49,108,102,seg_neutrophil
8358,42,45,117,111,band_neutrophil
8359,42,40,117,120,myelocyte
8360,42,51,117,99,band_neutrophil
8361,45,45,111,111,seg_neutrophil
8362,54,45,93,111,myelocyte
8363,42,46,117,108,eosinophil
8364,6,45,189,111,smudge
8365,57,58,87,84,lymphocyte
8366,37,36,126,129,monocyte
8367,58,51,84,99,lymphocyte
8368,55,49,90,102,lymphocyte
8369,48,54,105,93,seg_neutrophil
8370,45,49,111,102,lymphocyte
8371,51,57,99,87,smudge
8372,3,55,99,90,lymphocyte
8373,54,65,93,96,lymphocyte
8374,55,65,90,96,lymphocyte
8375,40,58,120,84,smudge
8376,43,37,114,126,eosinophil
8377,64,64,72,72,lymphocyte
8378,46,48,108,105,seg_neutrophil
8379,54,52,93,96,lymphocyte
8380,51,66,99,69,smudge
8381,57,51,87,99,lymphocyte
8382,57,52,87,96,lymphocyte
8383,46,45,108,111,seg_neutrophil
8384,57,52,87,96,lymphocyte
8385,55,63,90,75,lymphocyte
8386,63,52,75,96,lymphocyte
8387,46,49,108,102,seg_neutrophil
8388,61,113,78,66,lymphocyte
8389,64,60,72,81,lymphocyte
8390,52,43,96,114,seg_neutrophil
8391,43,51,114,99,seg_neutrophil
8392,52,40,96,120,seg_neutrophil
8393,58,63,84,75,lymphocyte
8394,64,60,72,81,lymphocyte
8395,34,25,132,150,smudge
8396,9,48,117,105,seg_neutrophil
8397,66,58,69,84,lymphocyte
8398,60,61,81,78,lymphocyte
8399,45,49,111,102,seg_neutrophil
8400,43,6,114,117,monocyte
8401,95,40,102,120,lymphocyte
8402,60,52,81,96,lymphocyte
8403,49,43,102,114,smudge
8404,57,63,87,75,lymphocyte
8405,52,45,96,111,seg_neutrophil
8406,34,37,132,126,lymphocyte
8407,51,55,99,90,lymphocyte
8408,51,55,99,90,smudge
8409,60,54,81,93,lymphocyte
8410,48,55,105,90,lymphocyte
8411,54,58,93,84,lymphocyte
8412,58,48,84,105,lymphocyte
8413,45,34,111,132,monocyte
8414,46,43,108,114,lymphocyte
8415,41,49,120,102,lymphocyte
8416,40,48,120,105,eosinophil
8417,51,57,99,87,lymphocyte
8418,61,52,78,96,lymphocyte
8419,60,58,81,84,lymphocyte
8420,60,52,81,96,lymphocyte
8421,52,57,96,87,smudge
8422,54,54,93,93,lymphocyte
8423,55,57,90,87,lymphocyte
8424,55,57,90,87,lymphocyte
8425,49,55,102,90,lymphocyte
8426,63,57,75,87,lymphocyte
8427,52,54,96,93,lymphocyte
8428,39,51,123,99,seg_neutrophil
8429,57,55,87,90,lymphocyte
8430,60,57,81,87,lymphocyte
8431,42,39,117,123,lymphocyte
8432,54,54,93,93,lymphocyte
8433,45,49,111,102,seg_neutrophil
8434,57,57,87,87,lymphocyte
8435,49,46,102,108,lymphocyte
8436,51,48,99,105,lymphocyte
8437,46,48,108,105,seg_neutrophil
8438,60,60,81,81,lymphocyte
8439,60,61,81,78,lymphocyte
8440,54,52,93,96,seg_neutrophil
8441,52,31,96,138,smudge
8442,12,15,177,171,smudge
8443,51,43,99,114,lymphocyte
8444,54,61,93,78,smudge
8445,52,76,96,48,smudge
8446,58,69,84,63,smudge
8447,58,55,84,90,lymphocyte
8448,46,45,108,111,band_neutrophil
8449,63,57,75,87,lymphocyte
8450,51,54,99,93,lymphocyte
8451,52,51,96,99,lymphocyte
8452,61,86,78,111,lymphocyte
8453,46,48,108,105,seg_neutrophil
8454,52,49,96,102,lymphocyte
8455,92,54,87,93,lymphocyte
8456,64,48,72,105,lymphocyte
8457,55,58,90,84,lymphocyte
8458,48,68,105,102,lymphocyte
8459,40,49,120,102,seg_neutrophil
8460,49,48,102,105,seg_neutrophil
8461,55,36,90,90,lymphocyte
8462,63,45,75,111,lymphocyte
8463,33,66,69,69,lymphocyte
8464,58,58,84,84,lymphocyte
8465,48,49,105,102,lymphocyte
8466,60,55,81,90,lymphocyte
8467,54,46,93,108,lymphocyte
8468,54,54,93,93,lymphocyte
8469,39,40,123,120,monocyte
8470,55,36,90,129,smudge
8471,58,33,84,135,smudge
8472,48,57,105,87,lymphocyte
8473,63,60,75,81,lymphocyte
8474,51,52,99,96,lymphocyte
8475,69,60,63,81,smudge
8476,67,51,66,99,lymphocyte
8477,51,51,99,99,lymphocyte
8478,63,61,75,78,lymphocyte
8479,55,49,90,102,lymphocyte
8480,54,63,93,75,lymphocyte
8481,58,55,84,90,lymphocyte
8482,43,49,114,102,seg_neutrophil
8483,54,39,93,123,lymphocyte
8484,51,45,99,111,lymphocyte
8485,43,39,114,123,metamyelocyte
8486,49,49,102,102,seg_neutrophil
8487,51,51,99,99,lymphocyte
8488,65,49,108,102,seg_neutrophil
8489,57,42,87,117,band_neutrophil
8490,55,48,90,105,eosinophil
8491,40,57,120,87,band_neutrophil
8492,42,52,117,96,band_neutrophil
8493,43,46,114,108,band_neutrophil
8494,43,36,114,129,band_neutrophil
8495,39,21,123,159,myelocyte
8496,46,49,108,102,seg_neutrophil
8497,45,57,111,87,seg_neutrophil
8498,46,56,108,105,seg_neutrophil
8499,52,46,96,108,band_neutrophil
8500,49,52,102,96,seg_neutrophil
8501,57,46,87,108,seg_neutrophil
8502,30,43,141,114,band_neutrophil
8503,43,43,114,114,seg_neutrophil
8504,46,51,108,99,seg_neutrophil
8505,40,52,120,96,seg_neutrophil
8506,75,54,51,93,smudge
8507,37,42,126,117,seg_neutrophil
8508,46,46,108,108,metamyelocyte
8509,63,64,75,72,lymphocyte
8510,43,34,114,132,band_neutrophil
8511,57,54,87,93,seg_neutrophil
8512,42,52,117,96,seg_neutrophil
8513,51,55,99,90,seg_neutrophil
8514,34,46,132,108,metamyelocyte
8515,33,36,135,120,metamyelocyte
8516,51,43,99,114,metamyelocyte
8517,48,45,105,111,band_neutrophil
8518,54,43,93,114,seg_neutrophil
8519,46,49,108,102,seg_neutrophil
8520,49,54,102,93,seg_neutrophil
8521,42,51,117,99,band_neutrophil
8522,42,46,117,108,band_neutrophil
8523,48,40,105,120,eosinophil
8524,52,49,96,102,seg_neutrophil
8525,42,49,117,102,seg_neutrophil
8526,59,46,120,108,band_neutrophil
8527,39,40,123,120,band_neutrophil
8528,42,43,117,114,seg_neutrophil
8529,45,37,111,126,band_neutrophil
8530,40,49,120,102,seg_neutrophil
8531,51,55,99,90,seg_neutrophil
8532,43,71,114,96,band_neutrophil
8533,39,31,123,138,band_neutrophil
8534,51,48,99,105,band_neutrophil
8535,51,59,99,114,seg_neutrophil
8536,43,45,114,111,seg_neutrophil
8537,48,40,105,120,seg_neutrophil
8538,33,48,135,105,band_neutrophil
8539,48,43,105,114,band_neutrophil
8540,45,45,111,111,seg_neutrophil
8541,48,43,105,114,seg_neutrophil
8542,49,51,102,99,seg_neutrophil
8543,39,46,123,108,band_neutrophil
8544,37,33,126,135,band_neutrophil
8545,40,54,120,93,seg_neutrophil
8546,43,46,114,108,seg_neutrophil
8547,18,67,57,66,artifact
8548,48,42,105,117,seg_neutrophil
8549,42,34,117,132,seg_neutrophil
8550,34,42,132,117,myelocyte
8551,48,45,105,111,seg_neutrophil
8552,39,34,123,132,myelocyte
8553,43,37,114,126,band_neutrophil
8554,37,54,126,93,metamyelocyte
8555,40,51,120,99,seg_neutrophil
8556,75,15,51,96,artifact
8557,48,40,105,120,artifact
8558,42,40,117,120,seg_neutrophil
8559,37,42,126,117,band_neutrophil
8560,39,92,123,99,seg_neutrophil
8561,36,39,129,123,seg_neutrophil
8562,54,66,93,69,lymphocyte
8563,49,42,102,117,band_neutrophil
8564,37,42,126,117,metamyelocyte
8565,51,43,99,114,band_neutrophil
8566,45,43,111,114,seg_neutrophil
8567,51,51,99,99,seg_neutrophil
8568,37,48,126,105,seg_neutrophil
8569,57,60,87,81,lymphocyte
8570,33,36,135,129,seg_neutrophil
8571,46,42,108,117,seg_neutrophil
8572,42,46,117,108,seg_neutrophil
8573,48,42,105,117,seg_neutrophil
8574,42,51,117,99,seg_neutrophil
8575,43,65,114,93,seg_neutrophil
8576,53,48,108,105,seg_neutrophil
8577,54,46,93,108,seg_neutrophil
8578,37,33,126,135,seg_neutrophil
8579,45,46,111,108,band_neutrophil
8580,48,43,105,114,seg_neutrophil
8581,43,51,114,99,seg_neutrophil
8582,52,57,96,87,band_neutrophil
8583,48,37,105,126,band_neutrophil
8584,36,40,129,120,seg_neutrophil
8585,54,42,93,117,band_neutrophil
8586,51,57,99,87,seg_neutrophil
8587,45,46,111,108,band_neutrophil
8588,37,54,126,93,seg_neutrophil
8589,65,46,90,108,band_neutrophil
8590,54,46,93,108,immature_wbc
8591,49,49,102,102,lymphocyte
8592,30,25,141,150,seg_neutrophil
8593,34,45,132,111,metamyelocyte
8594,48,37,105,126,myelocyte
8595,45,74,111,114,band_neutrophil
8596,52,80,96,111,band_neutrophil
8597,46,39,108,123,band_neutrophil
8598,54,40,93,120,seg_neutrophil
8599,46,49,108,102,seg_neutrophil
8600,58,51,84,99,band_neutrophil
8601,37,46,126,108,band_neutrophil
8602,36,37,129,126,seg_neutrophil
8603,39,42,123,117,seg_neutrophil
8604,45,43,111,114,metamyelocyte
8605,46,42,108,117,seg_neutrophil
8606,46,49,108,102,seg_neutrophil
8607,43,42,114,117,seg_neutrophil
8608,46,48,108,105,seg_neutrophil
8609,37,45,126,111,monocyte
8610,52,49,96,102,seg_neutrophil
8611,52,58,96,84,seg_neutrophil
8612,36,31,129,138,band_neutrophil
8613,46,31,108,138,metamyelocyte
8614,40,43,120,114,seg_neutrophil
8615,31,42,138,117,myelocyte
8616,86,52,99,96,band_neutrophil
8617,42,43,117,114,band_neutrophil
8618,39,42,123,117,band_neutrophil
8619,49,45,102,111,band_neutrophil
8620,46,42,108,117,band_neutrophil
8621,42,43,117,114,myelocyte
8622,45,42,111,117,band_neutrophil
8623,68,101,111,87,metamyelocyte
8624,49,42,102,117,seg_neutrophil
8625,45,39,111,111,seg_neutrophil
8626,55,33,90,135,metamyelocyte
8627,42,39,117,123,seg_neutrophil
8628,42,37,117,126,band_neutrophil
8629,51,51,99,99,seg_neutrophil
8630,36,51,129,99,seg_neutrophil
8631,37,43,126,114,seg_neutrophil
8632,42,43,117,114,metamyelocyte
8633,34,40,132,120,seg_neutrophil
8634,46,37,108,126,seg_neutrophil
8635,58,55,84,90,lymphocyte
8636,64,64,72,72,lymphocyte
8637,58,45,84,90,lymphocyte
8638,40,45,120,111,lymphocyte
8639,66,63,69,75,lymphocyte
8640,58,49,84,102,seg_neutrophil
8641,57,57,87,87,myelocyte
8642,60,52,81,96,lymphocyte
8643,58,54,84,93,lymphocyte
8644,63,64,75,72,lymphocyte
8645,60,57,81,87,lymphocyte
8646,37,52,126,96,seg_neutrophil
8647,49,51,102,99,myelocyte
8648,45,48,111,105,seg_neutrophil
8649,61,61,78,78,lymphocyte
8650,46,39,108,114,myelocyte
8651,58,58,84,84,lymphocyte
8652,57,63,87,75,lymphocyte
8653,58,49,84,102,lymphocyte
8654,54,54,93,93,lymphocyte
8655,57,45,87,111,lymphocyte
8656,45,42,111,117,monocyte
8657,57,57,87,87,lymphocyte
8658,60,63,81,75,lymphocyte
8659,39,46,123,108,metamyelocyte
8660,57,55,87,90,lymphocyte
8661,42,51,117,99,monocyte
8662,61,51,78,99,lymphocyte
8663,48,3,105,195,smudge
8664,48,51,90,99,lymphocyte
8665,48,57,105,87,artifact
8666,49,43,102,114,seg_neutrophil
8667,54,60,93,81,lymphocyte
8668,51,45,99,105,seg_neutrophil
8669,48,49,105,102,seg_neutrophil
8670,58,54,84,93,lymphocyte
8671,39,48,123,105,seg_neutrophil
8672,57,57,87,87,lymphocyte
8673,55,55,90,90,lymphocyte
8674,54,55,93,90,lymphocyte
8675,46,51,108,99,seg_neutrophil
8676,60,58,81,84,lymphocyte
8677,58,67,84,66,lymphocyte
8678,69,66,63,69,lymphocyte
8679,55,57,90,87,lymphocyte
8680,37,46,126,108,monocyte
8681,31,37,138,126,smudge
8682,55,58,90,84,lymphocyte
8683,45,45,111,111,band_neutrophil
8684,55,51,90,99,lymphocyte
8685,42,46,117,108,seg_neutrophil
8686,67,63,66,75,lymphocyte
8687,52,45,96,111,band_neutrophil
8688,55,61,90,78,lymphocyte
8689,58,57,84,87,lymphocyte
8690,54,51,93,99,lymphocyte
8691,61,66,78,69,lymphocyte
8692,55,64,90,72,lymphocyte
8693,45,51,111,99,band_neutrophil
8694,39,51,123,99,metamyelocyte
8695,45,57,111,87,lymphocyte
8696,45,34,111,132,seg_neutrophil
8697,46,43,108,114,smudge
8698,58,60,84,81,lymphocyte
8699,61,57,78,87,lymphocyte
8700,55,43,90,114,lymphocyte
8701,49,46,102,108,lymphocyte
8702,37,39,126,123,seg_neutrophil
8703,42,51,90,99,lymphocyte
8704,46,42,108,117,myelocyte
8705,61,63,78,75,lymphocyte
8706,43,9,114,183,smudge
8707,61,33,78,81,lymphocyte
8708,51,43,99,114,seg_neutrophil
8709,63,60,75,81,lymphocyte
8710,48,45,105,111,seg_neutrophil
8711,57,54,87,93,lymphocyte
8712,51,63,99,75,lymphocyte
8713,51,55,99,90,lymphocyte
8714,74,43,105,114,seg_neutrophil
8715,64,57,72,87,lymphocyte
8716,63,51,75,75,lymphocyte
8717,51,48,99,105,lymphocyte
8718,64,60,72,81,lymphocyte
8719,39,42,123,117,myelocyte
8720,63,58,75,84,lymphocyte
8721,43,39,114,123,seg_neutrophil
8722,49,46,102,108,myelocyte
8723,64,64,72,72,lymphocyte
8724,48,46,105,108,myelocyte
8725,40,52,120,96,seg_neutrophil
8726,45,37,111,126,seg_neutrophil
8727,58,61,84,78,lymphocyte
8728,55,63,90,75,lymphocyte
8729,67,68,66,102,lymphocyte
8730,66,54,69,93,lymphocyte
8731,61,61,78,78,lymphocyte
8732,57,45,87,111,band_neutrophil
8733,58,60,84,81,lymphocyte
8734,64,63,72,75,lymphocyte
8735,49,55,102,90,metamyelocyte
8736,57,48,87,105,lymphocyte
8737,60,55,81,90,lymphocyte
8738,60,61,81,78,lymphocyte
8739,57,60,87,81,lymphocyte
8740,48,42,105,117,monocyte
8741,54,57,93,87,lymphocyte
8742,57,57,87,87,lymphocyte
8743,57,21,87,90,lymphocyte
8744,58,57,84,87,lymphocyte
8745,57,60,87,81,lymphocyte
8746,45,45,111,111,seg_neutrophil
8747,21,37,159,126,smudge
8748,64,66,72,69,lymphocyte
8749,66,63,69,75,lymphocyte
8750,57,98,87,72,lymphocyte
8751,28,31,144,138,smudge
8752,55,42,90,117,seg_neutrophil
8753,52,61,96,78,lymphocyte
8754,67,49,66,102,lymphocyte
8755,52,63,96,75,lymphocyte
8756,55,54,90,93,lymphocyte
8757,63,61,75,78,lymphocyte
8758,64,58,72,84,lymphocyte
8759,57,64,87,72,lymphocyte
8760,69,60,63,81,lymphocyte
8761,52,64,96,72,lymphocyte
8762,61,57,78,87,lymphocyte
8763,58,61,84,78,lymphocyte
8764,60,55,81,90,lymphocyte
8765,42,51,117,99,myelocyte
8766,57,58,87,84,lymphocyte
8767,42,36,117,129,seg_neutrophil
8768,48,33,105,135,smudge
8769,57,54,87,93,lymphocyte
8770,45,19,111,162,monocyte
8771,52,52,96,96,seg_neutrophil
8772,55,57,90,87,lymphocyte
8773,40,43,120,114,monocyte
8774,66,58,69,84,lymphocyte
8775,30,34,141,132,band_neutrophil
8776,63,55,75,90,lymphocyte
8777,58,61,84,78,lymphocyte
8778,60,60,81,81,lymphocyte
8779,63,64,75,72,lymphocyte
8780,37,39,126,123,monocyte
8781,57,61,87,78,lymphocyte
8782,67,66,66,69,lymphocyte
8783,58,58,84,84,lymphocyte
8784,52,49,96,102,lymphocyte
8785,61,61,78,78,lymphocyte
8786,66,63,69,75,lymphocyte
8787,58,57,84,87,lymphocyte
8788,67,63,66,75,lymphocyte
8789,57,61,87,78,lymphocyte
8790,61,51,78,72,lymphocyte
8791,43,48,114,105,lymphocyte
8792,63,57,75,87,lymphocyte
8793,71,64,81,72,lymphocyte
8794,48,42,105,117,seg_neutrophil
8795,57,60,87,81,lymphocyte
8796,58,55,84,90,lymphocyte
8797,60,57,81,87,lymphocyte
8798,61,60,78,81,lymphocyte
8799,58,63,84,75,lymphocyte
8800,45,48,111,105,myelocyte
8801,57,60,87,81,lymphocyte
8802,52,52,96,96,lymphocyte
8803,61,21,78,102,lymphocyte
8804,51,62,99,126,myelocyte
8805,60,67,81,66,lymphocyte
8806,43,40,114,120,monocyte
8807,61,63,78,75,lymphocyte
8808,45,42,111,117,seg_neutrophil
8809,52,52,96,96,band_neutrophil
8810,57,63,87,75,lymphocyte
8811,42,37,117,126,myelocyte
8812,49,57,102,87,lymphocyte
8813,60,67,81,66,lymphocyte
8814,77,58,93,84,lymphocyte
8815,51,52,99,96,lymphocyte
8816,64,69,72,63,lymphocyte
8817,57,49,87,102,lymphocyte
8818,40,36,120,129,smudge
8819,54,45,93,111,lymphocyte
8820,58,60,84,81,lymphocyte
8821,58,61,84,78,lymphocyte
8822,52,55,96,90,lymphocyte
8823,57,57,87,87,abnormal_lymphocyte
8824,60,60,81,81,abnormal_lymphocyte
8825,61,63,78,75,abnormal_lymphocyte
8826,63,58,75,84,abnormal_lymphocyte
8827,101,52,72,96,abnormal_lymphocyte
8828,40,39,120,123,band_neutrophil
8829,58,57,84,87,abnormal_lymphocyte
8830,58,60,84,81,abnormal_lymphocyte
8831,58,63,84,75,abnormal_lymphocyte
8832,60,61,81,78,lymphocyte
8833,61,67,78,66,abnormal_lymphocyte
8834,63,64,75,72,abnormal_lymphocyte
8835,64,61,72,78,abnormal_lymphocyte
8836,60,69,81,63,abnormal_lymphocyte
8837,58,61,84,78,abnormal_lymphocyte
8838,58,39,84,84,abnormal_lymphocyte
8839,60,63,81,75,abnormal_lymphocyte
8840,60,66,81,69,abnormal_lymphocyte
8841,55,55,90,90,abnormal_lymphocyte
8842,51,55,99,90,lymphocyte
8843,39,39,123,123,monocyte
8844,51,15,99,117,smudge
8845,58,63,84,75,abnormal_lymphocyte
8846,54,66,93,69,abnormal_lymphocyte
8847,52,63,96,75,abnormal_lymphocyte
8848,66,67,69,66,abnormal_lymphocyte
8849,57,57,87,87,abnormal_lymphocyte
8850,60,64,81,72,abnormal_lymphocyte
8851,60,63,81,75,lymphocyte
8852,46,48,108,105,band_neutrophil
8853,52,49,96,102,basophil
8854,63,60,75,81,abnormal_lymphocyte
8855,66,64,69,72,abnormal_lymphocyte
8856,57,58,87,84,abnormal_lymphocyte
8857,63,61,75,78,abnormal_lymphocyte
8858,61,58,78,84,abnormal_lymphocyte
8859,51,48,99,105,lymphocyte
8860,63,60,75,81,abnormal_lymphocyte
8861,60,60,81,81,abnormal_lymphocyte
8862,60,57,81,87,abnormal_lymphocyte
8863,27,61,147,78,smudge
8864,43,55,114,90,smudge
8865,61,61,78,78,abnormal_lymphocyte
8866,60,60,81,81,abnormal_lymphocyte
8867,60,64,81,72,abnormal_lymphocyte
8868,58,45,84,111,lymphocyte
8869,58,64,84,72,abnormal_lymphocyte
8870,52,58,96,84,smudge
8871,72,66,57,69,abnormal_lymphocyte
8872,57,58,87,84,abnormal_lymphocyte
8873,60,64,81,72,abnormal_lymphocyte
8874,58,67,84,66,abnormal_lymphocyte
8875,63,57,75,87,abnormal_lymphocyte
8876,58,55,84,90,abnormal_lymphocyte
8877,61,64,78,72,abnormal_lymphocyte
8878,63,67,75,66,abnormal_lymphocyte
8879,64,67,72,66,abnormal_lymphocyte
8880,60,64,81,72,abnormal_lymphocyte
8881,58,58,84,84,abnormal_lymphocyte
8882,63,63,75,75,abnormal_lymphocyte
8883,61,66,78,69,abnormal_lymphocyte
8884,58,57,84,87,abnormal_lymphocyte
8885,52,49,96,102,seg_neutrophil
8886,67,80,66,75,abnormal_lymphocyte
8887,63,67,75,66,abnormal_lymphocyte
8888,49,57,102,87,lymphocyte
8889,60,61,81,78,abnormal_lymphocyte
8890,61,63,78,75,abnormal_lymphocyte
8891,55,58,90,84,abnormal_lymphocyte
8892,61,63,78,75,abnormal_lymphocyte
8893,67,60,66,81,abnormal_lymphocyte
8894,63,61,75,78,lymphocyte
8895,37,45,126,111,smudge
8896,46,70,108,60,smudge
8897,55,57,90,87,abnormal_lymphocyte
8898,60,63,81,75,abnormal_lymphocyte
8899,67,57,66,87,abnormal_lymphocyte
8900,58,54,84,93,abnormal_lymphocyte
8901,33,10,135,180,smudge
8902,39,64,69,72,abnormal_lymphocyte
8903,61,63,78,75,abnormal_lymphocyte
8904,45,43,111,114,smudge
8905,13,30,174,141,smudge
8906,60,60,81,81,abnormal_lymphocyte
8907,57,64,87,72,abnormal_lymphocyte
8908,58,69,84,63,abnormal_lymphocyte
8909,58,66,84,69,abnormal_lymphocyte
8910,63,80,75,69,smudge
8911,58,51,84,99,smudge
8912,57,52,87,96,abnormal_lymphocyte
8913,61,61,78,78,abnormal_lymphocyte
8914,67,64,66,72,g_plt
8915,43,48,114,105,seg_neutrophil
8916,60,60,81,81,abnormal_lymphocyte
8917,51,40,99,120,band_neutrophil
8918,63,64,75,72,lymphocyte
8919,66,58,69,84,abnormal_lymphocyte
8920,39,40,123,120,seg_neutrophil
8921,64,52,72,96,abnormal_lymphocyte
8922,55,58,90,84,lymphocyte
8923,63,61,75,78,abnormal_lymphocyte
8924,63,49,75,102,lymphocyte
8925,64,60,72,81,lymphocyte
8926,60,58,81,84,lymphocyte
8927,57,55,87,90,abnormal_lymphocyte
8928,64,60,72,81,abnormal_lymphocyte
8929,63,60,75,81,abnormal_lymphocyte
8930,60,61,81,78,abnormal_lymphocyte
8931,61,60,78,81,abnormal_lymphocyte
8932,48,49,105,102,lymphocyte
8933,51,51,99,99,abnormal_lymphocyte
8934,60,66,81,69,lymphocyte
8935,60,61,81,78,lymphocyte
8936,64,63,72,75,abnormal_lymphocyte
8937,39,49,123,102,seg_neutrophil
8938,36,40,129,120,monocyte
8939,45,39,111,123,seg_neutrophil
8940,60,64,81,72,abnormal_lymphocyte
8941,61,61,78,78,abnormal_lymphocyte
8942,54,51,93,99,abnormal_lymphocyte
8943,60,63,81,75,lymphocyte
8944,113,67,63,66,g_plt
8945,58,66,84,69,abnormal_lymphocyte
8946,57,63,87,75,abnormal_lymphocyte
8947,57,12,87,75,abnormal_lymphocyte
8948,46,49,108,102,lymphocyte
8949,49,65,102,78,abnormal_lymphocyte
8950,58,60,84,81,lymphocyte
8951,51,55,99,90,lymphocyte
8952,67,52,66,96,abnormal_lymphocyte
8953,61,66,78,69,abnormal_lymphocyte
8954,57,58,87,84,abnormal_lymphocyte
8955,52,57,96,87,lymphocyte
8956,66,67,69,66,abnormal_lymphocyte
8957,63,63,75,75,abnormal_lymphocyte
8958,58,61,84,78,abnormal_lymphocyte
8959,58,54,84,93,abnormal_lymphocyte
8960,42,49,117,102,band_neutrophil
8961,58,71,84,99,smudge
8962,42,46,117,108,seg_neutrophil
8963,48,39,105,123,smudge
8964,46,49,108,102,monocyte
8965,58,55,84,90,abnormal_lymphocyte
8966,64,60,72,81,abnormal_lymphocyte
8967,55,57,90,87,abnormal_lymphocyte
8968,63,63,75,75,abnormal_lymphocyte
8969,61,24,78,78,abnormal_lymphocyte
8970,55,64,90,72,abnormal_lymphocyte
8971,61,63,78,75,abnormal_lymphocyte
8972,58,54,84,93,abnormal_lymphocyte
8973,63,64,75,72,abnormal_lymphocyte
8974,55,58,90,84,abnormal_lymphocyte
8975,63,63,75,75,abnormal_lymphocyte
8976,63,61,75,78,abnormal_lymphocyte
8977,61,65,78,84,abnormal_lymphocyte
8978,61,63,78,75,abnormal_lymphocyte
8979,64,54,72,93,abnormal_lymphocyte
8980,67,77,66,78,abnormal_lymphocyte
8981,9,54,87,93,lymphocyte
8982,58,61,84,78,abnormal_lymphocyte
8983,55,63,90,75,abnormal_lymphocyte
8984,63,60,75,81,abnormal_lymphocyte
8985,43,42,114,117,band_neutrophil
8986,57,40,87,120,smudge
8987,51,3,99,102,lymphocyte
8988,64,58,72,84,abnormal_lymphocyte
8989,45,51,111,99,seg_neutrophil
8990,13,28,174,144,smudge
8991,58,49,84,102,smudge
8992,60,63,81,75,abnormal_lymphocyte
8993,57,60,87,81,abnormal_lymphocyte
8994,58,55,84,90,abnormal_lymphocyte
8995,57,61,87,78,abnormal_lymphocyte
8996,64,57,72,87,abnormal_lymphocyte
8997,54,57,93,87,abnormal_lymphocyte
8998,61,63,78,75,abnormal_lymphocyte
8999,61,61,78,78,abnormal_lymphocyte
9000,60,64,81,72,abnormal_lymphocyte
9001,63,64,75,72,abnormal_lymphocyte
9002,51,24,99,132,smudge
9003,57,52,87,96,abnormal_lymphocyte
9004,60,18,81,102,abnormal_lymphocyte
9005,60,57,81,87,abnormal_lymphocyte
9006,64,57,72,87,abnormal_lymphocyte
9007,58,54,84,93,abnormal_lymphocyte
9008,55,66,90,69,abnormal_lymphocyte
9009,66,66,69,69,abnormal_lymphocyte
9010,64,67,72,66,abnormal_lymphocyte
9011,69,69,63,63,abnormal_lymphocyte
9012,46,30,108,141,artifact
9013,54,55,93,90,abnormal_lymphocyte
9014,58,57,84,87,abnormal_lymphocyte
9015,58,58,84,84,abnormal_lymphocyte
9016,57,42,87,75,abnormal_lymphocyte
9017,62,71,78,69,abnormal_lymphocyte
9018,61,57,78,87,lymphocyte
9019,57,55,87,90,lymphocyte
9020,46,77,108,108,monocyte
9021,52,55,96,90,monocyte
9022,54,57,93,87,lymphocyte
9023,49,36,102,129,immature_wbc
9024,60,46,81,108,artifact
9025,37,42,126,117,immature_wbc
9026,48,58,105,84,lymphocyte
9027,43,49,114,102,monocyte
9028,34,49,132,102,monocyte
9029,54,15,93,90,lymphocyte
9030,57,55,87,90,lymphocyte
9031,46,21,108,159,immature_wbc
9032,58,22,84,156,monocyte
9033,52,55,96,90,immature_wbc
9034,58,55,84,90,abnormal_lymphocyte
9035,55,54,90,93,lymphocyte
9036,48,39,105,123,immature_wbc
9037,64,64,72,72,lymphocyte
9038,3,36,120,129,monocyte
9039,60,60,81,81,lymphocyte
9040,57,61,87,78,lymphocyte
9041,58,55,84,90,monocyte
9042,39,46,123,108,monocyte
9043,43,50,114,126,monocyte
9044,39,40,123,120,monocyte
9045,43,52,114,96,monocyte
9046,60,63,81,75,lymphocyte
9047,58,39,84,93,lymphocyte
9048,54,63,93,75,abnormal_lymphocyte
9049,49,40,102,120,immature_wbc
9050,45,48,111,105,blast
9051,51,55,99,90,lymphocyte
9052,54,58,93,84,abnormal_lymphocyte
9053,45,64,78,72,lymphocyte
9054,28,39,144,123,immature_wbc
9055,40,40,120,120,monocyte
9056,25,58,150,84,monocyte
9057,45,60,111,81,immature_wbc
9058,54,55,93,90,lymphocyte
9059,51,43,99,114,immature_wbc
9060,49,36,102,129,monocyte
9061,61,57,78,87,lymphocyte
9062,40,54,120,93,immature_wbc
9063,70,57,60,87,artifact
9064,66,66,69,69,lymphocyte
9065,60,61,81,78,lymphocyte
9066,55,30,90,141,immature_wbc
9067,61,63,78,75,lymphocyte
9068,46,40,108,120,monocyte
9069,51,40,99,120,monocyte
9070,66,57,69,87,lymphocyte
9071,58,60,84,81,lymphocyte
9072,66,58,69,84,lymphocyte
9073,31,46,138,108,monocyte
9074,51,60,99,81,abnormal_lymphocyte
9075,49,60,102,81,lymphocyte
9076,55,58,90,84,lymphocyte
9077,52,30,96,141,immature_wbc
9078,63,54,75,93,lymphocyte
9079,52,36,96,129,immature_wbc
9080,55,66,90,69,lymphocyte
9081,52,49,96,102,lymphocyte
9082,59,51,90,99,lymphocyte
9083,65,33,126,135,immature_wbc
9084,55,52,90,96,lymphocyte
9085,55,60,90,81,lymphocyte
9086,61,57,78,87,lymphocyte
9087,48,68,105,114,monocyte
9088,52,54,96,93,lymphocyte
9089,33,51,108,99,monocyte
9090,51,42,99,117,immature_wbc
9091,60,63,81,75,lymphocyte
9092,54,45,93,111,monocyte
9093,113,63,84,75,lymphocyte
9094,57,61,87,78,lymphocyte
9095,42,42,117,117,monocyte
9096,61,46,78,108,blast
9097,49,48,102,105,immature_wbc
9098,52,46,96,108,blast
9099,51,33,99,135,monocyte
9100,46,22,108,156,monocyte
9101,45,37,111,126,immature_wbc
9102,54,52,93,96,lymphocyte
9103,46,31,108,138,immature_wbc
9104,55,9,90,93,lymphocyte
9105,55,55,90,90,blast
9106,43,37,114,126,immature_wbc
9107,60,58,81,84,lymphocyte
9108,57,60,87,81,lymphocyte
9109,58,61,84,78,lymphocyte
9110,12,55,93,90,blast
9111,51,13,99,174,monocyte
9112,54,48,93,105,lymphocyte
9113,39,46,123,108,monocyte
9114,48,54,105,93,monocyte
9115,46,54,108,93,monocyte
9116,63,61,75,78,lymphocyte
9117,46,92,108,105,immature_wbc
9118,58,42,84,99,immature_wbc
9119,33,57,135,87,immature_wbc
9120,52,58,96,84,lymphocyte
9121,31,52,138,96,monocyte
9122,45,48,111,105,monocyte
9123,12,55,96,90,lymphocyte
9124,45,39,111,123,monocyte
9125,57,51,87,99,lymphocyte
9126,58,58,84,84,lymphocyte
9127,34,40,132,120,blast
9128,46,45,108,111,lymphocyte
9129,46,49,108,102,immature_wbc
9130,54,55,93,90,lymphocyte
9131,57,61,87,78,lymphocyte
9132,54,63,93,75,lymphocyte
9133,54,57,93,87,lymphocyte
9134,60,61,81,78,lymphocyte
9135,67,58,66,84,lymphocyte
9136,45,36,111,129,monocyte
9137,55,52,90,96,lymphocyte
9138,57,55,87,90,lymphocyte
9139,45,43,111,114,monocyte
9140,54,43,93,114,monocyte
9141,54,12,93,96,lymphocyte
9142,43,45,114,111,blast
9143,48,52,105,96,seg_neutrophil
9144,57,61,87,78,lymphocyte
9145,57,61,87,78,lymphocyte
9146,45,18,111,117,immature_wbc
9147,40,49,120,102,monocyte
9148,57,54,87,93,blast
9149,52,57,96,87,blast
9150,42,42,117,117,immature_wbc
9151,57,49,87,102,lymphocyte
9152,58,61,84,78,lymphocyte
9153,57,54,87,93,smudge
9154,54,58,93,84,lymphocyte
9155,-32,-31,265,263,immature_wbc
9156,58,52,84,96,monocyte
9157,43,42,114,117,immature_wbc
9158,60,31,81,138,smudge
9159,39,46,123,108,monocyte
9160,52,49,96,102,immature_wbc
9161,58,55,84,90,lymphocyte
9162,51,43,99,114,immature_wbc
9163,40,42,120,117,immature_wbc
9164,57,49,87,102,smudge
9165,63,66,75,69,smudge
9166,45,49,111,102,monocyte
9167,60,55,81,90,lymphocyte
9168,49,37,102,126,immature_wbc
9169,51,36,99,129,immature_wbc
9170,49,42,102,117,lymphocyte
9171,51,48,99,105,monocyte
9172,46,104,108,93,monocyte
9173,63,57,75,87,lymphocyte
9174,55,55,90,90,lymphocyte
9175,52,46,96,108,lymphocyte
9176,45,45,111,111,immature_wbc
9177,48,52,105,96,monocyte
9178,57,55,87,90,lymphocyte
9179,51,45,99,111,immature_wbc
9180,45,51,111,99,immature_wbc
9181,52,54,96,93,lymphocyte
9182,46,52,108,96,immature_wbc
9183,43,59,114,93,monocyte
9184,52,45,96,111,immature_wbc
9185,54,49,93,102,lymphocyte
9186,61,61,78,78,lymphocyte
9187,49,40,102,120,monocyte
9188,55,45,90,111,immature_wbc
9189,40,61,120,78,immature_wbc
9190,61,51,78,99,lymphocyte
9191,54,54,93,93,lymphocyte
9192,40,54,120,93,immature_wbc
9193,55,52,90,96,blast
9194,48,46,105,108,immature_wbc
9195,55,57,90,87,blast
9196,48,58,105,84,lymphocyte
9197,37,46,126,108,monocyte
9198,52,57,96,87,lymphocyte
9199,48,51,105,99,seg_neutrophil
9200,51,29,99,147,monocyte
9201,49,49,102,102,lymphocyte
9202,48,57,105,87,lymphocyte
9203,61,57,78,87,blast
9204,52,51,96,99,monocyte
9205,37,48,126,105,immature_wbc
9206,54,52,93,96,blast
9207,55,51,90,99,blast
9208,45,45,111,111,monocyte
9209,49,55,102,90,monocyte
9210,52,51,96,99,blast
9211,39,36,90,129,monocyte
9212,39,40,123,120,immature_wbc
9213,49,34,102,132,immature_wbc
9214,46,45,108,111,immature_wbc
9215,58,57,84,87,lymphocyte
9216,49,48,102,105,immature_wbc
9217,49,18,102,165,monocyte
9218,55,55,90,90,lymphocyte
9219,57,63,87,75,lymphocyte
9220,42,33,117,135,immature_wbc
9221,45,40,111,120,smudge
9222,51,45,99,111,monocyte
9223,58,55,84,90,lymphocyte
9224,42,43,117,114,monocyte
9225,60,57,81,87,n_rbc
9226,54,57,93,87,monocyte
9227,39,54,123,93,seg_neutrophil
9228,48,51,105,99,seg_neutrophil
9229,55,57,90,87,monocyte
9230,42,51,117,99,monocyte
9231,57,46,87,108,myelocyte
9232,45,43,111,114,monocyte
9233,27,49,87,102,myelocyte
9234,52,54,96,93,lymphocyte
9235,48,49,105,102,lymphocyte
9236,48,51,105,99,myelocyte
9237,58,54,84,93,band_neutrophil
9238,45,51,111,99,myelocyte
9239,46,48,108,105,monocyte
9240,46,46,108,108,seg_neutrophil
9241,48,58,105,84,band_neutrophil
9242,49,51,102,99,myelocyte
9243,37,52,126,96,monocyte
9244,9,51,117,99,monocyte
9245,54,60,93,81,lymphocyte
9246,46,43,108,114,seg_neutrophil
9247,54,55,93,90,lymphocyte
9248,54,51,93,99,lymphocyte
9249,49,60,102,81,band_neutrophil
9250,49,45,102,111,metamyelocyte
9251,51,54,99,93,basophil
9252,55,64,90,72,seg_neutrophil
9253,45,55,111,90,monocyte
9254,58,60,84,81,band_neutrophil
9255,80,39,108,123,monocyte
9256,43,51,114,99,smudge
9257,43,48,114,105,smudge
9258,66,67,69,66,lymphocyte
9259,55,57,90,87,band_neutrophil
9260,45,43,111,114,band_neutrophil
9261,51,57,99,87,metamyelocyte
9262,33,55,135,90,monocyte
9263,48,51,105,99,seg_neutrophil
9264,61,61,78,78,seg_neutrophil
9265,39,65,123,108,monocyte
9266,46,54,108,93,seg_neutrophil
9267,42,48,117,105,monocyte
9268,54,40,93,120,smudge
9269,46,34,108,132,monocyte
9270,49,52,102,96,seg_neutrophil
9271,46,46,108,108,monocyte
9272,51,54,99,93,myelocyte
9273,54,52,93,96,band_neutrophil
9274,46,40,108,120,monocyte
9275,55,54,90,93,monocyte
9276,57,60,87,81,basophil
9277,49,54,102,93,monocyte
9278,43,51,114,99,metamyelocyte
9279,61,46,78,108,myelocyte
9280,46,57,108,87,metamyelocyte
9281,60,49,81,102,myelocyte
9282,52,52,96,96,monocyte
9283,45,52,111,96,monocyte
9284,63,55,75,90,band_neutrophil
9285,51,54,99,93,myelocyte
9286,60,57,81,87,monocyte
9287,55,60,90,81,band_neutrophil
9288,69,57,63,87,metamyelocyte
9289,49,57,102,87,basophil
9290,37,45,126,111,myelocyte
9291,45,46,111,108,monocyte
9292,42,46,117,108,myelocyte
9293,52,24,96,153,monocyte
9294,54,48,93,105,seg_neutrophil
9295,52,48,96,105,seg_neutrophil
9296,48,43,105,114,band_neutrophil
9297,37,43,126,114,myelocyte
9298,49,49,102,102,band_neutrophil
9299,46,60,108,81,monocyte
9300,45,51,111,99,monocyte
9301,48,46,105,108,monocyte
9302,46,54,108,93,monocyte
9303,48,52,105,96,band_neutrophil
9304,55,43,90,114,myelocyte
9305,49,95,102,87,band_neutrophil
9306,51,45,99,111,monocyte
9307,51,48,99,105,band_neutrophil
9308,49,54,102,93,myelocyte
9309,74,43,123,114,monocyte
9310,46,49,108,102,monocyte
9311,46,51,108,99,metamyelocyte
9312,45,57,111,87,band_neutrophil
9313,51,46,99,108,band_neutrophil
9314,52,55,96,90,smudge
9315,57,51,87,99,band_neutrophil
9316,51,49,99,102,basophil
9317,55,48,90,105,eosinophil
9318,45,57,111,87,band_neutrophil
9319,54,57,93,87,band_neutrophil
9320,12,51,102,99,band_neutrophil
9321,54,51,93,99,band_neutrophil
9322,46,51,108,99,monocyte
9323,42,57,117,87,seg_neutrophil
9324,51,42,99,117,monocyte
9325,46,48,108,105,monocyte
9326,55,52,90,96,myelocyte
9327,43,54,114,93,band_neutrophil
9328,42,49,117,102,monocyte
9329,55,46,90,108,monocyte
9330,55,54,90,93,metamyelocyte
9331,52,48,96,105,seg_neutrophil
9332,51,57,99,87,metamyelocyte
9333,55,45,90,111,myelocyte
9334,46,54,108,93,band_neutrophil
9335,51,58,99,84,basophil
9336,45,52,111,96,monocyte
9337,39,60,123,81,monocyte
9338,45,51,111,99,monocyte
9339,51,58,99,84,seg_neutrophil
9340,51,46,99,108,monocyte
9341,46,54,108,93,seg_neutrophil
9342,46,45,108,111,metamyelocyte
9343,46,54,108,93,myelocyte
9344,46,48,108,105,monocyte
9345,48,48,105,105,monocyte
9346,52,55,96,90,metamyelocyte
9347,45,58,93,84,basophil
9348,40,46,120,108,band_neutrophil
9349,57,63,87,75,lymphocyte
9350,51,55,99,90,monocyte
9351,52,54,96,93,band_neutrophil
9352,46,51,108,99,seg_neutrophil
9353,48,61,105,78,monocyte
9354,55,24,90,87,band_neutrophil
9355,52,49,96,102,band_neutrophil
9356,46,57,108,87,seg_neutrophil
9357,52,46,96,108,monocyte
9358,49,54,102,93,band_neutrophil
9359,63,33,75,72,lymphocyte
9360,58,58,84,84,band_neutrophil
9361,46,54,108,93,band_neutrophil
9362,55,49,90,102,monocyte
9363,57,54,87,93,band_neutrophil
9364,24,57,78,87,seg_neutrophil
9365,48,52,105,96,band_neutrophil
9366,61,57,78,87,seg_neutrophil
9367,40,54,120,93,monocyte
9368,55,61,90,78,monocyte
9369,52,54,96,93,band_neutrophil
9370,53,60,102,81,smudge
9371,21,46,93,108,band_neutrophil
9372,52,46,96,108,monocyte
9373,57,63,87,75,seg_neutrophil
9374,61,64,78,72,lymphocyte
9375,52,57,96,87,band_neutrophil
9376,58,64,84,72,band_neutrophil
9377,55,52,90,96,monocyte
9378,45,49,111,102,myelocyte
9379,63,55,75,90,lymphocyte
9380,53,42,105,117,monocyte
9381,48,64,105,72,eosinophil
9382,61,57,78,87,seg_neutrophil
9383,48,55,105,90,metamyelocyte
9384,57,40,87,120,band_neutrophil
9385,52,52,96,96,seg_neutrophil
9386,51,49,99,102,seg_neutrophil
9387,52,64,96,72,band_neutrophil
9388,52,51,96,99,seg_neutrophil
9389,55,54,90,93,band_neutrophil
9390,57,49,87,102,band_neutrophil
9391,55,60,90,81,blast
9392,55,69,90,63,band_neutrophil
9393,49,69,102,63,seg_neutrophil
9394,61,61,78,78,band_neutrophil
9395,66,98,69,87,lymphocyte
9396,46,51,108,99,band_neutrophil
9397,54,60,93,81,seg_neutrophil
9398,66,70,69,60,lymphocyte
9399,70,61,60,78,lymphocyte
9400,48,77,105,60,band_neutrophil
9401,48,58,105,84,band_neutrophil
9402,66,73,69,54,lymphocyte
9403,51,66,99,69,myelocyte
9404,43,45,114,111,myelocyte
9405,60,52,81,96,myelocyte
9406,48,48,105,105,myelocyte
9407,54,51,93,99,monocyte
9408,63,57,75,87,lymphocyte
9409,57,58,87,84,band_neutrophil
9410,40,77,120,90,monocyte
9411,60,67,81,66,lymphocyte
9412,64,60,72,81,lymphocyte
9413,55,54,90,93,seg_neutrophil
9414,49,49,102,102,seg_neutrophil
9415,55,55,90,90,lymphocyte
9416,63,6,75,93,lymphocyte
9417,101,66,72,69,lymphocyte
9418,51,64,99,72,lymphocyte
9419,60,60,81,81,lymphocyte
9420,55,57,90,87,lymphocyte
9421,51,54,99,93,seg_neutrophil
9422,57,51,87,99,lymphocyte
9423,61,54,78,93,lymphocyte
9424,51,51,99,99,lymphocyte
9425,58,61,84,78,lymphocyte
9426,61,66,78,69,lymphocyte
9427,58,64,84,72,lymphocyte
9428,63,63,75,75,lymphocyte
9429,58,57,84,87,lymphocyte
9430,42,66,81,69,lymphocyte
9431,69,58,63,84,lymphocyte
9432,51,60,99,81,lymphocyte
9433,46,37,108,126,lymphocyte
9434,64,66,72,69,lymphocyte
9435,42,46,117,108,monocyte
9436,67,72,66,57,lymphocyte
9437,58,61,84,78,lymphocyte
9438,57,72,87,57,lymphocyte
9439,58,61,84,78,lymphocyte
9440,49,57,102,87,seg_neutrophil
9441,57,60,87,81,lymphocyte
9442,54,45,93,111,seg_neutrophil
9443,66,63,69,75,lymphocyte
9444,54,58,93,84,lymphocyte
9445,54,49,93,102,basophil
9446,27,66,69,69,lymphocyte
9447,64,72,72,57,lymphocyte
9448,64,64,72,72,lymphocyte
9449,60,60,81,81,lymphocyte
9450,54,51,93,99,eosinophil
9451,54,66,93,69,lymphocyte
9452,58,66,84,69,lymphocyte
9453,57,54,87,93,lymphocyte
9454,52,55,96,90,lymphocyte
9455,52,61,96,78,lymphocyte
9456,54,55,93,90,seg_neutrophil
9457,67,66,66,69,lymphocyte
9458,55,58,90,84,lymphocyte
9459,43,45,114,111,monocyte
9460,49,58,102,84,lymphocyte
9461,60,66,81,69,lymphocyte
9462,3,55,84,90,lymphocyte
9463,58,63,84,75,lymphocyte
9464,66,64,69,72,lymphocyte
9465,54,74,93,87,lymphocyte
9466,101,63,72,75,lymphocyte
9467,61,66,78,69,lymphocyte
9468,61,67,78,66,lymphocyte
9469,57,55,87,90,lymphocyte
9470,58,60,84,81,lymphocyte
9471,48,125,105,72,lymphocyte
9472,57,60,87,81,lymphocyte
9473,57,101,87,84,lymphocyte
9474,58,57,84,87,lymphocyte
9475,64,55,72,90,lymphocyte
9476,63,71,75,84,lymphocyte
9477,57,64,87,72,lymphocyte
9478,45,39,111,123,smudge
9479,61,61,78,78,lymphocyte
9480,52,58,96,84,lymphocyte
9481,52,58,96,84,lymphocyte
9482,58,57,84,87,lymphocyte
9483,61,52,78,96,lymphocyte
9484,63,69,75,63,lymphocyte
9485,58,58,84,84,lymphocyte
9486,57,58,87,84,lymphocyte
9487,64,52,72,96,lymphocyte
9488,40,54,120,93,monocyte
9489,60,58,81,84,lymphocyte
9490,42,36,117,129,unk_wbc
9491,43,51,114,99,seg_neutrophil
9492,55,55,90,90,lymphocyte
9493,54,46,93,108,lymphocyte
9494,45,57,111,87,seg_neutrophil
9495,57,60,87,81,lymphocyte
9496,55,67,90,66,lymphocyte
9497,61,61,78,78,lymphocyte
9498,66,61,69,78,lymphocyte
9499,51,43,99,114,seg_neutrophil
9500,51,60,99,81,lymphocyte
9501,101,63,87,75,lymphocyte
9502,51,55,99,90,lymphocyte
9503,12,46,111,108,lymphocyte
9504,43,45,114,111,lymphocyte
9505,64,63,72,75,lymphocyte
9506,45,46,111,108,monocyte
9507,63,60,75,81,seg_neutrophil
9508,49,51,102,99,seg_neutrophil
9509,52,55,96,90,lymphocyte
9510,45,51,111,99,lymphocyte
9511,52,101,96,90,lymphocyte
9512,60,92,81,90,lymphocyte
9513,63,51,75,99,lymphocyte
9514,46,60,108,81,lymphocyte
9515,51,64,99,72,lymphocyte
9516,54,60,93,81,lymphocyte
9517,63,45,75,72,lymphocyte
9518,66,55,69,90,lymphocyte
9519,40,34,120,132,smudge
9520,63,60,75,81,lymphocyte
9521,60,54,81,93,lymphocyte
9522,55,63,90,75,lymphocyte
9523,58,57,84,87,lymphocyte
9524,48,43,105,114,seg_neutrophil
9525,55,51,90,99,lymphocyte
9526,58,61,84,78,lymphocyte
9527,66,110,69,75,lymphocyte
9528,61,55,78,90,lymphocyte
9529,54,51,93,99,lymphocyte
9530,70,67,60,66,lymphocyte
9531,64,64,72,72,lymphocyte
9532,66,61,69,78,lymphocyte
9533,54,58,93,84,lymphocyte
9534,60,61,81,78,lymphocyte
9535,58,45,84,111,lymphocyte
9536,61,66,78,69,lymphocyte
9537,54,45,93,111,lymphocyte
9538,66,61,69,78,lymphocyte
9539,58,61,84,78,lymphocyte
9540,64,61,72,78,lymphocyte
9541,69,66,63,69,lymphocyte
9542,49,52,102,96,seg_neutrophil
9543,49,51,102,99,lymphocyte
9544,54,57,93,87,lymphocyte
9545,64,64,72,72,lymphocyte
9546,52,39,96,123,smudge
9547,55,46,90,108,lymphocyte
9548,52,52,96,96,lymphocyte
9549,60,60,81,81,lymphocyte
9550,54,49,93,102,lymphocyte
9551,48,52,105,96,lymphocyte
9552,55,55,90,90,lymphocyte
9553,64,60,72,81,lymphocyte
9554,52,55,96,90,lymphocyte
9555,57,58,87,84,lymphocyte
9556,57,55,87,90,lymphocyte
9557,61,55,78,90,lymphocyte
9558,60,69,81,63,lymphocyte
9559,54,60,93,81,seg_neutrophil
9560,64,33,72,105,lymphocyte
9561,58,63,84,75,lymphocyte
9562,51,63,99,75,lymphocyte
9563,61,71,78,87,lymphocyte
9564,25,54,150,93,smudge
9565,49,48,102,105,blast
9566,49,43,102,114,blast
9567,57,42,87,117,blast
9568,55,64,90,72,lymphocyte
9569,61,52,78,96,blast
9570,52,46,96,108,blast
9571,54,57,93,87,abnormal_lymphocyte
9572,51,46,99,108,blast
9573,52,57,96,87,blast
9574,51,48,99,105,blast
9575,46,42,108,117,blast
9576,55,54,90,93,blast
9577,52,54,96,93,blast
9578,49,52,102,96,blast
9579,57,60,87,81,blast
9580,46,43,108,114,seg_neutrophil
9581,36,33,129,135,smudge
9582,46,55,108,90,artifact
9583,63,15,75,123,artifact
9584,57,6,87,96,artifact
9585,55,45,90,111,blast
9586,33,42,135,117,smudge
9587,52,52,96,96,blast
9588,46,57,108,87,blast
9589,54,46,93,108,blast
9590,45,45,111,111,blast
9591,51,33,99,135,blast
9592,54,51,93,99,blast
9593,95,49,102,102,blast
9594,52,51,96,99,blast
9595,54,49,93,102,blast
9596,36,36,129,129,blast
9597,3,33,195,135,artifact
9598,48,43,105,114,blast
9599,51,49,99,102,blast
9600,54,45,93,111,blast
9601,51,80,99,99,blast
9602,57,45,87,111,blast
9603,55,51,90,99,blast
9604,51,57,99,87,blast
9605,61,60,78,81,lymphocyte
9606,64,63,72,75,lymphocyte
9607,40,47,120,111,blast
9608,48,40,105,120,blast
9609,48,49,105,102,blast
9610,63,60,75,81,blast
9611,51,58,99,84,blast
9612,42,51,117,99,blast
9613,54,54,93,93,blast
9614,45,60,102,81,blast
9615,51,39,99,123,blast
9616,57,65,87,108,blast
9617,52,49,96,102,seg_neutrophil
9618,48,51,105,99,blast
9619,52,55,96,90,blast
9620,48,60,105,81,blast
9621,46,43,108,114,blast
9622,42,45,117,111,blast
9623,51,57,99,87,smudge
9624,42,51,117,99,blast
9625,54,49,93,102,seg_neutrophil
9626,55,51,90,99,blast
9627,55,46,90,108,blast
9628,57,49,87,102,blast
9629,42,51,117,99,blast
9630,43,46,114,108,blast
9631,42,46,117,108,blast
9632,49,52,102,96,blast
9633,46,34,108,132,blast
9634,52,49,96,102,blast
9635,40,49,120,102,blast
9636,48,49,105,102,blast
9637,52,55,96,90,lymphocyte
9638,48,46,105,108,blast
9639,45,27,111,114,blast
9640,54,49,93,102,blast
9641,39,46,123,108,blast
9642,51,43,99,114,blast
9643,51,51,99,99,blast
9644,67,61,66,78,lymphocyte
9645,63,52,75,96,lymphocyte
9646,45,55,111,90,blast
9647,55,55,90,90,blast
9648,61,60,78,81,lymphocyte
9649,60,76,81,48,lymphocyte
9650,48,55,105,90,seg_neutrophil
9651,57,52,87,96,blast
9652,49,48,102,105,blast
9653,36,13,129,174,blast
9654,46,52,108,96,blast
9655,51,51,99,99,blast
9656,51,54,99,93,blast
9657,64,75,72,51,artifact
9658,60,30,81,141,blast
9659,61,52,78,96,lymphocyte
9660,52,57,96,87,blast
9661,43,58,114,84,blast
9662,54,48,93,105,blast
9663,54,46,93,108,blast
9664,55,49,90,102,blast
9665,61,66,78,69,lymphocyte
9666,57,67,87,66,lymphocyte
9667,63,49,75,102,blast
9668,61,49,78,102,blast
9669,55,54,90,93,blast
9670,55,45,90,111,blast
9671,48,48,105,105,blast
9672,49,57,102,87,blast
9673,60,58,81,84,blast
9674,58,69,84,63,artifact
9675,48,45,105,111,blast
9676,54,36,93,129,blast
9677,58,43,84,114,blast
9678,49,48,102,105,blast
9679,64,57,72,87,lymphocyte
9680,48,49,105,102,blast
9681,48,52,105,96,blast
9682,45,49,111,102,blast
9683,68,12,111,114,blast
9684,45,30,111,93,blast
9685,52,48,96,105,blast
9686,48,51,105,99,blast
9687,48,58,105,84,blast
9688,52,54,96,93,blast
9689,58,49,84,102,blast
9690,49,46,102,108,blast
9691,49,36,102,129,blast
9692,45,46,111,108,blast
9693,46,49,108,102,blast
9694,42,60,117,81,blast
9695,43,49,114,102,blast
9696,58,51,84,99,blast
9697,34,51,132,99,blast
9698,51,58,99,84,blast
9699,46,55,108,90,blast
9700,57,54,87,93,blast
9701,54,48,93,105,blast
9702,57,55,87,90,blast
9703,46,45,108,111,blast
9704,51,43,99,114,blast
9705,66,57,69,87,lymphocyte
9706,46,42,108,102,blast
9707,43,40,114,120,blast
9708,54,45,93,111,blast
9709,49,39,102,123,blast
9710,61,58,78,84,lymphocyte
9711,48,49,105,102,band_neutrophil
9712,39,54,123,93,metamyelocyte
9713,54,52,93,96,seg_neutrophil
9714,49,39,102,123,band_neutrophil
9715,51,46,99,108,seg_neutrophil
9716,48,33,105,135,eosinophil
9717,21,33,102,135,seg_neutrophil
9718,48,51,105,99,metamyelocyte
9719,57,52,87,96,seg_neutrophil
9720,61,77,78,90,lymphocyte
9721,49,43,102,114,seg_neutrophil
9722,54,40,93,120,seg_neutrophil
9723,49,63,102,72,metamyelocyte
9724,63,69,75,63,lymphocyte
9725,51,51,99,99,seg_neutrophil
9726,60,43,81,114,seg_neutrophil
9727,55,49,90,102,metamyelocyte
9728,57,54,87,93,seg_neutrophil
9729,46,52,108,96,seg_neutrophil
9730,49,51,102,99,seg_neutrophil
9731,58,57,84,87,lymphocyte
9732,55,48,90,105,band_neutrophil
9733,52,61,96,78,seg_neutrophil
9734,45,57,111,87,seg_neutrophil
9735,46,46,108,108,seg_neutrophil
9736,45,51,111,99,seg_neutrophil
9737,52,27,96,147,seg_neutrophil
9738,46,54,108,93,seg_neutrophil
9739,42,49,117,102,seg_neutrophil
9740,48,49,105,102,band_neutrophil
9741,45,43,111,114,seg_neutrophil
9742,52,61,96,78,band_neutrophil
9743,51,43,99,114,seg_neutrophil
9744,42,43,117,114,seg_neutrophil
9745,92,40,102,120,seg_neutrophil
9746,42,52,117,96,band_neutrophil
9747,45,46,111,108,seg_neutrophil
9748,43,57,114,87,seg_neutrophil
9749,48,58,105,84,seg_neutrophil
9750,37,24,126,153,band_neutrophil
9751,61,83,78,102,seg_neutrophil
9752,52,48,96,105,seg_neutrophil
9753,60,52,81,96,seg_neutrophil
9754,49,43,102,114,band_neutrophil
9755,45,40,111,120,band_neutrophil
9756,45,52,111,96,seg_neutrophil
9757,43,48,114,105,seg_neutrophil
9758,46,46,108,108,seg_neutrophil
9759,49,49,102,102,seg_neutrophil
9760,55,27,90,90,seg_neutrophil
9761,48,34,93,132,seg_neutrophil
9762,46,40,108,120,metamyelocyte
9763,49,52,102,96,eosinophil
9764,48,46,105,108,seg_neutrophil
9765,45,51,111,99,seg_neutrophil
9766,40,21,120,90,seg_neutrophil
9767,52,61,96,78,seg_neutrophil
9768,46,53,108,102,seg_neutrophil
9769,57,48,87,105,seg_neutrophil
9770,30,30,141,141,seg_neutrophil
9771,46,45,108,111,seg_neutrophil
9772,43,45,114,111,seg_neutrophil
9773,45,48,111,105,band_neutrophil
9774,48,55,105,90,seg_neutrophil
9775,48,48,105,105,band_neutrophil
9776,45,18,111,117,band_neutrophil
9777,57,52,87,96,seg_neutrophil
9778,31,54,138,93,band_neutrophil
9779,39,39,123,123,seg_neutrophil
9780,40,54,120,93,seg_neutrophil
9781,43,46,114,108,band_neutrophil
9782,52,43,96,114,seg_neutrophil
9783,57,65,87,99,seg_neutrophil
9784,63,52,75,96,seg_neutrophil
9785,46,45,108,111,seg_neutrophil
9786,49,80,102,108,metamyelocyte
9787,42,34,117,132,metamyelocyte
9788,46,48,108,105,seg_neutrophil
9789,49,49,102,102,seg_neutrophil
9790,49,49,102,102,band_neutrophil
9791,58,46,84,108,seg_neutrophil
9792,30,45,141,111,eosinophil
9793,43,48,114,105,seg_neutrophil
9794,60,48,81,105,band_neutrophil
9795,46,48,108,102,seg_neutrophil
9796,43,39,114,123,band_neutrophil
9797,49,45,102,111,monocyte
9798,55,52,90,96,seg_neutrophil
9799,61,45,78,111,band_neutrophil
9800,43,42,114,117,myelocyte
9801,45,45,111,111,seg_neutrophil
9802,51,49,99,102,band_neutrophil
9803,55,52,90,96,seg_neutrophil
9804,45,43,111,114,seg_neutrophil
9805,30,52,111,96,seg_neutrophil
9806,45,46,111,108,band_neutrophil
9807,47,48,132,105,seg_neutrophil
9808,39,30,123,141,band_neutrophil
9809,55,49,90,102,monocyte
9810,46,39,108,123,band_neutrophil
9811,46,45,108,111,seg_neutrophil
9812,60,54,81,93,seg_neutrophil
9813,3,55,93,90,lymphocyte
9814,45,45,111,111,seg_neutrophil
9815,51,54,99,93,seg_neutrophil
9816,52,55,96,90,seg_neutrophil
9817,42,51,117,99,band_neutrophil
9818,51,40,99,120,seg_neutrophil
9819,55,49,90,102,eosinophil
9820,51,42,99,117,seg_neutrophil
9821,52,51,96,99,seg_neutrophil
9822,49,60,102,81,seg_neutrophil
9823,55,45,90,111,seg_neutrophil
9824,12,52,111,96,seg_neutrophil
9825,60,52,81,96,band_neutrophil
9826,42,42,117,117,monocyte
9827,58,43,84,114,band_neutrophil
9828,60,51,81,99,seg_neutrophil
9829,40,43,120,114,seg_neutrophil
9830,48,46,105,108,seg_neutrophil
9831,46,43,108,114,seg_neutrophil
9832,58,36,84,129,seg_neutrophil
9833,52,60,96,81,seg_neutrophil
9834,51,51,99,99,band_neutrophil
9835,42,33,117,105,seg_neutrophil
9836,57,49,87,102,seg_neutrophil
9837,39,36,123,129,myelocyte
9838,58,45,84,111,seg_neutrophil
9839,46,48,108,105,seg_neutrophil
9840,58,30,84,141,band_neutrophil
9841,49,46,102,108,band_neutrophil
9842,22,39,156,123,band_neutrophil
9843,33,48,135,105,lymphocyte
9844,36,43,129,114,seg_neutrophil
9845,60,45,81,111,lymphocyte
9846,45,45,111,111,band_neutrophil
9847,42,51,117,99,seg_neutrophil
9848,51,45,99,111,seg_neutrophil
9849,57,58,87,84,lymphocyte
9850,42,40,117,120,seg_neutrophil
9851,48,43,105,114,seg_neutrophil
9852,42,40,117,120,seg_neutrophil
9853,49,27,102,111,myelocyte
9854,45,49,111,102,eosinophil
9855,64,63,72,75,lymphocyte
9856,49,55,102,90,eosinophil
9857,48,54,105,93,seg_neutrophil
9858,57,52,87,96,seg_neutrophil
9859,51,61,99,78,eosinophil
9860,42,51,117,99,monocyte
9861,66,67,69,66,lymphocyte
9862,48,45,105,78,seg_neutrophil
9863,54,51,93,99,eosinophil
9864,52,45,96,111,seg_neutrophil
9865,61,58,78,84,lymphocyte
9866,46,42,108,84,eosinophil
9867,63,63,75,75,lymphocyte
9868,46,51,108,99,eosinophil
9869,55,80,90,102,eosinophil
9870,60,54,81,93,lymphocyte
9871,42,51,99,99,seg_neutrophil
9872,61,63,78,75,lymphocyte
9873,52,55,96,90,seg_neutrophil
9874,51,60,99,81,eosinophil
9875,58,61,84,78,lymphocyte
9876,49,51,102,99,seg_neutrophil
9877,45,57,111,87,seg_neutrophil
9878,65,52,90,96,seg_neutrophil
9879,52,54,96,93,seg_neutrophil
9880,43,54,114,93,seg_neutrophil
9881,45,52,111,96,seg_neutrophil
9882,51,52,99,96,seg_neutrophil
9883,54,55,93,90,seg_neutrophil
9884,54,49,93,102,eosinophil
9885,51,58,99,84,seg_neutrophil
9886,57,52,87,96,lymphocyte
9887,48,45,105,111,eosinophil
9888,43,55,114,90,eosinophil
9889,48,57,105,87,seg_neutrophil
9890,63,57,75,87,lymphocyte
9891,49,55,102,90,seg_neutrophil
9892,54,54,93,93,seg_neutrophil
9893,52,57,96,87,basophil
9894,46,54,108,93,eosinophil
9895,49,58,102,84,band_neutrophil
9896,63,67,75,66,lymphocyte
9897,54,54,93,93,eosinophil
9898,43,55,114,90,eosinophil
9899,54,51,93,99,eosinophil
9900,46,46,108,108,seg_neutrophil
9901,61,64,78,72,lymphocyte
9902,52,58,96,84,seg_neutrophil
9903,40,98,120,99,monocyte
9904,51,58,99,84,seg_neutrophil
9905,55,52,90,96,seg_neutrophil
9906,55,55,90,90,seg_neutrophil
9907,54,43,93,114,lymphocyte
9908,45,55,111,90,eosinophil
9909,55,63,90,75,lymphocyte
9910,55,63,90,75,lymphocyte
9911,61,58,78,84,lymphocyte
9912,51,52,99,96,eosinophil
9913,43,48,114,105,monocyte
9914,45,43,111,114,lymphocyte
9915,45,58,111,84,eosinophil
9916,48,51,105,99,seg_neutrophil
9917,39,71,123,96,eosinophil
9918,52,54,96,93,eosinophil
9919,58,43,84,114,eosinophil
9920,54,51,93,99,eosinophil
9921,57,9,87,102,seg_neutrophil
9922,51,63,99,75,seg_neutrophil
9923,51,86,99,108,seg_neutrophil
9924,57,57,87,87,lymphocyte
9925,61,55,78,90,lymphocyte
9926,48,58,105,84,seg_neutrophil
9927,80,49,87,102,eosinophil
9928,58,95,84,84,lymphocyte
9929,51,49,99,102,eosinophil
9930,55,51,90,99,band_neutrophil
9931,48,46,105,108,seg_neutrophil
9932,51,48,99,105,eosinophil
9933,57,54,87,93,lymphocyte
9934,51,54,99,93,eosinophil
9935,58,49,84,102,eosinophil
9936,54,60,93,81,seg_neutrophil
9937,45,54,111,93,seg_neutrophil
9938,51,55,99,90,seg_neutrophil
9939,52,64,96,72,eosinophil
9940,57,49,87,102,eosinophil
9941,55,48,90,105,seg_neutrophil
9942,48,46,105,108,seg_neutrophil
9943,52,51,96,99,seg_neutrophil
9944,40,48,120,105,seg_neutrophil
9945,67,46,66,108,eosinophil
9946,54,58,93,84,lymphocyte
9947,52,48,96,105,eosinophil
9948,58,57,84,87,seg_neutrophil
9949,58,48,84,105,lymphocyte
9950,57,48,87,105,eosinophil
9951,60,61,81,78,lymphocyte
9952,51,55,99,90,seg_neutrophil
9953,49,54,102,93,eosinophil
9954,54,58,93,84,seg_neutrophil
9955,48,51,105,99,seg_neutrophil
9956,48,64,105,72,seg_neutrophil
9957,51,27,99,84,seg_neutrophil
9958,61,55,78,90,basophil
9959,60,58,81,84,lymphocyte
9960,51,68,99,90,seg_neutrophil
9961,52,58,96,84,lymphocyte
9962,55,61,90,78,lymphocyte
9963,48,54,105,93,eosinophil
9964,52,54,96,93,seg_neutrophil
9965,55,42,90,117,eosinophil
9966,42,52,117,96,eosinophil
9967,46,48,108,105,lymphocyte
9968,45,43,111,114,seg_neutrophil
9969,43,49,114,102,eosinophil
9970,51,42,99,117,eosinophil
9971,55,60,90,81,lymphocyte
9972,54,57,93,87,seg_neutrophil
9973,72,9,57,57,artifact
9974,46,58,108,84,seg_neutrophil
9975,3,52,87,96,seg_neutrophil
9976,52,58,96,84,lymphocyte
9977,64,60,72,81,eosinophil
9978,52,52,96,96,eosinophil
9979,54,54,93,93,eosinophil
9980,70,58,60,84,lymphocyte
9981,51,55,99,90,eosinophil
9982,48,58,105,84,seg_neutrophil
9983,51,43,99,114,basophil
9984,60,60,81,81,lymphocyte
9985,52,57,96,87,seg_neutrophil
9986,51,54,99,93,seg_neutrophil
9987,51,52,99,96,eosinophil
9988,54,52,93,96,eosinophil
9989,48,60,105,81,eosinophil
9990,54,52,93,96,seg_neutrophil
9991,54,58,93,84,lymphocyte
9992,49,51,102,99,seg_neutrophil
9993,45,45,111,111,eosinophil
9994,49,55,102,90,seg_neutrophil
9995,55,54,90,93,eosinophil
9996,51,60,99,81,lymphocyte
9997,57,54,87,93,seg_neutrophil
9998,54,60,93,81,seg_neutrophil
9999,57,55,87,90,lymphocyte
10000,52,61,96,78,lymphocyte
10001,51,49,99,102,eosinophil
10002,57,61,87,78,eosinophil
10003,45,51,111,99,eosinophil
10004,48,49,105,102,eosinophil
10005,64,63,72,75,lymphocyte
10006,49,55,102,90,eosinophil
10007,51,57,99,87,seg_neutrophil
10008,55,43,90,114,monocyte
10009,52,61,96,78,lymphocyte
10010,52,52,96,96,eosinophil
10011,52,52,96,96,eosinophil
10012,43,57,114,87,eosinophil
10013,61,55,78,90,lymphocyte
10014,58,49,84,102,seg_neutrophil
10015,51,57,99,87,seg_neutrophil
10016,33,55,93,90,eosinophil
10017,49,49,102,102,eosinophil
10018,57,58,87,84,lymphocyte
10019,52,65,96,81,band_neutrophil
10020,3,51,99,99,seg_neutrophil
10021,63,58,75,84,lymphocyte
10022,52,63,96,75,eosinophil
10023,55,57,90,87,lymphocyte
10024,57,39,87,123,eosinophil
10025,57,34,87,132,eosinophil
10026,57,45,87,111,eosinophil
10027,51,52,99,96,seg_neutrophil
10028,57,83,87,102,seg_neutrophil
10029,55,42,90,87,seg_neutrophil
10030,52,54,96,93,eosinophil
10031,48,51,105,99,eosinophil
10032,49,55,102,90,eosinophil
10033,48,51,105,99,seg_neutrophil
10034,51,61,99,78,seg_neutrophil
10035,61,55,78,90,seg_neutrophil
10036,49,51,102,99,seg_neutrophil
10037,46,49,108,102,eosinophil
10038,49,51,102,99,seg_neutrophil
10039,36,67,108,66,eosinophil
10040,49,58,102,84,lymphocyte
10041,55,61,90,78,lymphocyte
10042,48,49,105,102,eosinophil
10043,61,60,78,81,lymphocyte
10044,3,52,105,96,seg_neutrophil
10045,43,58,114,84,eosinophil
10046,51,42,99,117,eosinophil
10047,48,48,105,105,eosinophil
10048,45,61,111,78,eosinophil
10049,42,55,117,90,eosinophil
10050,43,45,114,111,seg_neutrophil
10051,33,77,135,114,eosinophil
10052,57,49,87,102,seg_neutrophil
10053,39,54,123,93,eosinophil
10054,43,45,114,111,eosinophil
10055,54,48,93,105,eosinophil
10056,58,52,84,96,seg_neutrophil
10057,49,54,102,93,seg_neutrophil
10058,52,43,96,114,eosinophil
10059,48,52,105,96,eosinophil
10060,57,61,87,78,lymphocyte
10061,52,49,96,102,seg_neutrophil
10062,57,51,87,99,lymphocyte
10063,52,57,96,87,seg_neutrophil
10064,51,52,99,96,seg_neutrophil
10065,58,39,84,123,eosinophil
10066,48,54,78,93,eosinophil
10067,55,48,90,105,eosinophil
10068,46,42,108,117,eosinophil
10069,42,49,117,102,seg_neutrophil
10070,60,60,81,81,lymphocyte
10071,49,71,102,99,seg_neutrophil
10072,52,51,96,99,seg_neutrophil
10073,43,43,114,114,eosinophil
10074,57,58,87,84,band_neutrophil
10075,52,46,96,108,eosinophil
10076,48,51,105,99,seg_neutrophil
10077,63,63,75,75,lymphocyte
10078,43,43,114,114,eosinophil
10079,49,40,102,120,eosinophil
10080,37,42,126,117,eosinophil
10081,46,57,108,87,seg_neutrophil
10082,42,55,117,90,eosinophil
10083,51,49,99,102,seg_neutrophil
10084,40,40,120,120,eosinophil
10085,52,42,96,117,seg_neutrophil
10086,40,27,120,147,eosinophil
10087,45,45,111,111,eosinophil
10088,63,64,75,72,lymphocyte
10089,64,63,72,75,lymphocyte
10090,46,43,108,114,eosinophil
10091,48,36,105,105,seg_neutrophil
10092,46,43,108,114,lymphocyte
10093,48,48,105,105,seg_neutrophil
10094,52,48,96,105,eosinophil
10095,42,58,117,84,eosinophil
10096,60,54,81,93,eosinophil
10097,68,55,120,90,seg_neutrophil
10098,40,39,120,75,eosinophil
10099,55,48,90,105,eosinophil
10100,36,48,129,105,eosinophil
10101,40,52,120,96,eosinophil
10102,51,58,99,84,lymphocyte
10103,58,60,84,81,lymphocyte
10104,45,60,111,81,seg_neutrophil
10105,116,69,66,63,artifact
10106,51,52,99,96,eosinophil
10107,51,46,99,108,seg_neutrophil
10108,48,37,105,126,eosinophil
10109,49,45,102,111,eosinophil
10110,63,60,75,81,lymphocyte
10111,58,52,84,96,eosinophil
10112,54,42,93,117,eosinophil
10113,49,51,102,99,eosinophil
10114,54,55,93,90,lymphocyte
10115,42,40,117,120,seg_neutrophil
10116,52,54,96,93,eosinophil
10117,45,45,111,111,eosinophil
10118,51,51,99,99,seg_neutrophil
10119,51,48,99,105,eosinophil
10120,51,51,99,99,eosinophil
10121,58,51,84,99,eosinophil
10122,48,51,105,99,seg_neutrophil
10123,54,48,93,105,seg_neutrophil
10124,46,3,108,87,eosinophil
10125,48,45,105,111,seg_neutrophil
10126,58,46,84,108,seg_neutrophil
10127,40,40,120,120,eosinophil
10128,43,46,114,108,monocyte
10129,49,43,102,114,seg_neutrophil
10130,54,21,93,123,eosinophil
10131,54,34,93,132,eosinophil
10132,48,54,105,93,seg_neutrophil
10133,55,57,90,87,lymphocyte
10134,40,39,120,123,eosinophil
10135,57,58,87,84,lymphocyte
10136,43,49,114,102,seg_neutrophil
10137,55,43,90,114,eosinophil
10138,40,49,120,102,seg_neutrophil
10139,54,43,93,114,lymphocyte
10140,70,55,60,90,smudge
10141,37,63,126,75,eosinophil
10142,58,54,84,93,eosinophil
10143,48,45,105,111,eosinophil
10144,57,49,87,102,eosinophil
10145,55,45,90,111,seg_neutrophil
10146,73,54,54,93,smudge
10147,24,40,105,120,eosinophil
10148,54,54,93,93,eosinophil
10149,49,49,102,102,seg_neutrophil
10150,48,46,105,108,seg_neutrophil
10151,49,51,102,99,eosinophil
10152,52,55,96,90,lymphocyte
10153,54,49,93,102,seg_neutrophil
10154,52,33,96,90,seg_neutrophil
10155,43,42,114,117,eosinophil
10156,24,46,93,108,seg_neutrophil
10157,46,45,108,111,eosinophil
10158,57,69,87,63,artifact
10159,67,64,66,72,artifact
10160,39,51,123,99,eosinophil
10161,52,57,96,87,seg_neutrophil
10162,49,46,102,108,eosinophil
10163,58,58,84,84,lymphocyte
10164,43,36,114,129,eosinophil
10165,46,43,108,114,eosinophil
10166,46,43,108,114,eosinophil
10167,60,60,81,81,lymphocyte
10168,42,48,117,105,seg_neutrophil
10169,49,46,102,108,seg_neutrophil
10170,52,48,96,105,eosinophil
10171,46,33,108,135,eosinophil
10172,51,55,99,90,seg_neutrophil
10173,61,48,78,105,eosinophil
10174,46,42,108,117,eosinophil
10175,48,56,105,96,eosinophil
10176,60,63,81,75,lymphocyte
10177,49,51,102,99,eosinophil
10178,52,51,96,99,seg_neutrophil
10179,51,45,99,111,seg_neutrophil
10180,51,46,99,108,eosinophil
10181,60,64,81,72,lymphocyte
10182,57,58,87,84,eosinophil
10183,49,54,102,93,eosinophil
10184,49,52,102,96,eosinophil
10185,64,60,72,81,eosinophil
10186,46,51,108,99,eosinophil
10187,46,55,108,90,seg_neutrophil
10188,39,49,123,102,eosinophil
10189,55,49,90,102,eosinophil
10190,57,54,87,93,seg_neutrophil
10191,83,58,114,84,seg_neutrophil
10192,51,45,99,111,seg_neutrophil
10193,55,45,90,111,seg_neutrophil
10194,52,42,96,117,seg_neutrophil
10195,42,42,117,117,eosinophil
10196,34,46,132,108,eosinophil
10197,57,52,87,96,lymphocyte
10198,43,49,114,102,seg_neutrophil
10199,43,43,114,114,eosinophil
10200,52,60,96,81,seg_neutrophil
10201,58,51,84,99,eosinophil
10202,57,46,87,108,seg_neutrophil
10203,48,43,105,114,eosinophil
10204,49,49,102,102,seg_neutrophil
10205,48,43,105,114,monocyte
10206,51,49,99,102,seg_neutrophil
10207,45,39,111,123,eosinophil
10208,45,43,111,114,seg_neutrophil
10209,49,42,102,117,eosinophil
10210,57,58,87,84,lymphocyte
10211,52,52,96,96,seg_neutrophil
10212,66,63,69,75,lymphocyte
10213,55,46,90,108,eosinophil
10214,42,77,117,96,eosinophil
10215,54,46,93,108,eosinophil
10216,45,52,111,96,seg_neutrophil
10217,48,57,105,87,seg_neutrophil
10218,42,49,117,102,eosinophil
10219,64,64,72,72,n_rbc
10220,55,107,90,78,n_rbc
10221,57,55,87,90,seg_neutrophil
10222,60,61,81,78,lymphocyte
10223,55,55,90,90,band_neutrophil
10224,49,49,102,102,myelocyte
10225,58,51,84,99,n_rbc
10226,48,49,105,102,seg_neutrophil
10227,52,52,96,96,lymphocyte
10228,52,52,96,96,lymphocyte
10229,52,48,96,105,blast
10230,52,60,96,81,metamyelocyte
10231,60,60,81,81,lymphocyte
10232,67,67,66,66,n_rbc
10233,61,61,78,78,seg_neutrophil
10234,66,63,69,75,n_rbc
10235,48,52,105,96,seg_neutrophil
10236,55,55,90,90,immature_wbc
10237,51,55,99,90,lymphocyte
10238,55,71,90,87,lymphocyte
10239,48,57,105,87,seg_neutrophil
10240,70,66,60,69,n_rbc
10241,37,46,126,108,monocyte
10242,64,70,72,60,n_rbc
10243,52,58,96,84,lymphocyte
10244,46,45,108,111,seg_neutrophil
10245,64,67,72,66,n_rbc
10246,40,51,120,99,eosinophil
10247,66,58,69,84,lymphocyte
10248,58,67,84,66,lymphocyte
10249,72,66,57,69,n_rbc
10250,55,12,90,69,lymphocyte
10251,54,57,93,87,lymphocyte
10252,67,60,66,81,n_rbc
10253,45,49,111,102,seg_neutrophil
10254,72,9,57,66,n_rbc
10255,69,63,63,75,n_rbc
10256,42,54,117,93,seg_neutrophil
10257,36,40,129,120,monocyte
10258,57,52,87,96,lymphocyte
10259,48,55,105,90,myelocyte
10260,51,48,99,105,myelocyte
10261,58,52,84,96,band_neutrophil
10262,40,52,120,96,metamyelocyte
10263,58,55,84,90,lymphocyte
10264,33,46,135,108,blast
10265,61,55,78,90,lymphocyte
10266,64,60,72,81,n_rbc
10267,58,60,84,81,lymphocyte
10268,60,49,81,102,band_neutrophil
10269,60,55,81,90,eosinophil
10270,48,58,105,84,seg_neutrophil
10271,45,46,111,108,seg_neutrophil
10272,54,77,93,102,seg_neutrophil
10273,60,61,81,78,lymphocyte
10274,46,58,108,84,lymphocyte
10275,39,43,123,114,band_neutrophil
10276,43,51,114,99,metamyelocyte
10277,48,45,105,111,basophil
10278,57,55,87,90,abnormal_lymphocyte
10279,49,54,102,93,seg_neutrophil
10280,42,45,117,111,seg_neutrophil
10281,49,49,102,102,lymphocyte
10282,55,63,90,75,lymphocyte
10283,43,52,114,96,band_neutrophil
10284,55,51,90,99,seg_neutrophil
10285,40,61,120,78,band_neutrophil
10286,51,43,99,114,seg_neutrophil
10287,9,57,90,87,lymphocyte
10288,66,66,69,69,n_rbc
10289,51,51,99,99,band_neutrophil
10290,52,54,96,93,metamyelocyte
10291,51,48,99,105,seg_neutrophil
10292,77,52,108,96,band_neutrophil
10293,45,95,111,102,metamyelocyte
10294,64,61,72,78,g_plt
10295,36,37,129,126,myelocyte
10296,45,48,111,105,band_neutrophil
10297,64,58,72,84,lymphocyte
10298,57,54,87,93,lymphocyte
10299,57,54,87,93,lymphocyte
10300,58,101,84,96,lymphocyte
10301,60,67,81,66,n_rbc
10302,55,55,90,90,lymphocyte
10303,45,46,111,108,basophil
10304,43,36,114,96,metamyelocyte
10305,58,51,84,99,lymphocyte
10306,54,52,93,96,seg_neutrophil
10307,49,54,102,93,band_neutrophil
10308,55,57,90,87,n_rbc
10309,46,48,108,105,myelocyte
10310,49,55,102,90,blast
10311,49,49,102,102,abnormal_lymphocyte
10312,57,46,87,108,lymphocyte
10313,60,63,81,75,lymphocyte
10314,49,51,102,99,seg_neutrophil
10315,58,60,84,81,n_rbc
10316,61,58,78,84,lymphocyte
10317,45,49,111,102,monocyte
10318,48,43,105,114,immature_wbc
10319,51,55,99,90,lymphocyte
10320,46,46,108,108,lymphocyte
10321,39,48,123,105,myelocyte
10322,46,52,108,96,seg_neutrophil
10323,51,55,99,90,band_neutrophil
10324,43,61,114,78,band_neutrophil
10325,64,57,72,87,n_rbc
10326,48,52,105,96,seg_neutrophil
10327,43,54,114,93,band_neutrophil
10328,49,48,102,93,band_neutrophil
10329,67,64,66,72,n_rbc
10330,57,54,87,93,band_neutrophil
10331,52,52,96,96,seg_neutrophil
10332,58,60,84,81,n_rbc
10333,70,63,60,75,n_rbc
10334,66,63,69,75,g_plt
10335,48,54,105,93,seg_neutrophil
10336,67,66,66,69,n_rbc
10337,46,48,108,105,seg_neutrophil
10338,54,54,93,93,lymphocyte
10339,55,60,90,81,lymphocyte
10340,64,39,72,60,g_plt
10341,54,58,93,84,lymphocyte
10342,55,51,90,99,lymphocyte
10343,49,43,102,114,seg_neutrophil
10344,60,60,81,81,n_rbc
10345,45,45,111,111,myelocyte
10346,58,60,84,81,seg_neutrophil
10347,45,49,111,102,lymphocyte
10348,54,55,93,90,seg_neutrophil
10349,60,60,81,81,lymphocyte
10350,55,54,90,93,n_rbc
10351,51,42,99,99,myelocyte
10352,48,49,105,102,eosinophil
10353,64,60,72,81,n_rbc
10354,66,55,69,90,artifact
10355,48,52,105,96,lymphocyte
10356,58,60,84,81,lymphocyte
10357,46,48,108,105,band_neutrophil
10358,54,51,93,99,lymphocyte
10359,52,58,96,84,lymphocyte
10360,37,-20,126,240,artifact
10361,45,49,111,102,myelocyte
10362,57,64,87,72,lymphocyte
10363,45,48,111,105,band_neutrophil
10364,73,67,54,66,n_rbc
10365,67,64,66,72,n_rbc
10366,61,57,78,87,lymphocyte
10367,67,67,66,66,n_rbc
10368,53,12,108,96,seg_neutrophil
10369,48,51,105,99,blast
10370,43,45,114,111,eosinophil
10371,46,51,108,99,band_neutrophil
10372,48,55,105,90,band_neutrophil
10373,40,40,120,120,blast
10374,43,51,114,99,seg_neutrophil
10375,57,57,87,87,lymphocyte
10376,43,45,114,111,band_neutrophil
10377,57,61,87,78,n_rbc
10378,52,57,96,87,band_neutrophil
10379,48,45,105,111,myelocyte
10380,31,31,138,138,monocyte
10381,46,48,108,105,seg_neutrophil
10382,60,63,81,75,lymphocyte
10383,54,55,93,90,lymphocyte
10384,67,54,66,78,n_rbc
10385,69,67,63,66,n_rbc
10386,42,40,117,120,monocyte
10387,55,55,90,90,lymphocyte
10388,48,49,105,102,seg_neutrophil
10389,55,60,90,81,lymphocyte
10390,40,51,120,99,seg_neutrophil
10391,55,51,90,99,abnormal_lymphocyte
10392,54,55,93,90,abnormal_lymphocyte
10393,49,45,102,111,abnormal_lymphocyte
10394,51,51,99,99,abnormal_lymphocyte
10395,52,59,96,99,seg_neutrophil
10396,6,51,102,99,seg_neutrophil
10397,43,54,114,93,abnormal_lymphocyte
10398,49,58,102,84,seg_neutrophil
10399,46,52,108,96,abnormal_lymphocyte
10400,51,49,99,102,seg_neutrophil
10401,54,45,93,111,seg_neutrophil
10402,51,49,99,102,seg_neutrophil
10403,42,49,117,102,seg_neutrophil
10404,55,58,90,84,myelocyte
10405,58,51,84,99,abnormal_lymphocyte
10406,73,69,54,63,n_rbc
10407,55,51,90,99,basophil
10408,48,59,105,105,seg_neutrophil
10409,55,57,90,87,artifact
10410,52,51,96,99,seg_neutrophil
10411,52,46,96,108,abnormal_lymphocyte
10412,55,52,90,96,abnormal_lymphocyte
10413,49,51,102,99,eosinophil
10414,46,48,108,105,seg_neutrophil
10415,55,48,90,105,seg_neutrophil
10416,51,51,99,99,seg_neutrophil
10417,49,49,102,102,seg_neutrophil
10418,46,49,108,102,band_neutrophil
10419,48,48,105,105,seg_neutrophil
10420,72,69,57,63,artifact
10421,45,39,111,123,monocyte
10422,46,48,108,105,seg_neutrophil
10423,51,55,99,90,seg_neutrophil
10424,55,60,90,81,lymphocyte
10425,48,51,105,99,lymphocyte
10426,55,49,90,102,abnormal_lymphocyte
10427,54,60,93,81,lymphocyte
10428,48,48,105,105,eosinophil
10429,52,49,96,102,band_neutrophil
10430,57,65,87,96,seg_neutrophil
10431,40,55,120,90,abnormal_lymphocyte
10432,64,58,72,84,artifact
10433,61,51,78,99,lymphocyte
10434,57,61,87,78,abnormal_lymphocyte
10435,55,51,90,99,seg_neutrophil
10436,43,52,114,96,seg_neutrophil
10437,57,54,87,93,lymphocyte
10438,52,54,96,93,lymphocyte
10439,48,48,105,105,seg_neutrophil
10440,45,46,111,108,seg_neutrophil
10441,39,46,123,108,seg_neutrophil
10442,49,48,102,105,seg_neutrophil
10443,51,46,99,108,eosinophil
10444,46,52,108,96,myelocyte
10445,54,52,93,96,basophil
10446,51,52,99,96,seg_neutrophil
10447,60,63,81,75,smudge
10448,48,37,105,126,monocyte
10449,51,55,99,90,seg_neutrophil
10450,58,52,84,96,abnormal_lymphocyte
10451,39,39,123,123,band_neutrophil
10452,49,46,102,108,seg_neutrophil
10453,57,51,87,99,abnormal_lymphocyte
10454,60,51,81,99,lymphocyte
10455,61,51,78,87,abnormal_lymphocyte
10456,54,49,93,102,abnormal_lymphocyte
10457,51,45,99,111,abnormal_lymphocyte
10458,46,48,108,105,seg_neutrophil
10459,43,43,114,114,monocyte
10460,52,49,96,102,abnormal_lymphocyte
10461,63,15,75,57,agg_plt
10462,51,57,99,87,lymphocyte
10463,46,9,108,117,seg_neutrophil
10464,48,52,105,96,seg_neutrophil
10465,46,45,108,111,seg_neutrophil
10466,48,46,99,108,seg_neutrophil
10467,49,55,102,90,smudge
10468,45,49,111,102,seg_neutrophil
10469,43,55,114,90,artifact
10470,52,30,96,66,artifact
10471,63,66,75,69,agg_plt
10472,51,46,99,108,band_neutrophil
10473,45,37,111,126,metamyelocyte
10474,52,43,96,114,seg_neutrophil
10475,69,131,63,60,artifact
10476,58,57,84,87,artifact
10477,70,61,60,78,artifact
10478,72,57,57,87,artifact
10479,64,58,72,84,seg_neutrophil
10480,54,48,93,105,seg_neutrophil
10481,49,48,102,105,seg_neutrophil
10482,57,46,87,108,seg_neutrophil
10483,57,83,87,102,abnormal_lymphocyte
10484,55,52,90,96,lymphocyte
10485,57,61,87,78,g_plt
10486,46,48,108,105,seg_neutrophil
10487,46,48,108,105,seg_neutrophil
10488,83,46,108,108,eosinophil
10489,46,49,108,102,seg_neutrophil
10490,54,48,93,105,seg_neutrophil
10491,45,52,111,96,smudge
10492,54,77,93,108,seg_neutrophil
10493,48,46,105,108,seg_neutrophil
10494,54,55,93,90,abnormal_lymphocyte
10495,40,46,120,108,seg_neutrophil
10496,43,48,114,105,seg_neutrophil
10497,51,49,99,102,eosinophil
10498,43,45,114,111,metamyelocyte
10499,36,52,129,96,metamyelocyte
10500,52,57,96,87,band_neutrophil
10501,36,12,129,111,monocyte
10502,54,49,93,102,seg_neutrophil
10503,64,51,72,99,smudge
10504,45,46,111,108,seg_neutrophil
10505,48,48,105,105,seg_neutrophil
10506,48,52,105,96,seg_neutrophil
10507,48,53,105,105,seg_neutrophil
10508,52,49,96,102,seg_neutrophil
10509,52,55,96,90,seg_neutrophil
10510,49,62,102,99,abnormal_lymphocyte
10511,49,60,102,81,seg_neutrophil
10512,45,57,111,87,seg_neutrophil
10513,40,57,120,87,seg_neutrophil
10514,60,3,81,87,basophil
10515,49,57,102,87,lymphocyte
10516,42,52,117,96,seg_neutrophil
10517,46,52,108,96,seg_neutrophil
10518,45,42,111,117,seg_neutrophil
10519,46,55,108,90,abnormal_lymphocyte
10520,15,31,171,138,seg_neutrophil
10521,48,49,105,102,seg_neutrophil
10522,49,45,102,111,seg_neutrophil
10523,55,58,90,84,abnormal_lymphocyte
10524,48,51,105,99,eosinophil
10525,48,43,105,114,seg_neutrophil
10526,57,51,87,99,abnormal_lymphocyte
10527,49,57,102,87,seg_neutrophil
10528,15,43,120,114,seg_neutrophil
10529,54,51,93,99,eosinophil
10530,55,52,90,96,lymphocyte
10531,52,55,96,90,abnormal_lymphocyte
10532,43,51,114,99,seg_neutrophil
10533,46,49,108,102,seg_neutrophil
10534,42,45,117,111,seg_neutrophil
10535,46,49,108,102,seg_neutrophil
10536,49,48,102,105,seg_neutrophil
10537,65,48,105,105,seg_neutrophil
10538,54,51,93,99,seg_neutrophil
10539,46,48,108,105,seg_neutrophil
10540,51,18,99,102,seg_neutrophil
10541,51,46,99,108,seg_neutrophil
10542,49,46,102,108,seg_neutrophil
10543,27,49,105,102,eosinophil
10544,46,6,108,90,seg_neutrophil
10545,46,45,108,111,seg_neutrophil
10546,43,46,114,108,monocyte
10547,46,51,108,99,seg_neutrophil
10548,48,49,105,102,seg_neutrophil
10549,65,57,84,87,abnormal_lymphocyte
10550,48,45,105,111,monocyte
10551,46,45,108,111,seg_neutrophil
10552,55,46,90,108,seg_neutrophil
10553,40,9,120,117,seg_neutrophil
10554,57,46,87,108,seg_neutrophil
10555,49,46,102,108,seg_neutrophil
10556,42,42,117,117,metamyelocyte
10557,40,37,120,126,band_neutrophil
10558,40,40,120,120,seg_neutrophil
10559,46,51,108,99,seg_neutrophil
10560,70,66,60,69,smudge
10561,42,48,117,105,seg_neutrophil
10562,43,46,114,108,abnormal_lymphocyte
10563,54,55,93,90,abnormal_lymphocyte
10564,48,37,105,126,artifact
10565,42,25,117,150,artifact
10566,43,52,114,96,band_neutrophil
10567,55,54,90,93,seg_neutrophil
10568,55,55,90,90,lymphocyte
10569,46,57,108,87,metamyelocyte
10570,45,45,111,111,monocyte
10571,48,51,105,99,myelocyte
10572,73,70,54,60,artifact
10573,51,48,99,105,monocyte
10574,61,54,78,93,myelocyte
10575,46,49,108,102,monocyte
10576,54,45,93,111,myelocyte
10577,51,49,99,102,seg_neutrophil
10578,45,40,111,120,myelocyte
10579,46,54,108,93,band_neutrophil
10580,49,46,102,108,myelocyte
10581,57,51,87,99,seg_neutrophil
10582,49,52,102,96,seg_neutrophil
10583,45,48,111,105,seg_neutrophil
10584,48,49,105,102,seg_neutrophil
10585,51,55,99,90,seg_neutrophil
10586,43,21,114,129,immature_wbc
10587,49,54,102,93,seg_neutrophil
10588,48,49,105,102,band_neutrophil
10589,49,39,102,123,band_neutrophil
10590,42,45,117,111,monocyte
10591,55,49,90,102,seg_neutrophil
10592,55,55,90,90,seg_neutrophil
10593,39,51,123,99,seg_neutrophil
10594,52,45,96,111,seg_neutrophil
10595,46,52,108,96,monocyte
10596,52,55,96,90,seg_neutrophil
10597,52,51,96,99,seg_neutrophil
10598,40,43,120,114,monocyte
10599,54,57,93,87,seg_neutrophil
10600,46,52,108,96,myelocyte
10601,52,52,96,96,seg_neutrophil
10602,51,46,99,108,seg_neutrophil
10603,45,49,111,102,seg_neutrophil
10604,49,49,102,102,seg_neutrophil
10605,49,48,102,105,seg_neutrophil
10606,46,40,108,120,myelocyte
10607,54,45,93,111,smudge
10608,46,48,108,105,myelocyte
10609,45,42,111,117,monocyte
10610,52,49,96,102,seg_neutrophil
10611,48,48,105,105,seg_neutrophil
10612,48,49,105,102,seg_neutrophil
10613,46,58,108,84,seg_neutrophil
10614,46,43,108,114,metamyelocyte
10615,52,51,96,99,seg_neutrophil
10616,48,55,105,90,seg_neutrophil
10617,68,49,102,102,seg_neutrophil
10618,43,49,114,102,seg_neutrophil
10619,58,58,84,84,lymphocyte
10620,51,46,99,108,seg_neutrophil
10621,43,48,114,105,myelocyte
10622,54,45,93,111,band_neutrophil
10623,54,58,93,84,lymphocyte
10624,54,49,93,102,seg_neutrophil
10625,48,51,105,99,seg_neutrophil
10626,58,49,84,102,seg_neutrophil
10627,54,39,93,93,seg_neutrophil
10628,55,63,90,75,seg_neutrophil
10629,43,49,114,102,monocyte
10630,46,42,108,117,monocyte
10631,49,51,102,99,seg_neutrophil
10632,45,48,111,105,monocyte
10633,52,51,96,99,seg_neutrophil
10634,43,45,114,111,monocyte
10635,58,49,84,102,seg_neutrophil
10636,61,71,78,90,blast
10637,52,57,96,87,seg_neutrophil
10638,49,52,102,96,basophil
10639,43,43,114,114,monocyte
10640,45,77,111,108,band_neutrophil
10641,51,54,99,93,lymphocyte
10642,49,45,102,108,seg_neutrophil
10643,40,42,120,117,monocyte
10644,52,49,96,102,seg_neutrophil
10645,52,49,96,102,band_neutrophil
10646,43,45,114,111,monocyte
10647,3,113,81,81,lymphocyte
10648,49,58,102,84,myelocyte
10649,40,46,120,108,seg_neutrophil
10650,40,31,120,138,myelocyte
10651,43,51,114,99,band_neutrophil
10652,49,57,102,87,metamyelocyte
10653,40,98,120,96,myelocyte
10654,43,43,114,114,monocyte
10655,45,57,111,87,seg_neutrophil
10656,49,52,102,96,myelocyte
10657,63,61,75,78,n_rbc
10658,50,58,105,84,myelocyte
10659,52,18,96,105,metamyelocyte
10660,46,49,108,102,seg_neutrophil
10661,43,48,114,105,seg_neutrophil
10662,43,52,114,96,myelocyte
10663,49,54,102,93,band_neutrophil
10664,46,46,108,108,myelocyte
10665,43,46,114,108,band_neutrophil
10666,52,46,96,108,eosinophil
10667,45,43,111,114,monocyte
10668,40,40,120,120,monocyte
10669,55,54,90,93,myelocyte
10670,54,54,93,93,seg_neutrophil
10671,57,52,87,96,blast
10672,40,46,120,108,metamyelocyte
10673,45,46,111,108,seg_neutrophil
10674,49,49,102,102,seg_neutrophil
10675,42,48,117,105,metamyelocyte
10676,48,51,105,99,seg_neutrophil
10677,57,49,87,102,seg_neutrophil
10678,54,51,93,99,seg_neutrophil
10679,36,46,129,108,myelocyte
10680,63,61,75,78,lymphocyte
10681,42,45,117,111,monocyte
10682,49,54,102,93,seg_neutrophil
10683,42,46,117,108,basophil
10684,40,52,120,96,seg_neutrophil
10685,42,54,93,93,seg_neutrophil
10686,48,49,105,102,seg_neutrophil
10687,37,42,126,117,myelocyte
10688,52,48,96,105,seg_neutrophil
10689,52,39,96,123,seg_neutrophil
10690,46,54,108,93,band_neutrophil
10691,6,66,90,69,artifact
10692,46,54,108,93,band_neutrophil
10693,45,46,111,108,seg_neutrophil
10694,36,55,129,90,monocyte
10695,24,52,99,96,band_neutrophil
10696,52,48,96,105,monocyte
10697,45,51,111,99,band_neutrophil
10698,46,43,108,114,myelocyte
10699,52,46,96,108,seg_neutrophil
10700,52,46,96,108,band_neutrophil
10701,51,43,99,114,seg_neutrophil
10702,57,55,87,90,lymphocyte
10703,54,51,93,99,seg_neutrophil
10704,43,40,114,120,monocyte
10705,46,46,108,108,myelocyte
10706,43,46,114,108,seg_neutrophil
10707,57,46,87,108,metamyelocyte
10708,43,43,114,114,seg_neutrophil
10709,60,45,81,111,myelocyte
10710,51,59,99,105,myelocyte
10711,43,40,114,120,monocyte
10712,51,48,99,105,seg_neutrophil
10713,49,46,102,108,seg_neutrophil
10714,42,51,117,99,band_neutrophil
10715,48,49,105,102,seg_neutrophil
10716,52,52,96,96,metamyelocyte
10717,18,37,132,126,monocyte
10718,43,52,114,96,band_neutrophil
10719,55,92,90,96,lymphocyte
10720,51,49,99,102,seg_neutrophil
10721,60,48,81,105,monocyte
10722,12,42,120,117,monocyte
10723,39,42,123,117,myelocyte
10724,40,45,120,111,eosinophil
10725,48,52,105,96,seg_neutrophil
10726,43,48,114,105,seg_neutrophil
10727,40,39,120,123,monocyte
10728,48,46,105,108,seg_neutrophil
10729,43,46,114,108,myelocyte
10730,46,45,108,111,seg_neutrophil
10731,46,18,108,105,metamyelocyte
10732,42,43,117,114,monocyte
10733,49,45,102,111,lymphocyte
10734,52,51,96,99,seg_neutrophil
10735,46,24,108,129,myelocyte
10736,60,49,81,102,seg_neutrophil
10737,52,43,96,114,metamyelocyte
10738,54,49,93,102,band_neutrophil
10739,40,49,120,102,seg_neutrophil
10740,49,51,102,99,seg_neutrophil
10741,40,49,120,102,seg_neutrophil
10742,45,49,111,102,seg_neutrophil
10743,46,45,108,111,seg_neutrophil
10744,70,57,60,87,artifact
10745,46,45,108,111,monocyte
10746,51,48,99,105,monocyte
10747,51,48,99,105,seg_neutrophil
10748,66,52,69,96,artifact
10749,58,52,84,96,seg_neutrophil
10750,48,40,105,120,eosinophil
10751,63,60,75,81,lymphocyte
10752,43,64,114,72,smudge
10753,49,54,102,93,seg_neutrophil
10754,55,57,90,87,lymphocyte
10755,51,54,99,93,seg_neutrophil
10756,61,55,78,90,lymphocyte
10757,49,51,102,99,seg_neutrophil
10758,52,49,96,102,seg_neutrophil
10759,46,60,108,81,eosinophil
10760,46,49,108,102,seg_neutrophil
10761,48,53,105,102,seg_neutrophil
10762,58,58,84,84,lymphocyte
10763,55,54,90,93,lymphocyte
10764,60,52,81,96,lymphocyte
10765,64,64,72,72,artifact
10766,52,52,96,96,seg_neutrophil
10767,66,60,69,81,g_plt
10768,48,52,105,96,monocyte
10769,60,57,81,87,lymphocyte
10770,58,54,84,93,seg_neutrophil
10771,49,51,102,99,monocyte
10772,30,64,93,72,seg_neutrophil
10773,60,58,81,84,smudge
10774,54,57,93,87,seg_neutrophil
10775,49,15,102,93,seg_neutrophil
10776,58,56,84,90,lymphocyte
10777,67,60,66,81,lymphocyte
10778,57,51,87,99,smudge
10779,48,49,105,102,seg_neutrophil
10780,43,57,114,87,seg_neutrophil
10781,55,68,90,81,lymphocyte
10782,52,54,96,93,seg_neutrophil
10783,54,24,93,84,lymphocyte
10784,51,55,99,90,seg_neutrophil
10785,61,9,78,90,lymphocyte
10786,60,51,81,99,lymphocyte
10787,49,37,102,126,monocyte
10788,49,48,102,105,seg_neutrophil
10789,45,51,111,99,eosinophil
10790,48,49,105,102,seg_neutrophil
10791,57,54,84,93,lymphocyte
10792,46,65,108,99,seg_neutrophil
10793,58,54,84,93,lymphocyte
10794,57,51,87,99,seg_neutrophil
10795,60,57,81,87,lymphocyte
10796,52,55,96,90,seg_neutrophil
10797,51,52,99,96,seg_neutrophil
10798,46,49,108,102,seg_neutrophil
10799,55,51,90,99,seg_neutrophil
10800,48,40,105,120,monocyte
10801,51,55,99,90,lymphocyte
10802,61,57,78,87,lymphocyte
10803,49,57,102,87,seg_neutrophil
10804,49,46,102,108,seg_neutrophil
10805,54,3,93,96,lymphocyte
10806,60,61,81,78,lymphocyte
10807,60,64,81,72,smudge
10808,48,52,105,96,seg_neutrophil
10809,51,54,99,93,seg_neutrophil
10810,9,52,96,96,monocyte
10811,57,55,87,90,eosinophil
10812,60,54,81,93,lymphocyte
10813,52,57,96,87,band_neutrophil
10814,55,54,90,93,lymphocyte
10815,52,49,96,102,seg_neutrophil
10816,66,39,69,75,artifact
10817,42,54,117,93,smudge
10818,55,52,90,96,seg_neutrophil
10819,48,55,105,90,monocyte
10820,57,57,87,87,lymphocyte
10821,58,55,84,90,lymphocyte
10822,51,59,99,84,eosinophil
10823,52,57,96,87,seg_neutrophil
10824,43,51,114,99,monocyte
10825,45,62,111,96,seg_neutrophil
10826,45,52,111,96,seg_neutrophil
10827,52,54,96,93,seg_neutrophil
10828,49,55,102,90,seg_neutrophil
10829,51,60,99,81,lymphocyte
10830,51,51,99,99,seg_neutrophil
10831,51,58,99,84,smudge
10832,51,39,99,123,monocyte
10833,52,49,96,102,seg_neutrophil
10834,61,57,78,87,lymphocyte
10835,57,57,87,87,lymphocyte
10836,33,69,69,63,artifact
10837,55,60,90,81,seg_neutrophil
10838,49,60,102,81,seg_neutrophil
10839,51,57,99,87,eosinophil
10840,60,86,81,93,lymphocyte
10841,51,57,99,87,lymphocyte
10842,49,55,102,90,eosinophil
10843,57,36,87,84,seg_neutrophil
10844,58,61,84,78,lymphocyte
10845,51,43,99,114,seg_neutrophil
10846,55,49,90,102,monocyte
10847,54,52,93,96,seg_neutrophil
10848,58,21,84,90,lymphocyte
10849,54,60,93,81,lymphocyte
10850,57,60,87,78,lymphocyte
10851,45,49,111,102,monocyte
10852,61,54,78,93,lymphocyte
10853,46,65,108,99,seg_neutrophil
10854,57,55,87,90,lymphocyte
10855,54,63,93,75,lymphocyte
10856,64,57,72,87,lymphocyte
10857,55,58,90,84,lymphocyte
10858,52,45,96,90,lymphocyte
10859,49,49,102,102,seg_neutrophil
10860,60,54,81,93,lymphocyte
10861,55,48,90,105,lymphocyte
10862,49,52,102,96,seg_neutrophil
10863,54,55,93,90,lymphocyte
10864,55,58,90,84,smudge
10865,51,52,99,96,eosinophil
10866,51,21,99,159,monocyte
10867,51,58,99,84,seg_neutrophil
10868,49,54,102,93,monocyte
10869,46,36,108,129,monocyte
10870,54,61,93,78,lymphocyte
10871,58,61,84,78,lymphocyte
10872,54,51,93,99,seg_neutrophil
10873,54,57,93,87,lymphocyte
10874,66,12,69,177,artifact
10875,64,57,72,87,artifact
10876,70,67,60,66,artifact
10877,51,64,99,72,smudge
10878,52,58,96,84,lymphocyte
10879,48,45,105,111,eosinophil
10880,57,58,87,84,lymphocyte
10881,60,61,81,78,lymphocyte
10882,48,51,105,99,seg_neutrophil
10883,37,46,126,108,basophil
10884,49,49,102,102,lymphocyte
10885,55,57,90,87,lymphocyte
10886,49,69,102,63,eosinophil
10887,51,55,99,90,seg_neutrophil
10888,45,51,111,99,seg_neutrophil
10889,46,36,108,129,smudge
10890,58,51,84,99,lymphocyte
10891,27,51,108,99,lymphocyte
10892,55,58,90,84,lymphocyte
10893,57,51,87,99,lymphocyte
10894,52,60,96,81,lymphocyte
10895,51,55,99,90,blast
10896,58,54,84,93,seg_neutrophil
10897,55,54,90,93,lymphocyte
10898,52,54,96,93,lymphocyte
10899,51,49,99,102,lymphocyte
10900,51,45,99,111,seg_neutrophil
10901,48,51,105,99,lymphocyte
10902,64,63,72,75,lymphocyte
10903,51,52,99,96,lymphocyte
10904,55,57,90,87,blast
10905,66,55,69,90,lymphocyte
10906,55,33,90,87,lymphocyte
10907,51,54,99,93,lymphocyte
10908,54,54,93,93,seg_neutrophil
10909,54,58,93,84,blast
10910,49,39,102,123,seg_neutrophil
10911,48,55,105,90,lymphocyte
10912,55,51,90,99,metamyelocyte
10913,51,51,99,78,lymphocyte
10914,61,54,78,93,lymphocyte
10915,36,45,129,111,seg_neutrophil
10916,55,52,90,96,lymphocyte
10917,55,77,90,105,lymphocyte
10918,57,61,87,78,lymphocyte
10919,58,58,84,84,artifact
10920,51,42,99,90,lymphocyte
10921,51,57,99,87,lymphocyte
10922,58,55,84,90,lymphocyte
10923,48,39,105,123,smudge
10924,48,57,105,87,seg_neutrophil
10925,49,52,102,96,seg_neutrophil
10926,52,52,96,96,lymphocyte
10927,57,43,87,114,seg_neutrophil
10928,70,58,60,84,artifact
10929,63,58,75,84,artifact
10930,64,61,72,78,artifact
10931,52,51,96,99,lymphocyte
10932,57,55,87,90,lymphocyte
10933,61,57,78,87,blast
10934,43,43,114,114,eosinophil
10935,57,63,87,75,lymphocyte
10936,43,46,114,108,basophil
10937,55,55,90,90,basophil
10938,57,60,87,81,lymphocyte
10939,49,54,102,93,lymphocyte
10940,66,52,69,96,artifact
10941,52,54,96,93,artifact
10942,51,55,99,90,lymphocyte
10943,58,57,84,87,lymphocyte
10944,49,40,102,120,blast
10945,54,43,93,114,seg_neutrophil
10946,16,55,168,90,artifact
10947,49,52,102,96,lymphocyte
10948,52,55,96,90,lymphocyte
10949,54,57,93,87,lymphocyte
10950,55,62,90,93,lymphocyte
10951,51,46,99,108,lymphocyte
10952,60,66,81,69,artifact
10953,48,52,105,96,myelocyte
10954,46,48,108,105,seg_neutrophil
10955,45,46,111,108,seg_neutrophil
10956,52,60,96,81,lymphocyte
10957,49,59,102,84,lymphocyte
10958,49,42,102,117,basophil
10959,57,58,87,84,lymphocyte
10960,51,54,99,93,seg_neutrophil
10961,61,55,78,90,lymphocyte
10962,69,67,63,66,artifact
10963,58,52,84,96,artifact
10964,55,57,90,87,blast
10965,43,45,114,111,monocyte
10966,58,48,84,84,lymphocyte
10967,52,54,96,93,lymphocyte
10968,54,46,93,108,seg_neutrophil
10969,63,61,75,78,lymphocyte
10970,60,57,81,87,blast
10971,48,57,105,87,lymphocyte
10972,51,45,99,111,lymphocyte
10973,54,42,93,117,abnormal_lymphocyte
10974,60,58,81,84,lymphocyte
10975,49,46,102,108,lymphocyte
10976,64,64,72,72,artifact
10977,72,69,57,63,lymphocyte
10978,60,57,81,87,lymphocyte
10979,63,101,75,93,lymphocyte
10980,64,64,72,72,lymphocyte
10981,49,52,102,96,lymphocyte
10982,40,46,120,108,eosinophil
10983,48,52,105,96,seg_neutrophil
10984,42,54,117,93,lymphocyte
10985,46,61,108,78,lymphocyte
10986,49,45,102,111,seg_neutrophil
10987,52,77,96,108,seg_neutrophil
10988,51,60,99,81,eosinophil
10989,49,9,102,108,seg_neutrophil
10990,48,86,105,102,eosinophil
10991,46,55,108,90,seg_neutrophil
10992,51,63,99,75,seg_neutrophil
10993,43,49,114,102,seg_neutrophil
10994,54,51,93,99,lymphocyte
10995,45,51,111,99,eosinophil
10996,51,48,99,105,seg_neutrophil
10997,51,46,99,108,seg_neutrophil
10998,58,39,84,99,seg_neutrophil
10999,52,48,96,105,seg_neutrophil
11000,63,76,75,48,eosinophil
11001,45,49,111,102,seg_neutrophil
11002,58,60,84,81,lymphocyte
11003,57,52,87,96,seg_neutrophil
11004,45,52,111,96,seg_neutrophil
11005,58,51,84,99,lymphocyte
11006,46,57,108,87,seg_neutrophil
11007,57,63,87,75,lymphocyte
11008,48,49,105,102,seg_neutrophil
11009,43,55,114,90,seg_neutrophil
11010,51,51,99,99,seg_neutrophil
11011,43,46,114,108,seg_neutrophil
11012,51,51,99,99,seg_neutrophil
11013,55,48,90,105,eosinophil
11014,52,51,96,99,eosinophil
11015,57,48,87,105,seg_neutrophil
11016,54,60,93,81,seg_neutrophil
11017,52,58,96,84,seg_neutrophil
11018,43,61,114,78,eosinophil
11019,45,46,111,108,eosinophil
11020,52,48,96,105,eosinophil
11021,43,46,114,108,eosinophil
11022,48,48,105,105,seg_neutrophil
11023,45,46,111,108,seg_neutrophil
11024,45,51,111,99,seg_neutrophil
11025,48,54,105,93,seg_neutrophil
11026,40,48,120,105,seg_neutrophil
11027,48,51,105,99,seg_neutrophil
11028,61,51,78,99,seg_neutrophil
11029,46,51,108,99,seg_neutrophil
11030,42,30,117,105,seg_neutrophil
11031,37,51,126,99,eosinophil
11032,51,86,99,108,seg_neutrophil
11033,52,52,96,96,seg_neutrophil
11034,46,51,108,99,seg_neutrophil
11035,43,49,114,102,eosinophil
11036,43,51,114,99,seg_neutrophil
11037,55,48,90,105,seg_neutrophil
11038,46,36,108,129,monocyte
11039,43,55,114,90,eosinophil
11040,39,49,123,102,seg_neutrophil
11041,52,51,96,99,seg_neutrophil
11042,45,39,111,123,monocyte
11043,55,43,90,114,seg_neutrophil
11044,55,51,90,99,seg_neutrophil
11045,52,46,96,108,seg_neutrophil
11046,48,49,105,102,seg_neutrophil
11047,51,48,99,105,seg_neutrophil
11048,58,63,84,75,lymphocyte
11049,49,49,102,102,seg_neutrophil
11050,46,46,108,108,seg_neutrophil
11051,58,64,84,72,lymphocyte
11052,51,46,99,108,seg_neutrophil
11053,58,65,84,93,seg_neutrophil
11054,48,55,87,90,lymphocyte
11055,55,49,90,102,seg_neutrophil
11056,49,54,102,93,eosinophil
11057,54,49,93,102,eosinophil
11058,59,51,87,99,seg_neutrophil
11059,52,49,96,102,seg_neutrophil
11060,48,48,105,105,seg_neutrophil
11061,61,49,78,102,eosinophil
11062,45,48,111,105,seg_neutrophil
11063,45,46,111,108,seg_neutrophil
11064,49,49,102,102,seg_neutrophil
11065,46,54,108,93,seg_neutrophil
11066,52,49,96,102,seg_neutrophil
11067,61,45,78,111,eosinophil
11068,54,54,93,93,seg_neutrophil
11069,52,52,96,96,seg_neutrophil
11070,45,60,111,81,eosinophil
11071,48,74,105,114,eosinophil
11072,46,43,108,114,monocyte
11073,46,49,108,102,seg_neutrophil
11074,52,52,96,96,seg_neutrophil
11075,52,49,96,102,seg_neutrophil
11076,48,39,105,123,seg_neutrophil
11077,48,49,105,102,seg_neutrophil
11078,49,48,102,105,seg_neutrophil
11079,51,51,99,99,seg_neutrophil
11080,48,54,105,93,seg_neutrophil
11081,49,45,102,111,seg_neutrophil
11082,60,55,81,90,lymphocyte
11083,51,55,99,90,eosinophil
11084,43,45,114,111,abnormal_lymphocyte
11085,46,49,108,102,seg_neutrophil
11086,61,55,78,90,lymphocyte
11087,46,40,108,120,monocyte
11088,43,39,114,123,seg_neutrophil
11089,45,18,111,96,seg_neutrophil
11090,55,45,90,111,seg_neutrophil
11091,51,51,99,99,basophil
11092,46,43,108,114,eosinophil
11093,55,46,90,108,eosinophil
11094,49,46,102,108,monocyte
11095,48,45,105,111,seg_neutrophil
11096,43,89,114,108,seg_neutrophil
11097,46,48,108,105,seg_neutrophil
11098,57,119,87,72,lymphocyte
11099,49,51,102,99,seg_neutrophil
11100,52,55,96,90,seg_neutrophil
11101,49,68,102,87,seg_neutrophil
11102,55,48,90,105,seg_neutrophil
11103,61,55,78,90,lymphocyte
11104,52,37,96,126,seg_neutrophil
11105,48,46,105,108,seg_neutrophil
11106,45,43,111,114,eosinophil
11107,42,27,117,114,seg_neutrophil
11108,39,65,123,93,seg_neutrophil
11109,49,58,102,84,eosinophil
11110,42,51,117,99,seg_neutrophil
11111,60,57,81,87,lymphocyte
11112,46,43,108,114,eosinophil
11113,21,43,105,114,eosinophil
11114,55,49,90,102,seg_neutrophil
11115,48,48,105,105,seg_neutrophil
11116,54,48,93,105,seg_neutrophil
11117,48,49,105,102,seg_neutrophil
11118,36,55,129,90,seg_neutrophil
11119,46,52,108,96,eosinophil
11120,48,54,105,93,seg_neutrophil
11121,54,51,93,99,monocyte
11122,45,52,111,96,seg_neutrophil
11123,61,61,78,78,lymphocyte
11124,45,55,111,90,seg_neutrophil
11125,46,45,108,111,eosinophil
11126,49,45,102,111,seg_neutrophil
11127,34,48,132,105,monocyte
11128,57,45,87,90,lymphocyte
11129,45,92,111,102,seg_neutrophil
11130,46,51,108,99,abnormal_lymphocyte
11131,33,31,135,138,eosinophil
11132,49,52,102,96,seg_neutrophil
11133,51,45,99,111,eosinophil
11134,51,52,99,96,seg_neutrophil
11135,54,57,93,87,seg_neutrophil
11136,52,46,96,108,seg_neutrophil
11137,49,43,102,114,seg_neutrophil
11138,46,49,108,102,seg_neutrophil
11139,57,49,87,102,seg_neutrophil
11140,52,42,96,117,eosinophil
11141,60,57,81,87,lymphocyte
11142,48,46,105,108,seg_neutrophil
11143,43,45,114,111,seg_neutrophil
11144,57,52,87,96,lymphocyte
11145,51,45,99,111,seg_neutrophil
11146,58,57,84,87,lymphocyte
11147,52,52,96,96,seg_neutrophil
11148,54,49,93,102,seg_neutrophil
11149,43,57,114,87,seg_neutrophil
11150,60,58,81,84,lymphocyte
11151,49,49,102,102,seg_neutrophil
11152,27,55,147,90,eosinophil
11153,49,48,102,105,seg_neutrophil
11154,40,34,120,132,eosinophil
11155,48,51,105,99,seg_neutrophil
11156,39,52,123,96,eosinophil
11157,65,63,102,75,seg_neutrophil
11158,45,55,111,90,seg_neutrophil
11159,52,45,96,111,eosinophil
11160,49,48,102,105,seg_neutrophil
11161,63,51,75,99,seg_neutrophil
11162,37,45,126,111,seg_neutrophil
11163,45,34,111,132,eosinophil
11164,51,55,99,90,abnormal_lymphocyte
11165,61,58,78,84,lymphocyte
11166,66,61,69,78,lymphocyte
11167,49,55,102,90,lymphocyte
11168,64,58,72,84,lymphocyte
11169,37,51,126,99,monocyte
11170,48,51,105,99,seg_neutrophil
11171,73,69,54,63,artifact
11172,46,52,108,96,eosinophil
11173,60,54,81,93,lymphocyte
11174,61,63,78,75,lymphocyte
11175,46,48,108,105,seg_neutrophil
11176,52,42,96,117,seg_neutrophil
11177,58,54,84,93,lymphocyte
11178,57,55,87,90,lymphocyte
11179,48,48,105,105,monocyte
11180,34,43,132,114,monocyte
11181,48,18,105,96,monocyte
11182,51,55,99,90,seg_neutrophil
11183,43,46,114,108,seg_neutrophil
11184,46,52,108,96,seg_neutrophil
11185,49,43,102,114,eosinophil
11186,48,54,105,93,seg_neutrophil
11187,63,39,75,123,eosinophil
11188,60,58,81,84,lymphocyte
11189,57,61,87,78,lymphocyte
11190,42,43,117,114,monocyte
11191,43,49,114,102,monocyte
11192,48,37,105,126,band_neutrophil
11193,43,46,114,108,eosinophil
11194,57,107,87,72,lymphocyte
11195,40,40,120,120,monocyte
11196,37,36,126,129,monocyte
11197,48,51,105,99,eosinophil
11198,49,49,102,102,seg_neutrophil
11199,49,37,102,126,monocyte
11200,55,57,90,87,lymphocyte
11201,61,64,78,72,lymphocyte
11202,63,58,75,84,lymphocyte
11203,61,57,78,87,lymphocyte
11204,58,48,84,105,seg_neutrophil
11205,39,12,123,105,monocyte
11206,57,61,87,78,lymphocyte
11207,57,63,87,75,lymphocyte
11208,60,19,81,162,artifact
11209,55,55,90,90,lymphocyte
11210,33,49,135,102,eosinophil
11211,64,58,72,84,lymphocyte
11212,57,55,87,90,lymphocyte
11213,43,43,114,114,eosinophil
11214,66,119,69,72,lymphocyte
11215,69,52,63,96,artifact
11216,57,60,87,81,lymphocyte
11217,52,54,96,93,eosinophil
11218,37,48,126,105,monocyte
11219,51,60,99,81,lymphocyte
11220,51,58,99,84,lymphocyte
11221,48,54,105,93,seg_neutrophil
11222,45,40,111,120,monocyte
11223,57,60,87,81,lymphocyte
11224,57,86,87,108,seg_neutrophil
11225,43,57,114,87,eosinophil
11226,48,51,105,99,band_neutrophil
11227,54,46,93,108,band_neutrophil
11228,52,52,96,96,seg_neutrophil
11229,58,58,84,84,lymphocyte
11230,52,46,96,108,band_neutrophil
11231,48,55,105,90,seg_neutrophil
11232,51,58,99,84,band_neutrophil
11233,37,52,126,96,monocyte
11234,52,51,96,99,lymphocyte
11235,48,51,105,99,eosinophil
11236,57,54,87,93,smudge
11237,52,58,96,84,lymphocyte
11238,46,48,108,105,monocyte
11239,60,60,81,81,lymphocyte
11240,45,48,111,105,monocyte
11241,43,46,114,108,monocyte
11242,48,43,105,114,seg_neutrophil
11243,36,51,129,99,monocyte
11244,51,22,99,156,monocyte
11245,42,36,117,129,monocyte
11246,55,46,90,108,band_neutrophil
11247,40,49,120,102,monocyte
11248,43,36,114,129,monocyte
11249,42,28,117,144,monocyte
11250,30,34,141,132,monocyte
11251,66,61,69,78,eosinophil
11252,49,58,102,84,seg_neutrophil
11253,49,51,102,99,band_neutrophil
11254,61,64,78,72,lymphocyte
11255,46,53,108,105,eosinophil
11256,73,51,54,99,artifact
11257,57,61,87,78,lymphocyte
11258,52,48,96,78,lymphocyte
11259,36,15,129,171,eosinophil
11260,60,57,81,87,lymphocyte
11261,48,45,105,111,monocyte
11262,43,48,114,105,monocyte
11263,43,51,114,99,eosinophil
11264,39,49,123,102,monocyte
11265,48,54,105,93,band_neutrophil
11266,52,57,96,87,basophil
11267,63,61,75,78,lymphocyte
11268,57,57,87,87,lymphocyte
11269,36,37,129,126,monocyte
11270,60,63,81,75,lymphocyte
11271,40,21,120,111,eosinophil
11272,42,53,117,105,monocyte
11273,63,51,75,72,artifact
11274,43,46,114,108,seg_neutrophil
11275,51,42,99,117,monocyte
11276,51,55,99,90,lymphocyte
11277,40,33,120,135,artifact
11278,66,64,69,72,artifact
11279,40,28,120,144,artifact
11280,54,54,93,93,lymphocyte
11281,61,57,78,87,seg_neutrophil
11282,55,63,90,75,lymphocyte
11283,58,76,84,48,lymphocyte
11284,48,51,105,99,eosinophil
11285,55,60,90,81,band_neutrophil
11286,51,55,99,90,band_neutrophil
11287,52,46,96,108,eosinophil
11288,57,18,87,66,lymphocyte
11289,58,48,84,105,monocyte
11290,55,55,90,90,seg_neutrophil
11291,33,52,87,96,lymphocyte
11292,60,49,81,102,band_neutrophil
11293,52,58,96,84,eosinophil
11294,58,63,84,75,lymphocyte
11295,45,46,111,108,monocyte
11296,54,49,93,102,myelocyte
11297,46,48,108,105,seg_neutrophil
11298,55,66,90,69,lymphocyte
11299,48,58,105,84,seg_neutrophil
11300,46,51,108,99,monocyte
11301,51,27,99,147,metamyelocyte
11302,52,52,96,96,seg_neutrophil
11303,45,63,111,75,band_neutrophil
11304,55,55,90,90,eosinophil
11305,51,46,99,108,monocyte
11306,60,61,81,78,eosinophil
11307,51,58,99,84,eosinophil
11308,57,54,87,93,lymphocyte
11309,52,51,96,99,band_neutrophil
11310,58,57,84,87,myelocyte
11311,45,54,111,93,myelocyte
11312,55,57,90,87,lymphocyte
11313,52,46,96,108,seg_neutrophil
11314,58,3,84,105,monocyte
11315,52,58,96,84,seg_neutrophil
11316,54,54,93,93,basophil
11317,57,70,87,60,lymphocyte
11318,49,55,102,90,monocyte
11319,55,51,90,99,seg_neutrophil
11320,51,52,99,96,seg_neutrophil
11321,57,57,87,87,seg_neutrophil
11322,66,116,69,69,lymphocyte
11323,72,64,57,72,lymphocyte
11324,54,60,93,81,seg_neutrophil
11325,52,57,96,87,seg_neutrophil
11326,64,54,72,93,band_neutrophil
11327,51,57,99,87,band_neutrophil
11328,48,51,105,99,eosinophil
11329,49,54,102,93,seg_neutrophil
11330,55,60,90,81,seg_neutrophil
11331,49,43,102,114,eosinophil
11332,48,57,105,87,eosinophil
11333,63,54,75,93,band_neutrophil
11334,21,63,93,75,seg_neutrophil
11335,55,54,90,93,band_neutrophil
11336,48,24,105,90,lymphocyte
11337,52,49,96,102,band_neutrophil
11338,64,57,72,87,seg_neutrophil
11339,58,66,84,69,smudge
11340,63,67,75,66,lymphocyte
11341,51,55,99,90,seg_neutrophil
11342,48,57,105,87,seg_neutrophil
11343,55,52,90,96,seg_neutrophil
11344,61,61,78,78,seg_neutrophil
11345,43,43,114,114,band_neutrophil
11346,55,55,90,90,eosinophil
11347,51,63,99,75,seg_neutrophil
11348,48,54,105,93,seg_neutrophil
11349,57,57,87,87,band_neutrophil
11350,15,58,96,84,seg_neutrophil
11351,49,52,102,96,seg_neutrophil
11352,9,66,90,69,band_neutrophil
11353,61,55,78,90,lymphocyte
11354,49,58,102,84,band_neutrophil
11355,49,52,102,96,seg_neutrophil
11356,57,52,87,96,seg_neutrophil
11357,54,55,93,90,seg_neutrophil
11358,45,49,111,102,monocyte
11359,49,46,102,108,basophil
11360,49,54,102,93,seg_neutrophil
11361,52,45,96,111,band_neutrophil
11362,42,45,117,111,monocyte
11363,57,61,87,78,seg_neutrophil
11364,67,66,66,69,lymphocyte
11365,54,60,93,81,band_neutrophil
11366,55,58,90,84,seg_neutrophil
11367,51,70,99,60,band_neutrophil
11368,51,55,99,90,eosinophil
11369,78,57,45,87,artifact
11370,52,54,96,93,seg_neutrophil
11371,58,55,84,90,band_neutrophil
11372,67,66,66,69,lymphocyte
11373,58,63,84,75,lymphocyte
11374,57,55,87,90,seg_neutrophil
11375,45,60,111,81,seg_neutrophil
11376,77,57,84,87,lymphocyte
11377,44,61,120,78,metamyelocyte
11378,54,61,93,78,eosinophil
11379,48,57,90,87,seg_neutrophil
11380,61,9,78,81,lymphocyte
11381,55,57,90,87,seg_neutrophil
11382,58,67,84,66,lymphocyte
11383,54,58,93,84,band_neutrophil
11384,45,57,111,87,band_neutrophil
11385,67,63,66,75,lymphocyte
11386,54,54,93,93,band_neutrophil
11387,60,37,81,126,monocyte
11388,52,43,96,114,monocyte
11389,61,66,78,69,lymphocyte
11390,43,49,114,102,monocyte
11391,46,49,108,102,seg_neutrophil
11392,66,64,69,72,seg_neutrophil
11393,58,52,84,96,eosinophil
11394,52,64,96,72,lymphocyte
11395,54,52,93,96,eosinophil
11396,43,21,114,84,monocyte
11397,3,51,99,99,seg_neutrophil
11398,43,45,114,111,myelocyte
11399,60,58,81,84,seg_neutrophil
11400,49,63,102,75,seg_neutrophil
11401,60,51,81,99,lymphocyte
11402,48,46,105,108,monocyte
11403,51,92,99,93,seg_neutrophil
11404,54,49,93,102,eosinophil
11405,54,51,93,72,band_neutrophil
11406,46,57,108,87,eosinophil
11407,58,58,84,84,seg_neutrophil
11408,54,58,93,84,band_neutrophil
11409,49,60,102,81,seg_neutrophil
11410,54,57,93,87,seg_neutrophil
11411,55,48,90,105,seg_neutrophil
11412,55,60,90,81,seg_neutrophil
11413,55,52,90,96,seg_neutrophil
11414,55,58,90,84,seg_neutrophil
11415,55,61,90,78,lymphocyte
11416,58,55,84,90,seg_neutrophil
11417,55,63,90,75,lymphocyte
11418,61,61,78,78,lymphocyte
11419,57,52,87,96,band_neutrophil
11420,43,58,114,84,band_neutrophil
11421,46,55,108,90,seg_neutrophil
11422,49,60,102,81,eosinophil
11423,52,60,96,81,seg_neutrophil
11424,58,86,84,102,basophil
11425,54,60,81,81,lymphocyte
11426,54,55,93,90,seg_neutrophil
11427,52,30,96,93,eosinophil
11428,63,21,75,78,lymphocyte
11429,9,46,96,108,eosinophil
11430,42,52,117,96,monocyte
11431,64,69,72,63,lymphocyte
11432,49,58,102,84,seg_neutrophil
11433,60,61,81,78,lymphocyte
11434,52,51,96,99,eosinophil
11435,55,60,90,81,lymphocyte
11436,43,54,114,93,lymphocyte
11437,51,57,99,87,band_neutrophil
11438,52,63,96,75,seg_neutrophil
11439,61,57,78,87,lymphocyte
11440,60,60,81,81,band_neutrophil
11441,46,48,108,105,eosinophil
11442,61,60,78,81,lymphocyte
11443,46,52,108,96,seg_neutrophil
11444,40,45,120,111,monocyte
11445,54,51,93,99,band_neutrophil
11446,51,48,99,105,eosinophil
11447,48,58,105,84,eosinophil
11448,21,52,108,96,eosinophil
11449,61,57,78,87,seg_neutrophil
11450,58,54,84,93,seg_neutrophil
11451,60,51,81,99,lymphocyte
11452,49,55,102,90,lymphocyte
11453,61,69,78,63,lymphocyte
11454,43,49,114,102,eosinophil
11455,39,54,123,93,monocyte
11456,57,55,87,90,lymphocyte
11457,55,54,90,93,eosinophil
11458,39,42,123,117,eosinophil
11459,49,58,102,84,seg_neutrophil
11460,61,51,78,99,band_neutrophil
11461,54,51,93,99,band_neutrophil
11462,43,36,114,90,seg_neutrophil
11463,55,48,90,105,seg_neutrophil
11464,57,57,87,87,seg_neutrophil
11465,52,52,96,96,seg_neutrophil
11466,55,54,90,93,band_neutrophil
11467,63,60,75,81,lymphocyte
11468,43,54,114,93,monocyte
11469,69,63,63,75,lymphocyte
11470,45,51,111,99,monocyte
11471,49,58,102,84,seg_neutrophil
11472,52,58,96,84,seg_neutrophil
11473,45,49,111,102,monocyte
11474,48,45,105,78,eosinophil
11475,51,52,99,96,monocyte
11476,57,61,87,78,seg_neutrophil
11477,58,55,84,90,lymphocyte
11478,45,51,111,99,eosinophil
11479,58,57,84,87,lymphocyte
11480,55,54,90,93,eosinophil
11481,51,39,99,123,metamyelocyte
11482,40,3,120,90,metamyelocyte
11483,42,46,111,108,myelocyte
11484,49,49,102,102,metamyelocyte
11485,39,33,123,102,metamyelocyte
11486,40,44,120,120,metamyelocyte
11487,51,57,99,87,metamyelocyte
11488,30,48,141,105,metamyelocyte
11489,34,43,132,114,myelocyte
11490,49,58,102,84,myelocyte
11491,46,49,108,102,myelocyte
11492,46,48,108,105,myelocyte
11493,6,49,108,102,metamyelocyte
11494,48,55,105,90,metamyelocyte
11495,40,46,120,108,myelocyte
11496,52,52,96,96,myelocyte
11497,37,18,126,129,myelocyte
11498,46,42,108,117,myelocyte
11499,52,51,96,99,metamyelocyte
11500,45,77,111,111,myelocyte
11501,43,37,114,126,myelocyte
11502,49,51,102,99,myelocyte
11503,42,40,117,120,myelocyte
11504,52,86,96,102,myelocyte
11505,43,42,114,117,myelocyte
11506,36,39,129,123,myelocyte
11507,42,49,117,102,myelocyte
11508,54,51,93,99,myelocyte
11509,40,45,120,111,myelocyte
11510,42,37,117,126,myelocyte
11511,46,57,108,87,myelocyte
11512,33,33,135,135,myelocyte
11513,43,36,114,117,myelocyte
11514,49,49,102,102,myelocyte
11515,36,27,129,147,myelocyte
11516,49,55,102,90,myelocyte
11517,46,51,108,99,myelocyte
11518,48,55,105,90,metamyelocyte
11519,49,48,102,105,myelocyte
11520,63,66,75,69,metamyelocyte
11521,34,52,132,96,metamyelocyte
11522,27,30,147,141,myelocyte
11523,40,33,120,135,myelocyte
11524,55,57,90,87,metamyelocyte
11525,46,46,108,108,myelocyte
11526,34,48,132,105,myelocyte
11527,45,42,111,117,metamyelocyte
11528,34,37,132,126,promyelocyte
11529,36,48,129,105,myelocyte
11530,42,40,117,120,metamyelocyte
11531,31,40,138,120,promyelocyte
11532,46,39,108,123,myelocyte
11533,65,46,108,108,myelocyte
11534,36,42,129,117,myelocyte
11535,55,54,90,93,metamyelocyte
11536,36,86,129,102,myelocyte
11537,27,36,147,129,myelocyte
11538,58,63,84,75,metamyelocyte
11539,37,46,126,108,promyelocyte
11540,52,57,96,87,metamyelocyte
11541,60,48,81,105,myelocyte
11542,54,51,93,99,metamyelocyte
11543,45,45,111,111,metamyelocyte
11544,45,40,111,120,myelocyte
11545,49,52,102,96,myelocyte
11546,46,57,108,87,myelocyte
11547,60,61,81,78,myelocyte
11548,46,48,108,105,metamyelocyte
11549,36,39,129,123,myelocyte
11550,46,45,108,111,myelocyte
11551,52,52,96,96,myelocyte
11552,34,27,132,147,myelocyte
11553,48,77,105,111,metamyelocyte
11554,52,52,96,96,metamyelocyte
11555,49,71,102,93,metamyelocyte
11556,52,58,96,84,metamyelocyte
11557,51,52,99,96,metamyelocyte
11558,46,43,108,114,metamyelocyte
11559,46,43,108,114,metamyelocyte
11560,51,51,99,99,metamyelocyte
11561,46,54,108,93,myelocyte
11562,54,48,93,105,myelocyte
11563,55,55,90,90,myelocyte
11564,45,54,111,93,myelocyte
11565,46,40,108,120,metamyelocyte
11566,40,43,120,114,myelocyte
11567,49,46,102,108,metamyelocyte
11568,48,58,105,84,myelocyte
11569,45,57,111,87,myelocyte
11570,45,42,111,117,myelocyte
11571,55,52,90,96,metamyelocyte
11572,60,46,81,108,myelocyte
11573,51,54,99,93,myelocyte
11574,40,51,120,99,myelocyte
11575,42,48,117,105,myelocyte
11576,49,36,102,102,myelocyte
11577,37,37,126,126,myelocyte
11578,51,48,99,105,myelocyte
11579,43,55,114,90,myelocyte
11580,43,71,114,126,myelocyte
11581,57,49,87,102,metamyelocyte
11582,55,55,90,90,myelocyte
11583,45,45,111,111,myelocyte
11584,46,45,108,111,myelocyte
11585,43,45,114,111,metamyelocyte
11586,54,49,93,102,metamyelocyte
11587,49,37,102,126,metamyelocyte
11588,52,45,96,111,metamyelocyte
11589,48,27,105,123,myelocyte
11590,51,49,99,102,metamyelocyte
11591,36,45,129,111,myelocyte
11592,52,42,96,117,myelocyte
11593,57,55,87,90,metamyelocyte
11594,46,54,108,93,metamyelocyte
11595,42,42,117,117,myelocyte
11596,52,45,96,111,myelocyte
11597,45,45,111,111,myelocyte
11598,46,45,108,111,myelocyte
11599,48,51,105,99,metamyelocyte
11600,52,46,96,108,myelocyte
11601,36,52,129,96,metamyelocyte
11602,52,55,96,90,myelocyte
11603,46,43,108,114,myelocyte
11604,42,48,117,105,metamyelocyte
11605,42,43,117,114,metamyelocyte
11606,48,49,105,102,myelocyte
11607,43,42,114,117,myelocyte
11608,46,51,108,99,metamyelocyte
11609,49,52,102,96,metamyelocyte
11610,57,45,87,111,myelocyte
11611,57,52,87,96,metamyelocyte
11612,45,51,111,99,myelocyte
11613,43,49,114,102,myelocyte
11614,54,46,93,108,metamyelocyte
11615,45,52,111,96,myelocyte
11616,40,42,120,117,myelocyte
11617,39,40,123,120,myelocyte
11618,31,46,138,108,metamyelocyte
11619,46,52,108,96,myelocyte
11620,57,46,87,108,myelocyte
11621,51,51,99,99,myelocyte
11622,39,45,123,111,metamyelocyte
11623,54,51,93,99,myelocyte
11624,46,43,108,114,myelocyte
11625,52,51,96,99,myelocyte
11626,51,48,99,105,myelocyte
11627,57,54,87,93,myelocyte
11628,43,51,114,99,myelocyte
11629,46,43,108,114,myelocyte
11630,42,52,117,96,myelocyte
11631,55,45,90,111,myelocyte
11632,54,54,93,93,myelocyte
11633,49,52,102,96,metamyelocyte
11634,49,45,102,111,metamyelocyte
11635,51,49,99,102,metamyelocyte
11636,52,51,96,99,myelocyte
11637,48,51,105,99,myelocyte
11638,51,52,99,96,metamyelocyte
11639,49,46,102,108,myelocyte
11640,57,12,87,108,metamyelocyte
11641,54,52,93,96,metamyelocyte
11642,39,47,123,108,myelocyte
11643,55,30,90,102,myelocyte
11644,51,51,99,99,metamyelocyte
11645,51,49,99,102,myelocyte
11646,37,37,126,126,myelocyte
11647,46,46,108,108,myelocyte
11648,46,43,108,114,metamyelocyte
11649,49,49,102,102,myelocyte
11650,46,45,108,111,myelocyte
11651,28,43,144,114,promyelocyte
11652,51,45,99,111,myelocyte
11653,51,43,99,114,metamyelocyte
11654,40,74,120,105,myelocyte
11655,48,39,105,123,myelocyte
11656,40,49,120,102,myelocyte
11657,54,54,93,93,metamyelocyte
11658,42,46,117,108,metamyelocyte
11659,48,42,105,117,myelocyte
11660,12,51,102,99,metamyelocyte
11661,45,39,111,78,metamyelocyte
11662,6,49,105,102,myelocyte
11663,45,77,111,102,metamyelocyte
11664,37,31,126,138,myelocyte
11665,46,49,108,102,metamyelocyte
11666,52,48,96,105,myelocyte
11667,46,52,108,96,myelocyte
11668,42,49,117,102,myelocyte
11669,45,42,111,117,metamyelocyte
11670,48,36,105,129,myelocyte
11671,48,46,105,108,metamyelocyte
11672,48,55,105,90,myelocyte
11673,49,52,102,96,myelocyte
11674,42,83,117,96,metamyelocyte
11675,40,54,120,93,myelocyte
11676,49,43,102,114,metamyelocyte
11677,46,39,108,123,metamyelocyte
11678,55,49,90,102,myelocyte
11679,43,58,114,84,myelocyte
11680,52,52,96,96,myelocyte
11681,43,40,114,120,myelocyte
11682,39,36,123,129,myelocyte
11683,52,9,96,114,metamyelocyte
11684,33,33,135,135,myelocyte
11685,43,52,114,96,metamyelocyte
11686,30,27,141,147,myelocyte
11687,52,46,96,108,metamyelocyte
11688,48,43,105,114,metamyelocyte
11689,36,39,129,123,metamyelocyte
11690,42,43,117,114,metamyelocyte
11691,33,34,135,132,myelocyte
11692,39,37,123,126,metamyelocyte
11693,40,21,120,132,metamyelocyte
11694,56,40,102,120,metamyelocyte
11695,49,49,102,102,metamyelocyte
11696,31,45,138,111,metamyelocyte
11697,51,31,99,138,metamyelocyte
11698,46,39,108,123,metamyelocyte
11699,54,55,93,90,myelocyte
11700,49,46,102,108,metamyelocyte
11701,52,52,96,96,metamyelocyte
11702,43,46,114,108,metamyelocyte
11703,51,58,99,84,metamyelocyte
11704,48,49,105,102,myelocyte
11705,51,52,99,96,myelocyte
11706,37,39,126,123,promyelocyte
11707,46,39,108,123,myelocyte
11708,80,34,111,132,myelocyte
11709,48,52,105,96,myelocyte
11710,43,45,114,111,myelocyte
11711,39,39,123,123,myelocyte
11712,52,86,96,99,metamyelocyte
11713,46,46,108,108,myelocyte
11714,51,42,99,117,myelocyte
11715,43,45,114,111,myelocyte
11716,45,48,111,105,myelocyte
11717,46,52,108,96,myelocyte
11718,54,45,93,111,myelocyte
11719,54,39,93,123,myelocyte
11720,51,51,99,99,myelocyte
11721,57,42,87,117,myelocyte
11722,42,46,117,108,myelocyte
11723,48,21,105,99,metamyelocyte
11724,54,54,93,93,metamyelocyte
11725,39,45,123,111,myelocyte
11726,52,43,96,114,myelocyte
11727,55,52,90,96,myelocyte
11728,48,52,105,96,metamyelocyte
11729,54,40,93,120,myelocyte
11730,52,54,96,93,myelocyte
11731,55,51,90,99,metamyelocyte
11732,48,43,105,114,myelocyte
11733,51,49,99,102,metamyelocyte
11734,46,49,108,102,myelocyte
11735,42,30,117,141,promyelocyte
11736,46,40,108,120,myelocyte
11737,52,59,96,114,myelocyte
11738,40,46,120,108,myelocyte
11739,46,42,108,117,myelocyte
11740,48,43,105,114,myelocyte
11741,6,27,189,141,promyelocyte
11742,45,39,111,123,myelocyte
11743,37,43,126,114,myelocyte
11744,52,31,96,138,metamyelocyte
11745,36,37,129,126,myelocyte
11746,49,49,102,102,myelocyte
11747,51,28,99,144,metamyelocyte
11748,48,46,105,108,myelocyte
11749,42,48,117,105,myelocyte
11750,45,34,111,132,myelocyte
11751,55,45,90,111,myelocyte
11752,45,40,111,120,myelocyte
11753,51,48,99,105,myelocyte
11754,49,52,102,96,myelocyte
11755,42,33,117,102,myelocyte
11756,45,49,111,102,myelocyte
11757,31,45,138,111,myelocyte
11758,46,43,108,114,metamyelocyte
11759,43,36,114,129,myelocyte
11760,3,36,126,129,metamyelocyte
11761,15,51,111,99,myelocyte
11762,42,45,117,111,myelocyte
11763,43,48,114,105,myelocyte
11764,49,52,102,96,myelocyte
11765,52,42,96,117,metamyelocyte
11766,34,42,132,117,promyelocyte
11767,53,48,108,105,myelocyte
11768,42,43,117,114,myelocyte
11769,49,54,102,93,myelocyte
11770,55,57,90,87,myelocyte
11771,34,37,132,126,promyelocyte
11772,51,52,99,96,metamyelocyte
11773,45,54,111,93,myelocyte
11774,58,52,84,96,myelocyte
11775,71,46,111,108,myelocyte
11776,45,51,111,99,metamyelocyte
11777,46,51,108,99,myelocyte
11778,57,52,87,96,metamyelocyte
11779,58,49,84,102,myelocyte
11780,40,43,120,114,myelocyte
11781,51,60,99,81,myelocyte
11782,57,57,87,87,myelocyte
11783,48,51,105,99,myelocyte
11784,58,58,84,84,myelocyte
11785,37,56,126,126,myelocyte
11786,52,45,96,111,metamyelocyte
11787,52,52,96,96,myelocyte
11788,49,42,102,117,myelocyte
11789,46,46,108,108,myelocyte
11790,46,45,108,111,metamyelocyte
11791,43,43,114,114,metamyelocyte
11792,55,51,90,90,myelocyte
11793,46,46,108,108,myelocyte
11794,51,54,99,93,myelocyte
11795,45,49,111,102,metamyelocyte
11796,51,42,99,117,metamyelocyte
11797,34,33,132,135,myelocyte
11798,54,48,93,105,myelocyte
11799,46,37,108,126,myelocyte
11800,37,49,126,102,myelocyte
11801,43,45,114,111,myelocyte
11802,57,49,87,102,myelocyte
11803,43,54,114,93,metamyelocyte
11804,45,48,111,105,myelocyte
11805,49,46,102,108,myelocyte
11806,51,48,99,105,myelocyte
11807,45,48,111,105,metamyelocyte
11808,51,39,99,123,myelocyte
11809,48,49,105,102,myelocyte
11810,51,58,99,84,myelocyte
11811,48,48,105,105,myelocyte
11812,49,45,102,111,metamyelocyte
11813,42,46,117,108,myelocyte
11814,48,45,105,111,myelocyte
11815,42,40,117,120,myelocyte
11816,45,46,111,108,myelocyte
11817,49,36,102,129,myelocyte
11818,49,77,102,105,myelocyte
11819,52,54,96,93,myelocyte
11820,42,43,117,114,myelocyte
11821,49,46,102,108,metamyelocyte
11822,48,48,105,105,myelocyte
11823,52,48,96,105,myelocyte
11824,43,54,114,93,metamyelocyte
11825,49,51,102,99,metamyelocyte
11826,45,52,111,96,metamyelocyte
11827,45,49,111,102,myelocyte
11828,49,46,102,108,myelocyte
11829,39,45,123,111,myelocyte
11830,46,45,108,111,myelocyte
11831,45,33,111,135,myelocyte
11832,59,45,108,111,myelocyte
11833,48,55,105,90,myelocyte
11834,33,28,135,144,myelocyte
11835,45,48,111,105,metamyelocyte
11836,51,45,99,111,myelocyte
11837,51,58,99,84,myelocyte
11838,57,54,87,93,myelocyte
11839,46,49,108,102,myelocyte
11840,45,43,111,114,metamyelocyte
11841,46,43,108,114,myelocyte
11842,42,74,117,105,myelocyte
11843,49,52,102,96,myelocyte
11844,46,42,108,117,myelocyte
11845,49,37,102,126,myelocyte
11846,48,58,105,84,myelocyte
11847,45,48,111,105,myelocyte
11848,45,57,111,87,myelocyte
11849,46,48,108,105,myelocyte
11850,42,49,117,102,myelocyte
11851,42,48,117,105,metamyelocyte
11852,49,52,102,96,myelocyte
11853,46,42,108,117,myelocyte
11854,57,39,87,123,myelocyte
11855,45,48,111,105,metamyelocyte
11856,48,49,105,102,myelocyte
11857,48,36,105,129,myelocyte
11858,40,42,120,117,myelocyte
11859,46,42,108,117,metamyelocyte
11860,45,42,111,117,myelocyte
11861,30,42,141,117,myelocyte
11862,37,39,126,123,myelocyte
11863,43,30,114,117,metamyelocyte
11864,65,46,132,108,metamyelocyte
11865,45,49,111,102,metamyelocyte
11866,37,43,126,114,myelocyte
11867,39,36,117,129,metamyelocyte
11868,43,45,114,111,myelocyte
11869,37,34,126,132,metamyelocyte
11870,36,45,129,111,metamyelocyte
11871,42,43,117,114,metamyelocyte
11872,40,40,120,120,myelocyte
11873,43,37,114,126,metamyelocyte
11874,34,42,132,117,myelocyte
11875,49,49,102,102,metamyelocyte
11876,43,51,114,99,myelocyte
11877,39,31,123,138,metamyelocyte
11878,43,55,114,90,metamyelocyte
11879,43,39,114,123,myelocyte
11880,48,54,105,93,metamyelocyte
11881,43,54,114,93,metamyelocyte
11882,39,39,123,123,metamyelocyte
11883,40,52,120,96,myelocyte
11884,42,39,117,123,metamyelocyte
11885,40,34,120,132,myelocyte
11886,39,43,123,114,metamyelocyte
11887,42,49,117,102,myelocyte
11888,48,42,105,117,metamyelocyte
11889,43,39,114,123,myelocyte
11890,51,55,99,90,myelocyte
11891,37,30,126,117,myelocyte
11892,43,49,114,102,myelocyte
11893,49,52,102,96,metamyelocyte
11894,52,43,96,114,myelocyte
11895,27,49,108,102,metamyelocyte
11896,49,51,102,99,myelocyte
11897,49,55,102,90,metamyelocyte
11898,45,42,111,117,metamyelocyte
11899,42,34,117,132,metamyelocyte
11900,46,12,108,114,myelocyte
11901,48,33,105,108,metamyelocyte
11902,51,55,99,90,metamyelocyte
11903,40,37,120,126,metamyelocyte
11904,52,49,96,102,myelocyte
11905,51,40,99,120,metamyelocyte
11906,51,34,99,132,myelocyte
11907,45,37,111,126,metamyelocyte
11908,42,48,117,105,metamyelocyte
11909,46,39,108,123,metamyelocyte
11910,39,43,123,114,metamyelocyte
11911,57,46,87,108,myelocyte
11912,33,49,135,102,metamyelocyte
11913,33,15,105,105,myelocyte
11914,43,43,114,114,metamyelocyte
11915,48,36,105,129,myelocyte
11916,45,52,111,96,metamyelocyte
11917,48,48,105,105,myelocyte
11918,46,46,108,108,myelocyte
11919,49,60,102,81,metamyelocyte
11920,45,40,111,120,myelocyte
11921,46,52,108,96,myelocyte
11922,43,49,114,102,myelocyte
11923,52,54,96,93,myelocyte
11924,43,43,114,114,myelocyte
11925,43,51,114,99,myelocyte
11926,45,45,111,111,metamyelocyte
11927,52,51,96,99,myelocyte
11928,51,48,99,105,myelocyte
11929,51,51,99,99,myelocyte
11930,46,46,108,108,myelocyte
11931,45,45,111,111,metamyelocyte
11932,43,45,114,111,myelocyte
11933,39,45,123,111,myelocyte
11934,49,40,102,120,metamyelocyte
11935,33,45,135,111,myelocyte
11936,49,45,102,111,myelocyte
11937,51,48,99,105,metamyelocyte
11938,46,52,108,96,metamyelocyte
11939,52,58,96,84,metamyelocyte
11940,52,54,96,93,myelocyte
11941,46,48,108,105,metamyelocyte
11942,49,55,102,90,myelocyte
11943,46,55,108,90,myelocyte
11944,51,24,99,105,myelocyte
11945,54,39,93,123,myelocyte
11946,57,51,87,99,myelocyte
11947,51,51,99,99,metamyelocyte
11948,52,54,96,93,metamyelocyte
11949,46,55,108,90,myelocyte
11950,61,55,78,90,myelocyte
11951,45,43,111,114,myelocyte
11952,45,54,111,93,metamyelocyte
11953,45,49,111,102,metamyelocyte
11954,54,61,93,78,metamyelocyte
11955,52,48,96,105,myelocyte
11956,51,35,99,132,metamyelocyte
11957,40,54,120,93,myelocyte
11958,49,42,102,117,metamyelocyte
11959,31,45,138,111,metamyelocyte
11960,56,48,105,105,myelocyte
11961,48,49,105,102,metamyelocyte
11962,46,46,108,108,myelocyte
11963,46,39,108,123,myelocyte
11964,49,46,102,108,myelocyte
11965,51,43,99,114,myelocyte
11966,43,45,114,111,myelocyte
11967,42,46,117,108,myelocyte
11968,40,52,120,96,myelocyte
11969,46,46,108,108,myelocyte
11970,45,48,111,105,metamyelocyte
11971,37,44,126,117,myelocyte
11972,34,51,132,99,metamyelocyte
11973,39,46,123,108,metamyelocyte
11974,42,36,117,129,metamyelocyte
11975,34,36,132,129,myelocyte
11976,51,18,99,165,myelocyte
11977,31,40,138,120,metamyelocyte
11978,46,49,108,102,myelocyte
11979,39,45,123,111,myelocyte
11980,36,34,129,132,metamyelocyte
11981,43,45,114,111,myelocyte
11982,42,46,117,108,myelocyte
11983,40,46,120,108,myelocyte
11984,43,6,114,132,promyelocyte
11985,46,52,108,96,myelocyte
11986,51,57,99,87,metamyelocyte
11987,48,55,105,90,metamyelocyte
11988,43,36,114,129,metamyelocyte
11989,52,43,96,114,metamyelocyte
11990,58,55,84,90,metamyelocyte
11991,46,43,108,114,myelocyte
11992,51,51,99,99,myelocyte
11993,40,46,120,108,promyelocyte
11994,37,48,126,105,myelocyte
11995,48,45,105,111,metamyelocyte
11996,48,40,105,120,myelocyte
11997,54,54,93,93,myelocyte
11998,46,52,108,96,myelocyte
11999,34,40,132,120,myelocyte
12000,46,52,108,96,myelocyte
12001,52,51,96,99,myelocyte
12002,45,42,111,117,metamyelocyte
12003,33,48,135,105,myelocyte
12004,40,12,120,111,myelocyte
12005,40,54,120,93,myelocyte
12006,43,52,114,96,myelocyte
12007,48,48,105,105,myelocyte
12008,55,45,90,111,myelocyte
12009,46,57,108,87,myelocyte
12010,48,54,105,93,myelocyte
12011,28,51,144,99,myelocyte
12012,40,52,120,96,myelocyte
12013,51,45,99,111,myelocyte
12014,39,46,123,108,myelocyte
12015,45,42,111,117,myelocyte
12016,45,48,111,105,myelocyte
12017,40,54,120,93,myelocyte
12018,46,46,108,108,myelocyte
12019,49,34,102,132,myelocyte
12020,46,40,108,120,myelocyte
12021,54,57,93,87,metamyelocyte
12022,49,46,102,108,myelocyte
12023,43,48,114,105,metamyelocyte
12024,51,58,99,84,myelocyte
12025,34,24,132,153,myelocyte
12026,46,46,108,108,metamyelocyte
12027,39,46,123,108,myelocyte
12028,43,45,114,111,myelocyte
12029,48,34,105,132,metamyelocyte
12030,31,31,138,138,myelocyte
12031,40,40,120,120,myelocyte
12032,60,54,81,93,myelocyte
12033,49,52,102,96,myelocyte
12034,49,52,102,96,metamyelocyte
12035,45,43,111,114,myelocyte
12036,51,52,99,96,metamyelocyte
12037,52,48,96,105,metamyelocyte
12038,46,42,108,117,metamyelocyte
12039,43,33,114,135,myelocyte
12040,24,43,117,114,myelocyte
12041,48,48,105,105,metamyelocyte
12042,37,45,126,111,myelocyte
12043,51,49,99,102,metamyelocyte
12044,46,51,108,99,metamyelocyte
12045,42,49,117,102,myelocyte
12046,52,52,96,96,metamyelocyte
12047,51,45,99,111,metamyelocyte
12048,51,54,99,93,myelocyte
12049,39,31,123,138,myelocyte
12050,34,46,132,108,myelocyte
12051,36,45,129,111,metamyelocyte
12052,55,46,90,108,myelocyte
12053,56,43,93,114,metamyelocyte
12054,46,39,108,123,metamyelocyte
12055,43,24,114,153,myelocyte
12056,57,51,87,99,myelocyte
12057,60,48,81,105,myelocyte
12058,46,56,108,93,myelocyte
12059,55,52,90,96,myelocyte
12060,39,49,123,102,myelocyte
12061,46,51,108,99,myelocyte
12062,46,52,108,96,myelocyte
12063,48,45,105,111,myelocyte
12064,31,34,138,132,myelocyte
12065,49,54,102,93,myelocyte
12066,42,45,117,111,myelocyte
12067,48,58,105,84,myelocyte
12068,49,48,102,105,myelocyte
12069,45,42,111,111,myelocyte
12070,54,55,93,90,myelocyte
12071,43,49,114,102,myelocyte
12072,46,55,108,90,myelocyte
12073,43,49,114,102,metamyelocyte
12074,48,51,105,99,myelocyte
12075,54,55,93,90,myelocyte
12076,52,52,96,96,myelocyte
12077,46,42,108,117,myelocyte
12078,40,51,120,99,metamyelocyte
12079,49,43,102,114,myelocyte
12080,45,52,111,96,myelocyte
12081,51,36,99,129,myelocyte
12082,43,55,114,90,myelocyte
12083,46,46,108,108,myelocyte
12084,42,36,117,93,myelocyte
12085,42,39,117,123,myelocyte
12086,48,46,105,108,myelocyte
12087,49,54,102,93,myelocyte
12088,43,51,114,99,myelocyte
12089,52,51,96,99,myelocyte
12090,52,49,96,102,metamyelocyte
12091,43,42,114,117,metamyelocyte
12092,49,51,102,99,metamyelocyte
12093,43,46,114,108,myelocyte
12094,43,46,114,108,myelocyte
12095,45,48,111,105,myelocyte
12096,42,49,117,102,metamyelocyte
12097,45,52,111,96,metamyelocyte
12098,40,45,120,111,promyelocyte
12099,46,45,108,111,metamyelocyte
12100,39,52,123,96,myelocyte
12101,45,51,111,99,myelocyte
12102,27,52,147,96,myelocyte
12103,43,48,114,105,myelocyte
12104,42,42,117,117,myelocyte
12105,48,39,105,123,metamyelocyte
12106,65,49,114,102,myelocyte
12107,43,46,114,108,myelocyte
12108,52,54,96,93,myelocyte
12109,49,46,102,108,metamyelocyte
12110,51,51,99,99,metamyelocyte
12111,42,39,117,123,myelocyte
12112,49,48,102,105,myelocyte
12113,49,49,102,102,myelocyte
12114,46,42,108,117,myelocyte
12115,46,9,108,120,myelocyte
12116,46,46,108,108,myelocyte
12117,36,27,129,147,myelocyte
12118,51,52,99,96,myelocyte
12119,36,74,129,111,myelocyte
12120,54,58,93,84,myelocyte
12121,48,46,105,108,myelocyte
12122,46,58,108,84,myelocyte
12123,40,43,120,114,myelocyte
12124,55,42,90,105,myelocyte
12125,51,43,99,114,metamyelocyte
12126,48,51,105,99,myelocyte
12127,36,49,129,102,myelocyte
12128,34,33,132,135,myelocyte
12129,49,55,102,90,myelocyte
12130,36,30,129,141,myelocyte
12131,46,43,108,114,myelocyte
12132,21,68,108,111,myelocyte
12133,40,43,120,114,myelocyte
12134,49,49,102,102,myelocyte
12135,36,37,129,126,myelocyte
12136,36,40,129,120,myelocyte
12137,40,48,120,105,metamyelocyte
12138,45,49,111,102,myelocyte
12139,51,60,99,81,myelocyte
12140,27,42,105,117,myelocyte
12141,58,46,84,108,myelocyte
12142,58,54,84,93,myelocyte
12143,51,45,99,111,metamyelocyte
12144,37,34,126,132,myelocyte
12145,40,45,120,111,myelocyte
12146,55,51,90,99,myelocyte
12147,40,42,120,117,myelocyte
12148,43,52,114,96,myelocyte
12149,46,55,108,90,myelocyte
12150,48,51,105,99,myelocyte
12151,48,34,105,132,myelocyte
12152,36,36,129,129,myelocyte
12153,51,18,99,99,myelocyte
12154,55,48,90,105,myelocyte
12155,39,52,123,96,myelocyte
12156,37,52,126,96,myelocyte
12157,42,43,117,114,myelocyte
12158,42,40,117,120,myelocyte
12159,55,33,90,135,myelocyte
12160,24,27,153,147,promyelocyte
12161,43,45,114,111,metamyelocyte
12162,48,43,105,114,myelocyte
12163,54,45,93,111,myelocyte
12164,51,42,99,117,myelocyte
12165,45,36,111,129,myelocyte
12166,40,39,120,123,metamyelocyte
12167,52,49,96,102,myelocyte
12168,42,42,117,117,myelocyte
12169,51,49,99,102,myelocyte
12170,46,42,108,117,myelocyte
12171,55,52,90,96,myelocyte
12172,51,54,99,93,metamyelocyte
12173,46,51,108,99,metamyelocyte
12174,40,45,120,111,myelocyte
12175,65,40,111,120,metamyelocyte
12176,45,51,111,99,metamyelocyte
12177,42,54,117,93,metamyelocyte
12178,56,55,96,90,myelocyte
12179,52,52,96,96,myelocyte
12180,43,51,114,99,myelocyte
12181,46,42,108,117,myelocyte
12182,42,45,117,111,metamyelocyte
12183,42,40,117,120,myelocyte
12184,54,39,93,123,myelocyte
12185,42,37,117,126,myelocyte
12186,52,49,96,102,myelocyte
12187,33,42,135,117,myelocyte
12188,45,51,111,99,myelocyte
12189,48,55,105,90,myelocyte
12190,51,52,99,96,myelocyte
12191,54,58,93,84,myelocyte
12192,48,42,105,117,myelocyte
12193,37,40,126,120,myelocyte
12194,46,48,108,105,myelocyte
12195,40,36,120,129,myelocyte
12196,49,48,102,105,myelocyte
12197,46,46,108,108,myelocyte
12198,48,45,105,111,myelocyte
12199,52,40,96,120,metamyelocyte
12200,54,51,93,99,myelocyte
12201,39,48,123,105,myelocyte
12202,39,15,123,120,metamyelocyte
12203,34,37,132,126,myelocyte
12204,45,42,111,117,metamyelocyte
12205,48,48,105,105,myelocyte
12206,39,52,123,96,myelocyte
12207,54,40,93,120,myelocyte
12208,46,43,108,114,myelocyte
12209,31,30,138,141,myelocyte
12210,52,49,96,102,myelocyte
12211,37,48,126,105,metamyelocyte
12212,49,52,102,96,myelocyte
12213,49,57,102,87,metamyelocyte
12214,48,48,105,105,myelocyte
12215,40,46,120,108,myelocyte
12216,48,46,105,108,myelocyte
12217,51,51,99,99,myelocyte
12218,40,43,120,114,metamyelocyte
12219,42,40,117,120,myelocyte
12220,40,45,120,111,metamyelocyte
12221,34,37,132,126,myelocyte
12222,49,55,102,90,metamyelocyte
12223,55,45,90,111,myelocyte
12224,48,49,105,102,myelocyte
12225,48,55,105,90,myelocyte
12226,40,46,120,108,myelocyte
12227,66,55,69,90,myelocyte
12228,57,52,87,96,myelocyte
12229,48,48,105,99,myelocyte
12230,42,52,117,96,myelocyte
12231,55,46,90,108,myelocyte
12232,49,49,102,102,myelocyte
12233,57,52,87,96,metamyelocyte
12234,57,52,87,96,metamyelocyte
12235,57,48,87,105,myelocyte
12236,55,52,90,96,myelocyte
12237,40,49,120,102,myelocyte
12238,45,36,111,129,myelocyte
12239,48,48,105,105,myelocyte
12240,61,55,78,90,myelocyte
12241,54,46,93,108,promyelocyte
12242,57,55,87,90,myelocyte
12243,51,55,99,90,metamyelocyte
12244,51,54,99,93,myelocyte
12245,52,40,96,120,metamyelocyte
12246,45,43,111,114,myelocyte
12247,57,74,87,111,myelocyte
12248,43,49,114,102,myelocyte
12249,49,42,102,117,myelocyte
12250,46,52,108,96,myelocyte
12251,43,45,114,111,metamyelocyte
12252,48,49,105,102,myelocyte
12253,49,51,102,99,myelocyte
12254,49,54,102,93,myelocyte
12255,46,49,108,102,myelocyte
12256,58,52,84,96,metamyelocyte
12257,49,49,102,102,myelocyte
12258,46,46,108,108,myelocyte
12259,52,51,96,99,myelocyte
12260,3,45,105,111,myelocyte
12261,40,54,120,93,myelocyte
12262,46,46,108,108,myelocyte
12263,46,49,108,102,myelocyte
12264,49,51,102,99,metamyelocyte
12265,52,52,96,96,myelocyte
12266,46,52,108,96,metamyelocyte
12267,49,43,102,114,myelocyte
12268,55,51,90,99,myelocyte
12269,54,48,93,105,metamyelocyte
12270,42,45,117,111,myelocyte
12271,48,51,105,99,metamyelocyte
12272,45,30,111,105,myelocyte
12273,51,51,99,99,myelocyte
12274,52,54,96,93,myelocyte
12275,54,43,93,114,myelocyte
12276,43,43,114,114,myelocyte
12277,45,52,111,96,metamyelocyte
12278,51,36,99,129,metamyelocyte
12279,46,49,108,102,metamyelocyte
12280,52,49,96,102,myelocyte
12281,42,27,117,105,myelocyte
12282,43,34,114,132,metamyelocyte
12283,46,48,108,105,myelocyte
12284,45,45,111,111,myelocyte
12285,39,48,123,105,metamyelocyte
12286,48,42,105,117,myelocyte
12287,49,46,102,108,metamyelocyte
12288,34,45,132,111,metamyelocyte
12289,43,39,114,123,myelocyte
12290,48,49,105,102,metamyelocyte
12291,37,40,126,120,myelocyte
12292,54,36,93,129,myelocyte
12293,37,37,126,126,myelocyte
12294,51,54,99,93,metamyelocyte
12295,54,51,93,99,myelocyte
12296,43,46,114,108,myelocyte
12297,34,49,132,102,myelocyte
12298,40,18,120,96,myelocyte
12299,34,57,132,87,myelocyte
12300,55,49,90,102,metamyelocyte
12301,46,45,108,111,myelocyte
12302,46,43,108,114,myelocyte
12303,51,42,99,117,myelocyte
12304,42,36,117,96,myelocyte
12305,45,51,111,99,myelocyte
12306,49,43,102,114,metamyelocyte
12307,40,46,120,108,myelocyte
12308,46,51,108,99,myelocyte
12309,46,43,108,114,myelocyte
12310,46,46,108,108,myelocyte
12311,52,58,96,84,myelocyte
12312,46,48,108,105,myelocyte
12313,45,48,111,105,myelocyte
12314,55,52,90,96,metamyelocyte
12315,49,52,102,96,metamyelocyte
12316,45,52,111,96,myelocyte
12317,43,51,114,99,metamyelocyte
12318,36,49,129,102,myelocyte
12319,43,48,114,105,myelocyte
12320,46,45,108,111,metamyelocyte
12321,51,18,99,99,myelocyte
12322,51,58,99,84,myelocyte
12323,48,43,105,114,metamyelocyte
12324,37,54,126,93,myelocyte
12325,45,42,111,117,metamyelocyte
12326,34,25,132,150,metamyelocyte
12327,46,42,108,117,metamyelocyte
12328,42,40,117,120,myelocyte
12329,31,31,138,138,metamyelocyte
12330,45,43,111,114,metamyelocyte
12331,48,54,105,93,metamyelocyte
12332,49,51,102,99,myelocyte
12333,45,48,111,105,myelocyte
12334,45,48,111,105,myelocyte
12335,40,42,120,117,promyelocyte
12336,43,48,114,105,metamyelocyte
12337,43,59,114,105,myelocyte
12338,52,51,96,99,metamyelocyte
12339,46,43,108,114,myelocyte
12340,43,46,114,108,metamyelocyte
12341,51,57,99,87,metamyelocyte
12342,54,51,93,99,metamyelocyte
12343,49,49,102,102,metamyelocyte
12344,48,52,105,96,metamyelocyte
12345,43,42,114,117,myelocyte
12346,46,40,108,120,myelocyte
12347,45,51,111,99,metamyelocyte
12348,49,55,102,90,myelocyte
12349,45,40,111,120,myelocyte
12350,51,48,99,105,myelocyte
12351,54,46,93,108,myelocyte
12352,46,52,108,96,myelocyte
12353,51,42,99,117,metamyelocyte
12354,54,45,93,111,metamyelocyte
12355,49,45,102,111,metamyelocyte
12356,54,46,93,108,myelocyte
12357,49,52,102,96,myelocyte
12358,49,48,102,105,metamyelocyte
12359,55,48,90,105,metamyelocyte
12360,46,43,108,114,myelocyte
12361,51,43,99,114,myelocyte
12362,52,49,96,102,metamyelocyte
12363,51,48,99,105,metamyelocyte
12364,46,42,108,117,metamyelocyte
12365,46,54,108,93,metamyelocyte
12366,52,54,96,93,metamyelocyte
12367,37,43,126,114,metamyelocyte
12368,48,48,105,105,metamyelocyte
12369,48,48,105,105,metamyelocyte
12370,45,46,111,108,metamyelocyte
12371,42,58,117,84,myelocyte
12372,51,46,99,108,metamyelocyte
12373,33,43,135,114,myelocyte
12374,34,48,132,105,promyelocyte
12375,48,51,105,99,myelocyte
12376,34,42,132,117,promyelocyte
12377,48,83,105,96,myelocyte
12378,52,49,96,102,myelocyte
12379,48,51,105,99,myelocyte
12380,49,48,102,105,myelocyte
12381,46,43,108,114,myelocyte
12382,51,49,99,102,myelocyte
12383,45,55,111,90,myelocyte
12384,52,49,96,102,myelocyte
12385,54,60,93,81,myelocyte
12386,48,40,105,120,metamyelocyte
12387,48,57,105,87,myelocyte
12388,52,42,96,117,metamyelocyte
12389,48,21,105,159,myelocyte
12390,45,45,111,111,myelocyte
12391,52,60,96,81,myelocyte
12392,42,49,117,102,myelocyte
12393,48,57,105,87,myelocyte
12394,54,51,93,99,myelocyte
12395,49,46,102,108,myelocyte
12396,51,57,99,87,myelocyte
12397,48,45,105,111,promyelocyte
12398,55,42,90,81,myelocyte
12399,42,60,117,81,myelocyte
12400,42,46,117,108,promyelocyte
12401,45,68,111,93,metamyelocyte
12402,47,43,132,114,metamyelocyte
12403,40,42,120,117,myelocyte
12404,37,42,126,117,metamyelocyte
12405,55,89,90,99,metamyelocyte
12406,52,55,96,90,metamyelocyte
12407,49,48,102,105,metamyelocyte
12408,45,83,111,87,metamyelocyte
12409,51,45,99,111,myelocyte
12410,43,40,114,120,myelocyte
12411,46,54,108,93,metamyelocyte
12412,59,71,105,111,metamyelocyte
12413,45,49,111,102,myelocyte
12414,39,52,123,96,myelocyte
12415,45,33,111,135,myelocyte
12416,45,40,111,120,myelocyte
12417,43,45,114,111,myelocyte
12418,39,39,123,123,myelocyte
12419,52,48,96,105,metamyelocyte
12420,49,40,102,120,metamyelocyte
12421,52,45,96,111,myelocyte
12422,39,83,123,114,myelocyte
12423,52,15,96,111,myelocyte
12424,49,52,102,96,metamyelocyte
12425,45,74,111,105,myelocyte
12426,45,27,111,111,myelocyte
12427,43,45,114,111,myelocyte
12428,45,46,111,108,myelocyte
12429,46,45,108,111,metamyelocyte
12430,42,43,117,114,myelocyte
12431,45,48,111,105,metamyelocyte
12432,45,46,111,108,myelocyte
12433,48,46,105,108,myelocyte
12434,46,55,108,90,metamyelocyte
12435,42,43,117,114,myelocyte
12436,48,33,105,135,myelocyte
12437,43,43,114,114,myelocyte
12438,54,52,93,96,myelocyte
12439,39,43,105,114,myelocyte
12440,37,45,126,111,myelocyte
12441,42,40,117,120,myelocyte
12442,46,49,108,102,metamyelocyte
12443,46,49,108,102,myelocyte
12444,39,42,123,117,myelocyte
12445,40,52,120,96,myelocyte
12446,37,42,126,117,myelocyte
12447,57,54,87,93,metamyelocyte
12448,40,43,120,114,metamyelocyte
12449,42,52,117,96,myelocyte
12450,43,51,114,93,myelocyte
12451,42,52,117,96,metamyelocyte
12452,49,48,102,105,myelocyte
12453,43,46,114,108,myelocyte
12454,46,71,108,102,metamyelocyte
12455,55,51,90,99,myelocyte
12456,48,43,105,114,metamyelocyte
12457,46,55,108,90,myelocyte
12458,39,30,123,141,promyelocyte
12459,46,46,108,108,myelocyte
12460,49,40,102,120,metamyelocyte
12461,34,36,132,129,promyelocyte
12462,51,56,99,102,metamyelocyte
12463,48,45,105,111,myelocyte
12464,45,77,111,90,promyelocyte
12465,52,30,96,105,metamyelocyte
12466,36,45,129,111,myelocyte
12467,54,55,93,90,myelocyte
12468,55,51,90,99,metamyelocyte
12469,54,57,93,87,myelocyte
12470,51,48,99,105,myelocyte
12471,54,40,93,120,myelocyte
12472,37,30,126,141,promyelocyte
12473,43,43,114,114,myelocyte
12474,49,45,102,111,promyelocyte
12475,51,45,99,111,myelocyte
12476,54,48,93,105,myelocyte
12477,52,54,96,93,myelocyte
12478,48,49,105,102,myelocyte
12479,49,49,102,102,myelocyte
12480,54,52,93,96,metamyelocyte
12481,37,42,126,117,myelocyte
12482,46,37,108,126,myelocyte
12483,49,49,102,102,myelocyte
12484,51,52,99,96,metamyelocyte
12485,39,45,123,111,myelocyte
12486,36,37,129,126,myelocyte
12487,83,48,111,105,myelocyte
12488,46,39,108,114,myelocyte
12489,39,43,123,114,myelocyte
12490,39,46,123,108,myelocyte
12491,55,49,90,102,metamyelocyte
12492,57,51,87,99,myelocyte
12493,46,51,108,99,metamyelocyte
12494,55,51,90,99,metamyelocyte
12495,57,45,87,111,myelocyte
12496,51,51,99,99,metamyelocyte
12497,51,49,99,102,metamyelocyte
12498,49,51,102,99,metamyelocyte
12499,45,43,111,114,myelocyte
12500,45,49,111,102,metamyelocyte
12501,46,40,108,120,myelocyte
12502,43,43,114,114,metamyelocyte
12503,39,39,123,123,metamyelocyte
12504,43,49,114,102,myelocyte
12505,43,49,114,102,myelocyte
12506,51,54,99,93,myelocyte
12507,43,37,114,126,myelocyte
12508,45,46,111,108,metamyelocyte
12509,51,39,99,123,myelocyte
12510,48,49,105,102,myelocyte
12511,43,55,114,90,myelocyte
12512,49,46,102,108,myelocyte
12513,40,43,120,114,myelocyte
12514,48,49,105,102,myelocyte
12515,33,37,135,126,myelocyte
12516,45,45,111,111,myelocyte
12517,51,54,99,93,metamyelocyte
12518,54,40,93,120,myelocyte
12519,51,37,99,126,myelocyte
12520,54,54,93,93,metamyelocyte
12521,48,46,105,108,myelocyte
12522,43,54,114,93,myelocyte
12523,42,40,117,120,myelocyte
12524,46,57,108,87,metamyelocyte
12525,42,40,117,120,myelocyte
12526,52,49,96,102,myelocyte
12527,51,30,99,120,myelocyte
12528,42,37,117,126,myelocyte
12529,51,48,99,105,metamyelocyte
12530,49,46,102,108,metamyelocyte
12531,34,43,132,114,myelocyte
12532,36,37,129,126,myelocyte
12533,46,52,108,96,myelocyte
12534,52,61,96,78,immature_wbc
12535,46,36,108,129,immature_wbc
12536,40,43,120,114,blast
12537,58,52,84,96,immature_wbc
12538,49,64,102,72,immature_wbc
12539,57,52,87,96,immature_wbc
12540,49,48,102,105,blast
12541,34,12,132,96,immature_wbc
12542,48,54,105,93,blast
12543,46,51,108,99,immature_wbc
12544,46,77,108,90,immature_wbc
12545,45,51,111,99,immature_wbc
12546,52,107,96,84,immature_wbc
12547,60,57,81,87,immature_wbc
12548,43,54,114,93,immature_wbc
12549,54,46,93,108,blast
12550,51,49,99,102,blast
12551,48,57,105,87,blast
12552,48,51,105,99,immature_wbc
12553,54,51,93,99,blast
12554,54,55,93,90,blast
12555,46,52,108,96,blast
12556,46,36,108,129,immature_wbc
12557,46,64,108,72,immature_wbc
12558,54,49,93,102,blast
12559,54,52,93,96,blast
12560,36,39,129,123,immature_wbc
12561,57,52,87,96,immature_wbc
12562,48,46,105,108,immature_wbc
12563,49,49,102,102,immature_wbc
12564,49,51,102,99,blast
12565,52,55,96,90,immature_wbc
12566,42,31,114,138,blast
12567,43,37,114,126,blast
12568,52,39,96,108,immature_wbc
12569,54,64,93,72,blast
12570,48,54,105,93,immature_wbc
12571,51,55,99,90,immature_wbc
12572,42,46,117,108,immature_wbc
12573,51,54,99,93,blast
12574,48,58,105,84,immature_wbc
12575,39,18,102,96,immature_wbc
12576,49,46,102,108,blast
12577,45,58,111,84,blast
12578,46,15,108,87,immature_wbc
12579,57,46,87,108,immature_wbc
12580,49,51,102,99,blast
12581,45,52,111,96,immature_wbc
12582,52,42,96,84,blast
12583,63,52,75,96,blast
12584,64,40,72,120,blast
12585,43,51,114,99,blast
12586,55,51,90,99,immature_wbc
12587,52,48,96,105,immature_wbc
12588,37,54,126,93,immature_wbc
12589,55,52,90,96,blast
12590,36,49,129,102,immature_wbc
12591,52,55,96,90,immature_wbc
12592,43,48,114,105,blast
12593,49,49,102,102,blast
12594,48,48,105,105,immature_wbc
12595,51,51,99,99,immature_wbc
12596,55,60,90,81,immature_wbc
12597,54,60,93,81,immature_wbc
12598,48,49,105,102,blast
12599,55,49,90,102,immature_wbc
12600,48,54,105,93,immature_wbc
12601,36,36,129,129,blast
12602,45,46,111,108,eosinophil
12603,42,46,117,108,immature_wbc
12604,46,68,108,108,blast
12605,42,34,117,132,blast
12606,54,46,93,108,immature_wbc
12607,55,52,90,96,immature_wbc
12608,48,48,105,105,immature_wbc
12609,37,48,126,105,blast
12610,34,40,132,120,immature_wbc
12611,52,42,96,117,blast
12612,51,40,99,120,immature_wbc
12613,36,43,129,114,immature_wbc
12614,54,49,93,102,immature_wbc
12615,49,55,102,90,blast
12616,49,48,102,105,immature_wbc
12617,33,37,135,126,immature_wbc
12618,24,43,114,114,immature_wbc
12619,33,51,135,99,immature_wbc
12620,43,63,114,75,immature_wbc
12621,33,31,135,138,immature_wbc
12622,54,48,93,105,blast
12623,51,48,99,105,immature_wbc
12624,55,55,90,90,immature_wbc
12625,57,40,87,120,immature_wbc
12626,42,51,117,99,blast
12627,54,57,93,87,immature_wbc
12628,49,51,102,99,blast
12629,46,33,108,96,immature_wbc
12630,42,39,117,123,immature_wbc
12631,54,52,93,96,immature_wbc
12632,46,46,108,108,blast
12633,51,52,99,96,immature_wbc
12634,57,51,87,99,immature_wbc
12635,63,54,75,93,immature_wbc
12636,60,48,81,105,immature_wbc
12637,33,45,135,111,blast
12638,45,49,111,102,blast
12639,46,51,108,99,blast
12640,52,49,96,102,immature_wbc
12641,37,48,126,105,blast
12642,51,51,99,99,blast
12643,52,54,96,93,immature_wbc
12644,51,52,99,96,blast
12645,77,52,90,96,blast
12646,48,52,105,96,blast
12647,24,28,153,144,blast
12648,49,54,102,93,immature_wbc
12649,49,46,102,108,immature_wbc
12650,51,49,99,102,immature_wbc
12651,48,43,105,114,immature_wbc
12652,57,46,87,108,immature_wbc
12653,51,42,99,105,immature_wbc
12654,52,58,96,84,immature_wbc
12655,45,52,111,96,blast
12656,12,48,93,105,blast
12657,57,49,87,102,immature_wbc
12658,71,49,96,102,blast
12659,52,55,96,90,immature_wbc
12660,49,43,102,114,blast
12661,47,45,120,111,immature_wbc
12662,48,48,105,105,blast
12663,45,46,111,108,immature_wbc
12664,49,49,102,102,blast
12665,46,49,108,102,immature_wbc
12666,43,51,114,99,immature_wbc
12667,39,37,123,126,immature_wbc
12668,43,48,114,105,immature_wbc
12669,58,57,84,87,immature_wbc
12670,43,57,114,87,blast
12671,54,45,93,111,immature_wbc
12672,48,51,105,99,immature_wbc
12673,52,52,96,96,immature_wbc
12674,55,60,90,81,immature_wbc
12675,52,48,96,105,blast
12676,43,37,114,126,immature_wbc
12677,43,48,114,105,immature_wbc
12678,57,51,87,99,blast
12679,43,46,114,108,immature_wbc
12680,51,89,99,102,immature_wbc
12681,21,58,99,84,immature_wbc
12682,60,45,81,111,immature_wbc
12683,54,46,93,108,blast
12684,55,54,90,93,immature_wbc
12685,57,55,87,90,immature_wbc
12686,46,48,108,105,immature_wbc
12687,52,46,96,108,blast
12688,39,39,123,123,immature_wbc
12689,44,44,117,123,blast
12690,24,55,99,90,immature_wbc
12691,48,57,105,87,immature_wbc
12692,49,65,102,102,immature_wbc
12693,45,51,108,99,blast
12694,40,39,120,123,immature_wbc
12695,36,42,129,117,immature_wbc
12696,51,48,99,105,blast
12697,52,49,96,102,blast
12698,48,51,105,99,immature_wbc
12699,48,46,105,108,immature_wbc
12700,86,55,99,90,blast
12701,54,58,84,84,abnormal_lymphocyte
12702,58,63,84,75,blast
12703,57,72,87,57,blast
12704,61,46,78,108,blast
12705,57,101,87,93,blast
12706,46,68,108,93,immature_wbc
12707,52,49,96,102,blast
12708,43,54,114,90,blast
12709,48,54,105,93,blast
12710,46,45,108,111,blast
12711,46,58,108,84,immature_wbc
12712,61,66,78,69,n_rbc
12713,46,61,108,78,blast
12714,57,61,87,78,blast
12715,43,49,114,102,immature_wbc
12716,49,54,102,93,blast
12717,52,36,96,129,immature_wbc
12718,54,54,93,93,blast
12719,34,43,132,114,seg_neutrophil
12720,49,58,102,84,immature_wbc
12721,54,57,93,87,immature_wbc
12722,39,58,123,84,seg_neutrophil
12723,55,69,90,63,immature_wbc
12724,31,39,138,123,smudge
12725,46,54,108,93,immature_wbc
12726,46,55,108,90,blast
12727,51,60,99,81,immature_wbc
12728,60,73,81,54,blast
12729,49,54,102,93,band_neutrophil
12730,48,34,105,132,immature_wbc
12731,48,57,105,87,immature_wbc
12732,58,58,84,84,immature_wbc
12733,67,69,66,63,immature_wbc
12734,51,54,99,93,blast
12735,52,60,96,81,immature_wbc
12736,60,55,81,90,immature_wbc
12737,48,52,105,96,seg_neutrophil
12738,21,52,99,96,seg_neutrophil
12739,57,61,87,78,immature_wbc
12740,51,12,99,84,immature_wbc
12741,48,52,105,96,immature_wbc
12742,55,57,90,87,blast
12743,51,58,99,84,immature_wbc
12744,49,51,102,99,immature_wbc
12745,46,54,108,93,immature_wbc
12746,45,42,111,117,immature_wbc
12747,52,58,96,84,immature_wbc
12748,51,54,99,93,blast
12749,43,55,114,90,immature_wbc
12750,52,55,96,90,immature_wbc
12751,80,57,102,87,immature_wbc
12752,49,49,102,102,immature_wbc
12753,52,60,96,81,immature_wbc
12754,34,49,132,102,seg_neutrophil
12755,48,55,105,90,immature_wbc
12756,58,55,84,90,blast
12757,49,61,102,78,immature_wbc
12758,37,52,126,96,blast
12759,49,61,102,78,immature_wbc
12760,58,54,84,93,immature_wbc
12761,104,51,84,99,immature_wbc
12762,76,64,48,72,blast
12763,42,51,117,99,immature_wbc
12764,72,69,57,63,blast
12765,43,43,114,114,immature_wbc
12766,43,54,114,93,immature_wbc
12767,64,30,72,141,blast
12768,43,40,114,120,immature_wbc
12769,42,42,117,117,blast
12770,40,55,120,90,immature_wbc
12771,51,49,99,102,immature_wbc
12772,49,51,102,99,immature_wbc
12773,51,42,99,66,immature_wbc
12774,48,54,105,93,blast
12775,46,52,108,96,immature_wbc
12776,49,45,102,111,immature_wbc
12777,43,49,114,102,immature_wbc
12778,48,55,105,90,blast
12779,54,60,93,81,n_rbc
12780,60,55,81,90,blast
12781,31,45,138,111,band_neutrophil
12782,43,55,114,90,immature_wbc
12783,51,51,99,99,immature_wbc
12784,45,58,111,84,immature_wbc
12785,61,63,78,75,blast
12786,49,37,102,126,blast
12787,45,55,111,90,blast
12788,48,54,105,93,immature_wbc
12789,60,65,81,102,immature_wbc
12790,48,52,105,96,immature_wbc
12791,39,49,123,102,immature_wbc
12792,46,48,108,105,immature_wbc
12793,51,54,99,93,immature_wbc
12794,63,58,75,84,immature_wbc
12795,60,60,81,81,immature_wbc
12796,60,69,81,63,immature_wbc
12797,66,48,69,105,immature_wbc
12798,49,52,102,96,immature_wbc
12799,48,52,105,96,blast
12800,40,48,120,105,seg_neutrophil
12801,51,57,99,87,immature_wbc
12802,48,33,105,99,blast
12803,57,58,87,84,immature_wbc
12804,43,80,114,87,immature_wbc
12805,48,54,105,93,immature_wbc
12806,43,43,114,114,immature_wbc
12807,45,52,111,96,band_neutrophil
12808,45,57,111,87,blast
12809,55,46,90,108,blast
12810,46,51,108,99,blast
12811,55,52,90,96,immature_wbc
12812,48,51,105,99,immature_wbc
12813,51,57,99,87,blast
12814,58,42,84,117,blast
12815,48,51,105,99,blast
12816,54,64,93,72,n_rbc
12817,46,42,108,117,seg_neutrophil
12818,42,52,117,96,blast
12819,45,60,111,81,blast
12820,101,60,90,81,blast
12821,46,54,108,93,blast
12822,57,58,87,84,blast
12823,48,60,105,81,blast
12824,64,51,72,99,immature_wbc
12825,49,52,102,96,blast
12826,45,55,111,90,blast
12827,43,36,114,129,blast
12828,55,60,90,81,n_rbc
12829,46,52,108,96,blast
12830,42,43,117,114,blast
12831,57,36,87,129,blast
12832,54,55,93,90,blast
12833,52,64,96,72,blast
12834,45,55,111,90,immature_wbc
12835,49,51,102,99,blast
12836,52,57,96,87,blast
12837,54,51,93,99,blast
12838,54,54,93,93,blast
12839,54,52,93,96,blast
12840,24,46,153,108,band_neutrophil
12841,42,40,117,120,blast
12842,36,48,129,105,immature_wbc
12843,45,36,111,111,seg_neutrophil
12844,51,45,99,111,immature_wbc
12845,58,45,84,111,blast
12846,48,43,105,114,immature_wbc
12847,43,57,114,87,band_neutrophil
12848,42,48,117,105,immature_wbc
12849,48,55,105,90,blast
12850,48,58,105,84,blast
12851,51,54,99,93,blast
12852,51,60,99,81,blast
12853,55,58,90,84,abnormal_lymphocyte
12854,39,52,123,96,immature_wbc
12855,46,48,108,84,immature_wbc
12856,36,61,87,78,blast
12857,61,52,78,96,blast
12858,54,63,93,75,blast
12859,42,54,117,93,blast
12860,63,48,75,105,blast
12861,33,40,135,120,immature_wbc
12862,70,61,60,78,blast
12863,52,57,96,87,immature_wbc
12864,52,51,96,99,immature_wbc
12865,57,70,87,60,immature_wbc
12866,54,58,93,84,blast
12867,51,58,99,84,immature_wbc
12868,80,46,99,108,blast
12869,45,60,87,81,immature_wbc
12870,64,51,72,99,immature_wbc
12871,51,66,99,69,immature_wbc
12872,57,52,87,96,blast
12873,58,63,84,75,immature_wbc
12874,58,49,84,102,blast
12875,61,51,78,99,immature_wbc
12876,63,3,75,81,immature_wbc
12877,60,54,81,93,immature_wbc
12878,63,51,75,99,blast
12879,63,46,75,108,blast
12880,60,30,81,90,immature_wbc
12881,51,54,99,93,blast
12882,61,52,78,96,immature_wbc
12883,54,57,93,87,blast
12884,52,55,96,90,immature_wbc
12885,52,64,96,72,immature_wbc
12886,55,55,90,90,blast
12887,64,69,72,63,immature_wbc
12888,64,63,72,75,immature_wbc
12889,72,73,57,54,blast
12890,69,66,63,69,blast
12891,69,60,63,81,blast
12892,64,89,72,66,blast
12893,58,58,84,84,blast
12894,63,60,75,81,immature_wbc
12895,66,52,69,96,immature_wbc
12896,48,55,105,90,immature_wbc
12897,63,55,75,90,immature_wbc
12898,54,55,93,90,immature_wbc
12899,60,46,81,108,immature_wbc
12900,51,52,99,96,immature_wbc
12901,58,86,84,84,immature_wbc
12902,60,61,81,78,blast
12903,48,58,105,84,blast
12904,52,46,96,108,immature_wbc
12905,48,58,105,84,immature_wbc
12906,66,64,69,72,immature_wbc
12907,42,52,117,96,immature_wbc
12908,43,46,114,108,immature_wbc
12909,57,55,87,90,immature_wbc
12910,52,51,96,99,immature_wbc
12911,48,55,105,90,immature_wbc
12912,55,58,90,84,immature_wbc
12913,64,54,72,93,blast
12914,52,51,96,99,blast
12915,62,45,87,111,blast
12916,55,48,90,105,immature_wbc
12917,54,45,93,111,blast
12918,58,55,84,90,blast
12919,52,55,96,90,immature_wbc
12920,63,60,75,81,blast
12921,64,60,72,81,immature_wbc
12922,66,61,69,78,immature_wbc
12923,54,57,93,87,immature_wbc
12924,57,58,87,84,blast
12925,42,36,117,129,immature_wbc
12926,55,51,90,99,blast
12927,55,58,90,84,immature_wbc
12928,54,60,93,81,immature_wbc
12929,43,55,114,90,immature_wbc
12930,42,51,117,99,blast
12931,49,51,102,99,immature_wbc
12932,52,57,96,87,immature_wbc
12933,58,55,84,90,immature_wbc
12934,36,43,129,114,blast
12935,57,52,87,96,blast
12936,57,51,87,99,immature_wbc
12937,45,49,111,102,blast
12938,60,49,81,102,blast
12939,60,56,81,93,immature_wbc
12940,49,18,102,165,blast
12941,48,60,105,81,immature_wbc
12942,57,51,87,99,immature_wbc
12943,24,51,75,99,blast
12944,67,58,66,84,blast
12945,39,45,123,111,blast
12946,66,48,69,105,immature_wbc
12947,60,55,81,90,immature_wbc
12948,57,54,87,93,blast
12949,54,57,93,87,immature_wbc
12950,54,48,93,105,blast
12951,51,43,99,114,immature_wbc
12952,58,55,84,90,immature_wbc
12953,57,51,87,99,blast
12954,55,55,90,90,immature_wbc
12955,49,49,102,102,immature_wbc
12956,49,51,102,99,immature_wbc
12957,58,43,84,114,immature_wbc
12958,57,40,87,120,immature_wbc
12959,46,48,108,105,blast
12960,58,52,84,96,blast
12961,55,54,90,93,immature_wbc
12962,42,46,117,108,blast
12963,60,46,81,108,blast
12964,58,34,84,132,immature_wbc
12965,58,51,84,99,immature_wbc
12966,46,52,108,96,blast
12967,52,48,96,105,blast
12968,51,9,99,105,blast
12969,73,64,54,72,blast
12970,49,55,102,90,blast
12971,64,55,72,90,blast
12972,49,57,102,87,blast
12973,52,54,96,93,immature_wbc
12974,52,40,96,120,immature_wbc
12975,48,55,105,90,blast
12976,60,51,81,99,immature_wbc
12977,51,52,99,96,immature_wbc
12978,37,49,126,102,immature_wbc
12979,52,52,96,96,blast
12980,36,55,129,90,immature_wbc
12981,55,55,90,90,blast
12982,122,45,72,111,blast
12983,52,51,96,99,blast
12984,54,42,93,117,immature_wbc
12985,43,58,114,84,immature_wbc
12986,49,52,102,96,blast
12987,51,43,99,114,immature_wbc
12988,58,46,84,108,immature_wbc
12989,48,51,105,99,immature_wbc
12990,48,49,105,102,immature_wbc
12991,48,61,105,78,immature_wbc
12992,49,60,102,81,blast
12993,54,57,93,87,immature_wbc
12994,52,61,96,78,immature_wbc
12995,45,52,111,96,immature_wbc
12996,46,52,108,96,immature_wbc
12997,54,43,93,114,blast
12998,49,43,102,114,blast
12999,52,48,96,105,blast
13000,66,51,69,99,immature_wbc
13001,45,48,111,105,blast
13002,45,46,111,108,immature_wbc
13003,48,34,105,132,blast
13004,52,51,96,99,immature_wbc
13005,64,52,72,96,immature_wbc
13006,58,46,84,108,blast
13007,49,45,102,93,blast
13008,57,54,87,93,immature_wbc
13009,58,58,84,84,blast
13010,54,46,93,108,immature_wbc
13011,55,28,90,144,blast
13012,52,21,96,102,blast
13013,48,49,105,102,immature_wbc
13014,57,54,87,93,immature_wbc
13015,55,49,90,102,blast
13016,54,40,93,120,blast
13017,46,48,108,105,blast
13018,49,58,102,84,immature_wbc
13019,58,61,84,78,immature_wbc
13020,57,51,87,99,blast
13021,43,64,114,72,blast
13022,54,52,93,96,blast
13023,54,51,93,99,immature_wbc
13024,49,46,102,108,immature_wbc
13025,54,51,93,99,blast
13026,55,39,90,123,blast
13027,54,55,93,90,immature_wbc
13028,57,46,87,108,immature_wbc
13029,46,55,108,90,blast
13030,48,71,105,105,blast
13031,61,61,78,78,immature_wbc
13032,77,60,96,81,immature_wbc
13033,48,45,105,111,blast
13034,52,49,96,102,immature_wbc
13035,58,39,84,123,immature_wbc
13036,54,45,93,111,blast
13037,55,58,90,84,immature_wbc
13038,40,43,120,114,blast
13039,45,21,111,123,blast
13040,58,61,84,78,blast
13041,63,58,75,84,immature_wbc
13042,43,43,114,114,blast
13043,55,60,90,81,blast
13044,64,58,72,84,immature_wbc
13045,58,46,84,108,immature_wbc
13046,54,52,93,96,immature_wbc
13047,51,42,99,117,immature_wbc
13048,63,27,75,147,blast
13049,52,49,96,102,blast
13050,48,61,105,78,blast
13051,52,42,96,117,immature_wbc
13052,51,51,99,99,blast
13053,58,57,84,87,immature_wbc
13054,42,48,117,105,blast
13055,45,43,111,114,blast
13056,52,21,96,81,immature_wbc
13057,55,52,90,96,immature_wbc
13058,48,51,105,99,blast
13059,52,3,96,105,immature_wbc
13060,49,55,102,90,blast
13061,52,48,96,105,blast
13062,54,55,93,90,immature_wbc
13063,49,48,102,105,blast
13064,42,49,117,102,immature_wbc
13065,46,49,108,102,blast
13066,48,58,105,84,blast
13067,57,24,87,93,blast
13068,51,46,99,108,blast
13069,37,42,126,117,blast
13070,49,55,102,90,blast
13071,107,63,84,75,blast
13072,52,46,96,108,immature_wbc
13073,49,46,102,108,immature_wbc
13074,48,34,105,132,blast
13075,54,43,93,114,blast
13076,51,54,99,93,immature_wbc
13077,36,58,81,84,blast
13078,52,54,96,93,blast
13079,54,46,93,108,blast
13080,52,3,96,93,blast
13081,58,52,84,96,blast
13082,48,43,105,114,immature_wbc
13083,58,6,84,108,immature_wbc
13084,46,63,108,75,immature_wbc
13085,48,43,105,114,blast
13086,51,49,99,102,blast
13087,24,45,99,111,blast
13088,54,55,93,90,blast
13089,72,48,57,105,immature_wbc
13090,61,58,78,84,immature_wbc
13091,52,52,96,96,immature_wbc
13092,63,51,75,99,immature_wbc
13093,57,58,87,84,blast
13094,43,49,114,102,blast
13095,45,45,111,111,blast
13096,48,42,105,117,blast
13097,60,60,81,81,blast
13098,50,46,117,108,blast
13099,54,49,93,102,blast
13100,45,39,111,123,blast
13101,51,58,99,84,immature_wbc
13102,46,54,108,93,blast
13103,48,49,105,102,immature_wbc
13104,58,46,84,108,blast
13105,52,46,96,108,immature_wbc
13106,43,45,114,111,blast
13107,52,37,96,126,immature_wbc
13108,48,51,105,99,immature_wbc
13109,42,55,117,90,blast
13110,47,49,108,102,immature_wbc
13111,15,55,111,90,immature_wbc
13112,57,45,87,111,blast
13113,22,52,156,96,blast
13114,55,36,90,129,immature_wbc
13115,60,49,81,102,blast
13116,55,48,90,105,blast
13117,54,54,93,93,blast
13118,46,46,108,108,blast
13119,43,39,114,123,blast
13120,51,48,99,105,blast
13121,60,61,81,78,immature_wbc
13122,42,43,117,114,immature_wbc
13123,58,57,84,87,immature_wbc
13124,45,51,111,99,blast
13125,51,34,99,132,blast
13126,58,54,84,93,immature_wbc
13127,52,54,96,93,blast
13128,49,45,102,111,immature_wbc
13129,57,50,87,108,immature_wbc
13130,64,58,72,84,blast
13131,43,48,114,105,blast
13132,57,51,87,99,immature_wbc
13133,51,51,99,99,immature_wbc
13134,51,6,99,120,blast
13135,49,49,102,102,immature_wbc
13136,40,46,120,108,blast
13137,49,46,102,108,immature_wbc
13138,43,39,114,123,blast
13139,51,48,99,105,immature_wbc
13140,57,46,87,108,immature_wbc
13141,61,48,78,105,immature_wbc
13142,51,57,99,87,immature_wbc
13143,58,63,84,75,immature_wbc
13144,33,28,135,144,blast
13145,52,64,96,72,immature_wbc
13146,42,49,117,102,blast
13147,51,43,99,114,immature_wbc
13148,58,12,84,108,immature_wbc
13149,49,54,102,93,blast
13150,42,30,90,141,blast
13151,51,45,99,111,blast
13152,49,45,102,111,immature_wbc
13153,52,45,96,111,immature_wbc
13154,46,53,108,105,blast
13155,48,46,105,108,blast
13156,49,55,102,90,immature_wbc
13157,57,54,87,93,immature_wbc
13158,51,49,99,102,blast
13159,55,42,90,117,immature_wbc
13160,48,52,105,96,immature_wbc
13161,58,57,84,87,immature_wbc
13162,51,51,99,99,immature_wbc
13163,43,43,114,114,immature_wbc
13164,54,57,93,87,immature_wbc
13165,39,48,123,105,immature_wbc
13166,49,49,102,102,blast
13167,58,52,84,96,immature_wbc
13168,57,58,87,84,immature_wbc
13169,60,46,81,108,blast
13170,80,58,102,84,blast
13171,89,46,93,108,blast
13172,51,43,99,114,immature_wbc
13173,60,45,81,111,immature_wbc
13174,49,60,102,81,blast
13175,46,80,108,99,blast
13176,46,9,108,120,immature_wbc
13177,55,54,90,93,immature_wbc
13178,40,64,120,72,immature_wbc
13179,48,55,105,90,blast
13180,61,12,78,114,blast
13181,55,3,90,123,blast
13182,48,48,105,105,immature_wbc
13183,48,49,105,102,immature_wbc
13184,40,61,120,78,immature_wbc
13185,64,74,72,72,blast
13186,55,45,90,111,blast
13187,57,98,87,99,immature_wbc
13188,46,52,108,96,immature_wbc
13189,51,80,99,102,immature_wbc
13190,49,49,102,102,immature_wbc
13191,49,40,102,120,immature_wbc
13192,51,54,99,93,immature_wbc
13193,42,40,117,120,blast
13194,49,57,102,87,immature_wbc
13195,54,60,93,81,immature_wbc
13196,51,55,99,90,immature_wbc
13197,51,55,99,90,immature_wbc
13198,42,48,117,105,blast
13199,51,49,99,102,blast
13200,64,54,72,93,blast
13201,55,55,90,90,immature_wbc
13202,65,57,84,87,blast
13203,54,51,93,99,immature_wbc
13204,58,54,84,93,immature_wbc
13205,34,43,132,114,immature_wbc
13206,55,55,90,90,blast
13207,54,52,93,96,blast
13208,46,24,108,108,blast
13209,54,55,93,90,blast
13210,61,52,78,96,blast
13211,61,40,78,120,immature_wbc
13212,61,48,78,105,immature_wbc
13213,60,46,81,108,blast
13214,42,61,117,78,blast
13215,55,61,90,78,immature_wbc
13216,63,54,75,93,immature_wbc
13217,34,30,132,141,immature_wbc
13218,45,54,111,93,immature_wbc
13219,55,51,90,99,blast
13220,61,72,78,57,immature_wbc
13221,61,55,78,90,immature_wbc
13222,54,54,93,93,immature_wbc
13223,48,49,105,102,immature_wbc
13224,57,55,87,90,immature_wbc
13225,51,39,99,99,blast
13226,57,45,87,111,blast
13227,51,61,99,78,immature_wbc
13228,40,80,120,90,blast
13229,72,69,57,63,blast
13230,48,54,105,93,immature_wbc
13231,54,48,93,105,immature_wbc
13232,45,36,111,129,blast
13233,60,21,81,99,immature_wbc
13234,57,60,87,81,immature_wbc
13235,58,63,84,75,blast
13236,43,51,114,99,blast
13237,48,57,105,87,immature_wbc
13238,60,64,81,72,blast
13239,49,49,102,102,immature_wbc
13240,64,60,72,81,immature_wbc
13241,55,52,90,96,immature_wbc
13242,51,51,99,99,immature_wbc
13243,48,63,105,75,immature_wbc
13244,55,46,90,108,immature_wbc
13245,63,3,75,75,immature_wbc
13246,49,52,102,96,blast
13247,43,43,114,114,immature_wbc
13248,57,49,87,102,immature_wbc
13249,49,52,102,96,blast
13250,60,48,81,105,blast
13251,57,60,87,81,immature_wbc
13252,57,51,87,99,immature_wbc
13253,52,49,96,102,immature_wbc
13254,55,61,90,78,immature_wbc
13255,52,43,96,114,blast
13256,55,45,90,111,immature_wbc
13257,55,48,90,105,blast
13258,49,45,102,111,blast
13259,63,61,75,78,immature_wbc
13260,58,92,84,99,blast
13261,43,48,114,105,immature_wbc
13262,43,39,114,123,blast
13263,42,61,87,78,immature_wbc
13264,63,58,75,84,blast
13265,51,51,99,99,blast
13266,60,49,81,102,blast
13267,60,42,81,75,immature_wbc
13268,52,52,96,96,immature_wbc
13269,45,49,111,102,immature_wbc
13270,68,61,90,78,immature_wbc
13271,64,51,72,99,immature_wbc
13272,64,57,72,87,immature_wbc
13273,58,52,84,96,immature_wbc
13274,66,57,69,87,immature_wbc
13275,60,67,81,66,immature_wbc
13276,57,54,87,93,immature_wbc
13277,52,58,96,84,immature_wbc
13278,49,12,102,75,immature_wbc
13279,36,46,129,108,immature_wbc
13280,60,51,81,99,immature_wbc
13281,49,70,102,60,blast
13282,51,51,99,99,blast
13283,57,36,87,129,blast
13284,49,52,102,96,blast
13285,51,43,99,114,immature_wbc
13286,73,61,54,78,blast
13287,58,49,84,102,immature_wbc
13288,43,55,114,90,immature_wbc
13289,54,57,93,87,immature_wbc
13290,64,24,72,153,blast
13291,40,43,120,114,blast
13292,57,52,87,96,immature_wbc
13293,51,54,99,93,blast
13294,48,57,105,87,immature_wbc
13295,61,52,78,96,immature_wbc
13296,30,52,141,96,immature_wbc
13297,55,52,90,96,blast
13298,48,51,105,99,blast
13299,55,34,90,132,immature_wbc
13300,42,46,117,108,immature_wbc
13301,42,46,117,108,immature_wbc
13302,49,52,102,96,immature_wbc
13303,74,43,69,114,immature_wbc
13304,57,46,87,108,immature_wbc
13305,54,45,93,111,immature_wbc
13306,49,43,102,114,immature_wbc
13307,54,46,93,108,blast
13308,54,52,93,96,immature_wbc
13309,52,69,96,63,immature_wbc
13310,61,42,78,117,immature_wbc
13311,72,66,57,69,blast
13312,54,64,93,72,immature_wbc
13313,55,43,90,114,immature_wbc
13314,63,58,75,84,immature_wbc
13315,74,42,111,117,immature_wbc
13316,52,51,96,99,immature_wbc
13317,42,12,117,132,blast
13318,51,52,99,96,blast
13319,57,52,87,96,immature_wbc
13320,61,46,78,108,blast
13321,33,10,135,180,immature_wbc
13322,54,49,93,102,blast
13323,54,45,93,111,immature_wbc
13324,58,45,84,111,immature_wbc
13325,52,46,96,108,immature_wbc
13326,52,49,96,102,immature_wbc
13327,49,49,102,102,immature_wbc
13328,51,49,99,102,immature_wbc
13329,57,45,87,105,immature_wbc
13330,64,51,72,99,immature_wbc
13331,70,70,60,60,blast
13332,83,49,96,102,immature_wbc
13333,46,54,108,93,blast
13334,52,46,96,108,immature_wbc
13335,52,39,96,123,blast
13336,48,60,105,81,immature_wbc
13337,60,48,81,105,immature_wbc
13338,52,49,96,102,immature_wbc
13339,51,49,99,102,immature_wbc
13340,51,54,99,93,immature_wbc
13341,49,52,102,96,immature_wbc
13342,48,51,105,99,blast
13343,49,49,102,102,immature_wbc
13344,46,42,108,117,immature_wbc
13345,48,57,105,87,blast
13346,45,3,111,102,blast
13347,63,57,75,87,blast
13348,39,51,123,99,blast
13349,47,51,108,99,immature_wbc
13350,60,61,81,78,immature_wbc
13351,45,60,111,81,immature_wbc
13352,55,40,90,120,blast
13353,51,46,99,108,blast
13354,51,57,99,87,blast
13355,46,43,108,114,blast
13356,46,60,108,81,immature_wbc
13357,64,47,72,108,blast
13358,64,54,72,93,blast
13359,45,54,111,93,blast
13360,55,57,90,87,blast
13361,45,6,111,84,immature_wbc
13362,57,52,87,96,blast
13363,45,49,111,102,immature_wbc
13364,55,48,90,105,blast
13365,55,51,90,99,immature_wbc
13366,57,43,87,114,blast
13367,55,54,90,93,immature_wbc
13368,52,46,96,108,immature_wbc
13369,54,55,93,90,immature_wbc
13370,51,51,99,99,immature_wbc
13371,43,56,114,99,blast
13372,39,46,123,108,immature_wbc
13373,65,54,90,93,immature_wbc
13374,98,49,93,102,immature_wbc
13375,55,58,90,84,immature_wbc
13376,49,54,102,93,blast
13377,54,43,93,114,immature_wbc
13378,49,48,102,105,immature_wbc
13379,49,46,102,108,immature_wbc
13380,54,49,93,102,immature_wbc
13381,68,52,96,96,immature_wbc
13382,52,52,96,96,immature_wbc
13383,55,57,90,87,immature_wbc
13384,51,39,99,123,blast
13385,45,45,111,111,blast
13386,21,15,96,120,immature_wbc
13387,57,40,87,120,immature_wbc
13388,57,43,87,114,immature_wbc
13389,55,51,90,99,blast
13390,55,86,90,99,immature_wbc
13391,55,58,90,84,immature_wbc
13392,58,39,84,123,immature_wbc
13393,51,83,99,93,immature_wbc
13394,54,51,93,99,immature_wbc
13395,48,48,105,105,immature_wbc
13396,46,40,108,120,blast
13397,49,52,102,96,immature_wbc
13398,55,48,90,105,blast
13399,48,60,105,81,blast
13400,54,49,93,102,immature_wbc
13401,58,61,84,78,immature_wbc
13402,61,37,78,126,immature_wbc
13403,46,55,108,90,immature_wbc
13404,49,51,102,99,blast
13405,51,57,99,87,immature_wbc
13406,58,55,84,90,immature_wbc
13407,61,45,78,111,immature_wbc
13408,54,54,93,93,blast
13409,51,60,99,81,immature_wbc
13410,58,48,84,90,immature_wbc
13411,55,48,90,105,immature_wbc
13412,51,67,99,66,immature_wbc
13413,54,49,93,102,immature_wbc
13414,46,48,108,105,immature_wbc
13415,51,42,99,117,immature_wbc
13416,30,45,141,111,blast
13417,37,45,126,111,immature_wbc
13418,51,40,99,120,blast
13419,36,55,129,90,blast
13420,52,48,96,105,blast
13421,51,54,99,81,immature_wbc
13422,34,51,132,99,blast
13423,46,55,108,90,immature_wbc
13424,51,49,99,102,immature_wbc
13425,48,24,105,84,immature_wbc
13426,52,57,96,87,blast
13427,54,55,93,90,immature_wbc
13428,49,54,102,93,immature_wbc
13429,46,51,108,99,immature_wbc
13430,52,40,96,120,blast
13431,68,48,114,105,immature_wbc
13432,49,49,102,102,blast
13433,60,55,81,90,immature_wbc
13434,55,52,90,96,blast
13435,57,55,87,90,immature_wbc
13436,40,58,120,84,immature_wbc
13437,27,33,147,135,immature_wbc
13438,40,54,120,93,blast
13439,48,49,105,102,blast
13440,49,52,102,96,immature_wbc
13441,61,49,78,102,immature_wbc
13442,45,36,111,129,blast
13443,52,55,96,90,immature_wbc
13444,58,67,84,66,immature_wbc
13445,45,48,111,105,immature_wbc
13446,45,43,111,114,blast
13447,51,43,99,114,blast
13448,49,51,102,99,immature_wbc
13449,48,36,105,129,blast
13450,43,36,114,129,blast
13451,37,45,126,111,blast
13452,65,54,108,93,immature_wbc
13453,43,45,114,111,blast
13454,49,54,102,93,immature_wbc
13455,49,46,102,108,blast
13456,51,45,99,111,immature_wbc
13457,45,52,111,96,blast
13458,25,42,150,117,blast
13459,48,39,105,123,blast
13460,51,46,99,108,immature_wbc
13461,54,48,93,105,immature_wbc
13462,52,49,96,102,immature_wbc
13463,46,40,108,120,blast
13464,39,52,123,96,blast
13465,52,54,96,93,blast
13466,64,58,72,84,immature_wbc
13467,57,37,87,126,blast
13468,51,52,99,96,immature_wbc
13469,45,49,99,102,blast
13470,54,52,93,96,blast
13471,55,55,90,90,immature_wbc
13472,52,49,96,102,immature_wbc
13473,57,40,87,120,blast
13474,48,39,105,123,blast
13475,33,43,135,114,blast
13476,57,57,87,87,immature_wbc
13477,52,51,96,99,immature_wbc
13478,63,52,75,96,blast
13479,48,48,105,105,blast
13480,60,43,81,114,immature_wbc
13481,46,52,108,96,blast
13482,57,48,87,105,blast
13483,52,86,96,99,blast
13484,59,49,90,102,immature_wbc
13485,55,45,90,111,immature_wbc
13486,51,48,99,105,blast
13487,51,39,99,123,blast
13488,52,54,96,93,blast
13489,54,55,93,90,blast
13490,49,63,102,75,immature_wbc
13491,46,52,108,96,immature_wbc
13492,55,45,90,111,blast
13493,51,49,99,102,immature_wbc
13494,21,45,84,111,immature_wbc
13495,58,49,84,102,immature_wbc
13496,58,60,84,81,blast
13497,43,51,114,99,immature_wbc
13498,49,46,102,108,immature_wbc
13499,40,31,120,138,blast
13500,55,49,90,102,blast
13501,55,49,90,102,blast
13502,55,46,90,108,blast
13503,42,45,117,111,immature_wbc
13504,45,54,111,93,immature_wbc
13505,57,51,87,99,immature_wbc
13506,55,37,90,126,immature_wbc
13507,71,24,87,96,blast
13508,27,3,108,105,immature_wbc
13509,42,52,117,96,immature_wbc
13510,52,49,96,102,immature_wbc
13511,45,55,111,90,immature_wbc
13512,36,42,129,117,immature_wbc
13513,48,43,105,114,blast
13514,49,52,102,96,immature_wbc
13515,52,51,96,99,blast
13516,46,45,108,111,blast
13517,49,54,102,93,immature_wbc
13518,48,45,105,111,blast
13519,54,46,93,108,immature_wbc
13520,51,51,99,96,blast
13521,36,21,129,99,blast
13522,31,48,138,105,blast
13523,46,45,108,111,blast
13524,61,60,78,81,immature_wbc
13525,63,71,75,69,blast
13526,43,39,114,123,blast
13527,46,39,108,105,blast
13528,57,40,87,120,blast
13529,57,45,87,111,blast
13530,25,25,150,150,immature_wbc
13531,55,42,90,99,immature_wbc
13532,52,45,96,111,immature_wbc
13533,61,45,78,111,immature_wbc
13534,51,33,99,105,immature_wbc
13535,49,30,102,141,blast
13536,48,54,105,93,immature_wbc
13537,57,30,87,141,immature_wbc
13538,58,54,84,93,blast
13539,63,45,75,111,blast
13540,66,54,69,93,immature_wbc
13541,54,57,93,87,immature_wbc
13542,54,46,93,108,immature_wbc
13543,60,42,81,117,blast
13544,51,40,99,120,blast
13545,54,55,75,90,immature_wbc
13546,54,57,93,87,immature_wbc
13547,45,51,111,99,blast
13548,55,52,90,96,immature_wbc
13549,55,42,90,117,immature_wbc
13550,45,45,111,96,blast
13551,54,33,93,135,immature_wbc
13552,39,49,123,102,blast
13553,51,54,99,93,blast
13554,57,57,87,87,blast
13555,54,46,93,108,blast
13556,57,46,87,108,immature_wbc
13557,55,57,90,87,immature_wbc
13558,48,39,105,123,immature_wbc
13559,51,45,99,111,immature_wbc
13560,48,45,105,111,blast
13561,49,43,102,114,immature_wbc
13562,54,43,93,114,blast
13563,51,60,99,81,immature_wbc
13564,55,46,90,108,blast
13565,55,48,90,105,blast
13566,57,39,87,123,immature_wbc
13567,51,52,99,96,blast
13568,58,60,84,81,blast
13569,64,61,72,78,blast
13570,55,51,90,99,immature_wbc
13571,48,46,105,108,blast
13572,48,46,105,108,immature_wbc
13573,51,52,99,96,immature_wbc
13574,43,60,114,81,immature_wbc
13575,57,54,87,93,immature_wbc
13576,52,51,96,99,immature_wbc
13577,60,46,81,108,blast
13578,60,45,81,111,immature_wbc
13579,40,54,120,93,immature_wbc
13580,40,42,120,81,immature_wbc
13581,52,46,96,108,immature_wbc
13582,64,60,72,81,blast
13583,57,43,87,114,immature_wbc
13584,51,40,99,120,blast
13585,60,46,81,108,immature_wbc
13586,66,21,69,87,blast
13587,61,57,78,87,blast
13588,52,48,96,105,immature_wbc
13589,43,57,114,87,blast
13590,55,51,90,99,immature_wbc
13591,74,40,102,120,blast
13592,43,42,114,117,immature_wbc
13593,61,61,78,78,immature_wbc
13594,58,52,84,96,immature_wbc
13595,48,54,105,93,immature_wbc
13596,55,60,90,81,immature_wbc
13597,60,6,81,63,immature_wbc
13598,15,39,171,123,blast
13599,45,63,111,75,blast
13600,51,60,99,81,immature_wbc
13601,63,60,75,81,immature_wbc
13602,55,40,90,120,immature_wbc
13603,58,51,84,99,immature_wbc
13604,55,54,90,93,blast
13605,49,51,102,99,blast
13606,57,71,87,96,blast
13607,51,57,99,87,immature_wbc
13608,46,49,108,102,blast
13609,46,55,108,90,blast
13610,61,21,78,84,immature_wbc
13611,54,45,93,111,immature_wbc
13612,49,55,102,90,immature_wbc
13613,73,63,54,75,blast
13614,54,58,93,84,blast
13615,54,55,93,90,immature_wbc
13616,51,60,99,81,immature_wbc
13617,52,52,96,96,blast
13618,52,57,96,87,blast
13619,60,55,81,90,immature_wbc
13620,36,46,129,108,blast
13621,46,57,108,87,immature_wbc
13622,55,54,90,93,blast
13623,52,51,96,99,immature_wbc
13624,63,39,75,123,blast
13625,57,64,87,72,blast
13626,54,52,93,96,blast
13627,66,67,69,66,immature_wbc
13628,64,15,72,99,blast
13629,63,42,75,117,blast
13630,55,107,90,90,immature_wbc
13631,45,61,111,78,immature_wbc
13632,58,52,84,96,immature_wbc
13633,60,45,81,111,blast
13634,55,52,90,96,immature_wbc
13635,61,58,78,84,blast
13636,45,46,111,108,blast
13637,37,42,126,117,blast
13638,30,46,141,108,blast
13639,46,46,108,108,blast
13640,54,52,93,96,blast
13641,48,39,105,123,blast
13642,40,33,120,135,monocyte
13643,43,46,114,108,blast
13644,65,30,114,141,monocyte
13645,39,52,123,96,blast
13646,52,55,96,90,blast
13647,45,1,111,198,monocyte
13648,27,37,147,126,monocyte
13649,51,43,99,114,blast
13650,51,49,99,102,blast
13651,54,48,93,105,blast
13652,46,46,108,108,blast
13653,46,51,108,99,blast
13654,31,27,138,147,monocyte
13655,45,52,111,96,blast
13656,34,39,132,123,monocyte
13657,46,52,108,96,blast
13658,28,36,144,129,monocyte
13659,51,92,99,105,blast
13660,31,33,138,135,monocyte
13661,48,54,105,93,blast
13662,43,28,114,144,monocyte
13663,45,6,111,84,blast
13664,48,16,105,168,monocyte
13665,33,43,135,114,monocyte
13666,39,33,111,135,monocyte
13667,30,36,141,129,monocyte
13668,45,53,111,102,blast
13669,49,49,102,102,blast
13670,52,21,96,159,blast
13671,37,46,126,108,monocyte
13672,22,25,156,150,monocyte
13673,45,49,111,102,blast
13674,43,51,114,99,blast
13675,49,49,102,102,blast
13676,42,52,105,96,blast
13677,36,21,129,159,monocyte
13678,30,31,141,138,monocyte
13679,31,13,138,174,monocyte
13680,30,24,141,153,monocyte
13681,51,71,99,96,blast
13682,3,42,96,117,blast
13683,55,77,90,102,blast
13684,30,37,141,126,blast
13685,37,45,126,111,blast
13686,57,48,87,105,blast
13687,46,48,108,105,blast
13688,42,43,117,114,blast
13689,36,36,129,129,monocyte
13690,49,46,102,108,blast
13691,51,52,99,96,blast
13692,43,19,114,162,blast
13693,54,48,93,105,blast
13694,49,49,102,102,blast
13695,37,45,126,111,blast
13696,51,43,99,114,blast
13697,49,49,102,102,blast
13698,54,52,93,96,blast
13699,54,43,93,114,blast
13700,21,50,120,141,monocyte
13701,39,49,123,102,blast
13702,55,55,90,90,blast
13703,58,69,84,63,blast
13704,51,63,99,75,immature_wbc
13705,46,52,108,96,blast
13706,89,52,102,96,blast
13707,49,49,102,102,blast
13708,37,51,126,99,blast
13709,52,43,96,114,blast
13710,51,43,99,114,blast
13711,42,42,117,117,blast
13712,46,33,108,135,monocyte
13713,49,49,102,102,blast
13714,37,28,126,144,monocyte
13715,101,34,84,132,monocyte
13716,6,51,111,99,blast
13717,42,42,117,117,blast
13718,34,41,132,138,monocyte
13719,31,4,138,192,monocyte
13720,34,19,132,162,monocyte
13721,42,45,117,111,blast
13722,51,49,99,102,blast
13723,39,6,123,129,monocyte
13724,49,45,102,111,blast
13725,34,38,132,135,monocyte
13726,37,34,126,132,monocyte
13727,49,54,102,93,blast
13728,43,55,114,90,blast
13729,49,63,102,75,blast
13730,54,52,93,96,blast
13731,48,52,105,96,blast
13732,22,22,156,156,monocyte
13733,21,49,111,102,blast
13734,48,49,105,102,blast
13735,46,30,108,141,blast
13736,33,22,120,156,monocyte
13737,55,49,90,102,blast
13738,42,45,117,111,blast
13739,51,22,99,156,monocyte
13740,48,43,105,114,blast
13741,30,33,141,135,monocyte
13742,54,54,93,93,blast
13743,46,52,108,96,blast
13744,65,39,126,123,monocyte
13745,48,48,105,105,blast
13746,36,39,129,123,monocyte
13747,49,55,102,90,blast
13748,43,43,114,114,seg_neutrophil
13749,48,49,105,102,blast
13750,46,98,108,96,blast
13751,25,34,150,132,monocyte
13752,55,48,90,105,blast
13753,55,43,90,114,blast
13754,48,54,105,93,blast
13755,42,15,117,171,monocyte
13756,48,10,105,180,monocyte
13757,40,49,120,102,monocyte
13758,48,36,105,129,monocyte
13759,48,43,105,114,blast
13760,48,54,105,93,blast
13761,37,22,126,156,monocyte
13762,57,52,87,96,blast
13763,51,51,99,99,blast
13764,36,42,129,117,blast
13765,36,27,129,147,monocyte
13766,55,54,90,93,blast
13767,24,21,153,159,monocyte
13768,48,52,105,96,blast
13769,36,95,87,102,seg_neutrophil
13770,33,40,135,120,monocyte
13771,39,43,123,114,monocyte
13772,52,46,96,108,blast
13773,42,27,117,99,monocyte
13774,46,19,108,162,monocyte
13775,51,54,99,93,blast
13776,52,49,96,102,blast
13777,33,37,135,126,monocyte
13778,57,43,87,114,blast
13779,31,31,138,138,monocyte
13780,40,49,120,102,monocyte
13781,45,39,111,123,monocyte
13782,48,49,105,102,blast
13783,33,28,135,144,monocyte
13784,42,37,117,126,blast
13785,31,28,138,144,monocyte
13786,77,52,96,96,blast
13787,33,39,135,123,monocyte
13788,57,46,87,108,blast
13789,18,36,117,129,monocyte
13790,48,0,105,201,monocyte
13791,51,52,99,96,blast
13792,49,51,102,99,blast
13793,49,46,102,108,blast
13794,67,64,66,72,blast
13795,66,48,69,105,blast
13796,43,60,114,81,blast
13797,58,49,84,102,blast
13798,43,46,114,108,blast
13799,31,33,138,135,monocyte
13800,57,51,87,99,blast
13801,77,54,90,93,blast
13802,64,57,72,87,blast
13803,55,46,90,108,blast
13804,54,57,93,87,blast
13805,45,54,111,93,blast
13806,49,66,102,69,blast
13807,36,43,129,114,blast
13808,24,16,96,168,monocyte
13809,33,22,135,156,monocyte
13810,36,40,129,120,monocyte
13811,31,28,138,144,monocyte
13812,45,45,111,111,blast
13813,51,40,99,120,blast
13814,46,7,108,186,monocyte
13815,31,36,138,129,monocyte
13816,18,45,102,111,immature_wbc
13817,27,57,81,87,blast
13818,55,58,90,84,blast
13819,61,58,78,84,blast
13820,49,54,102,93,blast
13821,57,24,87,69,immature_wbc
13822,60,45,81,111,immature_wbc
13823,45,48,111,105,blast
13824,39,46,123,108,blast
13825,63,52,75,96,blast
13826,55,60,90,81,blast
13827,60,61,81,78,blast
13828,61,52,78,96,blast
13829,52,60,96,81,blast
13830,39,45,123,111,blast
13831,65,45,96,111,blast
13832,46,95,108,84,blast
13833,60,49,81,102,immature_wbc
13834,67,65,66,93,immature_wbc
13835,43,54,114,93,blast
13836,63,51,75,99,immature_wbc
13837,66,51,69,99,immature_wbc
13838,60,73,81,54,immature_wbc
13839,54,48,93,105,immature_wbc
13840,46,49,108,102,immature_wbc
13841,46,52,108,96,immature_wbc
13842,40,52,120,96,blast
13843,57,49,87,102,blast
13844,64,49,72,102,immature_wbc
13845,61,57,78,87,immature_wbc
13846,61,55,78,90,immature_wbc
13847,73,57,54,87,immature_wbc
13848,69,64,63,72,immature_wbc
13849,46,61,108,78,immature_wbc
13850,63,51,75,99,blast
13851,46,48,108,105,immature_wbc
13852,63,52,75,96,immature_wbc
13853,64,55,72,90,immature_wbc
13854,54,49,93,102,immature_wbc
13855,48,54,105,93,blast
13856,58,60,84,81,blast
13857,34,36,132,129,blast
13858,92,55,105,90,blast
13859,45,52,111,96,blast
13860,46,55,108,90,blast
13861,58,39,84,96,immature_wbc
13862,57,43,87,114,blast
13863,49,60,102,81,immature_wbc
13864,58,55,84,90,immature_wbc
13865,52,55,96,90,blast
13866,66,67,69,66,immature_wbc
13867,51,51,99,99,blast
13868,58,63,84,75,immature_wbc
13869,58,61,84,78,blast
13870,60,63,81,75,immature_wbc
13871,48,57,105,87,blast
13872,54,57,93,87,blast
13873,49,42,102,117,immature_wbc
13874,63,60,75,81,blast
13875,37,57,126,87,blast
13876,57,46,87,108,blast
13877,57,46,87,108,blast
13878,51,45,81,111,blast
13879,64,51,72,99,immature_wbc
13880,46,39,108,123,blast
13881,49,55,102,90,immature_wbc
13882,52,42,96,117,blast
13883,60,49,81,102,immature_wbc
13884,60,51,81,99,blast
13885,48,54,105,93,blast
13886,58,45,84,111,blast
13887,51,58,69,84,blast
13888,40,55,120,90,blast
13889,58,67,84,66,blast
13890,63,43,75,114,blast
13891,49,66,102,69,immature_wbc
13892,58,48,84,105,immature_wbc
13893,54,34,93,132,immature_wbc
13894,72,60,57,81,immature_wbc
13895,58,60,84,81,immature_wbc
13896,48,55,105,90,blast
13897,57,61,87,78,blast
13898,42,39,117,123,blast
13899,57,58,87,84,blast
13900,58,34,84,132,immature_wbc
13901,45,46,111,108,blast
13902,52,46,96,108,blast
13903,64,49,72,102,immature_wbc
13904,43,37,114,126,blast
13905,65,6,105,114,blast
13906,66,52,69,96,blast
13907,54,60,93,81,immature_wbc
13908,51,60,99,81,blast
13909,55,64,90,72,immature_wbc
13910,55,63,90,75,blast
13911,48,46,105,108,blast
13912,54,46,93,108,blast
13913,63,45,75,111,blast
13914,48,48,105,105,blast
13915,61,63,78,75,immature_wbc
13916,51,49,99,102,blast
13917,52,40,96,120,blast
13918,49,54,102,93,immature_wbc
13919,43,51,114,99,blast
13920,48,54,105,93,blast
13921,49,57,102,87,blast
13922,54,49,93,102,blast
13923,39,60,123,81,blast
13924,51,52,99,96,blast
13925,52,51,96,99,blast
13926,48,49,105,102,blast
13927,58,49,84,102,blast
13928,58,55,84,90,blast
13929,60,54,81,93,immature_wbc
13930,57,51,87,99,blast
13931,61,57,78,87,blast
13932,51,54,99,93,blast
13933,52,55,96,90,blast
13934,55,58,90,84,blast
13935,52,49,96,102,blast
13936,55,48,90,105,blast
13937,57,52,87,96,blast
13938,55,57,90,87,blast
13939,54,58,93,84,immature_wbc
13940,54,60,93,81,blast
13941,66,60,69,81,blast
13942,55,57,90,87,blast
13943,46,10,108,180,blast
13944,54,60,93,81,blast
13945,45,60,111,81,blast
13946,63,57,75,87,blast
13947,60,46,81,108,immature_wbc
13948,54,48,93,102,blast
13949,70,66,60,69,blast
13950,34,40,132,120,blast
13951,60,63,81,75,blast
13952,54,60,93,81,immature_wbc
13953,58,55,84,90,immature_wbc
13954,107,55,81,90,blast
13955,54,49,93,102,blast
13956,55,49,90,102,blast
13957,54,66,93,69,blast
13958,57,61,87,78,blast
13959,54,46,93,108,blast
13960,54,54,93,93,immature_wbc
13961,61,63,78,75,immature_wbc
13962,55,49,90,102,blast
13963,60,51,81,99,immature_wbc
13964,64,49,72,102,immature_wbc
13965,49,61,102,78,immature_wbc
13966,52,40,96,120,immature_wbc
13967,58,60,84,81,blast
13968,52,46,96,108,blast
13969,58,64,84,72,immature_wbc
13970,55,45,90,111,immature_wbc
13971,52,55,96,90,blast
13972,57,48,87,105,blast
13973,49,51,102,99,immature_wbc
13974,61,45,78,111,immature_wbc
13975,63,46,75,108,immature_wbc
13976,54,60,93,81,blast
13977,52,61,96,78,immature_wbc
13978,58,58,84,84,immature_wbc
13979,37,40,126,120,immature_wbc
13980,50,42,111,117,blast
13981,45,51,111,99,blast
13982,57,52,87,96,immature_wbc
13983,49,48,102,105,immature_wbc
13984,46,46,108,108,immature_wbc
13985,63,46,75,108,blast
13986,49,52,102,96,immature_wbc
13987,54,43,93,114,immature_wbc
13988,43,49,114,102,blast
13989,58,39,84,123,blast
13990,52,51,96,99,blast
13991,61,51,78,99,blast
13992,51,49,99,102,blast
13993,61,70,78,60,blast
13994,54,64,93,72,blast
13995,45,54,111,93,immature_wbc
13996,60,61,81,78,blast
13997,57,46,87,108,immature_wbc
13998,48,54,105,93,immature_wbc
13999,40,36,120,129,blast
14000,51,60,99,81,immature_wbc
14001,61,18,78,99,blast
14002,34,49,132,102,blast
14003,51,52,99,96,immature_wbc
14004,61,55,78,90,immature_wbc
14005,45,50,111,132,blast
14006,48,63,105,75,blast
14007,48,60,105,81,immature_wbc
14008,51,48,99,105,immature_wbc
14009,51,58,99,84,blast
14010,52,55,96,90,immature_wbc
14011,57,37,87,126,blast
14012,51,51,99,99,blast
14013,52,60,96,81,blast
14014,51,52,99,96,blast
14015,40,34,120,132,blast
14016,48,54,105,93,immature_wbc
14017,48,54,105,93,immature_wbc
14018,51,54,99,93,immature_wbc
14019,77,46,93,108,blast
14020,57,66,87,69,blast
14021,64,60,72,81,blast
14022,49,55,102,90,immature_wbc
14023,57,55,87,90,blast
14024,58,60,84,81,immature_wbc
14025,58,49,84,102,immature_wbc
14026,57,51,87,99,immature_wbc
14027,55,46,90,108,blast
14028,48,55,105,90,blast
14029,52,61,96,78,immature_wbc
14030,42,52,117,96,immature_wbc
14031,52,54,96,93,blast
14032,51,57,99,87,blast
14033,45,57,111,87,immature_wbc
14034,51,49,99,102,immature_wbc
14035,54,57,93,87,blast
14036,49,57,102,87,immature_wbc
14037,43,43,114,114,blast
14038,61,48,78,105,blast
14039,57,49,87,102,blast
14040,42,43,117,114,immature_wbc
14041,61,43,78,114,blast
14042,66,48,69,96,blast
14043,58,30,84,141,immature_wbc
14044,58,51,84,99,immature_wbc
14045,40,45,120,111,immature_wbc
14046,60,60,81,81,immature_wbc
14047,30,48,87,105,blast
14048,48,51,105,99,immature_wbc
14049,51,43,99,114,blast
14050,57,49,87,102,immature_wbc
14051,40,40,120,120,immature_wbc
14052,57,55,87,90,immature_wbc
14053,49,49,102,102,immature_wbc
14054,34,42,132,117,immature_wbc
14055,43,49,114,102,blast
14056,43,3,114,90,blast
14057,60,57,81,87,immature_wbc
14058,54,43,93,114,blast
14059,86,51,108,99,blast
14060,51,49,99,102,blast
14061,60,45,81,111,blast
14062,40,60,120,81,immature_wbc
14063,55,49,90,102,blast
14064,51,54,99,93,immature_wbc
14065,45,52,111,96,blast
14066,63,55,75,90,immature_wbc
14067,55,55,90,90,immature_wbc
14068,57,58,87,84,immature_wbc
14069,51,56,99,117,blast
14070,64,51,72,99,immature_wbc
14071,58,51,84,99,blast
14072,55,37,90,126,immature_wbc
14073,43,48,114,105,blast
14074,49,52,102,96,blast
14075,61,67,78,66,immature_wbc
14076,63,48,75,105,immature_wbc
14077,80,49,108,102,immature_wbc
14078,46,58,108,84,immature_wbc
14079,55,55,90,90,immature_wbc
14080,49,52,102,96,blast
14081,49,46,102,108,immature_wbc
14082,45,51,111,99,blast
14083,48,39,105,123,blast
14084,61,60,78,81,immature_wbc
14085,46,61,108,78,immature_wbc
14086,54,67,93,66,immature_wbc
14087,43,28,114,144,blast
14088,51,52,99,96,blast
14089,49,45,102,111,blast
14090,51,54,99,93,immature_wbc
14091,57,49,87,102,blast
14092,48,58,105,84,blast
14093,56,51,102,99,immature_wbc
14094,119,43,72,114,blast
14095,57,43,87,114,blast
14096,49,49,102,102,immature_wbc
14097,52,52,96,96,blast
14098,15,58,90,84,blast
14099,49,45,102,111,immature_wbc
14100,63,21,75,99,immature_wbc
14101,39,57,123,87,immature_wbc
14102,52,60,96,81,immature_wbc
14103,54,40,93,120,immature_wbc
14104,43,48,114,105,blast
14105,54,57,93,87,immature_wbc
14106,55,61,90,78,immature_wbc
14107,66,52,69,96,immature_wbc
14108,51,44,99,114,blast
14109,43,43,114,114,immature_wbc
14110,54,52,93,96,blast
14111,40,54,120,93,immature_wbc
14112,48,49,105,102,blast
14113,46,61,108,78,immature_wbc
14114,48,46,105,108,blast
14115,36,28,129,144,blast
14116,48,33,105,135,immature_wbc
14117,52,64,96,72,immature_wbc
14118,48,57,105,87,immature_wbc
14119,42,54,117,93,blast
14120,49,67,102,66,immature_wbc
14121,24,43,78,114,immature_wbc
14122,58,48,84,105,immature_wbc
14123,60,61,81,78,immature_wbc
14124,60,51,81,99,blast
14125,25,56,150,111,immature_wbc
14126,63,39,75,123,immature_wbc
14127,54,49,93,102,blast
14128,55,63,90,75,immature_wbc
14129,54,46,93,108,blast
14130,49,48,102,105,blast
14131,45,48,111,105,blast
14132,57,60,87,81,blast
14133,39,51,123,99,immature_wbc
14134,45,51,111,99,immature_wbc
14135,63,57,75,87,immature_wbc
14136,60,49,81,102,blast
14137,51,54,99,93,immature_wbc
14138,55,54,90,93,immature_wbc
14139,54,37,93,126,blast
14140,48,34,105,132,blast
14141,46,54,108,93,blast
14142,54,49,93,102,immature_wbc
14143,52,64,96,72,immature_wbc
14144,62,39,87,123,immature_wbc
14145,63,45,75,111,blast
14146,57,48,87,105,immature_wbc
14147,49,49,102,102,immature_wbc
14148,58,46,84,108,blast
14149,48,52,105,96,immature_wbc
14150,57,54,87,93,immature_wbc
14151,49,57,102,87,blast
14152,54,52,93,96,immature_wbc
14153,58,49,84,102,immature_wbc
14154,51,55,99,90,immature_wbc
14155,45,89,111,108,immature_wbc
14156,51,48,99,105,blast
14157,58,59,84,87,immature_wbc
14158,57,45,87,111,blast
14159,49,48,102,105,immature_wbc
14160,51,57,99,87,immature_wbc
14161,54,40,93,120,blast
14162,60,30,81,87,immature_wbc
14163,15,57,102,87,immature_wbc
14164,54,42,93,117,immature_wbc
14165,57,74,87,102,immature_wbc
14166,60,66,81,69,immature_wbc
14167,36,33,129,135,blast
14168,54,107,93,90,blast
14169,60,52,81,96,blast
14170,54,71,93,102,blast
14171,54,55,93,90,blast
14172,49,61,102,78,immature_wbc
14173,37,39,126,123,immature_wbc
14174,48,42,105,117,blast
14175,39,52,123,96,blast
14176,55,49,90,102,immature_wbc
14177,43,58,114,84,immature_wbc
14178,54,61,93,78,immature_wbc
14179,54,52,93,96,blast
14180,52,55,96,90,immature_wbc
14181,49,71,102,111,blast
14182,36,42,129,117,immature_wbc
14183,39,46,123,108,immature_wbc
14184,48,36,105,129,blast
14185,48,54,105,93,immature_wbc
14186,54,45,93,111,blast
14187,58,46,84,108,immature_wbc
14188,42,55,117,90,blast
14189,55,48,90,105,blast
14190,71,46,90,108,immature_wbc
14191,64,49,72,102,blast
14192,60,30,81,84,immature_wbc
14193,45,68,111,78,immature_wbc
14194,54,54,93,93,immature_wbc
14195,64,52,72,96,immature_wbc
14196,55,55,90,90,immature_wbc
14197,60,57,81,87,immature_wbc
14198,51,45,99,111,immature_wbc
14199,63,54,75,93,blast
14200,55,48,90,105,immature_wbc
14201,57,48,87,105,immature_wbc
14202,48,45,105,111,immature_wbc
14203,57,58,87,84,immature_wbc
14204,60,58,81,84,immature_wbc
14205,43,66,114,69,immature_wbc
14206,63,49,75,102,immature_wbc
14207,64,63,72,75,immature_wbc
14208,63,51,75,99,blast
14209,42,16,117,168,blast
14210,51,46,99,108,blast
14211,52,51,96,99,blast
14212,57,57,87,87,immature_wbc
14213,54,57,93,87,blast
14214,57,51,87,99,blast
14215,58,51,84,99,blast
14216,43,60,114,81,immature_wbc
14217,55,61,90,78,blast
14218,54,52,93,96,immature_wbc
14219,42,56,117,105,blast
14220,48,45,105,111,blast
14221,51,52,99,96,immature_wbc
14222,66,51,69,81,blast
14223,80,30,90,81,immature_wbc
14224,116,49,81,102,blast
14225,128,57,69,87,blast
14226,43,48,114,105,blast
14227,42,54,117,93,blast
14228,40,64,120,72,immature_wbc
14229,63,58,75,84,immature_wbc
14230,52,40,96,120,blast
14231,48,49,105,102,blast
14232,55,52,90,96,blast
14233,57,71,87,90,blast
14234,55,61,90,78,blast
14235,42,52,117,96,immature_wbc
14236,57,21,87,75,immature_wbc
14237,64,51,72,99,immature_wbc
14238,55,58,90,84,blast
14239,52,60,96,81,immature_wbc
14240,52,21,96,111,blast
14241,60,64,81,72,blast
14242,36,48,129,105,blast
14243,63,49,75,102,blast
14244,60,40,81,120,immature_wbc
14245,61,61,78,78,blast
14246,39,33,123,135,immature_wbc
14247,61,49,78,102,blast
14248,49,46,102,108,blast
14249,43,46,114,108,blast
14250,55,50,90,105,blast
14251,46,63,108,75,immature_wbc
14252,66,92,69,72,blast
14253,57,45,87,111,blast
14254,46,60,108,81,immature_wbc
14255,49,66,102,69,immature_wbc
14256,60,54,81,93,immature_wbc
14257,57,57,87,87,immature_wbc
14258,64,67,72,66,immature_wbc
14259,51,57,99,87,immature_wbc
14260,52,57,96,87,immature_wbc
14261,43,58,114,84,immature_wbc
14262,68,55,84,90,immature_wbc
14263,83,51,81,99,blast
14264,89,60,93,81,immature_wbc
14265,57,45,87,96,immature_wbc
14266,55,49,90,102,immature_wbc
14267,54,15,93,81,immature_wbc
14268,57,60,87,81,immature_wbc
14269,58,49,84,102,blast
14270,58,58,84,84,blast
14271,61,46,78,108,immature_wbc
14272,49,55,102,90,immature_wbc
14273,55,54,90,93,immature_wbc
14274,51,49,99,102,blast
14275,51,55,99,90,immature_wbc
14276,49,52,102,96,immature_wbc
14277,64,60,72,81,immature_wbc
14278,116,57,81,87,immature_wbc
14279,48,42,105,117,immature_wbc
14280,49,40,102,120,immature_wbc
14281,51,63,99,75,immature_wbc
14282,60,58,81,84,immature_wbc
14283,45,61,111,78,immature_wbc
14284,57,43,87,114,immature_wbc
14285,51,48,99,105,immature_wbc
14286,54,45,93,111,blast
14287,58,42,84,117,immature_wbc
14288,49,60,102,81,immature_wbc
14289,52,43,96,114,blast
14290,46,52,108,96,immature_wbc
14291,48,15,105,108,blast
14292,49,49,102,102,blast
14293,43,54,114,93,blast
14294,42,74,117,114,immature_wbc
14295,113,51,84,99,immature_wbc
14296,52,55,96,90,immature_wbc
14297,57,57,87,87,blast
14298,60,48,81,78,immature_wbc
14299,54,48,93,105,immature_wbc
14300,13,28,174,144,immature_wbc
14301,46,55,108,90,immature_wbc
14302,42,58,117,84,immature_wbc
14303,51,43,99,114,blast
14304,45,63,111,75,immature_wbc
14305,60,67,81,66,immature_wbc
14306,57,57,87,87,blast
14307,61,61,78,78,immature_wbc
14308,52,60,96,81,immature_wbc
14309,55,55,90,90,blast
14310,57,55,87,90,immature_wbc
14311,51,37,99,126,blast
14312,61,54,78,93,immature_wbc
14313,61,58,78,84,immature_wbc
14314,60,45,81,111,blast
14315,60,54,81,93,immature_wbc
14316,55,58,90,84,immature_wbc
14317,64,72,72,57,immature_wbc
14318,48,60,105,81,immature_wbc
14319,60,51,81,99,blast
14320,89,55,99,90,blast
14321,33,58,75,84,immature_wbc
14322,54,54,93,93,immature_wbc
14323,60,63,81,75,immature_wbc
14324,58,63,84,75,immature_wbc
14325,66,62,69,78,immature_wbc
14326,54,60,93,81,immature_wbc
14327,58,51,84,99,blast
14328,61,60,78,81,immature_wbc
14329,48,48,105,105,immature_wbc
14330,58,48,84,105,immature_wbc
14331,57,58,87,84,immature_wbc
14332,64,80,72,90,immature_wbc
14333,39,58,123,84,immature_wbc
14334,63,43,75,114,immature_wbc
14335,63,51,75,99,blast
14336,51,66,99,69,immature_wbc
14337,61,63,78,75,immature_wbc
14338,63,61,75,78,immature_wbc
14339,52,49,96,102,blast
14340,52,52,96,96,immature_wbc
14341,61,55,78,90,immature_wbc
14342,58,57,84,87,immature_wbc
14343,54,46,93,108,blast
14344,55,58,90,84,immature_wbc
14345,58,48,84,105,blast
14346,51,51,99,99,blast
14347,45,55,111,90,immature_wbc
14348,58,60,84,81,immature_wbc
14349,49,24,102,99,blast
14350,66,51,69,99,immature_wbc
14351,61,60,78,81,immature_wbc
14352,60,52,81,96,immature_wbc
14353,57,57,87,87,immature_wbc
14354,58,64,84,72,immature_wbc
14355,51,27,99,102,immature_wbc
14356,58,58,84,84,immature_wbc
14357,60,67,81,66,immature_wbc
14358,64,54,72,93,immature_wbc
14359,54,48,93,105,blast
14360,58,61,84,78,immature_wbc
14361,57,57,87,87,immature_wbc
14362,61,71,78,93,blast
14363,43,43,114,114,immature_wbc
14364,55,18,90,84,blast
14365,55,63,90,75,immature_wbc
14366,55,21,90,120,immature_wbc
14367,55,54,90,93,immature_wbc
14368,52,65,96,75,immature_wbc
14369,63,58,75,84,immature_wbc
14370,55,49,90,102,immature_wbc
14371,63,54,75,93,immature_wbc
14372,119,69,75,63,blast
14373,39,43,93,114,blast
14374,64,51,72,99,immature_wbc
14375,54,42,93,117,blast
14376,60,55,81,90,immature_wbc
14377,55,57,90,87,immature_wbc
14378,57,54,87,93,blast
14379,52,30,96,105,blast
14380,52,48,96,105,blast
14381,48,48,105,105,immature_wbc
14382,54,46,93,108,immature_wbc
14383,49,42,102,117,immature_wbc
14384,52,52,96,96,immature_wbc
14385,58,49,84,102,blast
14386,86,46,90,108,blast
14387,39,52,123,96,blast
14388,46,42,108,117,blast
14389,48,48,105,105,blast
14390,51,40,99,120,blast
14391,61,49,78,102,blast
14392,46,55,108,90,immature_wbc
14393,52,51,96,99,blast
14394,60,36,81,78,immature_wbc
14395,57,52,87,96,immature_wbc
14396,52,51,96,99,immature_wbc
14397,39,37,123,126,blast
14398,61,46,78,108,blast
14399,61,51,78,99,blast
14400,57,48,87,105,immature_wbc
14401,57,54,87,93,immature_wbc
14402,63,64,75,72,immature_wbc
14403,45,43,111,114,immature_wbc
14404,60,54,81,93,immature_wbc
14405,37,45,126,111,immature_wbc
14406,54,51,93,99,immature_wbc
14407,42,28,117,144,immature_wbc
14408,58,58,84,84,immature_wbc
14409,60,57,81,87,blast
14410,52,52,96,96,immature_wbc
14411,51,51,99,99,blast
14412,48,57,105,87,immature_wbc
14413,54,54,93,93,immature_wbc
14414,64,52,72,96,immature_wbc
14415,52,48,96,105,immature_wbc
14416,51,49,99,102,immature_wbc
14417,52,58,96,84,immature_wbc
14418,58,66,84,69,immature_wbc
14419,61,52,78,96,immature_wbc
14420,54,57,93,87,immature_wbc
14421,52,55,96,90,immature_wbc
14422,61,48,78,105,immature_wbc
14423,43,46,114,108,blast
14424,48,48,105,105,blast
14425,49,40,102,120,blast
14426,57,37,87,126,immature_wbc
14427,67,55,66,90,immature_wbc
14428,54,49,93,102,immature_wbc
14429,57,57,87,87,blast
14430,51,39,99,123,immature_wbc
14431,58,45,84,111,immature_wbc
14432,51,48,99,105,immature_wbc
14433,43,52,114,96,blast
14434,54,58,93,84,immature_wbc
14435,58,62,84,99,blast
14436,57,51,87,99,immature_wbc
14437,45,54,111,93,immature_wbc
14438,42,45,117,111,blast
14439,61,58,78,84,immature_wbc
14440,46,45,108,111,blast
14441,63,54,75,93,immature_wbc
14442,42,49,117,102,immature_wbc
14443,58,55,84,90,blast
14444,51,42,99,117,immature_wbc
14445,46,53,108,99,immature_wbc
14446,61,48,78,105,blast
14447,33,42,135,117,immature_wbc
14448,43,46,114,108,immature_wbc
14449,46,49,108,102,blast
14450,67,27,66,75,immature_wbc
14451,45,49,111,102,immature_wbc
14452,86,60,99,81,blast
14453,43,43,114,114,immature_wbc
14454,49,61,102,78,blast
14455,57,49,87,102,immature_wbc
14456,64,57,72,87,immature_wbc
14457,54,57,93,87,immature_wbc
14458,46,51,108,99,blast
14459,60,54,81,93,immature_wbc
14460,57,52,87,96,immature_wbc
14461,43,40,114,120,immature_wbc
14462,48,51,105,99,immature_wbc
14463,58,55,84,90,blast
14464,58,69,84,63,immature_wbc
14465,55,61,90,78,immature_wbc
14466,48,46,105,108,immature_wbc
14467,46,52,108,96,blast
14468,43,49,114,102,blast
14469,51,42,99,117,immature_wbc
14470,49,57,102,87,blast
14471,49,49,102,102,immature_wbc
14472,37,51,126,99,immature_wbc
14473,54,49,93,102,blast
14474,51,42,99,117,immature_wbc
14475,45,52,111,96,immature_wbc
14476,46,54,108,93,blast
14477,39,49,123,102,blast
14478,57,57,87,87,immature_wbc
14479,46,51,108,99,blast
14480,54,51,93,99,immature_wbc
14481,63,60,75,81,immature_wbc
14482,46,52,108,96,immature_wbc
14483,61,67,78,66,blast
14484,57,57,87,87,immature_wbc
14485,46,45,108,111,immature_wbc
14486,39,60,123,81,blast
14487,51,46,99,108,blast
14488,52,55,96,90,immature_wbc
14489,54,55,93,90,immature_wbc
14490,52,37,96,126,blast
14491,64,57,72,87,immature_wbc
14492,52,66,96,69,immature_wbc
14493,49,40,102,120,blast
14494,55,51,90,99,blast
14495,48,52,105,96,immature_wbc
14496,61,63,78,75,blast
14497,43,57,114,87,blast
14498,51,42,99,117,immature_wbc
14499,60,66,81,69,blast
14500,33,51,135,99,blast
14501,58,57,84,87,blast
14502,63,61,75,78,blast
14503,42,54,117,93,blast
14504,15,28,171,144,immature_wbc
14505,40,25,120,150,blast
14506,58,54,84,93,blast
14507,48,15,105,120,blast
14508,104,52,84,96,blast
14509,34,43,132,114,blast
14510,33,51,135,99,blast
14511,48,57,105,87,blast
14512,43,48,114,105,immature_wbc
14513,48,46,105,108,blast
14514,46,39,108,123,immature_wbc
14515,46,48,108,105,immature_wbc
14516,51,49,99,102,blast
14517,55,74,90,105,blast
14518,55,46,90,108,blast
14519,58,58,84,84,blast
14520,107,45,81,111,immature_wbc
14521,21,51,96,99,blast
14522,48,43,105,114,blast
14523,52,45,96,111,blast
14524,43,49,114,102,blast
14525,40,46,120,108,blast
14526,54,43,93,114,blast
14527,40,51,120,99,blast
14528,49,55,102,90,blast
14529,59,52,108,96,blast
14530,37,46,126,108,immature_wbc
14531,48,49,105,102,immature_wbc
14532,43,55,114,90,blast
14533,49,57,102,87,immature_wbc
14534,46,51,108,99,immature_wbc
14535,49,54,102,93,immature_wbc
14536,48,59,105,96,immature_wbc
14537,45,37,111,126,blast
14538,49,48,102,105,blast
14539,55,49,90,102,blast
14540,51,54,99,93,immature_wbc
14541,52,54,96,93,blast
14542,39,51,123,99,immature_wbc
14543,80,58,99,84,immature_wbc
14544,51,51,99,99,immature_wbc
14545,52,54,96,93,immature_wbc
14546,51,42,99,102,immature_wbc
14547,36,49,129,102,immature_wbc
14548,60,57,81,87,immature_wbc
14549,51,52,99,96,blast
14550,58,51,84,99,immature_wbc
14551,61,55,78,90,immature_wbc
14552,54,46,93,108,blast
14553,52,48,96,105,immature_wbc
14554,52,54,96,93,blast
14555,57,49,87,102,blast
14556,43,45,114,111,blast
14557,49,54,102,93,blast
14558,49,54,102,93,blast
14559,42,37,87,126,blast
14560,55,46,90,108,blast
14561,49,58,102,84,immature_wbc
14562,49,58,102,84,immature_wbc
14563,48,18,105,165,blast
14564,61,49,78,102,immature_wbc
14565,63,49,75,102,immature_wbc
14566,42,60,117,81,immature_wbc
14567,63,63,75,75,immature_wbc
14568,55,70,90,60,immature_wbc
14569,101,43,96,114,immature_wbc
14570,46,57,108,87,blast
14571,58,54,84,93,blast
14572,64,51,72,99,blast
14573,48,58,105,84,immature_wbc
14574,39,49,123,102,immature_wbc
14575,52,51,96,99,immature_wbc
14576,54,51,93,99,immature_wbc
14577,54,49,93,102,immature_wbc
14578,49,52,102,96,blast
14579,18,51,129,99,blast
14580,60,61,81,78,immature_wbc
14581,55,57,90,87,blast
14582,39,45,123,111,blast
14583,42,45,117,111,blast
14584,49,51,102,99,immature_wbc
14585,52,31,96,138,immature_wbc
14586,58,61,84,78,blast
14587,36,40,129,120,immature_wbc
14588,51,52,99,96,immature_wbc
14589,52,52,96,96,blast
14590,45,42,111,117,blast
14591,57,48,87,105,immature_wbc
14592,51,49,99,102,immature_wbc
14593,43,54,114,93,immature_wbc
14594,54,46,93,108,blast
14595,52,55,96,90,blast
14596,60,58,81,84,immature_wbc
14597,58,43,84,114,immature_wbc
14598,61,55,78,90,immature_wbc
14599,63,64,75,72,blast
14600,54,45,93,111,blast
14601,63,54,75,93,blast
14602,60,54,81,93,immature_wbc
14603,61,58,78,84,immature_wbc
14604,58,55,84,90,immature_wbc
14605,51,45,99,111,immature_wbc
14606,51,48,99,105,blast
14607,51,46,99,108,blast
14608,55,61,90,78,immature_wbc
14609,49,34,102,132,blast
14610,58,49,84,102,immature_wbc
14611,58,64,84,72,blast
14612,51,43,99,114,blast
14613,52,45,96,111,immature_wbc
14614,52,58,96,84,blast
14615,40,48,120,105,blast
14616,57,57,87,87,immature_wbc
14617,101,48,96,105,blast
14618,43,54,114,93,immature_wbc
14619,52,48,96,105,immature_wbc
14620,55,43,90,114,immature_wbc
14621,48,45,105,111,immature_wbc
14622,52,49,96,102,immature_wbc
14623,66,45,69,111,blast
14624,51,36,99,129,immature_wbc
14625,55,9,90,99,immature_wbc
14626,39,37,123,126,blast
14627,73,72,54,57,blast
14628,46,42,108,117,blast
14629,58,57,84,87,blast
14630,55,36,90,129,immature_wbc
14631,52,45,96,111,immature_wbc
14632,48,45,105,102,immature_wbc
14633,43,49,114,102,blast
14634,51,49,99,102,blast
14635,58,58,84,84,immature_wbc
14636,58,51,84,99,blast
14637,40,36,120,129,blast
14638,27,40,147,120,blast
14639,51,58,99,84,blast
14640,52,45,96,111,blast
14641,48,51,105,99,blast
14642,60,52,81,96,blast
14643,63,63,75,75,blast
14644,59,54,93,93,blast
14645,55,51,90,99,blast
14646,46,46,108,108,blast
14647,49,49,102,102,blast
14648,45,57,111,87,immature_wbc
14649,55,52,90,96,immature_wbc
14650,52,54,96,93,blast
14651,55,49,90,102,immature_wbc
14652,46,57,108,87,blast
14653,48,39,105,123,blast
14654,51,34,99,132,blast
14655,55,48,90,105,blast
14656,37,52,126,96,immature_wbc
14657,49,42,102,117,blast
14658,69,54,63,93,blast
14659,51,59,99,84,blast
14660,58,39,84,123,blast
14661,55,40,90,120,immature_wbc
14662,42,45,117,111,immature_wbc
14663,43,48,114,105,immature_wbc
14664,36,42,129,117,immature_wbc
14665,58,64,84,72,blast
14666,64,49,72,102,blast
14667,51,55,99,90,immature_wbc
14668,42,40,117,120,immature_wbc
14669,64,61,72,78,immature_wbc
14670,51,68,99,111,immature_wbc
14671,33,54,96,93,blast
14672,58,49,84,102,blast
14673,40,46,120,108,blast
14674,52,52,96,96,immature_wbc
14675,49,60,102,81,immature_wbc
14676,60,57,81,87,immature_wbc
14677,52,45,96,111,blast
14678,61,33,78,135,blast
14679,69,36,63,66,immature_wbc
14680,63,61,75,78,immature_wbc
14681,51,49,99,102,blast
14682,52,42,96,117,blast
14683,77,21,90,108,blast
14684,46,55,108,90,blast
14685,55,37,90,126,blast
14686,34,55,132,90,immature_wbc
14687,48,61,105,78,immature_wbc
14688,42,52,117,96,blast
14689,98,60,81,81,blast
14690,46,46,108,108,blast
14691,51,42,99,117,blast
14692,57,58,87,84,immature_wbc
14693,36,43,129,114,blast
14694,54,43,93,114,blast
14695,55,61,90,78,immature_wbc
14696,54,46,93,108,immature_wbc
14697,51,52,99,96,blast
14698,54,60,93,81,immature_wbc
14699,43,60,114,81,blast
14700,54,55,93,90,blast
14701,69,45,63,111,blast
14702,52,48,96,105,immature_wbc
14703,52,33,96,135,blast
14704,37,37,126,126,immature_wbc
14705,52,61,96,78,immature_wbc
14706,34,46,132,108,blast
14707,39,30,123,141,immature_wbc
14708,18,24,165,153,immature_wbc
14709,54,58,93,84,immature_wbc
14710,58,54,84,93,immature_wbc
14711,51,55,99,90,blast
14712,58,54,84,93,blast
14713,46,48,108,105,blast
14714,63,58,75,84,blast
14715,46,42,108,117,blast
14716,51,54,99,93,immature_wbc
14717,68,58,105,84,immature_wbc
14718,98,60,84,81,blast
14719,39,55,99,90,immature_wbc
14720,57,54,87,93,immature_wbc
14721,54,42,93,117,blast
14722,46,61,108,78,blast
14723,48,61,105,78,immature_wbc
14724,61,54,78,93,immature_wbc
14725,54,52,93,96,blast
14726,52,45,96,111,blast
14727,58,80,84,90,immature_wbc
14728,54,52,93,96,blast
14729,58,36,84,99,blast
14730,49,55,102,90,blast
14731,60,54,81,93,immature_wbc
14732,42,55,117,90,blast
14733,51,61,99,78,immature_wbc
14734,61,57,78,87,immature_wbc
14735,57,34,87,132,blast
14736,52,42,96,117,immature_wbc
14737,48,49,105,102,blast
14738,61,54,78,93,immature_wbc
14739,22,33,156,135,immature_wbc
14740,43,15,114,93,blast
14741,43,48,114,105,blast
14742,54,61,93,78,blast
14743,51,62,99,87,blast
14744,63,92,75,96,immature_wbc
14745,45,51,108,99,blast
14746,49,51,102,99,blast
14747,33,40,135,120,blast
14748,55,12,90,99,blast
14749,51,42,99,117,blast
14750,39,46,93,108,blast
14751,64,54,72,93,blast
14752,45,46,111,108,blast
14753,51,46,99,108,blast
14754,52,49,96,102,blast
14755,55,55,90,90,blast
14756,42,42,117,117,immature_wbc
14757,68,51,72,99,immature_wbc
14758,71,63,105,75,immature_wbc
14759,60,46,81,108,immature_wbc
14760,51,46,99,108,immature_wbc
14761,55,92,90,81,blast
14762,48,58,105,84,blast
14763,60,58,81,84,immature_wbc
14764,48,60,105,81,blast
14765,60,57,81,87,immature_wbc
14766,63,52,75,96,immature_wbc
14767,51,57,99,87,blast
14768,52,55,96,90,immature_wbc
14769,49,58,102,84,immature_wbc
14770,57,48,87,105,abnormal_lymphocyte
14771,52,63,96,75,immature_wbc
14772,49,54,102,93,immature_wbc
14773,54,58,93,84,immature_wbc
14774,86,45,105,111,blast
14775,48,52,105,96,immature_wbc
14776,57,43,87,114,immature_wbc
14777,52,52,96,96,blast
14778,51,55,99,90,blast
14779,49,40,102,120,blast
14780,42,51,117,99,blast
14781,52,52,96,96,immature_wbc
14782,49,62,102,123,immature_wbc
14783,55,49,90,102,blast
14784,52,33,96,135,blast
14785,57,49,87,102,blast
14786,45,43,111,114,blast
14787,49,54,102,93,blast
14788,61,52,78,96,immature_wbc
14789,51,49,99,102,blast
14790,39,77,123,93,blast
14791,45,40,111,120,blast
14792,51,62,99,99,blast
14793,46,54,108,93,immature_wbc
14794,45,24,111,108,blast
14795,54,49,93,102,immature_wbc
14796,55,36,90,129,blast
14797,57,54,87,93,immature_wbc
14798,52,60,96,81,immature_wbc
14799,58,55,84,90,blast
14800,64,55,72,90,blast
14801,61,52,78,96,immature_wbc
14802,58,40,84,120,immature_wbc
14803,37,46,126,108,blast
14804,61,60,78,81,blast
14805,46,43,108,114,blast
14806,66,61,69,78,immature_wbc
14807,77,92,99,102,blast
14808,43,89,114,105,immature_wbc
14809,52,49,96,102,immature_wbc
14810,63,58,75,84,immature_wbc
14811,58,43,84,114,blast
14812,52,52,96,96,immature_wbc
14813,54,58,93,84,immature_wbc
14814,46,51,108,99,immature_wbc
14815,57,55,87,90,immature_wbc
14816,31,42,138,117,blast
14817,61,55,78,90,immature_wbc
14818,49,61,102,78,immature_wbc
14819,58,58,84,84,immature_wbc
14820,52,55,96,90,immature_wbc
14821,60,48,81,105,immature_wbc
14822,52,48,96,105,immature_wbc
14823,64,46,72,108,immature_wbc
14824,49,52,102,96,immature_wbc
14825,54,48,93,105,blast
14826,43,37,114,126,blast
14827,89,57,90,87,immature_wbc
14828,43,48,114,105,immature_wbc
14829,57,43,87,114,immature_wbc
14830,64,57,72,87,immature_wbc
14831,55,46,90,108,immature_wbc
14832,57,49,87,102,blast
14833,51,48,99,105,immature_wbc
14834,51,42,99,117,blast
14835,43,54,114,93,immature_wbc
14836,67,71,66,93,immature_wbc
14837,45,52,111,96,immature_wbc
14838,45,46,111,108,immature_wbc
14839,39,51,123,99,immature_wbc
14840,48,58,105,84,immature_wbc
14841,51,61,99,78,immature_wbc
14842,52,45,96,111,blast
14843,51,52,99,96,immature_wbc
14844,54,57,93,87,blast
14845,55,3,90,90,immature_wbc
14846,51,61,99,78,immature_wbc
14847,57,46,87,108,immature_wbc
14848,28,48,144,105,immature_wbc
14849,60,54,81,93,immature_wbc
14850,61,70,78,60,immature_wbc
14851,51,57,99,87,immature_wbc
14852,42,54,117,93,immature_wbc
14853,24,51,153,99,immature_wbc
14854,57,58,87,84,immature_wbc
14855,49,57,102,87,immature_wbc
14856,60,52,81,96,immature_wbc
14857,48,49,105,102,immature_wbc
14858,40,46,120,108,immature_wbc
14859,49,36,102,129,immature_wbc
14860,61,57,78,87,immature_wbc
14861,60,48,81,105,immature_wbc
14862,42,52,117,96,immature_wbc
14863,48,46,105,108,immature_wbc
14864,46,42,108,93,immature_wbc
14865,58,46,84,108,immature_wbc
14866,49,40,102,120,blast
14867,43,36,114,129,immature_wbc
14868,45,22,111,156,immature_wbc
14869,43,51,114,99,immature_wbc
14870,48,57,105,87,immature_wbc
14871,18,46,165,108,immature_wbc
14872,60,73,81,54,immature_wbc
14873,48,58,105,84,immature_wbc
14874,43,37,114,126,blast
14875,55,52,90,96,immature_wbc
14876,67,36,66,129,immature_wbc
14877,48,57,105,87,immature_wbc
14878,52,57,96,87,immature_wbc
14879,43,55,114,90,immature_wbc
14880,51,48,99,105,blast
14881,54,71,93,90,immature_wbc
14882,49,49,102,102,blast
14883,49,45,102,87,immature_wbc
14884,48,54,105,93,immature_wbc
14885,51,61,99,78,immature_wbc
14886,54,55,93,90,immature_wbc
14887,54,58,93,84,immature_wbc
14888,52,46,96,108,immature_wbc
14889,51,57,99,87,immature_wbc
14890,36,51,129,99,blast
14891,64,55,72,90,immature_wbc
14892,66,54,69,93,immature_wbc
14893,46,46,108,108,blast
14894,54,49,93,102,immature_wbc
14895,55,52,90,96,blast
14896,54,52,93,96,immature_wbc
14897,51,45,99,111,immature_wbc
14898,54,24,93,87,immature_wbc
14899,31,54,138,93,immature_wbc
14900,52,61,96,78,immature_wbc
14901,57,57,87,87,blast
14902,61,51,78,99,immature_wbc
14903,49,52,102,96,blast
14904,43,49,114,102,blast
14905,15,43,99,114,blast
14906,22,42,156,117,blast
14907,54,61,93,78,immature_wbc
14908,54,18,93,81,immature_wbc
14909,60,31,81,138,immature_wbc
14910,58,55,84,90,immature_wbc
14911,54,61,93,78,immature_wbc
14912,52,52,96,96,immature_wbc
14913,52,57,96,87,immature_wbc
14914,54,48,93,105,immature_wbc
14915,48,54,105,93,immature_wbc
14916,34,54,132,93,immature_wbc
14917,49,54,102,93,immature_wbc
14918,36,40,129,120,blast
14919,49,55,102,90,blast
14920,45,86,111,93,blast
14921,15,52,84,96,immature_wbc
14922,43,49,114,102,immature_wbc
14923,52,54,96,93,immature_wbc
14924,37,40,126,120,blast
14925,63,52,75,96,immature_wbc
14926,43,46,114,108,immature_wbc
14927,51,51,99,99,blast
14928,57,45,87,111,immature_wbc
14929,55,46,90,108,blast
14930,51,54,99,93,immature_wbc
14931,64,72,72,57,immature_wbc
14932,40,46,120,108,immature_wbc
14933,55,49,90,102,blast
14934,33,42,117,117,blast
14935,39,92,123,90,immature_wbc
14936,60,52,81,96,blast
14937,57,43,87,114,immature_wbc
14938,55,37,90,126,immature_wbc
14939,48,52,105,96,immature_wbc
14940,60,57,81,87,immature_wbc
14941,49,51,102,99,immature_wbc
14942,57,49,87,102,blast
14943,48,54,105,93,blast
14944,64,69,72,63,immature_wbc
14945,54,48,93,105,blast
14946,49,43,102,114,immature_wbc
14947,60,48,81,105,immature_wbc
14948,52,52,96,96,immature_wbc
14949,51,51,99,99,immature_wbc
14950,48,57,105,87,immature_wbc
14951,55,49,90,102,immature_wbc
14952,45,52,111,96,immature_wbc
14953,52,51,96,99,blast
14954,49,49,102,102,immature_wbc
14955,51,52,99,96,immature_wbc
14956,48,51,105,99,blast
14957,58,46,84,108,immature_wbc
14958,45,51,111,99,immature_wbc
14959,55,52,90,96,immature_wbc
14960,61,60,78,81,immature_wbc
14961,42,52,105,96,immature_wbc
14962,52,52,96,96,immature_wbc
14963,49,60,102,81,blast
14964,55,55,90,90,immature_wbc
14965,58,49,84,102,immature_wbc
14966,45,40,111,120,immature_wbc
14967,49,46,102,108,immature_wbc
14968,55,48,90,105,blast
14969,55,57,90,87,blast
14970,58,61,84,78,immature_wbc
14971,48,42,105,117,immature_wbc
14972,60,54,81,93,immature_wbc
14973,54,45,93,111,blast
14974,58,49,84,102,immature_wbc
14975,51,46,99,108,immature_wbc
14976,58,51,84,99,immature_wbc
14977,60,40,81,120,immature_wbc
14978,60,45,81,111,immature_wbc
14979,66,54,69,93,immature_wbc
14980,66,51,69,99,immature_wbc
14981,45,55,111,90,immature_wbc
14982,54,57,93,87,immature_wbc
14983,58,58,84,84,immature_wbc
14984,42,34,117,132,immature_wbc
14985,57,52,87,96,immature_wbc
14986,45,54,111,93,blast
14987,71,54,99,93,immature_wbc
14988,3,57,90,87,immature_wbc
14989,63,37,75,126,immature_wbc
14990,49,58,102,84,blast
14991,45,51,111,99,blast
14992,55,43,90,114,immature_wbc
14993,51,46,99,108,immature_wbc
14994,37,34,126,132,blast
14995,55,52,90,96,blast
14996,49,48,102,105,blast
14997,48,42,105,117,immature_wbc
14998,57,52,87,96,immature_wbc
14999,55,55,90,90,immature_wbc
15000,54,51,93,99,immature_wbc
15001,57,63,87,75,immature_wbc
15002,104,49,90,102,immature_wbc
15003,57,33,87,90,immature_wbc
15004,51,51,99,99,blast
15005,39,43,123,114,blast
15006,60,51,81,99,immature_wbc
15007,45,42,111,117,blast
15008,52,61,96,78,immature_wbc
15009,55,45,90,111,blast
15010,42,40,117,120,blast
15011,58,55,84,90,immature_wbc
15012,58,39,84,123,immature_wbc
15013,57,51,87,99,blast
15014,57,52,87,96,immature_wbc
15015,49,48,102,105,immature_wbc
15016,58,34,84,132,immature_wbc
15017,49,52,102,96,blast
15018,34,49,132,102,blast
15019,86,59,105,96,immature_wbc
15020,15,52,99,96,immature_wbc
15021,60,37,81,126,immature_wbc
15022,55,49,90,102,immature_wbc
15023,45,51,111,99,immature_wbc
15024,57,51,87,99,immature_wbc
15025,46,52,108,96,immature_wbc
15026,45,51,111,99,immature_wbc
15027,54,49,93,102,immature_wbc
15028,51,54,99,93,immature_wbc
15029,48,52,105,96,blast
15030,52,60,96,81,immature_wbc
15031,54,74,93,87,immature_wbc
15032,54,45,93,111,blast
15033,51,54,99,93,immature_wbc
15034,64,61,72,78,immature_wbc
15035,46,51,108,99,immature_wbc
15036,69,72,63,57,immature_wbc
15037,54,43,93,114,immature_wbc
15038,39,28,123,144,immature_wbc
15039,43,54,114,93,immature_wbc
15040,52,52,96,96,immature_wbc
15041,51,33,99,135,immature_wbc
15042,63,48,75,105,immature_wbc
15043,54,49,93,102,blast
15044,57,55,87,90,immature_wbc
15045,52,52,96,96,immature_wbc
15046,52,45,96,111,immature_wbc
15047,49,48,102,105,blast
15048,42,54,117,93,immature_wbc
15049,46,48,108,105,blast
15050,48,46,105,108,immature_wbc
15051,55,24,90,105,immature_wbc
15052,51,49,99,102,immature_wbc
15053,58,46,84,108,immature_wbc
15054,45,45,111,111,immature_wbc
15055,51,40,99,120,immature_wbc
15056,61,43,78,114,immature_wbc
15057,51,48,99,105,immature_wbc
15058,49,46,102,108,immature_wbc
15059,57,42,87,117,immature_wbc
15060,43,57,114,87,immature_wbc
15061,46,33,108,99,immature_wbc
15062,46,46,108,108,immature_wbc
15063,37,55,126,90,immature_wbc
15064,46,54,108,93,immature_wbc
15065,52,54,96,93,immature_wbc
15066,6,52,123,96,immature_wbc
15067,12,57,78,87,immature_wbc
15068,49,61,102,78,immature_wbc
15069,39,46,123,108,immature_wbc
15070,48,51,105,99,immature_wbc
15071,54,37,93,126,immature_wbc
15072,51,24,99,114,blast
15073,54,51,93,99,immature_wbc
15074,58,61,84,78,immature_wbc
15075,45,83,111,108,blast
15076,46,19,108,162,immature_wbc
15077,57,54,87,93,immature_wbc
15078,58,42,84,117,immature_wbc
15079,40,37,120,126,immature_wbc
15080,48,54,105,93,immature_wbc
15081,48,51,105,99,blast
15082,60,46,81,108,immature_wbc
15083,55,34,90,132,immature_wbc
15084,43,52,114,96,immature_wbc
15085,57,54,87,93,blast
15086,52,58,96,84,blast
15087,57,74,87,117,immature_wbc
15088,54,51,93,99,immature_wbc
15089,43,40,114,120,blast
15090,37,58,126,84,immature_wbc
15091,51,3,99,105,immature_wbc
15092,48,52,105,96,immature_wbc
15093,54,57,93,87,blast
15094,42,39,117,123,blast
15095,49,49,102,102,blast
15096,45,34,111,132,blast
15097,52,39,96,123,blast
15098,64,61,72,78,immature_wbc
15099,54,55,93,90,immature_wbc
15100,36,54,129,93,blast
15101,36,43,129,114,blast
15102,48,48,105,105,immature_wbc
15103,51,52,99,96,immature_wbc
15104,52,48,96,90,blast
15105,45,45,111,111,immature_wbc
15106,40,34,120,132,blast
15107,61,63,78,75,immature_wbc
15108,51,37,99,126,blast
15109,48,46,105,108,blast
15110,51,53,99,105,immature_wbc
15111,49,45,102,111,blast
15112,42,43,117,114,blast
15113,43,52,114,96,blast
15114,55,55,90,90,immature_wbc
15115,54,43,93,114,immature_wbc
15116,54,54,93,93,immature_wbc
15117,48,54,105,93,blast
15118,71,48,87,105,immature_wbc
15119,54,56,93,102,blast
15120,52,49,96,102,blast
15121,57,49,87,102,blast
15122,51,33,99,135,blast
15123,49,49,102,102,blast
15124,49,45,102,111,blast
15125,49,46,102,108,blast
15126,49,42,102,117,blast
15127,34,52,132,96,blast
15128,49,43,102,114,blast
15129,54,51,93,99,blast
15130,57,80,87,90,immature_wbc
15131,45,52,111,96,blast
15132,58,65,84,84,immature_wbc
15133,40,36,120,129,immature_wbc
15134,57,54,87,93,immature_wbc
15135,49,52,102,96,immature_wbc
15136,54,44,93,114,blast
15137,54,42,93,117,blast
15138,43,57,114,87,immature_wbc
15139,52,51,96,99,immature_wbc
15140,49,43,102,114,immature_wbc
15141,46,6,108,120,immature_wbc
15142,46,42,108,117,immature_wbc
15143,52,34,96,132,immature_wbc
15144,48,45,105,111,blast
15145,42,33,117,135,immature_wbc
15146,58,49,84,102,immature_wbc
15147,60,36,81,129,immature_wbc
15148,45,37,111,126,immature_wbc
15149,42,60,117,81,blast
15150,52,49,96,102,immature_wbc
15151,49,39,102,123,blast
15152,55,49,90,102,immature_wbc
15153,52,54,96,93,immature_wbc
15154,61,45,78,111,immature_wbc
15155,63,55,75,90,immature_wbc
15156,58,54,84,93,blast
15157,40,46,120,108,immature_wbc
15158,55,57,90,87,immature_wbc
15159,57,48,87,105,blast
15160,52,58,96,84,immature_wbc
15161,60,48,81,105,immature_wbc
15162,54,57,93,87,blast
15163,40,57,120,87,blast
15164,54,45,93,111,blast
15165,64,67,72,66,immature_wbc
15166,67,61,66,78,immature_wbc
15167,58,49,84,102,immature_wbc
15168,52,36,96,129,immature_wbc
15169,58,52,84,96,blast
15170,36,51,129,99,immature_wbc
15171,54,24,93,105,immature_wbc
15172,55,52,90,96,immature_wbc
15173,60,51,81,99,immature_wbc
15174,67,51,66,99,immature_wbc
15175,40,21,120,159,blast
15176,49,40,102,120,immature_wbc
15177,9,63,93,75,immature_wbc
15178,55,52,90,96,blast
15179,49,54,102,93,immature_wbc
15180,51,55,99,90,blast
15181,49,46,102,108,blast
15182,45,52,111,96,blast
15183,55,92,90,96,blast
15184,58,42,84,117,blast
15185,55,49,90,102,blast
15186,48,48,105,105,blast
15187,37,48,126,105,blast
15188,52,55,96,90,blast
15189,39,46,117,108,immature_wbc
15190,52,58,96,84,blast
15191,52,51,96,99,immature_wbc
15192,51,37,99,126,blast
15193,45,48,111,99,blast
15194,60,51,81,99,blast
15195,58,52,84,96,immature_wbc
15196,66,43,69,114,blast
15197,58,57,84,87,immature_wbc
15198,42,37,117,126,blast
15199,51,52,99,96,blast
15200,54,52,93,96,immature_wbc
15201,42,57,117,87,blast
15202,49,48,102,105,blast
15203,57,39,87,123,blast
15204,51,46,99,108,blast
15205,61,54,78,93,immature_wbc
15206,63,48,75,105,immature_wbc
15207,52,42,96,117,blast
15208,60,55,81,90,immature_wbc
15209,55,55,90,90,blast
15210,48,36,105,129,immature_wbc
15211,37,24,126,153,immature_wbc
15212,45,60,111,81,blast
15213,43,46,114,108,blast
15214,107,54,78,93,immature_wbc
15215,3,31,99,138,blast
15216,51,52,99,96,blast
15217,55,52,90,96,immature_wbc
15218,54,49,93,102,immature_wbc
15219,54,57,93,87,immature_wbc
15220,58,31,84,138,blast
15221,70,54,60,93,immature_wbc
15222,60,61,81,78,immature_wbc
15223,55,52,90,96,immature_wbc
15224,55,54,90,93,blast
15225,58,48,84,105,blast
15226,55,52,90,96,blast
15227,36,45,129,111,blast
15228,39,49,123,102,blast
15229,55,55,90,90,immature_wbc
15230,57,48,87,105,immature_wbc
15231,57,43,87,114,blast
15232,46,46,108,108,immature_wbc
15233,42,92,117,96,immature_wbc
15234,48,48,105,105,blast
15235,58,51,84,99,blast
15236,61,45,78,111,blast
15237,54,59,93,90,blast
15238,75,66,51,69,blast
15239,63,60,75,81,immature_wbc
15240,69,61,63,78,immature_wbc
15241,57,70,87,60,blast
15242,69,83,63,66,immature_wbc
15243,73,52,54,96,blast
15244,73,52,54,96,blast
15245,58,67,84,66,immature_wbc
15246,63,61,75,78,immature_wbc
15247,92,51,84,99,immature_wbc
15248,54,51,93,99,blast
15249,51,54,99,93,blast
15250,58,57,84,87,blast
15251,54,59,93,108,blast
15252,67,42,66,105,blast
15253,48,61,105,78,blast
15254,64,77,72,96,immature_wbc
15255,60,45,81,102,blast
15256,54,48,93,105,blast
15257,48,49,105,102,blast
15258,45,52,111,96,blast
15259,57,52,87,96,blast
15260,54,6,93,87,blast
15261,48,57,105,87,blast
15262,52,48,96,105,blast
15263,75,61,51,78,immature_wbc
15264,45,58,111,84,blast
15265,57,57,87,87,blast
15266,42,42,117,108,immature_wbc
15267,69,58,63,84,blast
15268,45,54,111,93,blast
15269,55,51,90,99,immature_wbc
15270,61,63,78,75,immature_wbc
15271,51,54,99,93,immature_wbc
15272,54,57,93,87,blast
15273,66,63,69,75,immature_wbc
15274,58,58,84,84,immature_wbc
15275,57,27,87,147,immature_wbc
15276,51,49,99,102,blast
15277,42,51,117,99,blast
15278,57,61,87,78,immature_wbc
15279,61,58,78,84,immature_wbc
15280,57,45,87,111,blast
15281,46,45,108,111,blast
15282,36,40,129,120,blast
15283,49,49,102,102,blast
15284,54,55,93,90,blast
15285,52,48,96,105,blast
15286,46,49,108,102,blast
15287,48,37,105,126,blast
15288,52,48,96,105,blast
15289,54,49,93,102,blast
15290,66,57,69,87,blast
15291,57,49,87,102,blast
15292,51,40,99,120,blast
15293,98,49,96,102,immature_wbc
15294,49,46,102,108,immature_wbc
15295,54,51,93,99,blast
15296,60,55,81,90,immature_wbc
15297,55,54,90,93,immature_wbc
15298,36,27,129,147,blast
15299,46,37,108,126,blast
15300,63,49,75,102,immature_wbc
15301,60,48,81,105,immature_wbc
15302,58,46,84,108,immature_wbc
15303,42,49,117,102,blast
15304,54,48,93,105,blast
15305,58,45,84,111,blast
15306,54,46,93,108,blast
15307,57,45,87,111,blast
15308,49,42,102,117,immature_wbc
15309,58,49,84,102,blast
15310,55,49,90,102,blast
15311,55,51,90,99,immature_wbc
15312,55,46,90,108,blast
15313,27,48,87,105,blast
15314,42,55,78,90,immature_wbc
15315,51,104,99,90,immature_wbc
15316,37,45,126,111,blast
15317,37,52,126,96,immature_wbc
15318,36,13,129,174,blast
15319,66,63,69,75,immature_wbc
15320,51,43,99,114,blast
15321,52,52,96,96,blast
15322,51,57,99,87,blast
15323,52,48,96,105,blast
15324,37,49,126,102,blast
15325,52,45,96,111,blast
15326,18,19,117,162,immature_wbc
15327,46,55,108,90,immature_wbc
15328,46,58,108,84,immature_wbc
15329,46,49,108,102,blast
15330,51,49,99,102,immature_wbc
15331,27,46,147,108,blast
15332,49,60,102,81,blast
15333,45,43,111,114,blast
15334,92,42,90,117,blast
15335,54,57,93,87,blast
15336,37,42,126,117,blast
15337,51,37,99,126,immature_wbc
15338,45,48,111,105,blast
15339,51,48,99,105,blast
15340,34,45,132,111,blast
15341,43,51,114,99,blast
15342,25,25,150,150,immature_wbc
15343,45,46,111,108,blast
15344,54,46,93,108,immature_wbc
15345,43,19,114,162,immature_wbc
15346,58,49,84,102,blast
15347,36,33,129,135,blast
15348,48,45,105,111,blast
15349,46,46,108,108,immature_wbc
15350,57,52,87,96,blast
15351,43,43,114,114,immature_wbc
15352,46,45,108,111,blast
15353,49,55,102,90,immature_wbc
15354,39,48,123,105,blast
15355,39,104,123,84,blast
15356,28,49,144,102,blast
15357,37,48,126,105,blast
15358,57,51,87,99,immature_wbc
15359,55,55,90,90,immature_wbc
15360,64,55,72,90,immature_wbc
15361,54,61,93,78,immature_wbc
15362,61,58,78,84,immature_wbc
15363,52,40,96,120,immature_wbc
15364,63,49,75,102,blast
15365,45,71,111,114,immature_wbc
15366,51,46,99,108,blast
15367,55,52,90,96,blast
15368,60,18,81,105,blast
15369,60,49,81,102,immature_wbc
15370,46,46,108,108,blast
15371,52,57,96,87,immature_wbc
15372,55,46,90,108,blast
15373,58,60,84,81,immature_wbc
15374,55,52,90,96,blast
15375,42,37,117,126,immature_wbc
15376,22,45,156,111,immature_wbc
15377,51,36,99,90,immature_wbc
15378,43,54,114,93,blast
15379,61,48,78,105,immature_wbc
15380,40,36,120,129,blast
15381,15,51,114,99,immature_wbc
15382,21,46,90,108,blast
15383,54,54,93,93,blast
15384,69,69,63,63,immature_wbc
15385,31,42,138,117,blast
15386,48,45,105,111,blast
15387,34,57,132,87,blast
15388,49,48,102,105,blast
15389,57,55,87,90,immature_wbc
15390,15,49,171,102,immature_wbc
15391,58,37,84,126,immature_wbc
15392,54,64,93,72,immature_wbc
15393,63,70,75,60,immature_wbc
15394,52,43,96,114,blast
15395,45,46,111,108,immature_wbc
15396,45,49,111,102,immature_wbc
15397,49,49,102,102,blast
15398,45,42,111,117,immature_wbc
15399,43,51,114,99,blast
15400,46,37,108,126,blast
15401,52,49,96,102,blast
15402,58,45,84,111,blast
15403,55,53,90,144,blast
15404,43,45,114,111,blast
15405,60,43,81,114,immature_wbc
15406,58,45,84,111,immature_wbc
15407,49,43,102,114,blast
15408,54,48,93,105,blast
15409,51,49,99,102,blast
15410,54,52,93,96,immature_wbc
15411,61,46,78,108,immature_wbc
15412,57,46,87,108,immature_wbc
15413,49,45,102,111,blast
15414,55,48,90,105,immature_wbc
15415,46,36,108,129,blast
15416,57,48,87,105,blast
15417,54,40,93,120,blast
15418,58,48,84,105,immature_wbc
15419,58,52,84,96,immature_wbc
15420,51,57,99,87,immature_wbc
15421,39,21,123,159,immature_wbc
15422,55,58,90,84,immature_wbc
15423,33,73,69,54,immature_wbc
15424,46,56,108,93,immature_wbc
15425,58,46,84,108,blast
15426,49,6,102,90,blast
15427,45,40,111,120,blast
15428,51,46,99,108,blast
15429,57,51,87,99,blast
15430,45,49,111,102,blast
15431,49,46,102,108,blast
15432,58,46,84,108,immature_wbc
15433,63,48,75,105,blast
15434,63,57,75,87,immature_wbc
15435,64,58,72,84,immature_wbc
15436,43,25,114,150,immature_wbc
15437,45,56,111,96,blast
15438,61,57,78,87,immature_wbc
15439,43,60,114,81,immature_wbc
15440,58,48,84,105,immature_wbc
15441,64,51,72,87,immature_wbc
15442,55,48,90,105,blast
15443,45,45,111,111,immature_wbc
15444,60,46,81,108,immature_wbc
15445,43,49,114,102,blast
15446,49,27,102,105,immature_wbc
15447,49,54,102,93,blast
15448,37,37,126,126,blast
15449,45,27,111,147,immature_wbc
15450,57,40,87,120,immature_wbc
15451,51,60,99,81,immature_wbc
15452,51,67,99,66,immature_wbc
15453,55,49,90,102,immature_wbc
15454,58,55,84,90,immature_wbc
15455,63,63,75,75,immature_wbc
15456,67,49,66,102,immature_wbc
15457,45,54,111,93,blast
15458,63,60,75,81,immature_wbc
15459,45,43,111,114,blast
15460,52,49,96,102,blast
15461,61,45,78,111,immature_wbc
15462,49,48,102,105,blast
15463,48,43,105,114,immature_wbc
15464,60,55,81,90,immature_wbc
15465,45,39,111,123,blast
15466,51,43,99,114,blast
15467,63,51,75,99,blast
15468,49,48,102,105,blast
15469,55,52,90,96,blast
15470,54,48,93,105,blast
15471,60,52,81,96,blast
15472,46,42,108,117,immature_wbc
15473,52,45,96,111,blast
15474,58,51,84,99,immature_wbc
15475,58,55,84,90,blast
15476,66,60,69,81,immature_wbc
15477,58,60,84,81,immature_wbc
15478,55,48,90,105,immature_wbc
15479,49,51,102,99,immature_wbc
15480,54,49,93,102,immature_wbc
15481,45,57,111,87,immature_wbc
15482,51,43,99,114,immature_wbc
15483,51,66,99,69,immature_wbc
15484,46,51,108,99,immature_wbc
15485,52,37,96,126,blast
15486,64,55,72,90,immature_wbc
15487,61,52,78,96,immature_wbc
15488,52,61,96,78,immature_wbc
15489,48,50,105,102,blast
15490,55,54,90,93,immature_wbc
15491,40,39,120,123,blast
15492,66,46,69,108,immature_wbc
15493,60,45,81,111,immature_wbc
15494,60,54,81,93,immature_wbc
15495,55,63,90,75,immature_wbc
15496,61,55,78,90,immature_wbc
15497,60,54,81,93,immature_wbc
15498,61,63,78,75,immature_wbc
15499,67,58,66,84,immature_wbc
15500,50,58,108,84,immature_wbc
15501,146,9,51,66,immature_wbc
15502,48,60,105,81,blast
15503,45,48,111,105,blast
15504,54,57,93,87,immature_wbc
15505,55,48,90,105,immature_wbc
15506,58,48,84,105,immature_wbc
15507,58,55,84,90,immature_wbc
15508,51,55,99,90,immature_wbc
15509,52,54,96,93,immature_wbc
15510,63,60,75,81,immature_wbc
15511,48,46,105,108,immature_wbc
15512,45,49,111,102,immature_wbc
15513,51,54,99,93,immature_wbc
15514,43,40,114,120,blast
15515,57,55,87,90,immature_wbc
15516,49,58,102,84,immature_wbc
15517,49,49,102,102,immature_wbc
15518,49,51,102,99,immature_wbc
15519,58,46,84,108,immature_wbc
15520,48,45,105,111,blast
15521,52,49,96,102,blast
15522,43,54,114,93,blast
15523,54,59,93,93,immature_wbc
15524,51,52,99,96,immature_wbc
15525,54,54,93,93,immature_wbc
15526,51,49,99,102,blast
15527,34,52,132,96,immature_wbc
15528,48,46,105,108,blast
15529,51,42,99,117,blast
15530,54,45,93,111,immature_wbc
15531,80,42,96,117,blast
15532,54,46,93,108,immature_wbc
15533,52,12,96,117,immature_wbc
15534,55,46,90,108,blast
15535,46,46,108,108,immature_wbc
15536,49,46,102,108,blast
15537,48,42,105,117,immature_wbc
15538,54,55,93,90,immature_wbc
15539,43,43,114,114,blast
15540,49,63,102,75,immature_wbc
15541,61,52,78,96,immature_wbc
15542,52,61,96,78,immature_wbc
15543,51,46,99,108,blast
15544,52,60,96,81,immature_wbc
15545,51,51,99,99,immature_wbc
15546,55,52,90,96,immature_wbc
15547,61,55,78,90,immature_wbc
15548,58,46,84,108,immature_wbc
15549,51,48,99,105,blast
15550,62,51,84,99,immature_wbc
15551,33,46,123,108,immature_wbc
15552,54,55,93,90,blast
15553,54,57,93,87,immature_wbc
15554,58,63,84,75,immature_wbc
15555,49,101,102,96,blast
15556,55,57,90,87,blast
15557,46,66,108,69,immature_wbc
15558,66,48,69,105,immature_wbc
15559,55,49,90,102,immature_wbc
15560,48,51,105,99,immature_wbc
15561,55,46,90,108,blast
15562,52,51,96,99,immature_wbc
15563,60,63,81,75,immature_wbc
15564,60,57,81,87,immature_wbc
15565,64,63,72,75,immature_wbc
15566,52,51,96,99,immature_wbc
15567,52,57,96,87,immature_wbc
15568,54,45,93,111,immature_wbc
15569,52,48,96,105,blast
15570,60,43,81,114,immature_wbc
15571,54,39,93,123,immature_wbc
15572,58,67,84,66,immature_wbc
15573,52,55,96,90,immature_wbc
15574,43,54,114,93,immature_wbc
15575,48,46,105,108,immature_wbc
15576,12,60,111,81,immature_wbc
15577,52,51,96,99,blast
15578,51,44,99,117,immature_wbc
15579,51,45,99,111,immature_wbc
15580,55,39,90,123,immature_wbc
15581,49,49,102,102,immature_wbc
15582,40,43,120,114,immature_wbc
15583,58,51,84,99,immature_wbc
15584,46,51,108,99,immature_wbc
15585,57,48,87,105,immature_wbc
15586,55,46,90,108,blast
15587,51,52,99,96,immature_wbc
15588,52,71,96,84,immature_wbc
15589,60,45,81,111,blast
15590,43,42,114,117,immature_wbc
15591,55,51,90,99,blast
15592,64,49,72,102,immature_wbc
15593,49,45,102,111,immature_wbc
15594,57,54,87,93,immature_wbc
15595,49,39,102,123,immature_wbc
15596,58,54,84,93,blast
15597,61,52,78,96,immature_wbc
15598,48,51,105,99,immature_wbc
15599,58,67,84,66,immature_wbc
15600,39,48,123,105,blast
15601,57,60,87,81,immature_wbc
15602,40,43,120,114,blast
15603,51,45,99,111,immature_wbc
15604,52,58,96,84,blast
15605,60,49,81,102,blast
15606,43,34,114,132,blast
15607,33,27,135,147,blast
15608,49,48,102,105,immature_wbc
15609,45,49,111,102,blast
15610,43,36,114,129,blast
15611,56,52,93,96,blast
15612,48,65,105,87,immature_wbc
15613,49,46,102,108,blast
15614,48,49,105,102,blast
15615,48,63,105,75,immature_wbc
15616,48,61,105,78,blast
15617,40,46,120,108,blast
15618,39,46,123,108,immature_wbc
15619,63,43,75,114,immature_wbc
15620,63,36,75,129,immature_wbc
15621,45,42,111,117,immature_wbc
15622,52,49,96,102,immature_wbc
15623,39,51,123,99,blast
15624,45,43,111,114,immature_wbc
15625,54,48,93,105,immature_wbc
15626,51,33,99,135,blast
15627,51,46,99,108,immature_wbc
15628,51,51,99,99,immature_wbc
15629,54,45,93,111,immature_wbc
15630,52,42,96,117,immature_wbc
15631,55,57,90,87,immature_wbc
15632,61,57,78,87,blast
15633,54,89,93,99,immature_wbc
15634,37,46,126,108,blast
15635,63,78,75,45,immature_wbc
15636,55,66,90,69,blast
15637,55,54,90,93,immature_wbc
15638,52,54,96,93,immature_wbc
15639,45,54,111,93,blast
15640,46,40,108,120,immature_wbc
15641,64,55,72,90,immature_wbc
15642,39,51,123,99,immature_wbc
15643,46,60,108,81,blast
15644,37,68,126,120,immature_wbc
15645,49,51,102,99,blast
15646,45,54,111,93,immature_wbc
15647,46,55,108,90,immature_wbc
15648,51,61,99,78,immature_wbc
15649,55,18,90,165,immature_wbc
15650,51,63,99,75,immature_wbc
15651,48,51,105,99,blast
15652,63,52,75,96,immature_wbc
15653,45,61,111,78,immature_wbc
15654,49,48,102,105,blast
15655,55,60,90,81,immature_wbc
15656,57,58,87,84,blast
15657,42,49,117,102,immature_wbc
15658,63,30,75,90,blast
15659,49,54,102,93,immature_wbc
15660,49,49,102,102,immature_wbc
15661,48,49,105,102,blast
15662,55,24,90,153,immature_wbc
15663,61,55,78,90,blast
15664,57,52,87,96,immature_wbc
15665,49,125,102,66,immature_wbc
15666,60,51,81,99,blast
15667,48,60,105,81,immature_wbc
15668,52,48,96,105,blast
15669,55,42,90,117,blast
15670,43,63,114,75,immature_wbc
15671,54,43,93,114,blast
15672,6,63,123,75,blast
15673,52,49,96,102,blast
15674,46,49,108,102,blast
15675,58,45,84,111,immature_wbc
15676,52,54,96,93,immature_wbc
15677,39,43,123,114,blast
15678,52,49,96,102,blast
15679,55,51,90,99,smudge
15680,60,51,81,99,blast
15681,66,52,69,96,blast
15682,46,34,108,132,blast
15683,55,71,90,99,blast
15684,54,48,93,105,blast
15685,27,52,147,96,blast
15686,49,63,102,75,immature_wbc
15687,40,49,120,102,blast
15688,60,57,81,87,blast
15689,40,48,120,105,immature_wbc
15690,54,40,93,120,blast
15691,64,49,72,102,blast
15692,60,51,81,99,blast
15693,55,51,90,99,blast
15694,40,51,120,99,blast
15695,49,52,102,96,immature_wbc
15696,39,42,123,117,blast
15697,12,49,96,102,blast
15698,36,52,108,96,blast
15699,57,52,87,96,blast
15700,52,46,96,108,immature_wbc
15701,60,33,81,111,blast
15702,49,43,102,114,blast
15703,40,52,120,96,blast
15704,45,48,111,105,immature_wbc
15705,52,54,96,93,immature_wbc
15706,41,48,123,105,blast
15707,46,43,108,114,blast
15708,43,46,114,108,blast
15709,54,48,93,105,blast
15710,54,42,93,117,blast
15711,51,42,99,117,blast
15712,42,43,117,114,blast
15713,45,51,111,99,blast
15714,46,37,108,126,blast
15715,58,39,84,123,blast
15716,54,34,93,132,blast
15717,55,54,90,93,blast
15718,48,42,105,117,blast
15719,58,46,84,108,blast
15720,49,54,102,93,blast
15721,51,39,99,123,blast
15722,52,46,96,108,blast
15723,54,45,93,111,blast
15724,48,61,105,78,blast
15725,104,34,78,132,blast
15726,49,58,102,84,blast
15727,60,51,81,99,blast
15728,63,66,75,69,blast
15729,51,48,99,105,blast
15730,46,42,108,117,blast
15731,54,40,93,120,blast
15732,51,46,99,108,blast
15733,49,40,102,120,blast
15734,48,39,105,123,blast
15735,49,55,102,90,blast
15736,57,45,87,111,blast
15737,57,46,87,108,blast
15738,60,49,81,102,blast
15739,55,54,90,93,blast
15740,43,52,114,96,blast
15741,54,58,93,84,immature_wbc
15742,45,21,111,114,blast
15743,49,45,102,99,blast
15744,52,55,96,90,blast
15745,52,68,96,111,blast
15746,49,49,102,102,blast
15747,43,48,114,105,blast
15748,51,55,99,90,blast
15749,52,46,96,108,blast
15750,58,52,84,96,blast
15751,49,45,102,111,blast
15752,46,43,108,114,blast
15753,43,40,114,120,blast
15754,52,43,96,114,blast
15755,55,51,90,99,blast
15756,58,40,84,120,blast
15757,49,6,102,105,blast
15758,58,40,84,120,blast
15759,55,51,90,99,blast
15760,48,43,105,114,blast
15761,58,57,84,87,blast
15762,19,30,162,141,blast
15763,45,54,111,93,blast
15764,49,40,102,120,blast
15765,49,6,102,108,blast
15766,54,55,93,90,blast
15767,55,51,90,99,blast
15768,45,60,111,81,blast
15769,46,57,108,87,blast
15770,60,52,81,96,blast
15771,49,28,102,144,blast
15772,46,40,108,120,immature_wbc
15773,52,55,96,90,blast
15774,52,43,96,114,blast
15775,54,54,93,93,blast
15776,57,57,87,87,blast
15777,54,42,93,117,blast
15778,52,36,96,129,blast
15779,49,49,102,102,blast
15780,61,46,78,108,immature_wbc
15781,49,52,102,96,blast
15782,46,58,108,84,blast
15783,46,48,108,105,blast
15784,48,52,105,96,blast
15785,55,49,90,102,blast
15786,51,52,99,96,blast
15787,46,52,108,96,blast
15788,37,40,126,120,blast
15789,55,59,90,93,blast
15790,48,54,105,93,blast
15791,42,43,111,114,blast
15792,60,45,81,111,blast
15793,37,42,126,117,immature_wbc
15794,52,39,96,123,blast
15795,45,51,111,99,blast
15796,48,45,105,111,blast
15797,46,37,108,126,blast
15798,49,30,102,87,blast
15799,49,58,102,84,blast
15800,42,54,117,93,blast
15801,48,54,105,93,blast
15802,60,52,81,96,blast
15803,67,55,66,90,blast
15804,61,69,78,63,blast
15805,57,49,87,102,blast
15806,95,51,84,99,blast
15807,63,60,75,81,blast
15808,61,40,78,120,blast
15809,55,55,90,90,blast
15810,54,42,93,117,blast
15811,60,45,81,111,blast
15812,55,49,90,102,blast
15813,52,51,96,99,blast
15814,39,51,123,99,immature_wbc
15815,60,46,81,108,blast
15816,57,52,87,96,blast
15817,57,42,87,117,blast
15818,52,49,96,102,blast
15819,49,48,102,105,blast
15820,58,37,84,126,blast
15821,49,52,102,96,blast
15822,49,43,102,114,blast
15823,57,48,87,105,blast
15824,55,46,90,108,blast
15825,43,51,114,99,blast
15826,51,39,99,123,blast
15827,51,60,99,81,blast
15828,48,42,105,117,blast
15829,51,48,99,105,blast
15830,51,48,99,105,blast
15831,51,54,99,93,blast
15832,39,43,123,114,blast
15833,49,42,102,117,blast
15834,45,45,111,111,blast
15835,40,37,120,126,blast
15836,62,52,96,96,blast
15837,55,33,90,135,blast
15838,55,68,90,120,blast
15839,49,51,102,99,blast
15840,51,39,99,108,blast
15841,49,63,102,75,blast
15842,45,52,111,96,blast
15843,52,66,96,69,blast
15844,63,31,75,138,immature_wbc
15845,39,51,123,99,immature_wbc
15846,55,51,90,99,blast
15847,45,49,111,102,blast
15848,34,58,132,84,immature_wbc
15849,70,73,60,54,blast
15850,43,48,114,105,blast
15851,61,36,78,129,immature_wbc
15852,48,34,105,132,immature_wbc
15853,37,39,126,123,immature_wbc
15854,46,40,108,120,blast
15855,33,45,135,111,immature_wbc
15856,61,28,78,144,blast
15857,42,30,117,141,blast
15858,54,51,93,99,immature_wbc
15859,55,54,90,93,blast
15860,55,52,90,96,blast
15861,54,52,93,96,blast
15862,60,48,81,105,blast
15863,48,39,105,123,blast
15864,61,54,78,93,blast
15865,42,49,117,102,blast
15866,49,49,102,102,blast
15867,54,68,93,108,blast
15868,57,52,87,96,blast
15869,52,51,96,99,blast
15870,57,49,87,102,blast
15871,57,57,87,87,immature_wbc
15872,69,45,63,111,blast
15873,51,51,99,99,blast
15874,61,37,78,126,blast
15875,33,64,81,72,blast
15876,52,51,96,99,blast
15877,58,46,84,108,immature_wbc
15878,55,49,90,102,blast
15879,54,57,93,87,blast
15880,45,43,111,114,immature_wbc
15881,48,54,105,93,immature_wbc
15882,34,30,132,141,immature_wbc
15883,58,52,84,96,blast
15884,61,36,78,129,blast
15885,49,45,102,111,blast
15886,57,52,87,96,blast
15887,113,52,84,96,blast
15888,52,61,96,78,immature_wbc
15889,55,49,90,102,immature_wbc
15890,52,54,96,93,immature_wbc
15891,54,61,93,78,immature_wbc
15892,46,61,108,78,immature_wbc
15893,57,48,87,105,immature_wbc
15894,42,49,117,102,immature_wbc
15895,57,54,87,93,immature_wbc
15896,64,92,72,87,immature_wbc
15897,52,55,96,90,immature_wbc
15898,45,52,111,96,blast
15899,55,49,90,102,blast
15900,36,58,129,84,immature_wbc
15901,52,52,96,96,blast
15902,55,63,90,75,immature_wbc
15903,43,51,114,99,blast
15904,49,49,102,102,immature_wbc
15905,54,48,93,96,blast
15906,51,63,99,75,immature_wbc
15907,55,12,90,108,blast
15908,33,57,90,87,immature_wbc
15909,45,57,111,87,blast
15910,57,57,87,87,immature_wbc
15911,66,66,69,69,immature_wbc
15912,51,63,99,75,immature_wbc
15913,58,51,84,99,immature_wbc
15914,49,45,102,111,immature_wbc
15915,54,25,93,150,blast
15916,46,43,108,114,immature_wbc
15917,61,54,78,93,immature_wbc
15918,63,48,75,105,immature_wbc
15919,51,48,99,105,immature_wbc
15920,57,48,87,105,immature_wbc
15921,54,37,93,126,immature_wbc
15922,46,40,108,120,blast
15923,63,58,75,84,immature_wbc
15924,55,52,90,96,immature_wbc
15925,64,51,72,99,immature_wbc
15926,57,52,87,96,immature_wbc
15927,60,51,81,99,immature_wbc
15928,45,52,111,96,immature_wbc
15929,57,61,87,78,immature_wbc
15930,58,51,84,99,immature_wbc
15931,64,58,72,84,immature_wbc
15932,40,45,120,111,immature_wbc
15933,89,40,99,120,immature_wbc
15934,40,19,120,162,blast
15935,45,48,111,105,immature_wbc
15936,42,55,117,90,immature_wbc
15937,54,64,93,72,immature_wbc
15938,55,51,90,99,immature_wbc
15939,57,48,87,105,blast
15940,51,55,99,90,immature_wbc
15941,52,49,96,102,immature_wbc
15942,49,86,102,102,immature_wbc
15943,55,43,90,114,immature_wbc
15944,60,49,81,102,immature_wbc
15945,46,48,108,105,blast
15946,54,60,93,81,blast
15947,61,58,78,84,immature_wbc
15948,60,54,81,93,immature_wbc
15949,69,62,63,84,blast
15950,58,55,84,90,immature_wbc
15951,46,30,108,141,blast
15952,58,40,84,120,immature_wbc
15953,43,42,114,117,immature_wbc
15954,48,42,96,117,immature_wbc
15955,48,60,105,81,immature_wbc
15956,48,45,105,111,immature_wbc
15957,39,16,123,168,immature_wbc
15958,45,40,111,120,blast
15959,57,45,87,111,blast
15960,40,33,120,135,blast
15961,60,18,81,81,immature_wbc
15962,51,15,99,108,immature_wbc
15963,39,54,123,93,immature_wbc
15964,58,31,84,138,blast
15965,54,48,93,105,immature_wbc
15966,42,42,117,117,blast
15967,51,55,99,90,immature_wbc
15968,48,18,105,165,blast
15969,51,49,99,102,immature_wbc
15970,49,57,102,87,immature_wbc
15971,51,51,99,99,immature_wbc
15972,57,61,87,78,blast
15973,33,46,135,108,immature_wbc
15974,54,69,93,63,immature_wbc
15975,60,43,81,114,blast
15976,48,19,105,162,immature_wbc
15977,58,57,84,87,immature_wbc
15978,42,58,117,84,blast
15979,51,43,99,114,immature_wbc
15980,52,54,96,93,immature_wbc
15981,55,51,90,99,immature_wbc
15982,55,58,90,84,immature_wbc
15983,65,55,75,90,immature_wbc
15984,60,55,81,90,immature_wbc
15985,66,49,69,102,immature_wbc
15986,55,49,90,102,immature_wbc
15987,61,54,78,93,immature_wbc
15988,54,52,93,96,immature_wbc
15989,49,45,102,111,immature_wbc
15990,52,46,96,108,immature_wbc
15991,51,52,99,96,immature_wbc
15992,46,48,108,105,immature_wbc
15993,49,57,102,87,immature_wbc
15994,36,57,129,87,blast
15995,45,37,111,126,blast
15996,63,60,75,81,blast
15997,45,45,111,111,immature_wbc
15998,33,64,135,72,immature_wbc
15999,42,55,117,90,immature_wbc
16000,55,51,90,99,immature_wbc
16001,54,49,93,102,blast
16002,48,40,105,120,blast
16003,51,58,99,84,immature_wbc
16004,21,45,123,111,immature_wbc
16005,58,52,84,96,blast
16006,43,54,114,93,immature_wbc
16007,52,54,96,93,immature_wbc
16008,57,57,87,87,immature_wbc
16009,60,55,81,90,blast
16010,64,57,72,87,immature_wbc
16011,57,58,87,84,immature_wbc
16012,10,39,180,123,immature_wbc
16013,46,58,108,84,immature_wbc
16014,54,43,93,114,blast
16015,46,60,108,81,immature_wbc
16016,49,49,102,102,immature_wbc
16017,40,61,120,78,immature_wbc
16018,3,63,105,75,blast
16019,21,66,105,69,immature_wbc
16020,24,58,123,84,immature_wbc
16021,55,52,90,96,immature_wbc
16022,49,47,102,114,blast
16023,48,39,105,123,immature_wbc
16024,63,66,75,69,immature_wbc
16025,52,49,96,102,immature_wbc
16026,49,49,102,102,immature_wbc
16027,54,57,93,87,immature_wbc
16028,57,54,87,93,immature_wbc
16029,57,45,87,111,immature_wbc
16030,55,40,90,120,blast
16031,55,42,90,105,immature_wbc
16032,54,46,93,108,immature_wbc
16033,49,46,102,108,blast
16034,42,51,117,99,immature_wbc
16035,51,45,99,111,blast
16036,55,45,90,111,immature_wbc
16037,36,55,129,90,immature_wbc
16038,51,54,99,93,immature_wbc
16039,45,63,111,75,immature_wbc
16040,46,51,108,99,immature_wbc
16041,60,52,81,96,immature_wbc
16042,54,52,93,96,immature_wbc
16043,48,51,105,99,blast
16044,58,54,84,93,blast
16045,54,61,93,78,immature_wbc
16046,46,51,108,99,immature_wbc
16047,49,46,102,108,blast
16048,52,45,96,111,blast
16049,51,9,84,84,immature_wbc
16050,55,46,90,108,immature_wbc
16051,63,55,75,90,blast
16052,54,49,93,102,blast
16053,57,58,87,84,immature_wbc
16054,63,42,75,117,immature_wbc
16055,48,57,105,87,immature_wbc
16056,54,27,93,99,immature_wbc
16057,52,54,96,93,immature_wbc
16058,52,48,96,105,immature_wbc
16059,64,40,72,120,immature_wbc
16060,46,51,108,99,immature_wbc
16061,51,40,99,120,blast
16062,30,49,141,102,immature_wbc
16063,37,40,126,120,blast
16064,60,54,81,93,immature_wbc
16065,49,49,102,102,immature_wbc
16066,49,21,102,105,smudge
16067,43,39,114,123,blast
16068,66,30,69,63,smudge
16069,55,55,90,90,blast
16070,60,54,81,93,blast
16071,54,60,93,81,blast
16072,57,48,87,105,immature_wbc
16073,37,49,126,102,immature_wbc
16074,57,51,87,99,immature_wbc
16075,58,51,84,99,immature_wbc
16076,45,42,111,114,immature_wbc
16077,52,57,96,87,immature_wbc
16078,45,51,111,99,blast
16079,39,46,123,108,blast
16080,64,52,72,96,immature_wbc
16081,36,36,129,129,blast
16082,54,51,93,99,immature_wbc
16083,45,56,111,108,immature_wbc
16084,45,49,111,102,immature_wbc
16085,63,66,75,69,immature_wbc
16086,51,67,99,66,immature_wbc
16087,54,37,93,126,immature_wbc
16088,54,46,93,108,blast
16089,54,48,93,105,blast
16090,60,15,81,81,immature_wbc
16091,73,64,54,72,smudge
16092,55,55,90,90,immature_wbc
16093,67,64,66,72,blast
16094,72,63,57,75,blast
16095,58,55,84,90,blast
16096,55,48,90,105,blast
16097,66,43,69,114,immature_wbc
16098,69,49,63,102,immature_wbc
16099,63,54,75,93,immature_wbc
16100,60,60,81,81,immature_wbc
16101,51,61,99,78,blast
16102,63,58,75,84,blast
16103,61,52,78,96,immature_wbc
16104,63,64,75,72,blast
16105,36,104,129,93,immature_wbc
16106,43,15,114,96,blast
16107,54,46,93,108,blast
16108,54,65,93,93,immature_wbc
16109,69,49,63,102,immature_wbc
16110,134,61,60,78,blast
16111,55,52,90,96,immature_wbc
16112,52,54,96,93,immature_wbc
16113,61,43,78,114,immature_wbc
16114,58,48,84,105,immature_wbc
16115,64,55,72,90,blast
16116,64,69,72,63,immature_wbc
16117,57,48,87,105,immature_wbc
16118,54,46,93,108,immature_wbc
16119,48,55,105,90,blast
16120,57,54,87,93,immature_wbc
16121,42,39,117,123,smudge
16122,55,45,90,111,blast
16123,54,30,93,96,immature_wbc
16124,51,55,99,90,immature_wbc
16125,49,45,102,111,blast
16126,52,57,96,87,blast
16127,51,66,99,69,immature_wbc
16128,63,52,75,96,immature_wbc
16129,55,57,90,87,immature_wbc
16130,46,51,108,99,immature_wbc
16131,54,51,93,99,immature_wbc
16132,43,48,114,105,blast
16133,48,51,105,99,immature_wbc
16134,57,48,87,105,immature_wbc
16135,64,49,72,102,immature_wbc
16136,55,54,90,90,immature_wbc
16137,61,54,78,93,immature_wbc
16138,57,57,87,87,blast
16139,57,46,87,108,immature_wbc
16140,58,61,84,78,immature_wbc
16141,54,48,93,105,immature_wbc
16142,83,45,93,111,immature_wbc
16143,95,37,102,126,immature_wbc
16144,61,51,78,75,smudge
16145,43,54,114,93,blast
16146,48,43,105,114,immature_wbc
16147,57,42,87,117,immature_wbc
16148,54,46,93,108,immature_wbc
16149,45,48,111,105,immature_wbc
16150,45,49,111,102,immature_wbc
16151,52,18,96,99,immature_wbc
16152,46,51,108,99,immature_wbc
16153,60,62,81,108,immature_wbc
16154,46,46,108,108,immature_wbc
16155,57,42,87,117,immature_wbc
16156,51,49,99,102,immature_wbc
16157,49,43,102,114,immature_wbc
16158,45,56,111,105,immature_wbc
16159,49,52,102,96,immature_wbc
16160,46,57,108,87,immature_wbc
16161,37,43,126,114,blast
16162,52,60,96,81,immature_wbc
16163,54,46,93,108,immature_wbc
16164,49,52,102,96,immature_wbc
16165,52,68,96,90,immature_wbc
16166,52,60,96,81,immature_wbc
16167,46,54,108,93,immature_wbc
16168,49,51,102,99,immature_wbc
16169,60,48,81,105,immature_wbc
16170,51,52,99,96,blast
16171,48,54,105,93,blast
16172,42,42,117,105,immature_wbc
16173,37,52,126,96,immature_wbc
16174,51,48,99,105,immature_wbc
16175,51,48,99,105,immature_wbc
16176,52,52,96,96,immature_wbc
16177,58,55,84,90,immature_wbc
16178,57,42,87,117,immature_wbc
16179,77,60,75,81,immature_wbc
16180,46,46,108,108,immature_wbc
16181,46,55,108,90,immature_wbc
16182,64,48,72,105,smudge
16183,69,54,63,93,smudge
16184,52,46,96,108,immature_wbc
16185,55,57,90,87,immature_wbc
16186,22,46,156,108,immature_wbc
16187,45,49,111,102,immature_wbc
16188,39,57,123,87,blast
16189,46,63,108,75,immature_wbc
16190,49,43,102,114,immature_wbc
16191,43,21,114,105,immature_wbc
16192,46,51,108,99,immature_wbc
16193,51,51,99,99,immature_wbc
16194,52,51,96,99,immature_wbc
16195,57,34,87,132,immature_wbc
16196,58,43,84,114,immature_wbc
16197,46,24,108,117,blast
16198,58,42,84,117,immature_wbc
16199,51,36,99,129,immature_wbc
16200,51,55,99,90,immature_wbc
16201,54,43,93,114,immature_wbc
16202,49,24,102,105,immature_wbc
16203,58,33,84,78,immature_wbc
16204,37,54,126,93,immature_wbc
16205,49,92,102,90,immature_wbc
16206,54,42,93,99,blast
16207,64,43,72,114,immature_wbc
16208,45,45,111,111,blast
16209,51,46,99,108,blast
16210,80,45,99,111,immature_wbc
16211,42,54,114,93,immature_wbc
16212,51,51,99,99,immature_wbc
16213,42,55,117,90,immature_wbc
16214,57,52,87,96,immature_wbc
16215,51,49,99,102,immature_wbc
16216,45,40,111,120,immature_wbc
16217,60,27,81,117,blast
16218,61,72,78,57,blast
16219,92,30,84,114,immature_wbc
16220,12,49,111,102,immature_wbc
16221,45,37,102,126,immature_wbc
16222,52,42,96,117,blast
16223,55,54,90,93,immature_wbc
16224,54,54,93,93,blast
16225,52,51,96,99,blast
16226,58,61,84,78,immature_wbc
16227,49,57,102,87,immature_wbc
16228,57,64,87,72,immature_wbc
16229,46,46,108,108,immature_wbc
16230,51,55,99,90,immature_wbc
16231,57,43,87,114,immature_wbc
16232,61,66,78,69,smudge
16233,40,43,120,114,blast
16234,73,60,54,81,smudge
16235,49,49,102,102,blast
16236,55,39,90,123,blast
16237,58,37,84,126,smudge
16238,51,43,99,114,blast
16239,51,54,99,93,immature_wbc
16240,19,40,162,120,blast
16241,64,64,72,72,immature_wbc
16242,55,40,90,120,immature_wbc
16243,34,36,132,129,immature_wbc
16244,65,60,93,81,immature_wbc
16245,54,45,93,111,immature_wbc
16246,43,43,114,114,immature_wbc
16247,55,62,90,87,immature_wbc
16248,49,46,102,108,immature_wbc
16249,57,49,87,102,immature_wbc
16250,46,48,108,105,immature_wbc
16251,45,52,111,96,immature_wbc
16252,54,61,93,78,immature_wbc
16253,55,48,90,105,immature_wbc
16254,49,60,102,81,immature_wbc
16255,51,61,99,78,immature_wbc
16256,48,52,105,96,immature_wbc
16257,37,30,126,141,immature_wbc
16258,55,55,90,90,immature_wbc
16259,58,61,84,78,immature_wbc
16260,46,45,108,96,blast
16261,51,39,99,123,immature_wbc
16262,36,57,129,87,blast
16263,63,57,75,87,immature_wbc
16264,58,55,84,90,immature_wbc
16265,61,60,78,81,immature_wbc
16266,52,48,96,105,immature_wbc
16267,52,55,96,90,immature_wbc
16268,70,64,60,72,immature_wbc
16269,54,48,93,105,immature_wbc
16270,55,49,90,102,immature_wbc
16271,46,52,108,96,blast
16272,46,33,108,135,immature_wbc
16273,60,58,81,84,immature_wbc
16274,57,48,87,105,immature_wbc
16275,48,45,105,93,immature_wbc
16276,45,46,111,108,immature_wbc
16277,58,59,84,96,immature_wbc
16278,46,52,108,96,immature_wbc
16279,42,57,117,87,immature_wbc
16280,57,49,87,102,seg_neutrophil
16281,55,51,90,99,seg_neutrophil
16282,49,49,102,102,seg_neutrophil
16283,42,58,117,84,seg_neutrophil
16284,46,51,108,99,seg_neutrophil
16285,49,49,102,102,seg_neutrophil
16286,52,46,96,108,seg_neutrophil
16287,49,48,102,105,seg_neutrophil
16288,57,55,87,90,seg_neutrophil
16289,52,52,96,96,seg_neutrophil
16290,51,61,99,78,seg_neutrophil
16291,51,55,99,90,seg_neutrophil
16292,45,42,87,111,seg_neutrophil
16293,52,55,96,90,seg_neutrophil
16294,48,54,105,93,seg_neutrophil
16295,52,54,96,93,seg_neutrophil
16296,48,52,105,96,seg_neutrophil
16297,49,46,102,108,seg_neutrophil
16298,46,51,108,99,seg_neutrophil
16299,58,52,84,96,seg_neutrophil
16300,54,58,93,84,lymphocyte
16301,55,52,90,96,seg_neutrophil
16302,46,48,108,105,seg_neutrophil
16303,58,58,84,84,lymphocyte
16304,61,57,78,87,lymphocyte
16305,40,51,120,99,seg_neutrophil
16306,49,58,102,84,band_neutrophil
16307,51,46,99,108,lymphocyte
16308,52,45,96,111,seg_neutrophil
16309,51,51,99,99,seg_neutrophil
16310,57,48,87,105,seg_neutrophil
16311,39,34,123,132,eosinophil
16312,48,55,105,90,seg_neutrophil
16313,46,51,108,99,seg_neutrophil
16314,52,43,96,114,seg_neutrophil
16315,48,54,105,93,seg_neutrophil
16316,48,43,105,114,seg_neutrophil
16317,54,51,93,99,seg_neutrophil
16318,54,46,93,108,seg_neutrophil
16319,52,67,96,66,lymphocyte
16320,52,42,96,117,seg_neutrophil
16321,54,48,93,105,seg_neutrophil
16322,46,52,108,96,seg_neutrophil
16323,58,58,84,84,lymphocyte
16324,55,36,90,96,basophil
16325,51,46,99,108,seg_neutrophil
16326,52,42,96,105,seg_neutrophil
16327,49,45,102,111,seg_neutrophil
16328,51,51,99,99,seg_neutrophil
16329,55,39,90,123,eosinophil
16330,54,60,93,81,lymphocyte
16331,49,43,102,114,seg_neutrophil
16332,52,48,96,105,seg_neutrophil
16333,55,46,90,108,seg_neutrophil
16334,61,63,78,75,lymphocyte
16335,54,51,93,99,seg_neutrophil
16336,42,59,117,129,monocyte
16337,48,57,105,87,seg_neutrophil
16338,46,45,108,111,monocyte
16339,54,52,93,96,seg_neutrophil
16340,43,48,114,105,seg_neutrophil
16341,46,48,108,105,seg_neutrophil
16342,49,33,102,102,seg_neutrophil
16343,46,40,108,120,seg_neutrophil
16344,64,64,72,72,lymphocyte
16345,48,52,105,96,seg_neutrophil
16346,55,43,90,114,seg_neutrophil
16347,49,46,102,108,seg_neutrophil
16348,52,45,96,111,seg_neutrophil
16349,60,64,81,72,lymphocyte
16350,49,51,102,93,seg_neutrophil
16351,63,57,75,81,lymphocyte
16352,52,48,96,105,seg_neutrophil
16353,54,51,93,99,seg_neutrophil
16354,49,48,102,105,seg_neutrophil
16355,46,49,108,102,seg_neutrophil
16356,60,57,81,87,lymphocyte
16357,42,39,117,111,monocyte
16358,48,51,105,99,seg_neutrophil
16359,52,45,96,111,seg_neutrophil
16360,46,49,108,102,seg_neutrophil
16361,51,49,99,102,seg_neutrophil
16362,45,45,111,111,seg_neutrophil
16363,51,49,99,102,seg_neutrophil
16364,52,54,96,93,seg_neutrophil
16365,51,46,99,108,seg_neutrophil
16366,48,43,105,114,seg_neutrophil
16367,49,46,102,108,seg_neutrophil
16368,63,58,75,84,artifact
16369,52,52,96,96,seg_neutrophil
16370,57,55,87,90,lymphocyte
16371,57,60,87,81,lymphocyte
16372,43,42,114,117,monocyte
16373,57,46,87,108,seg_neutrophil
16374,46,55,108,90,seg_neutrophil
16375,55,54,90,93,lymphocyte
16376,46,51,108,99,seg_neutrophil
16377,52,49,96,102,seg_neutrophil
16378,52,52,96,96,seg_neutrophil
16379,49,51,102,99,seg_neutrophil
16380,45,51,111,99,seg_neutrophil
16381,54,54,93,93,seg_neutrophil
16382,52,104,96,93,lymphocyte
16383,54,52,93,96,seg_neutrophil
16384,48,45,105,111,seg_neutrophil
16385,48,49,105,102,seg_neutrophil
16386,49,21,102,105,seg_neutrophil
16387,55,48,90,105,eosinophil
16388,51,57,99,87,seg_neutrophil
16389,40,52,120,96,seg_neutrophil
16390,49,45,102,111,seg_neutrophil
16391,54,51,93,99,seg_neutrophil
16392,43,52,114,96,seg_neutrophil
16393,51,66,99,69,lymphocyte
16394,46,46,108,108,seg_neutrophil
16395,54,52,93,96,seg_neutrophil
16396,52,46,96,108,seg_neutrophil
16397,51,57,99,87,seg_neutrophil
16398,61,63,78,75,lymphocyte
16399,52,54,96,93,seg_neutrophil
16400,52,48,96,105,eosinophil
16401,49,52,102,96,seg_neutrophil
16402,48,52,105,96,seg_neutrophil
16403,43,48,114,99,seg_neutrophil
16404,49,51,102,99,seg_neutrophil
16405,54,43,93,114,seg_neutrophil
16406,48,52,105,96,seg_neutrophil
16407,36,48,93,105,seg_neutrophil
16408,54,52,93,96,seg_neutrophil
16409,57,55,87,90,seg_neutrophil
16410,43,48,114,105,seg_neutrophil
16411,63,61,75,78,lymphocyte
16412,58,55,84,90,lymphocyte
16413,45,12,111,99,seg_neutrophil
16414,64,66,72,69,lymphocyte
16415,49,52,102,96,seg_neutrophil
16416,48,37,105,126,monocyte
16417,51,42,99,117,seg_neutrophil
16418,48,56,105,99,seg_neutrophil
16419,43,52,114,96,seg_neutrophil
16420,61,60,78,81,lymphocyte
16421,60,55,81,90,lymphocyte
16422,48,49,105,102,seg_neutrophil
16423,42,54,117,93,seg_neutrophil
16424,61,55,78,90,lymphocyte
16425,49,49,102,102,eosinophil
16426,60,52,81,96,lymphocyte
16427,51,48,99,102,seg_neutrophil
16428,48,48,105,105,seg_neutrophil
16429,49,49,102,102,seg_neutrophil
16430,45,51,111,99,lymphocyte
16431,58,55,84,90,lymphocyte
16432,48,49,105,102,seg_neutrophil
16433,58,51,84,99,seg_neutrophil
16434,51,54,99,93,seg_neutrophil
16435,64,24,72,75,lymphocyte
16436,55,60,90,81,lymphocyte
16437,48,57,105,87,seg_neutrophil
16438,46,57,108,87,seg_neutrophil
16439,63,54,75,93,seg_neutrophil
16440,61,60,78,81,lymphocyte
16441,52,43,96,114,seg_neutrophil
16442,43,64,114,72,seg_neutrophil
16443,56,58,96,84,lymphocyte
16444,52,49,96,102,lymphocyte
16445,49,49,102,102,lymphocyte
16446,54,58,93,84,seg_neutrophil
16447,51,46,99,108,seg_neutrophil
16448,60,61,81,78,lymphocyte
16449,48,40,105,120,seg_neutrophil
16450,54,49,93,102,seg_neutrophil
16451,45,46,111,108,seg_neutrophil
16452,60,61,81,78,lymphocyte
16453,45,46,111,108,seg_neutrophil
16454,57,58,87,84,lymphocyte
16455,48,48,105,90,seg_neutrophil
16456,57,54,87,93,seg_neutrophil
16457,49,43,102,114,seg_neutrophil
16458,63,60,75,81,lymphocyte
16459,51,59,99,99,seg_neutrophil
16460,55,45,90,111,seg_neutrophil
16461,55,9,90,75,seg_neutrophil
16462,46,54,108,93,seg_neutrophil
16463,42,52,117,96,seg_neutrophil
16464,54,56,93,111,seg_neutrophil
16465,43,48,114,105,seg_neutrophil
16466,51,60,99,81,seg_neutrophil
16467,43,48,114,105,monocyte
16468,63,64,75,72,lymphocyte
16469,58,58,84,84,lymphocyte
16470,40,48,120,105,seg_neutrophil
16471,58,54,84,93,lymphocyte
16472,58,63,84,75,lymphocyte
16473,51,46,99,108,seg_neutrophil
16474,51,51,99,99,seg_neutrophil
16475,57,58,87,84,lymphocyte
16476,43,54,114,93,seg_neutrophil
16477,60,61,81,78,lymphocyte
16478,51,58,99,84,seg_neutrophil
16479,57,58,87,84,lymphocyte
16480,39,48,123,105,monocyte
16481,48,45,105,111,seg_neutrophil
16482,54,55,93,90,lymphocyte
16483,49,46,102,108,lymphocyte
16484,51,52,99,96,seg_neutrophil
16485,64,60,72,81,lymphocyte
16486,42,48,117,105,seg_neutrophil
16487,63,57,75,87,lymphocyte
16488,60,57,81,87,lymphocyte
16489,45,48,111,105,seg_neutrophil
16490,51,40,99,120,seg_neutrophil
16491,48,57,105,87,seg_neutrophil
16492,45,49,111,102,seg_neutrophil
16493,49,45,102,111,seg_neutrophil
16494,48,52,105,96,seg_neutrophil
16495,55,54,90,93,lymphocyte
16496,48,49,105,102,seg_neutrophil
16497,57,57,87,87,lymphocyte
16498,49,51,102,99,seg_neutrophil
16499,48,46,105,108,seg_neutrophil
16500,58,77,84,102,lymphocyte
16501,51,48,99,105,seg_neutrophil
16502,55,52,90,96,lymphocyte
16503,43,48,114,105,seg_neutrophil
16504,46,48,108,105,lymphocyte
16505,55,48,90,105,lymphocyte
16506,52,48,96,105,seg_neutrophil
16507,57,57,87,87,lymphocyte
16508,57,52,87,96,lymphocyte
16509,57,51,87,99,lymphocyte
16510,55,55,90,90,lymphocyte
16511,57,54,87,93,lymphocyte
16512,49,43,102,114,seg_neutrophil
16513,39,51,123,99,seg_neutrophil
16514,58,60,84,81,lymphocyte
16515,46,54,108,93,seg_neutrophil
16516,45,43,111,114,monocyte
16517,51,52,99,96,seg_neutrophil
16518,48,46,105,108,seg_neutrophil
16519,58,55,84,90,lymphocyte
16520,46,48,108,105,seg_neutrophil
16521,54,49,93,102,seg_neutrophil
16522,51,52,99,96,seg_neutrophil
16523,57,48,87,105,seg_neutrophil
16524,43,48,114,105,seg_neutrophil
16525,49,55,102,90,seg_neutrophil
16526,57,54,87,93,lymphocyte
16527,51,42,99,117,eosinophil
16528,61,60,78,81,lymphocyte
16529,57,57,87,87,lymphocyte
16530,49,55,102,90,seg_neutrophil
16531,46,48,108,105,lymphocyte
16532,46,42,108,117,seg_neutrophil
16533,58,57,84,87,lymphocyte
16534,43,48,114,105,seg_neutrophil
16535,49,43,102,114,seg_neutrophil
16536,45,49,111,102,seg_neutrophil
16537,51,55,99,90,seg_neutrophil
16538,48,51,105,99,seg_neutrophil
16539,54,54,93,93,lymphocyte
16540,46,52,108,96,seg_neutrophil
16541,45,45,111,111,seg_neutrophil
16542,43,46,114,108,seg_neutrophil
16543,55,55,90,90,lymphocyte
16544,48,48,105,105,seg_neutrophil
16545,46,48,108,105,seg_neutrophil
16546,46,53,108,123,monocyte
16547,43,51,114,99,seg_neutrophil
16548,42,43,117,114,seg_neutrophil
16549,42,37,117,126,monocyte
16550,43,39,114,123,seg_neutrophil
16551,45,49,111,102,seg_neutrophil
16552,46,51,108,99,seg_neutrophil
16553,51,39,99,123,seg_neutrophil
16554,46,62,108,108,seg_neutrophil
16555,58,57,84,87,lymphocyte
16556,49,51,102,99,seg_neutrophil
16557,45,51,111,99,seg_neutrophil
16558,57,52,87,96,lymphocyte
16559,57,58,87,84,lymphocyte
16560,33,48,135,105,seg_neutrophil
16561,52,48,96,105,lymphocyte
16562,49,52,102,96,seg_neutrophil
16563,49,52,102,96,seg_neutrophil
16564,57,49,87,102,lymphocyte
16565,57,57,87,87,lymphocyte
16566,49,51,102,99,lymphocyte
16567,45,48,111,105,seg_neutrophil
16568,55,52,90,96,lymphocyte
16569,42,48,117,105,seg_neutrophil
16570,49,57,102,87,lymphocyte
16571,42,48,117,105,seg_neutrophil
16572,55,58,90,84,lymphocyte
16573,58,54,84,93,lymphocyte
16574,48,51,105,99,seg_neutrophil
16575,57,60,87,81,lymphocyte
16576,52,49,96,102,seg_neutrophil
16577,51,49,99,102,lymphocyte
16578,61,64,78,72,lymphocyte
16579,49,54,102,93,seg_neutrophil
16580,45,54,111,93,eosinophil
16581,48,48,105,105,monocyte
16582,61,57,78,87,lymphocyte
16583,39,59,84,93,lymphocyte
16584,49,48,102,105,seg_neutrophil
16585,46,61,108,78,seg_neutrophil
16586,51,51,99,99,lymphocyte
16587,40,46,120,108,seg_neutrophil
16588,49,45,102,111,seg_neutrophil
16589,52,52,96,96,seg_neutrophil
16590,48,52,105,96,seg_neutrophil
16591,57,64,87,72,lymphocyte
16592,54,58,93,84,seg_neutrophil
16593,54,55,93,90,lymphocyte
16594,51,43,99,114,seg_neutrophil
16595,74,51,102,99,seg_neutrophil
16596,28,46,144,108,band_neutrophil
16597,55,52,90,96,seg_neutrophil
16598,43,49,114,102,seg_neutrophil
16599,40,43,120,114,seg_neutrophil
16600,46,25,108,150,seg_neutrophil
16601,49,51,102,99,seg_neutrophil
16602,58,57,84,87,lymphocyte
16603,48,52,105,96,seg_neutrophil
16604,49,51,102,99,seg_neutrophil
16605,51,51,99,99,seg_neutrophil
16606,48,46,105,108,seg_neutrophil
16607,48,43,105,114,seg_neutrophil
16608,42,51,117,99,seg_neutrophil
16609,45,48,111,105,seg_neutrophil
16610,49,52,102,96,lymphocyte
16611,51,49,99,102,seg_neutrophil
16612,49,51,102,99,seg_neutrophil
16613,49,50,102,105,seg_neutrophil
16614,61,60,78,81,lymphocyte
16615,48,42,105,117,seg_neutrophil
16616,52,49,96,102,seg_neutrophil
16617,46,42,108,117,seg_neutrophil
16618,55,52,90,96,seg_neutrophil
16619,52,51,96,99,seg_neutrophil
16620,46,45,108,111,seg_neutrophil
16621,49,46,102,108,seg_neutrophil
16622,55,55,90,90,lymphocyte
16623,60,58,81,84,lymphocyte
16624,43,27,114,111,seg_neutrophil
16625,54,48,93,105,seg_neutrophil
16626,54,49,93,102,seg_neutrophil
16627,54,48,93,105,seg_neutrophil
16628,49,46,102,108,seg_neutrophil
16629,71,77,120,102,seg_neutrophil
16630,55,52,90,96,lymphocyte
16631,54,57,93,87,seg_neutrophil
16632,52,46,96,108,seg_neutrophil
16633,48,46,105,108,eosinophil
16634,46,39,108,123,seg_neutrophil
16635,54,57,93,87,seg_neutrophil
16636,48,54,105,93,seg_neutrophil
16637,48,51,105,99,seg_neutrophil
16638,104,46,81,108,smudge
16639,64,43,72,114,agg_plt
16640,73,70,54,60,agg_plt
16641,66,48,69,105,agg_plt
16642,61,66,78,69,agg_plt
16643,95,57,78,87,agg_plt
16644,61,51,78,99,agg_plt
16645,67,61,66,78,agg_plt
16646,57,60,87,81,agg_plt
16647,67,54,66,93,agg_plt
16648,55,49,90,102,smudge
16649,75,67,51,66,agg_plt
16650,64,69,72,63,agg_plt
16651,67,73,66,54,agg_plt
16652,69,70,63,60,agg_plt
16653,63,66,75,69,agg_plt
16654,60,60,81,81,agg_plt
16655,61,55,78,90,smudge
16656,58,66,84,69,agg_plt
16657,69,70,63,60,agg_plt
16658,61,43,78,114,agg_plt
16659,72,67,57,66,agg_plt
16660,49,7,102,186,agg_plt
16661,66,70,69,60,agg_plt
16662,64,43,72,114,agg_plt
16663,55,49,90,102,agg_plt
16664,55,72,90,57,agg_plt
16665,49,54,102,93,agg_plt
16666,69,64,63,72,agg_plt
16667,67,67,66,66,agg_plt
16668,70,39,60,123,agg_plt
16669,69,51,63,99,agg_plt
16670,67,37,66,126,agg_plt
16671,66,12,69,81,agg_plt
16672,75,55,51,90,agg_plt
16673,40,46,120,108,agg_plt
16674,72,45,57,111,agg_plt
16675,70,72,60,57,agg_plt
16676,52,21,96,114,seg_neutrophil
16677,58,25,84,150,agg_plt
16678,61,33,78,135,agg_plt
16679,73,60,54,81,agg_plt
16680,64,67,72,66,agg_plt
16681,69,30,63,141,agg_plt
16682,64,61,72,78,agg_plt
16683,54,51,93,99,smudge
16684,73,57,54,81,agg_plt
16685,57,28,87,144,agg_plt
16686,73,60,54,81,agg_plt
16687,73,69,54,63,agg_plt
16688,75,57,51,87,agg_plt
16689,37,57,126,87,agg_plt
16690,42,52,81,96,agg_plt
16691,54,63,63,75,agg_plt
16692,46,54,108,93,smudge
16693,45,48,111,105,smudge
16694,65,45,123,111,agg_plt
16695,69,63,63,75,agg_plt
16696,67,61,66,78,agg_plt
16697,54,46,93,108,smudge
16698,51,55,99,90,agg_plt
16699,76,60,48,81,agg_plt
16700,45,54,111,93,smudge
16701,66,39,69,123,agg_plt
16702,67,69,66,63,agg_plt
16703,52,61,96,78,agg_plt
16704,57,48,87,105,agg_plt
16705,60,48,81,105,smudge
16706,75,60,51,81,agg_plt
16707,78,61,45,78,agg_plt
16708,33,30,66,141,agg_plt
16709,46,57,108,87,agg_plt
16710,70,67,60,66,agg_plt
16711,61,63,78,75,agg_plt
16712,49,9,102,114,smudge
16713,69,67,63,66,agg_plt
16714,54,42,93,117,agg_plt
16715,58,40,84,120,agg_plt
16716,66,125,69,72,agg_plt
16717,60,61,81,78,lymphocyte
16718,57,57,87,84,lymphocyte
16719,46,54,108,93,seg_neutrophil
16720,43,51,114,99,seg_neutrophil
16721,46,37,108,126,seg_neutrophil
16722,51,43,99,114,seg_neutrophil
16723,57,58,87,84,lymphocyte
16724,49,54,102,93,lymphocyte
16725,61,57,78,87,lymphocyte
16726,33,55,93,90,lymphocyte
16727,48,54,105,93,seg_neutrophil
16728,52,50,96,105,seg_neutrophil
16729,46,52,108,96,seg_neutrophil
16730,48,46,105,108,seg_neutrophil
16731,45,68,111,105,seg_neutrophil
16732,48,51,105,99,seg_neutrophil
16733,60,60,81,81,lymphocyte
16734,51,60,99,81,lymphocyte
16735,49,49,102,102,seg_neutrophil
16736,48,54,105,93,seg_neutrophil
16737,51,52,99,96,seg_neutrophil
16738,49,53,102,99,seg_neutrophil
16739,54,61,93,78,lymphocyte
16740,42,45,117,111,lymphocyte
16741,55,46,90,108,seg_neutrophil
16742,58,52,84,96,lymphocyte
16743,39,45,123,111,monocyte
16744,54,51,93,99,lymphocyte
16745,51,48,99,105,seg_neutrophil
16746,61,57,78,87,lymphocyte
16747,49,52,102,96,seg_neutrophil
16748,52,63,96,75,lymphocyte
16749,58,60,84,81,lymphocyte
16750,63,63,75,75,lymphocyte
16751,64,65,72,81,lymphocyte
16752,51,55,99,90,seg_neutrophil
16753,51,57,99,87,seg_neutrophil
16754,48,48,105,105,seg_neutrophil
16755,55,49,90,102,seg_neutrophil
16756,51,65,99,102,seg_neutrophil
16757,49,49,102,102,seg_neutrophil
16758,48,57,105,87,seg_neutrophil
16759,55,68,90,84,lymphocyte
16760,51,60,99,81,lymphocyte
16761,61,51,78,99,lymphocyte
16762,51,48,99,105,seg_neutrophil
16763,55,54,90,93,seg_neutrophil
16764,54,57,93,87,lymphocyte
16765,46,49,108,102,seg_neutrophil
16766,45,48,111,105,seg_neutrophil
16767,42,51,117,99,seg_neutrophil
16768,54,54,93,93,seg_neutrophil
16769,45,46,111,108,seg_neutrophil
16770,48,68,105,99,seg_neutrophil
16771,49,46,102,108,seg_neutrophil
16772,51,54,99,93,seg_neutrophil
16773,46,46,108,108,seg_neutrophil
16774,54,54,93,93,seg_neutrophil
16775,49,54,102,93,lymphocyte
16776,46,46,108,108,seg_neutrophil
16777,52,60,96,81,seg_neutrophil
16778,45,52,111,96,seg_neutrophil
16779,52,49,96,102,seg_neutrophil
16780,49,46,102,108,seg_neutrophil
16781,42,48,117,105,seg_neutrophil
16782,52,57,96,87,lymphocyte
16783,52,43,96,114,seg_neutrophil
16784,49,49,102,102,seg_neutrophil
16785,52,48,96,90,lymphocyte
16786,61,54,78,93,lymphocyte
16787,55,51,90,99,seg_neutrophil
16788,55,57,90,87,lymphocyte
16789,52,57,96,87,lymphocyte
16790,45,48,111,105,seg_neutrophil
16791,52,52,96,96,lymphocyte
16792,52,45,96,111,seg_neutrophil
16793,43,49,114,102,seg_neutrophil
16794,48,51,105,96,seg_neutrophil
16795,46,39,108,123,seg_neutrophil
16796,55,57,90,87,lymphocyte
16797,55,52,90,96,lymphocyte
16798,54,46,93,108,seg_neutrophil
16799,54,42,93,117,seg_neutrophil
16800,45,43,111,114,monocyte
16801,63,55,75,90,lymphocyte
16802,60,58,81,84,lymphocyte
16803,46,51,108,99,seg_neutrophil
16804,55,60,90,81,lymphocyte
16805,60,58,81,84,lymphocyte
16806,54,54,93,93,lymphocyte
16807,57,48,87,105,lymphocyte
16808,52,51,96,99,basophil
16809,45,48,111,105,seg_neutrophil
16810,63,60,75,81,lymphocyte
16811,54,64,93,72,lymphocyte
16812,43,48,114,105,seg_neutrophil
16813,45,46,111,108,seg_neutrophil
16814,45,54,111,93,seg_neutrophil
16815,54,52,93,96,seg_neutrophil
16816,48,57,105,87,seg_neutrophil
16817,55,60,90,81,lymphocyte
16818,60,57,81,87,lymphocyte
16819,55,60,90,81,lymphocyte
16820,49,49,102,102,seg_neutrophil
16821,48,54,105,93,seg_neutrophil
16822,46,61,108,78,lymphocyte
16823,36,49,114,102,seg_neutrophil
16824,46,51,108,99,seg_neutrophil
16825,61,57,78,87,lymphocyte
16826,40,15,120,114,monocyte
16827,55,54,90,93,seg_neutrophil
16828,46,46,108,108,seg_neutrophil
16829,66,63,69,75,lymphocyte
16830,48,48,105,105,seg_neutrophil
16831,48,48,105,105,seg_neutrophil
16832,52,52,96,96,seg_neutrophil
16833,58,52,84,96,basophil
16834,45,48,111,105,seg_neutrophil
16835,58,57,84,87,lymphocyte
16836,51,46,99,108,seg_neutrophil
16837,42,51,117,99,seg_neutrophil
16838,43,51,114,99,seg_neutrophil
16839,54,51,93,99,seg_neutrophil
16840,61,54,78,93,lymphocyte
16841,48,57,105,87,seg_neutrophil
16842,51,45,99,111,seg_neutrophil
16843,51,55,99,90,seg_neutrophil
16844,52,57,96,87,lymphocyte
16845,51,57,99,87,lymphocyte
16846,45,46,111,108,seg_neutrophil
16847,46,46,108,108,seg_neutrophil
16848,58,58,84,84,lymphocyte
16849,57,55,87,90,lymphocyte
16850,52,49,96,102,seg_neutrophil
16851,49,52,102,96,seg_neutrophil
16852,57,55,87,90,lymphocyte
16853,45,54,111,93,basophil
16854,36,51,108,99,seg_neutrophil
16855,48,49,105,102,seg_neutrophil
16856,60,61,81,78,lymphocyte
16857,60,60,81,81,lymphocyte
16858,48,48,105,105,seg_neutrophil
16859,58,63,84,75,lymphocyte
16860,58,55,84,90,lymphocyte
16861,49,49,102,102,seg_neutrophil
16862,49,57,102,87,lymphocyte
16863,52,52,96,96,seg_neutrophil
16864,49,49,102,102,seg_neutrophil
16865,51,52,99,96,seg_neutrophil
16866,51,50,99,102,seg_neutrophil
16867,49,51,102,99,seg_neutrophil
16868,49,48,102,105,seg_neutrophil
16869,52,59,96,90,lymphocyte
16870,52,48,96,105,seg_neutrophil
16871,58,58,84,84,lymphocyte
16872,49,49,102,102,seg_neutrophil
16873,45,58,111,84,seg_neutrophil
16874,54,54,93,93,lymphocyte
16875,45,83,111,108,seg_neutrophil
16876,54,40,93,120,seg_neutrophil
16877,51,55,99,90,seg_neutrophil
16878,49,46,102,108,seg_neutrophil
16879,46,52,108,96,seg_neutrophil
16880,54,52,93,96,seg_neutrophil
16881,48,48,105,105,seg_neutrophil
16882,51,58,99,84,lymphocyte
16883,46,52,108,96,seg_neutrophil
16884,55,54,90,93,lymphocyte
16885,61,48,78,105,lymphocyte
16886,12,54,105,93,seg_neutrophil
16887,54,45,93,111,seg_neutrophil
16888,52,58,96,84,lymphocyte
16889,55,58,90,84,lymphocyte
16890,58,63,84,75,lymphocyte
16891,49,48,102,105,seg_neutrophil
16892,43,51,114,99,seg_neutrophil
16893,48,52,105,96,lymphocyte
16894,40,46,120,108,monocyte
16895,43,49,114,102,monocyte
16896,55,55,90,90,lymphocyte
16897,48,46,105,108,seg_neutrophil
16898,43,95,114,102,seg_neutrophil
16899,43,42,114,117,monocyte
16900,54,60,93,81,lymphocyte
16901,57,55,87,90,lymphocyte
16902,55,58,90,84,lymphocyte
16903,48,51,105,99,seg_neutrophil
16904,49,48,102,105,seg_neutrophil
16905,52,52,96,96,lymphocyte
16906,51,51,99,99,seg_neutrophil
16907,52,57,96,87,seg_neutrophil
16908,45,52,111,96,seg_neutrophil
16909,51,33,99,99,seg_neutrophil
16910,49,52,102,96,seg_neutrophil
16911,54,51,93,99,seg_neutrophil
16912,55,52,90,96,seg_neutrophil
16913,48,49,105,102,seg_neutrophil
16914,49,48,102,105,seg_neutrophil
16915,64,55,72,90,lymphocyte
16916,57,55,87,90,lymphocyte
16917,63,57,75,87,lymphocyte
16918,57,63,87,75,lymphocyte
16919,45,46,111,108,seg_neutrophil
16920,52,54,96,93,lymphocyte
16921,46,55,108,90,seg_neutrophil
16922,43,49,114,102,seg_neutrophil
16923,55,27,90,81,lymphocyte
16924,51,46,99,108,seg_neutrophil
16925,52,55,96,90,lymphocyte
16926,51,54,99,93,seg_neutrophil
16927,52,48,96,105,seg_neutrophil
16928,60,63,81,75,lymphocyte
16929,55,52,90,96,lymphocyte
16930,46,54,108,93,seg_neutrophil
16931,45,49,111,102,seg_neutrophil
16932,55,57,90,87,lymphocyte
16933,52,49,96,102,seg_neutrophil
16934,55,49,90,102,seg_neutrophil
16935,52,52,96,96,seg_neutrophil
16936,57,58,87,84,lymphocyte
16937,46,52,108,96,seg_neutrophil
16938,52,57,96,87,seg_neutrophil
16939,57,55,87,90,seg_neutrophil
16940,48,43,105,114,seg_neutrophil
16941,49,57,102,87,seg_neutrophil
16942,51,54,99,93,seg_neutrophil
16943,48,51,105,99,seg_neutrophil
16944,58,57,84,87,seg_neutrophil
16945,52,51,96,99,basophil
16946,60,71,81,78,lymphocyte
16947,48,49,105,102,seg_neutrophil
16948,49,52,102,96,seg_neutrophil
16949,51,55,99,90,seg_neutrophil
16950,49,45,102,111,seg_neutrophil
16951,48,49,105,102,seg_neutrophil
16952,56,51,102,99,seg_neutrophil
16953,63,63,75,75,lymphocyte
16954,46,43,108,114,seg_neutrophil
16955,46,46,108,108,seg_neutrophil
16956,48,49,105,102,seg_neutrophil
16957,49,48,102,105,seg_neutrophil
16958,63,57,75,87,lymphocyte
16959,54,57,93,87,lymphocyte
16960,55,54,90,93,lymphocyte
16961,52,42,96,117,seg_neutrophil
16962,48,54,105,93,seg_neutrophil
16963,49,49,102,102,lymphocyte
16964,52,63,96,75,lymphocyte
16965,57,52,87,96,lymphocyte
16966,57,58,87,84,lymphocyte
16967,52,48,96,105,seg_neutrophil
16968,54,52,93,96,lymphocyte
16969,58,58,84,84,lymphocyte
16970,58,55,84,90,lymphocyte
16971,46,51,108,99,seg_neutrophil
16972,43,51,114,99,seg_neutrophil
16973,54,49,93,102,lymphocyte
16974,52,43,96,114,seg_neutrophil
16975,71,55,93,90,lymphocyte
16976,57,57,87,87,lymphocyte
16977,55,52,90,96,seg_neutrophil
16978,58,54,84,93,lymphocyte
16979,51,49,99,102,seg_neutrophil
16980,46,52,108,96,lymphocyte
16981,57,55,87,90,lymphocyte
16982,54,68,93,78,lymphocyte
16983,48,40,105,120,seg_neutrophil
16984,46,49,108,102,seg_neutrophil
16985,49,48,102,105,seg_neutrophil
16986,61,55,78,90,lymphocyte
16987,55,51,90,81,lymphocyte
16988,54,49,93,102,seg_neutrophil
16989,52,48,96,105,seg_neutrophil
16990,51,46,99,108,seg_neutrophil
16991,46,48,108,105,seg_neutrophil
16992,43,49,114,102,seg_neutrophil
16993,52,55,96,90,seg_neutrophil
16994,52,59,96,102,seg_neutrophil
16995,55,48,90,105,seg_neutrophil
16996,28,15,144,171,seg_neutrophil
16997,55,57,90,87,lymphocyte
16998,67,63,66,75,lymphocyte
16999,43,52,114,96,seg_neutrophil
17000,42,74,117,105,seg_neutrophil
17001,51,48,99,105,seg_neutrophil
17002,51,51,99,99,seg_neutrophil
17003,43,52,114,96,seg_neutrophil
17004,51,49,99,102,seg_neutrophil
17005,49,48,102,105,seg_neutrophil
17006,51,54,99,93,seg_neutrophil
17007,51,51,99,99,seg_neutrophil
17008,46,52,108,96,seg_neutrophil
17009,54,52,93,96,seg_neutrophil
17010,60,54,81,93,lymphocyte
17011,60,61,81,78,lymphocyte
17012,51,45,99,111,seg_neutrophil
17013,52,46,96,108,lymphocyte
17014,51,60,99,81,seg_neutrophil
17015,49,58,102,84,lymphocyte
17016,48,89,105,102,seg_neutrophil
17017,61,57,78,87,lymphocyte
17018,54,55,93,90,lymphocyte
17019,40,45,120,111,lymphocyte
17020,57,55,87,90,lymphocyte
17021,46,52,108,96,seg_neutrophil
17022,51,51,99,99,seg_neutrophil
17023,45,43,111,114,monocyte
17024,57,63,87,75,lymphocyte
17025,48,48,105,105,lymphocyte
17026,49,52,102,96,seg_neutrophil
17027,60,63,81,75,lymphocyte
17028,48,58,105,84,lymphocyte
17029,57,48,87,105,seg_neutrophil
17030,48,52,105,96,seg_neutrophil
17031,54,61,93,78,lymphocyte
17032,49,51,102,99,seg_neutrophil
17033,49,52,102,96,seg_neutrophil
17034,36,39,129,123,lymphocyte
17035,51,48,99,105,seg_neutrophil
17036,46,45,108,111,seg_neutrophil
17037,51,48,99,105,seg_neutrophil
17038,60,54,81,93,lymphocyte
17039,45,54,111,93,seg_neutrophil
17040,46,49,108,102,seg_neutrophil
17041,46,43,108,114,seg_neutrophil
17042,51,51,99,99,seg_neutrophil
17043,55,52,90,96,lymphocyte
17044,48,49,105,102,seg_neutrophil
17045,48,46,105,108,seg_neutrophil
17046,45,49,111,102,seg_neutrophil
17047,63,57,75,87,lymphocyte
17048,52,52,96,96,seg_neutrophil
17049,55,58,90,84,lymphocyte
17050,51,55,99,90,lymphocyte
17051,58,54,84,93,seg_neutrophil
17052,55,57,90,87,lymphocyte
17053,48,54,105,93,seg_neutrophil
17054,58,57,84,87,lymphocyte
17055,58,60,84,81,lymphocyte
17056,57,54,87,93,lymphocyte
17057,45,49,111,102,seg_neutrophil
17058,54,54,93,93,seg_neutrophil
17059,54,51,93,99,seg_neutrophil
17060,52,51,96,99,lymphocyte
17061,57,54,87,93,lymphocyte
17062,45,54,111,93,seg_neutrophil
17063,55,49,90,102,seg_neutrophil
17064,49,46,102,108,seg_neutrophil
17065,43,46,114,108,monocyte
17066,48,51,105,99,seg_neutrophil
17067,49,48,102,105,seg_neutrophil
17068,51,49,99,102,seg_neutrophil
17069,46,48,108,105,seg_neutrophil
17070,51,46,99,108,seg_neutrophil
17071,49,46,102,108,seg_neutrophil
17072,45,46,111,108,seg_neutrophil
17073,42,43,117,114,seg_neutrophil
17074,61,57,78,87,lymphocyte
17075,46,43,108,114,seg_neutrophil
17076,57,57,87,87,lymphocyte
17077,49,9,102,117,seg_neutrophil
17078,61,51,78,99,lymphocyte
17079,54,51,93,99,seg_neutrophil
17080,55,46,90,108,lymphocyte
17081,51,55,99,90,seg_neutrophil
17082,55,57,90,87,lymphocyte
17083,55,61,90,78,lymphocyte
17084,27,60,78,81,lymphocyte
17085,51,54,99,93,seg_neutrophil
17086,52,54,96,93,seg_neutrophil
17087,55,61,90,78,seg_neutrophil
17088,55,49,90,102,seg_neutrophil
17089,58,58,84,84,lymphocyte
17090,48,69,105,63,lymphocyte
17091,48,46,105,108,seg_neutrophil
17092,48,46,105,108,seg_neutrophil
17093,54,54,93,93,lymphocyte
17094,51,51,99,99,seg_neutrophil
17095,48,49,105,102,seg_neutrophil
17096,49,46,102,108,seg_neutrophil
17097,55,51,90,99,lymphocyte
17098,48,51,105,99,seg_neutrophil
17099,48,55,105,90,seg_neutrophil
17100,49,54,102,93,seg_neutrophil
17101,42,48,117,105,monocyte
17102,57,61,87,78,lymphocyte
17103,54,61,93,78,lymphocyte
17104,49,57,102,87,lymphocyte
17105,60,42,81,81,lymphocyte
17106,61,61,78,78,lymphocyte
17107,48,52,105,96,seg_neutrophil
17108,51,33,99,96,seg_neutrophil
17109,49,57,102,87,lymphocyte
17110,40,37,120,126,eosinophil
17111,54,60,93,81,seg_neutrophil
17112,48,51,105,99,seg_neutrophil
17113,58,63,84,75,lymphocyte
17114,57,57,87,87,lymphocyte
17115,55,58,90,84,lymphocyte
17116,46,48,108,105,seg_neutrophil
17117,39,54,123,93,seg_neutrophil
17118,54,46,93,108,seg_neutrophil
17119,51,60,99,81,lymphocyte
17120,49,51,102,99,seg_neutrophil
17121,54,55,93,90,lymphocyte
17122,49,46,102,108,monocyte
17123,54,49,93,102,artifact
17124,60,60,81,81,lymphocyte
17125,58,60,84,81,lymphocyte
17126,49,49,102,102,seg_neutrophil
17127,51,51,99,99,seg_neutrophil
17128,48,55,105,90,seg_neutrophil
17129,49,52,102,96,monocyte
17130,57,57,87,87,lymphocyte
17131,58,61,84,78,lymphocyte
17132,51,46,99,108,monocyte
17133,51,48,99,105,seg_neutrophil
17134,46,52,108,96,seg_neutrophil
17135,52,57,96,87,lymphocyte
17136,52,49,96,102,lymphocyte
17137,6,58,102,84,artifact
17138,55,64,90,72,artifact
17139,45,49,111,102,seg_neutrophil
17140,49,48,102,105,seg_neutrophil
17141,37,45,126,111,monocyte
17142,55,52,90,96,lymphocyte
17143,58,63,84,75,lymphocyte
17144,48,51,105,99,seg_neutrophil
17145,43,48,114,105,seg_neutrophil
17146,57,52,87,96,lymphocyte
17147,43,51,114,99,seg_neutrophil
17148,49,48,102,105,seg_neutrophil
17149,57,54,87,93,lymphocyte
17150,45,51,111,99,seg_neutrophil
17151,52,54,96,93,lymphocyte
17152,49,43,102,114,seg_neutrophil
17153,55,54,90,93,lymphocyte
17154,46,54,108,93,lymphocyte
17155,61,57,78,87,lymphocyte
17156,48,54,105,93,seg_neutrophil
17157,46,46,108,108,monocyte
17158,52,46,96,108,seg_neutrophil
17159,55,58,90,84,lymphocyte
17160,46,55,108,90,seg_neutrophil
17161,43,33,114,114,seg_neutrophil
17162,69,66,63,69,artifact
17163,64,46,72,108,artifact
17164,43,45,114,111,seg_neutrophil
17165,57,49,87,102,smudge
17166,51,51,99,99,seg_neutrophil
17167,54,60,93,81,lymphocyte
17168,51,60,99,81,smudge
17169,12,60,99,81,lymphocyte
17170,49,49,102,102,seg_neutrophil
17171,51,51,99,99,lymphocyte
17172,42,45,117,111,monocyte
17173,48,18,105,117,seg_neutrophil
17174,54,52,93,96,seg_neutrophil
17175,46,46,108,108,seg_neutrophil
17176,48,57,105,87,seg_neutrophil
17177,51,46,99,108,seg_neutrophil
17178,42,63,117,75,smudge
17179,54,49,93,102,seg_neutrophil
17180,60,57,81,87,lymphocyte
17181,48,49,105,102,seg_neutrophil
17182,48,51,105,99,seg_neutrophil
17183,54,58,93,84,seg_neutrophil
17184,60,57,81,87,lymphocyte
17185,51,48,99,105,seg_neutrophil
17186,51,51,99,99,seg_neutrophil
17187,49,51,102,99,seg_neutrophil
17188,49,61,102,78,lymphocyte
17189,51,46,99,108,seg_neutrophil
17190,60,46,81,108,lymphocyte
17191,52,51,96,99,seg_neutrophil
17192,54,57,93,87,lymphocyte
17193,51,51,99,99,seg_neutrophil
17194,46,51,108,99,seg_neutrophil
17195,46,54,108,93,seg_neutrophil
17196,58,54,84,93,lymphocyte
17197,46,52,108,96,seg_neutrophil
17198,51,57,99,87,lymphocyte
17199,52,60,96,81,seg_neutrophil
17200,55,51,90,99,lymphocyte
17201,54,52,93,96,seg_neutrophil
17202,43,52,114,96,seg_neutrophil
17203,51,51,99,99,seg_neutrophil
17204,46,51,108,99,lymphocyte
17205,52,51,96,99,smudge
17206,48,52,105,96,seg_neutrophil
17207,49,42,102,117,seg_neutrophil
17208,52,9,96,117,seg_neutrophil
17209,54,51,93,99,lymphocyte
17210,58,45,84,111,seg_neutrophil
17211,51,58,99,84,seg_neutrophil
17212,61,58,78,84,lymphocyte
17213,46,51,108,99,lymphocyte
17214,49,60,102,81,lymphocyte
17215,36,40,129,120,monocyte
17216,54,52,93,96,seg_neutrophil
17217,43,45,114,111,seg_neutrophil
17218,48,48,105,105,seg_neutrophil
17219,43,45,114,111,monocyte
17220,54,64,93,72,lymphocyte
17221,61,49,78,102,lymphocyte
17222,40,54,120,93,seg_neutrophil
17223,58,58,84,84,lymphocyte
17224,46,46,108,108,band_neutrophil
17225,63,54,75,93,smudge
17226,46,55,108,90,seg_neutrophil
17227,57,58,87,84,lymphocyte
17228,51,58,99,84,lymphocyte
17229,49,52,102,96,seg_neutrophil
17230,55,52,90,96,seg_neutrophil
17231,49,51,102,99,lymphocyte
17232,58,66,84,69,lymphocyte
17233,55,36,90,129,artifact
17234,61,69,78,63,smudge
17235,39,52,123,96,seg_neutrophil
17236,42,39,117,123,monocyte
17237,54,55,93,90,lymphocyte
17238,49,49,102,102,seg_neutrophil
17239,48,52,90,96,lymphocyte
17240,48,55,105,90,seg_neutrophil
17241,37,42,126,117,monocyte
17242,43,52,114,96,seg_neutrophil
17243,45,51,111,99,seg_neutrophil
17244,42,43,117,114,monocyte
17245,68,49,108,102,seg_neutrophil
17246,57,57,87,87,lymphocyte
17247,52,52,96,96,lymphocyte
17248,43,52,114,96,seg_neutrophil
17249,45,52,111,96,seg_neutrophil
17250,63,48,75,105,smudge
17251,60,55,81,90,lymphocyte
17252,51,49,99,102,seg_neutrophil
17253,55,55,90,90,seg_neutrophil
17254,52,52,96,96,seg_neutrophil
17255,46,52,108,96,seg_neutrophil
17256,52,48,96,105,seg_neutrophil
17257,58,57,84,87,lymphocyte
17258,55,61,90,78,lymphocyte
17259,48,49,105,102,seg_neutrophil
17260,46,57,108,87,seg_neutrophil
17261,63,60,75,81,lymphocyte
17262,49,46,102,108,seg_neutrophil
17263,46,48,108,105,seg_neutrophil
17264,51,54,99,93,seg_neutrophil
17265,52,54,96,93,lymphocyte
17266,52,45,96,111,seg_neutrophil
17267,48,48,105,105,seg_neutrophil
17268,54,55,93,90,lymphocyte
17269,43,52,114,96,seg_neutrophil
17270,51,48,99,105,lymphocyte
17271,48,54,105,93,seg_neutrophil
17272,58,64,84,72,lymphocyte
17273,60,64,81,72,lymphocyte
17274,60,63,81,75,lymphocyte
17275,49,43,102,114,seg_neutrophil
17276,46,45,108,111,seg_neutrophil
17277,49,48,102,105,seg_neutrophil
17278,49,46,102,108,seg_neutrophil
17279,46,51,108,99,seg_neutrophil
17280,45,43,111,114,seg_neutrophil
17281,60,58,81,84,lymphocyte
17282,49,43,102,114,seg_neutrophil
17283,60,60,81,81,lymphocyte
17284,48,51,105,99,seg_neutrophil
17285,57,52,87,96,lymphocyte
17286,45,55,111,90,artifact
17287,46,52,108,96,artifact
17288,57,51,87,99,lymphocyte
17289,48,49,105,102,seg_neutrophil
17290,34,64,132,72,artifact
17291,49,51,102,99,seg_neutrophil
17292,57,51,87,99,seg_neutrophil
17293,45,33,111,114,seg_neutrophil
17294,55,57,90,87,lymphocyte
17295,51,46,99,108,seg_neutrophil
17296,54,48,93,105,seg_neutrophil
17297,49,55,102,90,seg_neutrophil
17298,51,52,99,96,lymphocyte
17299,43,48,114,105,monocyte
17300,46,48,108,105,seg_neutrophil
17301,68,52,105,96,seg_neutrophil
17302,49,54,102,93,lymphocyte
17303,31,36,138,129,monocyte
17304,57,6,87,90,artifact
17305,49,54,102,93,lymphocyte
17306,52,57,96,87,seg_neutrophil
17307,51,49,99,102,lymphocyte
17308,45,45,111,111,lymphocyte
17309,51,54,99,93,lymphocyte
17310,48,67,105,66,smudge
17311,52,49,96,102,seg_neutrophil
17312,58,51,84,99,seg_neutrophil
17313,57,58,87,84,lymphocyte
17314,46,57,108,87,seg_neutrophil
17315,48,49,105,102,seg_neutrophil
17316,48,39,105,93,seg_neutrophil
17317,49,48,102,105,seg_neutrophil
17318,49,65,102,81,smudge
17319,49,59,102,111,seg_neutrophil
17320,74,49,120,102,seg_neutrophil
17321,51,49,99,102,seg_neutrophil
17322,57,57,87,87,artifact
17323,52,48,96,105,seg_neutrophil
17324,52,49,96,102,seg_neutrophil
17325,22,-18,156,237,artifact
17326,45,51,111,99,seg_neutrophil
17327,49,98,102,99,artifact
17328,51,52,99,96,lymphocyte
17329,60,58,81,84,lymphocyte
17330,55,77,90,90,lymphocyte
17331,51,52,99,96,seg_neutrophil
17332,54,51,93,99,seg_neutrophil
17333,48,48,105,105,seg_neutrophil
17334,43,48,114,105,seg_neutrophil
17335,43,24,114,117,monocyte
17336,30,55,93,90,lymphocyte
17337,57,55,87,90,lymphocyte
17338,45,49,111,102,seg_neutrophil
17339,51,51,99,99,seg_neutrophil
17340,48,48,105,105,seg_neutrophil
17341,55,57,90,87,smudge
17342,61,49,78,102,lymphocyte
17343,54,54,93,93,lymphocyte
17344,48,48,105,105,seg_neutrophil
17345,51,51,99,99,seg_neutrophil
17346,49,43,102,114,seg_neutrophil
17347,52,52,96,96,lymphocyte
17348,39,51,123,99,eosinophil
17349,51,52,99,96,seg_neutrophil
17350,48,45,105,111,seg_neutrophil
17351,48,54,105,93,seg_neutrophil
17352,48,51,105,99,seg_neutrophil
17353,48,51,105,99,monocyte
17354,45,42,111,117,seg_neutrophil
17355,46,45,108,111,eosinophil
17356,60,57,81,87,lymphocyte
17357,64,47,72,132,lymphocyte
17358,45,45,111,111,seg_neutrophil
17359,43,54,114,93,seg_neutrophil
17360,46,65,108,96,eosinophil
17361,43,52,114,96,seg_neutrophil
17362,46,52,108,96,seg_neutrophil
17363,49,52,102,96,lymphocyte
17364,46,46,108,108,eosinophil
17365,46,46,108,108,monocyte
17366,52,49,96,102,seg_neutrophil
17367,52,77,96,102,lymphocyte
17368,51,51,99,99,seg_neutrophil
17369,54,51,93,99,seg_neutrophil
17370,52,55,96,90,lymphocyte
17371,42,48,117,105,seg_neutrophil
17372,51,51,99,99,seg_neutrophil
17373,48,50,105,102,seg_neutrophil
17374,57,55,87,90,lymphocyte
17375,45,46,111,108,seg_neutrophil
17376,48,46,105,108,seg_neutrophil
17377,40,51,120,99,seg_neutrophil
17378,45,46,111,108,seg_neutrophil
17379,61,67,78,66,artifact
17380,63,58,75,84,lymphocyte
17381,51,57,99,87,lymphocyte
17382,55,66,90,69,smudge
17383,46,49,108,102,seg_neutrophil
17384,58,55,84,90,lymphocyte
17385,49,49,102,102,seg_neutrophil
17386,51,45,99,111,seg_neutrophil
17387,48,49,105,102,seg_neutrophil
17388,55,51,90,99,seg_neutrophil
17389,43,48,114,105,seg_neutrophil
17390,46,48,108,105,seg_neutrophil
17391,60,55,81,90,lymphocyte
17392,49,36,102,99,seg_neutrophil
17393,52,55,96,90,lymphocyte
17394,51,52,99,96,seg_neutrophil
17395,42,46,117,108,monocyte
17396,55,58,90,84,lymphocyte
17397,60,54,81,93,lymphocyte
17398,51,51,99,99,lymphocyte
17399,48,49,105,102,lymphocyte
17400,72,72,57,57,g_plt
17401,54,61,93,78,lymphocyte
17402,51,52,99,96,seg_neutrophil
17403,48,51,105,99,lymphocyte
17404,51,51,99,99,seg_neutrophil
17405,49,57,102,87,seg_neutrophil
17406,52,55,96,90,seg_neutrophil
17407,45,49,111,102,seg_neutrophil
17408,46,49,108,102,seg_neutrophil
17409,54,54,93,93,lymphocyte
17410,45,43,111,114,seg_neutrophil
17411,51,46,99,108,seg_neutrophil
17412,51,54,99,93,seg_neutrophil
17413,48,54,105,93,seg_neutrophil
17414,43,45,114,111,monocyte
17415,43,45,114,111,seg_neutrophil
17416,48,45,105,105,seg_neutrophil
17417,43,46,114,108,monocyte
17418,51,45,99,111,seg_neutrophil
17419,55,61,90,78,lymphocyte
17420,52,54,96,93,seg_neutrophil
17421,49,49,102,102,seg_neutrophil
17422,51,77,99,87,lymphocyte
17423,51,51,99,99,seg_neutrophil
17424,69,64,63,72,g_plt
17425,51,48,99,105,seg_neutrophil
17426,45,55,111,90,seg_neutrophil
17427,48,59,105,99,seg_neutrophil
17428,54,52,93,96,seg_neutrophil
17429,52,48,96,105,seg_neutrophil
17430,27,51,96,99,seg_neutrophil
17431,66,72,69,57,smudge
17432,45,49,111,102,seg_neutrophil
17433,39,43,123,114,monocyte
17434,61,60,78,81,lymphocyte
17435,48,48,105,105,seg_neutrophil
17436,52,95,96,96,lymphocyte
17437,57,61,87,78,lymphocyte
17438,30,43,141,114,artifact
17439,46,51,108,99,seg_neutrophil
17440,55,48,90,105,seg_neutrophil
17441,58,54,84,93,lymphocyte
17442,57,60,87,81,lymphocyte
17443,37,48,126,105,seg_neutrophil
17444,54,57,93,87,lymphocyte
17445,51,54,99,93,seg_neutrophil
17446,51,52,99,96,seg_neutrophil
17447,54,46,93,108,lymphocyte
17448,55,60,90,81,lymphocyte
17449,51,49,99,102,seg_neutrophil
17450,49,51,102,99,seg_neutrophil
17451,60,64,69,72,lymphocyte
17452,64,61,72,78,lymphocyte
17453,58,92,84,93,artifact
17454,45,49,111,102,seg_neutrophil
17455,54,51,93,99,seg_neutrophil
17456,51,49,99,102,seg_neutrophil
17457,45,48,111,105,seg_neutrophil
17458,49,89,102,102,seg_neutrophil
17459,58,58,84,84,lymphocyte
17460,57,48,87,105,lymphocyte
17461,55,45,90,87,lymphocyte
17462,51,51,99,99,seg_neutrophil
17463,51,54,99,93,seg_neutrophil
17464,48,52,105,96,seg_neutrophil
17465,51,51,99,99,seg_neutrophil
17466,48,43,105,114,seg_neutrophil
17467,57,54,87,93,lymphocyte
17468,48,46,105,108,seg_neutrophil
17469,51,52,99,96,seg_neutrophil
17470,52,49,96,102,lymphocyte
17471,54,57,93,87,lymphocyte
17472,48,52,105,96,seg_neutrophil
17473,48,45,105,111,smudge
17474,40,40,120,120,seg_neutrophil
17475,60,61,81,78,lymphocyte
17476,52,54,96,93,seg_neutrophil
17477,49,39,102,105,seg_neutrophil
17478,51,57,99,87,lymphocyte
17479,55,83,90,102,seg_neutrophil
17480,63,52,75,96,agg_plt
17481,73,63,54,75,artifact
17482,46,34,108,132,smudge
17483,61,65,78,78,agg_plt
17484,66,69,69,63,agg_plt
17485,30,9,141,183,artifact
17486,43,46,114,108,artifact
17487,58,67,84,66,agg_plt
17488,73,52,54,96,agg_plt
17489,40,24,120,153,agg_plt
17490,72,64,57,72,agg_plt
17491,73,54,54,93,agg_plt
17492,39,46,123,108,smudge
17493,48,54,105,93,agg_plt
17494,57,54,87,93,agg_plt
17495,66,69,69,63,agg_plt
17496,51,51,99,99,smudge
17497,42,39,117,123,smudge
17498,27,40,96,120,agg_plt
17499,49,60,102,81,agg_plt
17500,36,42,129,117,seg_neutrophil
17501,61,75,78,51,agg_plt
17502,61,61,78,78,agg_plt
17503,64,64,72,72,agg_plt
17504,51,43,99,114,smudge
17505,43,48,114,105,seg_neutrophil
17506,61,57,78,87,agg_plt
17507,55,51,90,99,smudge
17508,61,39,78,123,agg_plt
17509,12,-14,177,228,agg_plt
17510,67,63,66,75,agg_plt
17511,49,42,102,117,agg_plt
17512,57,55,87,90,agg_plt
17513,75,70,51,60,agg_plt
17514,-56,18,312,165,artifact
17515,69,67,63,66,agg_plt
17516,57,70,87,60,agg_plt
17517,51,28,99,144,agg_plt
17518,52,10,96,180,agg_plt
17519,36,48,129,105,agg_plt
17520,49,49,102,102,agg_plt
17521,75,45,51,87,agg_plt
17522,55,37,90,126,agg_plt
17523,52,51,96,99,agg_plt
17524,51,46,99,108,agg_plt
17525,45,42,111,117,myelocyte
17526,46,51,108,99,smudge
17527,60,61,81,78,agg_plt
17528,55,58,90,84,agg_plt
17529,66,67,69,66,agg_plt
17530,70,61,60,78,agg_plt
17531,63,55,75,90,agg_plt
17532,52,60,96,81,agg_plt
17533,67,54,66,93,agg_plt
17534,63,60,75,81,agg_plt
17535,57,43,87,114,agg_plt
17536,75,66,51,69,agg_plt
17537,58,63,84,75,agg_plt
17538,55,45,90,111,agg_plt
17539,48,48,105,105,smudge
17540,73,70,54,60,agg_plt
17541,45,51,111,99,smudge
17542,61,46,78,108,agg_plt
17543,45,51,111,99,seg_neutrophil
17544,48,46,105,108,smudge
17545,65,48,117,105,agg_plt
17546,61,57,78,87,agg_plt
17547,58,48,84,105,agg_plt
17548,51,51,99,99,agg_plt
17549,46,45,108,111,agg_plt
17550,60,24,81,153,agg_plt
17551,52,60,96,81,agg_plt
17552,18,-30,165,261,agg_plt
17553,75,67,51,66,agg_plt
17554,39,54,87,93,agg_plt
17555,72,77,57,66,agg_plt
17556,46,46,108,108,seg_neutrophil
17557,64,67,72,66,agg_plt
17558,49,31,102,138,agg_plt
17559,67,61,66,78,agg_plt
17560,70,67,60,66,agg_plt
17561,49,49,102,102,smudge
17562,28,-23,144,246,agg_plt
17563,57,52,87,96,agg_plt
17564,45,51,111,99,seg_neutrophil
17565,22,18,156,159,agg_plt
17566,1,28,198,144,artifact
17567,36,43,129,114,agg_plt
17568,49,46,102,108,agg_plt
17569,46,48,108,105,smudge
17570,39,46,123,108,smudge
17571,60,57,81,87,agg_plt
17572,58,61,84,78,agg_plt
17573,66,49,69,102,agg_plt
17574,68,58,108,84,agg_plt
17575,98,37,90,126,agg_plt
17576,46,19,108,162,agg_plt
17577,43,46,114,108,seg_neutrophil
17578,61,52,78,96,agg_plt
17579,43,52,114,96,seg_neutrophil
17580,33,34,108,132,agg_plt
17581,64,55,72,90,agg_plt
17582,128,66,66,69,agg_plt
17583,64,49,72,102,agg_plt
17584,52,43,96,114,seg_neutrophil
17585,51,48,99,105,smudge
17586,39,48,123,105,agg_plt
17587,52,43,96,114,agg_plt
17588,61,58,78,84,agg_plt
17589,67,21,66,87,agg_plt
17590,6,22,189,156,agg_plt
17591,49,52,102,96,agg_plt
17592,58,31,84,138,agg_plt
17593,70,66,60,69,agg_plt
17594,57,48,87,105,agg_plt
17595,31,6,138,150,agg_plt
17596,49,43,102,114,smudge
17597,58,54,84,93,agg_plt
17598,48,43,105,114,agg_plt
17599,48,49,105,102,smudge
17600,72,61,57,78,agg_plt
17601,63,63,75,75,agg_plt
17602,39,131,60,57,agg_plt
17603,52,55,96,90,agg_plt
17604,73,122,54,66,agg_plt
17605,63,75,75,51,agg_plt
17606,45,48,111,105,agg_plt
17607,54,48,93,105,agg_plt
17608,52,18,96,165,agg_plt
17609,37,57,126,87,agg_plt
17610,49,52,102,96,smudge
17611,76,63,48,75,agg_plt
17612,46,48,108,105,smudge
17613,73,64,54,72,agg_plt
17614,70,55,60,90,agg_plt
17615,46,49,108,102,smudge
17616,45,37,111,126,smudge
17617,51,64,99,72,agg_plt
17618,0,13,201,174,agg_plt
17619,60,54,81,93,agg_plt
17620,54,37,93,126,agg_plt
17621,51,42,99,117,agg_plt
17622,34,13,132,174,agg_plt
17623,49,24,102,153,agg_plt
17624,64,66,72,69,agg_plt
17625,66,43,69,114,agg_plt
17626,51,45,99,111,agg_plt
17627,45,48,111,105,smudge
17628,55,45,90,111,agg_plt
17629,19,4,162,192,agg_plt
17630,69,63,63,75,agg_plt
17631,40,36,120,129,agg_plt
17632,76,61,48,78,agg_plt
17633,69,54,63,93,agg_plt
17634,45,7,111,186,agg_plt
17635,54,31,93,138,agg_plt
17636,49,51,102,99,smudge
17637,60,49,81,102,agg_plt
17638,58,48,84,105,agg_plt
17639,55,58,90,84,agg_plt
17640,40,52,120,96,smudge
17641,107,33,90,135,agg_plt
17642,34,37,132,126,agg_plt
17643,61,45,78,111,agg_plt
17644,73,61,54,78,agg_plt
17645,49,42,102,117,agg_plt
17646,46,48,108,105,smudge
17647,73,66,54,69,agg_plt
17648,51,43,99,114,smudge
17649,30,18,141,126,smudge
17650,52,43,96,114,agg_plt
17651,57,70,51,60,agg_plt
17652,27,42,117,117,smudge
17653,34,21,132,159,agg_plt
17654,55,43,90,114,agg_plt
17655,61,57,78,87,agg_plt
17656,72,67,57,66,agg_plt
17657,72,67,57,66,agg_plt
17658,60,48,81,105,agg_plt
17659,46,49,108,102,agg_plt
17660,9,21,183,159,agg_plt
17661,49,3,102,72,agg_plt
17662,63,66,75,69,agg_plt
17663,42,52,117,96,agg_plt
17664,64,58,72,84,agg_plt
17665,72,66,57,69,agg_plt
17666,37,15,126,171,agg_plt
17667,46,33,108,135,agg_plt
17668,70,61,60,78,agg_plt
17669,58,43,84,114,agg_plt
17670,58,52,84,96,agg_plt
17671,51,55,99,90,smudge
17672,42,33,117,135,agg_plt
17673,63,58,75,84,agg_plt
17674,48,49,105,102,agg_plt
17675,-29,45,258,111,artifact
17676,51,83,99,84,agg_plt
17677,63,54,75,93,agg_plt
17678,70,48,60,105,agg_plt
17679,76,52,48,96,agg_plt
17680,70,52,60,96,agg_plt
17681,55,58,90,84,agg_plt
17682,63,43,75,114,agg_plt
17683,55,63,90,75,agg_plt
17684,73,6,54,87,agg_plt
17685,70,42,60,117,agg_plt
17686,58,60,84,81,agg_plt
17687,64,43,72,114,agg_plt
17688,54,66,93,69,agg_plt
17689,67,64,66,72,agg_plt
17690,31,43,138,114,agg_plt
17691,70,55,60,90,agg_plt
17692,52,42,96,117,agg_plt
17693,70,60,60,81,agg_plt
17694,36,57,129,87,agg_plt
17695,72,58,57,84,agg_plt
17696,55,67,90,66,agg_plt
17697,66,57,69,87,agg_plt
17698,67,57,66,87,agg_plt
17699,78,55,45,90,agg_plt
17700,55,58,90,84,agg_plt
17701,67,51,66,99,agg_plt
17702,66,67,69,66,agg_plt
17703,73,57,54,87,agg_plt
17704,52,49,96,102,agg_plt
17705,72,69,57,63,agg_plt
17706,61,60,78,81,agg_plt
17707,43,36,114,99,agg_plt
17708,60,33,81,78,agg_plt
17709,55,49,90,102,agg_plt
17710,63,64,75,72,agg_plt
17711,98,28,81,144,agg_plt
17712,58,67,84,66,agg_plt
17713,61,60,78,81,agg_plt
17714,61,55,78,90,agg_plt
17715,57,86,87,54,agg_plt
17716,61,57,78,87,agg_plt
17717,64,67,72,66,agg_plt
17718,67,67,66,66,agg_plt
17719,45,60,96,81,agg_plt
17720,49,55,102,90,smudge
17721,66,63,69,75,agg_plt
17722,54,48,93,105,artifact
17723,64,73,72,54,artifact
17724,70,70,60,60,agg_plt
17725,49,27,102,132,artifact
17726,64,69,72,63,agg_plt
17727,98,69,63,63,agg_plt
17728,42,58,117,84,smudge
17729,61,55,78,90,agg_plt
17730,72,70,57,60,agg_plt
17731,48,104,105,93,smudge
17732,72,69,57,63,agg_plt
17733,60,60,81,81,smudge
17734,61,73,78,54,agg_plt
17735,54,52,93,96,seg_neutrophil
17736,60,64,81,72,agg_plt
17737,40,60,120,81,agg_plt
17738,51,66,99,69,smudge
17739,48,3,105,87,smudge
17740,64,67,72,66,agg_plt
17741,64,73,72,54,agg_plt
17742,45,80,111,81,agg_plt
17743,66,69,69,63,agg_plt
17744,125,58,54,84,agg_plt
17745,72,69,57,63,agg_plt
17746,60,10,81,180,agg_plt
17747,55,95,90,72,agg_plt
17748,61,42,78,60,agg_plt
17749,57,54,87,93,agg_plt
17750,64,69,72,63,agg_plt
17751,60,107,81,72,agg_plt
17752,58,70,84,60,agg_plt
17753,61,42,78,117,agg_plt
17754,67,46,66,108,agg_plt
17755,63,58,75,84,agg_plt
17756,52,52,96,96,smudge
17757,66,64,69,72,agg_plt
17758,61,66,78,69,agg_plt
17759,54,52,93,96,smudge
17760,63,49,75,102,agg_plt
17761,70,61,60,78,agg_plt
17762,75,67,51,66,agg_plt
17763,64,67,72,66,agg_plt
17764,70,66,60,69,agg_plt
17765,46,52,108,96,agg_plt
17766,67,66,66,69,agg_plt
17767,57,60,87,81,agg_plt
17768,61,66,78,69,agg_plt
17769,70,12,60,75,agg_plt
17770,58,45,84,111,smudge
17771,72,60,57,81,agg_plt
17772,72,64,57,72,agg_plt
17773,69,70,63,60,agg_plt
17774,61,9,78,60,agg_plt
17775,75,55,51,90,agg_plt
17776,48,40,105,120,agg_plt
17777,89,25,75,150,agg_plt
17778,15,52,90,96,agg_plt
17779,70,70,60,60,agg_plt
17780,63,95,75,96,agg_plt
17781,61,60,78,81,agg_plt
17782,66,70,69,60,agg_plt
17783,54,45,93,111,agg_plt
17784,30,66,60,69,agg_plt
17785,51,39,99,123,smudge
17786,72,73,57,54,agg_plt
17787,73,69,54,63,agg_plt
17788,64,72,72,57,agg_plt
17789,58,54,84,93,smudge
17790,73,69,54,63,agg_plt
17791,67,60,66,81,agg_plt
17792,63,57,75,87,agg_plt
17793,49,54,102,93,smudge
17794,76,42,48,81,agg_plt
17795,61,70,78,60,agg_plt
17796,60,51,81,99,agg_plt
17797,60,52,81,96,agg_plt
17798,70,63,60,75,agg_plt
17799,64,45,72,87,agg_plt
17800,58,57,84,87,smudge
17801,63,46,75,108,agg_plt
17802,66,51,69,99,agg_plt
17803,55,51,90,99,smudge
17804,66,46,69,108,agg_plt
17805,72,60,57,81,agg_plt
17806,61,57,78,87,agg_plt
17807,18,-23,165,246,artifact
17808,63,57,75,87,agg_plt
17809,73,69,54,63,agg_plt
17810,51,37,99,126,smudge
17811,67,54,66,93,agg_plt
17812,46,54,108,93,smudge
17813,52,43,96,114,smudge
17814,57,51,87,99,agg_plt
17815,58,61,84,78,smudge
17816,61,39,78,123,agg_plt
17817,73,57,54,78,agg_plt
17818,69,54,63,93,agg_plt
17819,49,54,102,93,smudge
17820,66,63,69,75,agg_plt
17821,66,52,69,96,agg_plt
17822,67,51,66,99,agg_plt
17823,42,61,72,78,agg_plt
17824,69,48,63,105,agg_plt
17825,69,104,63,72,agg_plt
17826,51,89,99,93,seg_neutrophil
17827,54,60,93,81,smudge
17828,52,9,96,87,smudge
17829,75,70,51,60,agg_plt
17830,57,46,87,108,agg_plt
17831,61,40,78,120,agg_plt
17832,64,64,72,72,agg_plt
17833,60,49,81,102,smudge
17834,61,45,78,111,agg_plt
17835,61,45,78,111,agg_plt
17836,60,49,81,102,agg_plt
17837,43,45,114,111,smudge
17838,61,61,78,78,agg_plt
17839,49,58,102,84,smudge
17840,73,54,54,93,agg_plt
17841,49,48,102,105,smudge
17842,63,58,75,84,agg_plt
17843,49,52,102,96,smudge
17844,75,67,51,66,agg_plt
17845,76,52,48,96,agg_plt
17846,46,51,108,99,agg_plt
17847,42,54,117,93,agg_plt
17848,46,61,108,78,agg_plt
17849,78,66,45,69,agg_plt
17850,70,63,60,75,agg_plt
17851,55,48,90,105,seg_neutrophil
17852,57,57,87,87,agg_plt
17853,63,66,75,69,agg_plt
17854,64,63,72,75,agg_plt
17855,46,46,108,108,agg_plt
17856,61,58,78,84,agg_plt
17857,64,60,72,81,agg_plt
17858,63,39,75,123,agg_plt
17859,58,74,84,117,smudge
17860,70,49,60,102,agg_plt
17861,49,52,102,96,smudge
17862,60,10,81,180,agg_plt
17863,49,45,102,111,smudge
17864,70,64,60,72,agg_plt
17865,73,55,54,90,agg_plt
17866,49,45,102,111,smudge
17867,58,45,84,111,artifact
17868,45,67,111,66,artifact
17869,18,31,165,138,artifact
17870,70,58,60,84,artifact
17871,67,55,66,90,artifact
17872,67,43,66,114,agg_plt
17873,60,60,81,81,agg_plt
17874,57,43,87,114,agg_plt
17875,54,49,93,102,agg_plt
17876,42,34,117,132,smudge
17877,48,40,105,120,smudge
17878,67,64,66,72,agg_plt
17879,55,48,90,105,smudge
17880,58,51,84,99,agg_plt
17881,63,60,75,81,agg_plt
17882,66,55,69,90,agg_plt
17883,70,55,60,90,agg_plt
17884,58,51,84,99,smudge
17885,63,64,75,72,lymphocyte
17886,51,46,99,108,seg_neutrophil
17887,52,55,96,90,seg_neutrophil
17888,49,62,102,87,seg_neutrophil
17889,45,48,111,105,seg_neutrophil
17890,43,51,114,99,seg_neutrophil
17891,60,55,81,90,lymphocyte
17892,49,51,102,99,seg_neutrophil
17893,52,51,96,99,seg_neutrophil
17894,54,54,93,93,band_neutrophil
17895,51,46,99,108,seg_neutrophil
17896,45,43,111,114,seg_neutrophil
17897,52,51,96,99,seg_neutrophil
17898,60,66,81,69,lymphocyte
17899,48,52,105,96,seg_neutrophil
17900,43,55,114,90,seg_neutrophil
17901,58,51,84,99,lymphocyte
17902,49,49,102,102,seg_neutrophil
17903,40,39,120,123,seg_neutrophil
17904,49,54,102,93,seg_neutrophil
17905,49,52,102,96,smudge
17906,48,55,105,90,seg_neutrophil
17907,60,61,81,78,lymphocyte
17908,52,40,96,120,seg_neutrophil
17909,55,48,90,105,seg_neutrophil
17910,57,55,87,90,lymphocyte
17911,58,58,84,84,lymphocyte
17912,54,45,93,111,seg_neutrophil
17913,48,51,105,99,seg_neutrophil
17914,49,40,102,120,seg_neutrophil
17915,46,46,108,108,eosinophil
17916,63,63,75,75,lymphocyte
17917,46,45,108,111,monocyte
17918,52,49,96,102,seg_neutrophil
17919,51,43,99,114,seg_neutrophil
17920,51,52,99,96,seg_neutrophil
17921,56,43,105,114,monocyte
17922,45,49,111,102,seg_neutrophil
17923,57,55,87,90,lymphocyte
17924,60,58,81,84,lymphocyte
17925,49,51,102,99,seg_neutrophil
17926,48,48,105,105,seg_neutrophil
17927,40,39,120,123,monocyte
17928,49,48,102,105,seg_neutrophil
17929,43,51,114,99,seg_neutrophil
17930,45,52,111,96,seg_neutrophil
17931,55,54,90,93,seg_neutrophil
17932,60,60,81,81,lymphocyte
17933,60,60,81,81,lymphocyte
17934,49,52,102,96,seg_neutrophil
17935,60,55,81,90,lymphocyte
17936,48,52,105,96,seg_neutrophil
17937,55,55,90,90,lymphocyte
17938,46,51,108,99,seg_neutrophil
17939,58,57,84,87,lymphocyte
17940,60,49,81,102,lymphocyte
17941,51,55,99,90,seg_neutrophil
17942,60,58,81,84,lymphocyte
17943,48,49,105,102,seg_neutrophil
17944,51,55,99,90,lymphocyte
17945,45,42,111,117,eosinophil
17946,54,57,93,87,lymphocyte
17947,61,63,78,75,lymphocyte
17948,46,45,108,111,seg_neutrophil
17949,51,45,99,111,seg_neutrophil
17950,52,52,96,96,seg_neutrophil
17951,45,54,111,93,seg_neutrophil
17952,54,51,93,99,seg_neutrophil
17953,46,45,108,111,seg_neutrophil
17954,52,52,96,96,seg_neutrophil
17955,63,54,75,93,lymphocyte
17956,46,51,108,99,seg_neutrophil
17957,57,57,87,87,seg_neutrophil
17958,54,64,93,72,lymphocyte
17959,52,49,96,102,seg_neutrophil
17960,45,48,111,105,seg_neutrophil
17961,54,51,93,99,seg_neutrophil
17962,37,52,126,96,seg_neutrophil
17963,51,52,99,96,seg_neutrophil
17964,49,54,102,93,seg_neutrophil
17965,46,54,108,93,seg_neutrophil
17966,54,58,93,84,lymphocyte
17967,52,51,96,99,seg_neutrophil
17968,46,60,108,81,seg_neutrophil
17969,52,86,96,102,seg_neutrophil
17970,45,48,111,105,seg_neutrophil
17971,54,49,93,102,seg_neutrophil
17972,39,55,123,90,seg_neutrophil
17973,48,52,105,96,seg_neutrophil
17974,52,51,96,99,seg_neutrophil
17975,51,49,99,102,smudge
17976,55,60,90,81,seg_neutrophil
17977,48,46,105,108,seg_neutrophil
17978,52,46,96,108,seg_neutrophil
17979,43,46,114,108,seg_neutrophil
17980,43,48,114,105,seg_neutrophil
17981,49,48,102,105,lymphocyte
17982,46,46,108,108,eosinophil
17983,48,54,105,93,seg_neutrophil
17984,48,48,105,105,seg_neutrophil
17985,45,48,111,105,monocyte
17986,43,54,114,93,seg_neutrophil
17987,58,60,84,81,lymphocyte
17988,51,46,99,108,seg_neutrophil
17989,48,46,105,108,seg_neutrophil
17990,49,52,102,96,seg_neutrophil
17991,61,58,78,84,lymphocyte
17992,48,51,105,99,seg_neutrophil
17993,45,45,111,111,seg_neutrophil
17994,46,46,108,108,seg_neutrophil
17995,48,45,105,102,seg_neutrophil
17996,46,43,108,114,seg_neutrophil
17997,45,46,111,108,seg_neutrophil
17998,40,40,120,120,monocyte
17999,48,54,105,93,seg_neutrophil
18000,57,64,87,72,lymphocyte
18001,45,45,111,96,seg_neutrophil
18002,60,55,81,90,lymphocyte
18003,49,48,102,105,seg_neutrophil
18004,51,49,99,102,seg_neutrophil
18005,55,48,90,105,seg_neutrophil
18006,55,48,90,105,seg_neutrophil
18007,46,51,108,99,seg_neutrophil
18008,57,46,87,108,seg_neutrophil
18009,46,48,108,105,seg_neutrophil
18010,52,63,96,75,lymphocyte
18011,54,58,93,84,lymphocyte
18012,51,65,99,96,seg_neutrophil
18013,48,46,105,108,seg_neutrophil
18014,48,55,105,90,seg_neutrophil
18015,52,45,96,102,seg_neutrophil
18016,49,51,102,99,seg_neutrophil
18017,60,55,81,90,lymphocyte
18018,63,66,75,69,lymphocyte
18019,51,42,99,117,seg_neutrophil
18020,43,42,114,117,monocyte
18021,48,55,105,90,seg_neutrophil
18022,55,48,90,105,seg_neutrophil
18023,52,52,96,96,lymphocyte
18024,48,39,105,117,seg_neutrophil
18025,51,52,99,96,seg_neutrophil
18026,33,48,102,105,seg_neutrophil
18027,42,45,117,111,seg_neutrophil
18028,43,51,114,99,seg_neutrophil
18029,49,48,102,105,eosinophil
18030,51,51,99,99,seg_neutrophil
18031,43,46,114,108,seg_neutrophil
18032,52,42,96,117,seg_neutrophil
18033,55,52,90,96,seg_neutrophil
18034,60,62,81,78,lymphocyte
18035,46,33,108,105,seg_neutrophil
18036,49,49,102,102,seg_neutrophil
18037,42,62,117,111,seg_neutrophil
18038,51,46,99,108,seg_neutrophil
18039,43,43,114,114,eosinophil
18040,54,58,93,84,lymphocyte
18041,52,51,96,99,seg_neutrophil
18042,46,43,108,114,seg_neutrophil
18043,52,48,96,105,seg_neutrophil
18044,46,33,108,102,seg_neutrophil
18045,39,40,123,120,eosinophil
18046,40,39,120,123,monocyte
18047,52,51,96,99,seg_neutrophil
18048,54,45,93,111,seg_neutrophil
18049,60,63,81,75,lymphocyte
18050,46,51,108,99,seg_neutrophil
18051,37,46,126,108,monocyte
18052,57,58,87,84,lymphocyte
18053,45,49,111,102,seg_neutrophil
18054,49,49,102,102,seg_neutrophil
18055,55,55,90,90,lymphocyte
18056,51,51,99,99,seg_neutrophil
18057,63,61,75,78,lymphocyte
18058,49,49,102,102,seg_neutrophil
18059,61,60,78,81,lymphocyte
18060,55,49,90,102,lymphocyte
18061,49,51,102,99,lymphocyte
18062,52,60,96,81,seg_neutrophil
18063,61,63,78,75,lymphocyte
18064,55,55,90,90,seg_neutrophil
18065,54,51,93,99,seg_neutrophil
18066,57,61,87,78,lymphocyte
18067,45,51,111,99,seg_neutrophil
18068,46,46,108,108,seg_neutrophil
18069,61,57,78,87,lymphocyte
18070,48,46,105,108,seg_neutrophil
18071,51,45,99,111,seg_neutrophil
18072,48,49,105,102,seg_neutrophil
18073,58,51,84,99,lymphocyte
18074,61,51,78,99,lymphocyte
18075,63,63,75,75,lymphocyte
18076,60,60,81,81,lymphocyte
18077,48,58,105,84,seg_neutrophil
18078,45,45,111,111,seg_neutrophil
18079,51,49,99,102,seg_neutrophil
18080,42,31,117,138,monocyte
18081,48,51,105,99,seg_neutrophil
18082,60,61,81,78,lymphocyte
18083,52,58,96,84,seg_neutrophil
18084,60,34,81,132,lymphocyte
18085,43,48,114,105,seg_neutrophil
18086,43,56,114,108,seg_neutrophil
18087,52,55,96,90,lymphocyte
18088,55,43,90,114,seg_neutrophil
18089,39,36,123,129,monocyte
18090,58,58,84,84,lymphocyte
18091,61,63,78,75,lymphocyte
18092,57,51,87,99,seg_neutrophil
18093,54,49,93,102,seg_neutrophil
18094,58,43,84,114,lymphocyte
18095,54,58,93,84,lymphocyte
18096,28,53,144,117,eosinophil
18097,37,42,126,117,monocyte
18098,51,48,99,105,lymphocyte
18099,46,53,108,123,seg_neutrophil
18100,43,57,114,87,seg_neutrophil
18101,51,52,99,96,lymphocyte
18102,52,60,96,81,lymphocyte
18103,46,40,108,120,seg_neutrophil
18104,55,60,90,81,lymphocyte
18105,55,52,90,96,seg_neutrophil
18106,46,51,108,99,seg_neutrophil
18107,49,48,102,105,seg_neutrophil
18108,46,45,108,111,seg_neutrophil
18109,30,39,141,123,monocyte
18110,49,48,102,105,seg_neutrophil
18111,42,52,117,96,seg_neutrophil
18112,52,45,96,111,seg_neutrophil
18113,43,49,114,102,seg_neutrophil
18114,52,54,96,93,seg_neutrophil
18115,63,104,75,72,lymphocyte
18116,48,40,105,120,seg_neutrophil
18117,46,49,108,102,seg_neutrophil
18118,58,58,84,84,lymphocyte
18119,49,48,102,105,seg_neutrophil
18120,46,46,108,108,seg_neutrophil
18121,46,45,108,111,seg_neutrophil
18122,61,60,78,81,lymphocyte
18123,48,46,105,108,seg_neutrophil
18124,45,46,111,108,seg_neutrophil
18125,44,51,123,99,seg_neutrophil
18126,45,52,111,96,seg_neutrophil
18127,42,52,117,96,seg_neutrophil
18128,51,42,99,117,band_neutrophil
18129,54,48,93,105,seg_neutrophil
18130,48,48,105,105,seg_neutrophil
18131,48,46,105,108,seg_neutrophil
18132,55,45,90,111,seg_neutrophil
18133,51,52,99,96,seg_neutrophil
18134,51,49,99,102,seg_neutrophil
18135,45,42,111,117,seg_neutrophil
18136,48,49,105,102,seg_neutrophil
18137,46,55,108,90,seg_neutrophil
18138,51,52,99,96,seg_neutrophil
18139,51,54,99,93,seg_neutrophil
18140,45,46,111,108,seg_neutrophil
18141,52,48,96,105,seg_neutrophil
18142,46,43,108,114,seg_neutrophil
18143,48,49,105,102,seg_neutrophil
18144,54,52,93,96,lymphocyte
18145,48,48,105,105,seg_neutrophil
18146,46,45,108,111,seg_neutrophil
18147,51,54,99,93,seg_neutrophil
18148,58,46,84,108,seg_neutrophil
18149,34,42,132,117,monocyte
18150,57,55,87,90,lymphocyte
18151,48,48,105,105,seg_neutrophil
18152,46,43,108,114,eosinophil
18153,54,45,93,111,seg_neutrophil
18154,83,3,99,105,seg_neutrophil
18155,54,49,93,102,seg_neutrophil
18156,52,52,96,96,seg_neutrophil
18157,54,51,93,99,seg_neutrophil
18158,58,60,84,81,lymphocyte
18159,54,49,93,102,lymphocyte
18160,54,57,93,87,seg_neutrophil
18161,40,36,120,129,monocyte
18162,51,46,99,108,seg_neutrophil
18163,51,52,99,96,seg_neutrophil
18164,46,49,108,102,seg_neutrophil
18165,45,52,111,96,seg_neutrophil
18166,57,60,87,81,lymphocyte
18167,39,51,123,99,seg_neutrophil
18168,40,36,120,105,seg_neutrophil
18169,49,49,102,102,seg_neutrophil
18170,51,46,99,108,seg_neutrophil
18171,43,51,114,99,seg_neutrophil
18172,45,46,111,108,seg_neutrophil
18173,45,48,111,105,seg_neutrophil
18174,55,60,90,81,lymphocyte
18175,46,46,108,108,seg_neutrophil
18176,49,46,102,108,seg_neutrophil
18177,61,57,78,87,lymphocyte
18178,45,49,111,102,seg_neutrophil
18179,60,60,81,81,lymphocyte
18180,54,51,93,99,lymphocyte
18181,57,60,87,81,lymphocyte
18182,51,48,99,105,seg_neutrophil
18183,54,48,93,105,seg_neutrophil
18184,49,21,102,159,lymphocyte
18185,55,49,90,102,seg_neutrophil
18186,46,49,108,102,seg_neutrophil
18187,49,43,102,114,seg_neutrophil
18188,58,64,84,72,lymphocyte
18189,58,54,84,93,lymphocyte
18190,43,48,114,105,seg_neutrophil
18191,48,49,105,102,seg_neutrophil
18192,45,68,111,99,seg_neutrophil
18193,45,46,111,108,seg_neutrophil
18194,48,52,105,96,seg_neutrophil
18195,58,48,84,105,seg_neutrophil
18196,45,49,111,102,seg_neutrophil
18197,48,45,105,111,seg_neutrophil
18198,65,42,102,117,seg_neutrophil
18199,61,61,78,78,lymphocyte
18200,43,52,114,96,seg_neutrophil
18201,46,51,108,99,seg_neutrophil
18202,57,46,87,108,smudge
18203,48,49,105,102,seg_neutrophil
18204,46,49,108,102,seg_neutrophil
18205,49,49,102,102,seg_neutrophil
18206,43,52,114,96,seg_neutrophil
18207,51,52,99,96,seg_neutrophil
18208,46,74,108,114,seg_neutrophil
18209,49,49,102,102,seg_neutrophil
18210,57,58,87,84,lymphocyte
18211,45,55,111,90,seg_neutrophil
18212,52,49,96,102,seg_neutrophil
18213,46,43,108,114,seg_neutrophil
18214,31,42,138,117,artifact
18215,48,-11,105,222,artifact
18216,42,39,117,123,seg_neutrophil
18217,43,46,114,108,seg_neutrophil
18218,45,49,111,102,seg_neutrophil
18219,51,52,99,96,lymphocyte
18220,51,46,99,108,seg_neutrophil
18221,46,40,108,120,seg_neutrophil
18222,40,49,120,102,seg_neutrophil
18223,52,49,96,102,seg_neutrophil
18224,42,46,117,108,monocyte
18225,43,48,114,105,seg_neutrophil
18226,46,46,108,108,seg_neutrophil
18227,54,57,93,87,seg_neutrophil
18228,51,55,99,90,lymphocyte
18229,49,54,102,93,seg_neutrophil
18230,57,54,87,93,lymphocyte
18231,45,86,111,99,seg_neutrophil
18232,45,48,111,105,seg_neutrophil
18233,49,48,102,105,seg_neutrophil
18234,42,42,117,117,monocyte
18235,43,49,114,102,seg_neutrophil
18236,51,51,99,99,seg_neutrophil
18237,43,46,114,108,seg_neutrophil
18238,37,42,126,117,monocyte
18239,48,45,105,111,seg_neutrophil
18240,52,42,96,117,seg_neutrophil
18241,52,45,96,111,seg_neutrophil
18242,52,43,96,114,seg_neutrophil
18243,43,42,114,117,monocyte
18244,46,43,108,114,seg_neutrophil
18245,54,51,93,99,seg_neutrophil
18246,39,48,123,105,seg_neutrophil
18247,49,51,102,99,seg_neutrophil
18248,54,52,93,96,lymphocyte
18249,40,43,120,114,monocyte
18250,45,42,111,117,seg_neutrophil
18251,46,46,108,108,seg_neutrophil
18252,43,6,114,105,seg_neutrophil
18253,36,42,129,117,monocyte
18254,60,64,81,72,lymphocyte
18255,60,57,81,87,lymphocyte
18256,58,61,84,78,lymphocyte
18257,43,45,114,111,monocyte
18258,52,49,96,102,lymphocyte
18259,48,51,105,99,seg_neutrophil
18260,46,49,108,102,seg_neutrophil
18261,45,52,111,96,seg_neutrophil
18262,54,54,93,93,lymphocyte
18263,52,48,96,105,seg_neutrophil
18264,48,43,105,114,seg_neutrophil
18265,49,52,102,96,eosinophil
18266,60,52,81,96,lymphocyte
18267,49,51,102,99,seg_neutrophil
18268,74,98,108,99,seg_neutrophil
18269,54,45,93,111,seg_neutrophil
18270,49,49,102,102,seg_neutrophil
18271,48,54,105,93,seg_neutrophil
18272,45,51,111,99,seg_neutrophil
18273,48,45,105,111,seg_neutrophil
18274,49,45,102,111,seg_neutrophil
18275,64,55,72,90,lymphocyte
18276,63,63,75,75,lymphocyte
18277,46,51,108,99,seg_neutrophil
18278,43,51,114,99,seg_neutrophil
18279,61,61,78,78,lymphocyte
18280,52,51,96,99,seg_neutrophil
18281,58,54,84,93,lymphocyte
18282,46,52,108,96,lymphocyte
18283,37,43,126,114,monocyte
18284,54,54,93,93,seg_neutrophil
18285,46,48,108,105,seg_neutrophil
18286,60,58,81,84,lymphocyte
18287,51,60,99,81,lymphocyte
18288,46,51,108,99,seg_neutrophil
18289,51,51,99,99,eosinophil
18290,49,57,102,87,lymphocyte
18291,46,46,108,108,seg_neutrophil
18292,45,48,111,105,seg_neutrophil
18293,46,49,108,102,seg_neutrophil
18294,52,51,96,99,seg_neutrophil
18295,58,55,84,90,lymphocyte
18296,40,40,120,120,seg_neutrophil
18297,54,48,93,105,lymphocyte
18298,42,48,117,105,seg_neutrophil
18299,57,55,87,90,seg_neutrophil
18300,51,36,99,111,seg_neutrophil
18301,57,61,87,78,lymphocyte
18302,60,57,81,87,lymphocyte
18303,45,45,111,111,seg_neutrophil
18304,52,40,96,120,seg_neutrophil
18305,60,45,81,84,lymphocyte
18306,61,60,78,81,lymphocyte
18307,57,60,87,81,lymphocyte
18308,64,60,72,81,lymphocyte
18309,52,51,96,99,seg_neutrophil
18310,45,46,111,108,seg_neutrophil
18311,66,70,69,60,lymphocyte
18312,52,54,96,93,seg_neutrophil
18313,64,61,72,78,lymphocyte
18314,64,58,72,84,lymphocyte
18315,43,49,114,102,seg_neutrophil
18316,58,57,84,87,lymphocyte
18317,48,45,105,111,seg_neutrophil
18318,58,55,84,90,lymphocyte
18319,49,45,102,111,seg_neutrophil
18320,64,64,72,72,lymphocyte
18321,51,74,99,84,lymphocyte
18322,37,42,126,117,monocyte
18323,58,54,84,93,lymphocyte
18324,52,40,96,120,seg_neutrophil
18325,66,58,69,84,lymphocyte
18326,52,55,96,90,seg_neutrophil
18327,49,56,102,108,seg_neutrophil
18328,63,61,75,78,lymphocyte
18329,52,51,96,99,seg_neutrophil
18330,46,46,108,108,seg_neutrophil
18331,49,45,102,111,seg_neutrophil
18332,48,57,105,87,seg_neutrophil
18333,43,49,114,102,seg_neutrophil
18334,58,54,84,93,lymphocyte
18335,40,49,120,102,seg_neutrophil
18336,54,48,93,105,seg_neutrophil
18337,42,65,117,117,monocyte
18338,66,58,69,84,lymphocyte
18339,46,45,108,111,seg_neutrophil
18340,63,80,75,72,lymphocyte
18341,51,45,99,111,seg_neutrophil
18342,54,49,93,102,seg_neutrophil
18343,48,46,105,108,seg_neutrophil
18344,48,52,105,96,seg_neutrophil
18345,60,57,81,87,lymphocyte
18346,61,64,78,72,lymphocyte
18347,52,48,96,105,seg_neutrophil
18348,54,61,93,78,lymphocyte
18349,60,49,81,102,lymphocyte
18350,43,52,114,96,seg_neutrophil
18351,57,52,87,96,seg_neutrophil
18352,54,15,93,105,seg_neutrophil
18353,60,60,81,81,lymphocyte
18354,42,46,117,108,seg_neutrophil
18355,36,40,129,120,monocyte
18356,58,46,84,108,lymphocyte
18357,43,40,114,120,seg_neutrophil
18358,58,58,84,84,lymphocyte
18359,49,51,102,99,seg_neutrophil
18360,49,48,102,105,seg_neutrophil
18361,46,55,108,90,seg_neutrophil
18362,51,43,99,114,seg_neutrophil
18363,52,52,96,96,lymphocyte
18364,51,51,99,99,seg_neutrophil
18365,40,45,120,111,monocyte
18366,55,52,90,96,lymphocyte
18367,48,48,105,105,seg_neutrophil
18368,45,48,111,105,seg_neutrophil
18369,52,48,96,105,seg_neutrophil
18370,45,51,111,99,seg_neutrophil
18371,54,57,93,87,lymphocyte
18372,51,49,99,102,seg_neutrophil
18373,51,48,99,105,seg_neutrophil
18374,63,64,75,72,lymphocyte
18375,52,57,96,87,lymphocyte
18376,49,48,102,105,seg_neutrophil
18377,49,45,102,111,seg_neutrophil
18378,57,63,87,75,lymphocyte
18379,49,54,102,93,seg_neutrophil
18380,48,46,105,108,seg_neutrophil
18381,49,58,102,84,lymphocyte
18382,54,46,93,108,seg_neutrophil
18383,46,43,108,114,seg_neutrophil
18384,51,48,99,105,seg_neutrophil
18385,58,55,84,90,lymphocyte
18386,49,52,102,96,seg_neutrophil
18387,51,60,99,81,lymphocyte
18388,55,58,90,84,lymphocyte
18389,46,46,108,108,seg_neutrophil
18390,49,54,102,93,lymphocyte
18391,57,51,87,99,seg_neutrophil
18392,34,40,132,120,monocyte
18393,48,51,105,99,lymphocyte
18394,45,48,111,105,seg_neutrophil
18395,63,57,75,87,lymphocyte
18396,46,45,108,111,seg_neutrophil
18397,36,40,129,120,monocyte
18398,55,58,90,84,lymphocyte
18399,45,52,111,96,seg_neutrophil
18400,69,66,63,69,g_plt
18401,66,57,69,87,lymphocyte
18402,40,51,120,99,seg_neutrophil
18403,58,49,84,102,lymphocyte
18404,48,46,105,108,seg_neutrophil
18405,48,43,105,114,seg_neutrophil
18406,46,52,108,96,seg_neutrophil
18407,48,46,105,108,seg_neutrophil
18408,51,43,99,114,seg_neutrophil
18409,43,49,114,102,seg_neutrophil
18410,49,48,102,105,seg_neutrophil
18411,46,50,108,105,seg_neutrophil
18412,52,51,96,99,seg_neutrophil
18413,43,49,114,102,seg_neutrophil
18414,51,49,99,102,seg_neutrophil
18415,45,40,111,120,seg_neutrophil
18416,51,36,99,99,seg_neutrophil
18417,43,37,114,126,monocyte
18418,51,46,99,108,seg_neutrophil
18419,49,51,102,99,seg_neutrophil
18420,42,52,117,96,lymphocyte
18421,49,80,102,117,seg_neutrophil
18422,51,51,99,99,seg_neutrophil
18423,49,51,102,99,seg_neutrophil
18424,31,37,138,126,lymphocyte
18425,51,45,99,111,eosinophil
18426,54,52,93,96,lymphocyte
18427,40,46,120,108,monocyte
18428,52,52,96,96,lymphocyte
18429,46,45,108,111,seg_neutrophil
18430,40,36,120,129,seg_neutrophil
18431,60,55,81,90,lymphocyte
18432,48,49,105,102,seg_neutrophil
18433,48,45,105,111,eosinophil
18434,52,52,96,96,seg_neutrophil
18435,46,45,108,111,monocyte
18436,48,46,105,108,seg_neutrophil
18437,52,54,96,93,lymphocyte
18438,60,61,81,78,lymphocyte
18439,51,51,99,99,seg_neutrophil
18440,54,21,93,105,seg_neutrophil
18441,55,55,90,90,lymphocyte
18442,60,43,81,114,lymphocyte
18443,55,57,90,87,seg_neutrophil
18444,42,51,117,99,seg_neutrophil
18445,48,48,105,105,seg_neutrophil
18446,67,51,66,99,eosinophil
18447,48,48,105,105,seg_neutrophil
18448,45,43,111,114,lymphocyte
18449,52,51,96,99,seg_neutrophil
18450,55,55,90,90,lymphocyte
18451,57,52,87,96,seg_neutrophil
18452,46,49,108,102,lymphocyte
18453,43,55,114,90,seg_neutrophil
18454,48,49,105,102,seg_neutrophil
18455,48,51,105,99,seg_neutrophil
18456,51,52,99,96,seg_neutrophil
18457,47,57,108,87,eosinophil
18458,54,48,93,105,seg_neutrophil
18459,60,57,81,87,lymphocyte
18460,55,52,90,96,lymphocyte
18461,60,63,81,75,lymphocyte
18462,58,52,84,96,seg_neutrophil
18463,52,55,96,90,seg_neutrophil
18464,51,51,99,99,seg_neutrophil
18465,61,55,78,90,lymphocyte
18466,52,60,96,81,lymphocyte
18467,58,57,84,87,lymphocyte
18468,57,61,87,78,lymphocyte
18469,55,55,90,90,lymphocyte
18470,57,21,87,87,lymphocyte
18471,45,54,111,93,seg_neutrophil
18472,54,63,93,75,lymphocyte
18473,58,58,84,84,lymphocyte
18474,46,51,108,99,seg_neutrophil
18475,46,51,108,99,seg_neutrophil
18476,60,58,81,84,lymphocyte
18477,45,48,111,105,seg_neutrophil
18478,48,51,105,99,seg_neutrophil
18479,46,54,108,93,seg_neutrophil
18480,49,48,102,105,seg_neutrophil
18481,49,83,102,105,seg_neutrophil
18482,57,57,87,87,lymphocyte
18483,42,57,117,87,seg_neutrophil
18484,58,40,84,120,seg_neutrophil
18485,46,48,108,105,seg_neutrophil
18486,49,46,102,108,seg_neutrophil
18487,48,43,105,114,seg_neutrophil
18488,40,55,120,90,seg_neutrophil
18489,43,55,114,90,seg_neutrophil
18490,48,43,105,114,seg_neutrophil
18491,51,48,99,105,seg_neutrophil
18492,58,60,84,81,lymphocyte
18493,48,51,105,99,seg_neutrophil
18494,49,58,102,84,lymphocyte
18495,46,52,108,96,seg_neutrophil
18496,48,54,105,93,seg_neutrophil
18497,42,49,117,102,seg_neutrophil
18498,52,48,96,105,lymphocyte
18499,43,52,114,96,seg_neutrophil
18500,48,51,105,99,seg_neutrophil
18501,46,51,108,99,seg_neutrophil
18502,39,36,123,129,monocyte
18503,57,58,87,84,lymphocyte
18504,52,46,96,108,lymphocyte
18505,60,58,81,84,lymphocyte
18506,61,63,78,75,lymphocyte
18507,60,63,81,75,lymphocyte
18508,63,66,75,69,lymphocyte
18509,49,51,102,99,seg_neutrophil
18510,51,54,99,93,seg_neutrophil
18511,58,55,84,90,lymphocyte
18512,61,60,78,81,lymphocyte
18513,48,48,105,105,seg_neutrophil
18514,51,58,99,84,lymphocyte
18515,45,49,111,102,seg_neutrophil
18516,55,33,90,81,lymphocyte
18517,55,54,90,93,lymphocyte
18518,45,57,111,87,lymphocyte
18519,61,21,78,102,lymphocyte
18520,52,51,96,99,seg_neutrophil
18521,48,60,105,81,lymphocyte
18522,45,51,111,99,seg_neutrophil
18523,58,52,84,96,lymphocyte
18524,52,48,96,105,seg_neutrophil
18525,55,55,90,90,lymphocyte
18526,63,54,75,93,lymphocyte
18527,57,45,87,111,seg_neutrophil
18528,63,61,75,78,lymphocyte
18529,46,52,108,96,seg_neutrophil
18530,54,46,93,108,eosinophil
18531,46,48,108,105,seg_neutrophil
18532,51,49,99,102,seg_neutrophil
18533,48,55,105,90,seg_neutrophil
18534,45,49,111,102,seg_neutrophil
18535,57,52,87,96,seg_neutrophil
18536,48,48,105,105,seg_neutrophil
18537,58,57,84,87,lymphocyte
18538,45,49,111,102,seg_neutrophil
18539,64,54,72,93,lymphocyte
18540,42,54,102,93,seg_neutrophil
18541,48,46,105,108,seg_neutrophil
18542,52,49,96,102,lymphocyte
18543,49,45,102,111,seg_neutrophil
18544,42,49,117,102,seg_neutrophil
18545,51,52,99,96,seg_neutrophil
18546,48,54,105,93,seg_neutrophil
18547,57,52,87,96,lymphocyte
18548,39,42,123,117,monocyte
18549,48,49,105,102,seg_neutrophil
18550,42,45,117,111,monocyte
18551,40,46,120,108,monocyte
18552,48,52,105,96,seg_neutrophil
18553,60,63,81,75,lymphocyte
18554,51,51,99,99,seg_neutrophil
18555,54,52,93,96,seg_neutrophil
18556,48,48,105,105,seg_neutrophil
18557,58,61,84,78,lymphocyte
18558,58,58,84,84,lymphocyte
18559,49,51,102,99,seg_neutrophil
18560,46,51,108,99,smudge
18561,46,52,108,96,seg_neutrophil
18562,52,57,96,87,lymphocyte
18563,49,48,102,105,seg_neutrophil
18564,45,51,111,99,seg_neutrophil
18565,51,51,99,99,seg_neutrophil
18566,51,48,99,105,seg_neutrophil
18567,54,54,93,93,lymphocyte
18568,51,51,99,99,seg_neutrophil
18569,46,45,108,105,seg_neutrophil
18570,54,9,93,93,lymphocyte
18571,37,40,126,120,monocyte
18572,55,49,90,102,seg_neutrophil
18573,46,66,108,69,lymphocyte
18574,49,54,102,93,seg_neutrophil
18575,51,55,99,90,seg_neutrophil
18576,46,54,108,93,seg_neutrophil
18577,51,49,99,102,lymphocyte
18578,43,46,114,108,seg_neutrophil
18579,52,52,96,96,lymphocyte
18580,37,46,126,108,eosinophil
18581,61,57,78,87,lymphocyte
18582,55,51,90,99,seg_neutrophil
18583,54,31,93,138,seg_neutrophil
18584,39,54,123,93,seg_neutrophil
18585,48,48,105,105,eosinophil
18586,63,60,75,81,lymphocyte
18587,61,60,78,81,lymphocyte
18588,49,52,102,96,seg_neutrophil
18589,54,45,93,111,eosinophil
18590,42,40,117,120,monocyte
18591,51,51,99,99,seg_neutrophil
18592,55,58,90,84,lymphocyte
18593,55,52,90,96,lymphocyte
18594,51,52,99,96,seg_neutrophil
18595,48,54,105,93,seg_neutrophil
18596,43,46,114,108,seg_neutrophil
18597,45,45,111,111,seg_neutrophil
18598,57,71,87,81,lymphocyte
18599,52,58,96,84,lymphocyte
18600,60,52,81,96,seg_neutrophil
18601,51,54,99,93,seg_neutrophil
18602,57,60,87,81,lymphocyte
18603,45,48,111,105,eosinophil
18604,49,51,102,99,seg_neutrophil
18605,54,57,93,87,lymphocyte
18606,51,46,99,108,seg_neutrophil
18607,60,58,81,84,lymphocyte
18608,45,54,111,93,seg_neutrophil
18609,46,49,108,102,seg_neutrophil
18610,58,57,84,87,lymphocyte
18611,60,60,81,81,lymphocyte
18612,52,45,96,111,lymphocyte
18613,46,46,108,108,seg_neutrophil
18614,49,49,102,102,seg_neutrophil
18615,9,54,114,93,seg_neutrophil
18616,51,51,99,99,seg_neutrophil
18617,54,55,93,90,lymphocyte
18618,52,49,96,102,seg_neutrophil
18619,55,57,90,87,lymphocyte
18620,49,52,102,96,seg_neutrophil
18621,46,52,108,96,seg_neutrophil
18622,60,57,81,87,lymphocyte
18623,55,52,90,96,lymphocyte
18624,52,52,96,96,seg_neutrophil
18625,54,48,93,105,seg_neutrophil
18626,57,58,87,84,lymphocyte
18627,57,58,87,84,lymphocyte
18628,55,57,90,87,lymphocyte
18629,51,51,99,99,seg_neutrophil
18630,52,57,96,87,lymphocyte
18631,51,52,99,96,seg_neutrophil
18632,48,51,105,99,seg_neutrophil
18633,39,51,123,99,seg_neutrophil
18634,92,60,87,81,lymphocyte
18635,48,46,105,108,seg_neutrophil
18636,45,49,111,102,seg_neutrophil
18637,69,73,63,54,eosinophil
18638,68,69,66,63,eosinophil
18639,51,57,99,87,seg_neutrophil
18640,49,51,102,99,seg_neutrophil
18641,52,52,96,96,seg_neutrophil
18642,51,52,99,96,basophil
18643,48,49,105,102,seg_neutrophil
18644,46,48,108,105,seg_neutrophil
18645,52,46,96,108,seg_neutrophil
18646,48,46,105,108,eosinophil
18647,52,57,96,87,lymphocyte
18648,46,54,108,93,seg_neutrophil
18649,58,60,84,81,lymphocyte
18650,49,48,102,105,seg_neutrophil
18651,49,59,102,111,seg_neutrophil
18652,43,40,114,120,monocyte
18653,51,57,99,87,seg_neutrophil
18654,63,57,75,87,seg_neutrophil
18655,51,52,99,96,seg_neutrophil
18656,51,48,99,105,seg_neutrophil
18657,55,51,90,99,seg_neutrophil
18658,66,52,69,96,lymphocyte
18659,45,51,111,99,seg_neutrophil
18660,43,55,114,90,seg_neutrophil
18661,49,46,102,108,seg_neutrophil
18662,46,51,108,99,seg_neutrophil
18663,46,51,108,99,seg_neutrophil
18664,51,46,99,108,seg_neutrophil
18665,48,60,105,81,lymphocyte
18666,51,51,99,99,seg_neutrophil
18667,54,46,93,108,seg_neutrophil
18668,51,45,99,111,seg_neutrophil
18669,51,52,99,96,seg_neutrophil
18670,43,51,114,99,seg_neutrophil
18671,43,50,114,111,eosinophil
18672,54,60,93,81,lymphocyte
18673,51,52,99,96,seg_neutrophil
18674,51,80,99,93,seg_neutrophil
18675,60,57,81,87,lymphocyte
18676,51,51,99,99,seg_neutrophil
18677,46,58,108,84,seg_neutrophil
18678,52,54,96,93,seg_neutrophil
18679,61,58,78,84,lymphocyte
18680,42,48,117,105,seg_neutrophil
18681,51,52,99,96,seg_neutrophil
18682,48,54,105,93,seg_neutrophil
18683,46,55,108,90,seg_neutrophil
18684,42,51,117,99,seg_neutrophil
18685,51,45,99,111,seg_neutrophil
18686,45,42,111,117,seg_neutrophil
18687,58,42,84,117,seg_neutrophil
18688,46,54,108,93,seg_neutrophil
18689,49,58,102,84,lymphocyte
18690,63,64,75,72,g_plt
18691,54,49,93,102,seg_neutrophil
18692,49,55,102,90,seg_neutrophil
18693,45,46,111,108,seg_neutrophil
18694,43,33,114,135,lymphocyte
18695,51,54,99,93,band_neutrophil
18696,39,37,123,126,monocyte
18697,52,55,96,90,seg_neutrophil
18698,52,55,96,90,seg_neutrophil
18699,55,48,90,105,lymphocyte
18700,52,45,96,111,seg_neutrophil
18701,43,40,114,120,monocyte
18702,54,58,93,84,seg_neutrophil
18703,55,51,90,99,lymphocyte
18704,52,51,96,99,seg_neutrophil
18705,51,51,99,99,seg_neutrophil
18706,60,61,81,78,lymphocyte
18707,51,52,99,96,seg_neutrophil
18708,49,51,102,99,seg_neutrophil
18709,57,45,87,111,seg_neutrophil
18710,48,49,105,102,seg_neutrophil
18711,36,33,129,123,monocyte
18712,46,45,108,111,seg_neutrophil
18713,51,49,99,102,seg_neutrophil
18714,48,39,105,105,seg_neutrophil
18715,54,52,93,96,seg_neutrophil
18716,49,55,102,90,seg_neutrophil
18717,48,43,105,114,seg_neutrophil
18718,67,48,66,105,artifact
18719,54,48,93,105,seg_neutrophil
18720,45,54,111,93,seg_neutrophil
18721,42,46,117,108,seg_neutrophil
18722,45,55,111,90,eosinophil
18723,49,52,102,96,seg_neutrophil
18724,61,55,78,90,seg_neutrophil
18725,55,45,90,111,seg_neutrophil
18726,57,43,87,114,seg_neutrophil
18727,52,52,96,96,seg_neutrophil
18728,49,52,102,96,seg_neutrophil
18729,55,55,90,90,seg_neutrophil
18730,54,49,93,102,seg_neutrophil
18731,60,71,81,75,lymphocyte
18732,46,24,108,99,seg_neutrophil
18733,55,49,90,102,seg_neutrophil
18734,66,63,69,75,lymphocyte
18735,58,52,84,96,seg_neutrophil
18736,43,51,114,99,seg_neutrophil
18737,48,42,105,117,seg_neutrophil
18738,60,55,81,90,lymphocyte
18739,43,52,114,96,seg_neutrophil
18740,52,54,96,93,eosinophil
18741,51,101,99,93,seg_neutrophil
18742,48,46,105,108,seg_neutrophil
18743,52,42,96,117,seg_neutrophil
18744,48,36,105,129,eosinophil
18745,54,48,93,105,seg_neutrophil
18746,54,58,93,84,seg_neutrophil
18747,43,49,114,102,seg_neutrophil
18748,55,51,90,99,seg_neutrophil
18749,43,46,114,108,seg_neutrophil
18750,48,39,105,123,seg_neutrophil
18751,49,37,102,126,seg_neutrophil
18752,42,48,117,105,seg_neutrophil
18753,49,49,102,102,seg_neutrophil
18754,42,51,117,99,seg_neutrophil
18755,54,51,93,99,seg_neutrophil
18756,39,52,123,96,eosinophil
18757,45,46,111,108,seg_neutrophil
18758,49,51,102,99,seg_neutrophil
18759,33,39,135,123,monocyte
18760,54,57,93,87,lymphocyte
18761,48,74,105,90,seg_neutrophil
18762,51,45,99,111,seg_neutrophil
18763,52,52,96,96,seg_neutrophil
18764,45,54,111,93,seg_neutrophil
18765,51,50,99,102,seg_neutrophil
18766,45,49,111,102,band_neutrophil
18767,45,51,111,99,seg_neutrophil
18768,48,55,105,90,seg_neutrophil
18769,54,46,93,108,seg_neutrophil
18770,54,49,93,102,seg_neutrophil
18771,52,51,96,99,seg_neutrophil
18772,49,48,102,105,seg_neutrophil
18773,61,61,78,78,lymphocyte
18774,43,49,114,102,band_neutrophil
18775,61,63,78,75,lymphocyte
18776,49,61,102,78,smudge
18777,49,43,102,114,seg_neutrophil
18778,48,46,105,108,seg_neutrophil
18779,57,61,87,78,lymphocyte
18780,45,52,111,96,seg_neutrophil
18781,42,49,117,102,seg_neutrophil
18782,52,55,96,90,seg_neutrophil
18783,57,51,87,99,seg_neutrophil
18784,54,54,93,93,seg_neutrophil
18785,46,55,108,90,seg_neutrophil
18786,49,51,102,99,seg_neutrophil
18787,58,48,84,105,seg_neutrophil
18788,54,52,93,96,seg_neutrophil
18789,45,54,111,93,seg_neutrophil
18790,46,46,108,108,basophil
18791,51,51,99,99,seg_neutrophil
18792,57,61,87,78,lymphocyte
18793,54,48,93,105,seg_neutrophil
18794,57,61,87,78,lymphocyte
18795,49,42,102,117,seg_neutrophil
18796,58,43,84,114,seg_neutrophil
18797,51,67,99,66,artifact
18798,66,48,69,105,artifact
18799,55,54,90,93,seg_neutrophil
18800,39,48,123,105,seg_neutrophil
18801,52,49,96,102,seg_neutrophil
18802,51,52,99,96,seg_neutrophil
18803,60,54,81,93,seg_neutrophil
18804,46,58,108,84,seg_neutrophil
18805,46,54,108,93,seg_neutrophil
18806,48,55,105,90,seg_neutrophil
18807,54,55,93,90,seg_neutrophil
18808,51,49,99,102,seg_neutrophil
18809,49,34,102,132,artifact
18810,15,36,171,129,smudge
18811,49,49,102,102,seg_neutrophil
18812,49,54,102,93,seg_neutrophil
18813,46,48,108,105,seg_neutrophil
18814,49,49,102,102,eosinophil
18815,61,52,78,96,lymphocyte
18816,46,52,108,96,eosinophil
18817,46,46,108,108,seg_neutrophil
18818,54,49,93,102,seg_neutrophil
18819,51,52,99,96,seg_neutrophil
18820,45,55,111,90,seg_neutrophil
18821,52,55,96,90,seg_neutrophil
18822,54,48,93,105,seg_neutrophil
18823,51,55,99,90,seg_neutrophil
18824,54,44,93,117,seg_neutrophil
18825,48,52,105,96,seg_neutrophil
18826,52,52,96,96,seg_neutrophil
18827,45,48,96,105,seg_neutrophil
18828,48,51,105,99,seg_neutrophil
18829,39,45,123,111,seg_neutrophil
18830,52,45,96,111,seg_neutrophil
18831,51,55,99,90,seg_neutrophil
18832,55,48,90,99,seg_neutrophil
18833,54,57,93,87,seg_neutrophil
18834,46,52,108,96,seg_neutrophil
18835,51,58,99,84,seg_neutrophil
18836,48,46,105,108,seg_neutrophil
18837,51,49,99,102,seg_neutrophil
18838,49,52,102,96,seg_neutrophil
18839,52,53,96,108,seg_neutrophil
18840,48,55,105,90,seg_neutrophil
18841,54,51,93,99,seg_neutrophil
18842,51,51,99,99,seg_neutrophil
18843,48,46,105,108,seg_neutrophil
18844,49,45,102,111,seg_neutrophil
18845,49,62,102,87,seg_neutrophil
18846,57,49,87,102,seg_neutrophil
18847,51,49,99,102,seg_neutrophil
18848,54,48,93,105,seg_neutrophil
18849,51,52,99,96,seg_neutrophil
18850,54,55,93,90,seg_neutrophil
18851,61,55,78,90,seg_neutrophil
18852,48,45,105,111,seg_neutrophil
18853,57,55,87,90,seg_neutrophil
18854,51,45,99,111,seg_neutrophil
18855,55,52,90,96,seg_neutrophil
18856,43,51,114,99,seg_neutrophil
18857,55,52,90,96,seg_neutrophil
18858,52,52,96,96,seg_neutrophil
18859,48,46,105,108,seg_neutrophil
18860,51,55,99,90,seg_neutrophil
18861,49,49,102,102,seg_neutrophil
18862,54,68,93,93,seg_neutrophil
18863,40,52,120,96,seg_neutrophil
18864,51,51,99,99,seg_neutrophil
18865,48,49,105,102,seg_neutrophil
18866,49,54,102,93,seg_neutrophil
18867,55,57,90,87,lymphocyte
18868,46,55,108,90,seg_neutrophil
18869,51,52,99,96,seg_neutrophil
18870,51,18,99,102,seg_neutrophil
18871,55,36,90,84,seg_neutrophil
18872,49,49,102,102,seg_neutrophil
18873,48,52,105,96,seg_neutrophil
18874,49,49,102,102,seg_neutrophil
18875,58,52,84,96,smudge
18876,49,49,102,102,seg_neutrophil
18877,57,58,87,84,seg_neutrophil
18878,52,52,96,96,seg_neutrophil
18879,49,52,102,96,seg_neutrophil
18880,46,53,108,108,seg_neutrophil
18881,48,52,105,96,seg_neutrophil
18882,36,42,129,117,monocyte
18883,46,54,108,93,seg_neutrophil
18884,46,57,108,87,seg_neutrophil
18885,54,54,93,93,seg_neutrophil
18886,46,54,108,93,seg_neutrophil
18887,48,58,105,84,seg_neutrophil
18888,57,57,87,87,seg_neutrophil
18889,34,39,132,123,monocyte
18890,51,52,99,96,seg_neutrophil
18891,52,9,96,90,seg_neutrophil
18892,57,64,87,72,lymphocyte
18893,51,52,99,96,seg_neutrophil
18894,51,21,99,90,seg_neutrophil
18895,49,86,102,87,seg_neutrophil
18896,43,52,114,96,seg_neutrophil
18897,57,63,87,75,lymphocyte
18898,80,72,57,57,g_plt
18899,61,60,78,81,seg_neutrophil
18900,77,52,93,96,band_neutrophil
18901,51,52,99,96,seg_neutrophil
18902,58,48,84,105,seg_neutrophil
18903,55,54,90,93,band_neutrophil
18904,58,58,84,84,seg_neutrophil
18905,49,46,102,108,seg_neutrophil
18906,48,54,105,93,seg_neutrophil
18907,54,48,93,105,seg_neutrophil
18908,52,46,96,108,seg_neutrophil
18909,51,52,99,96,seg_neutrophil
18910,49,46,102,108,seg_neutrophil
18911,48,45,105,111,seg_neutrophil
18912,45,89,111,108,seg_neutrophil
18913,45,54,111,93,seg_neutrophil
18914,48,52,105,96,seg_neutrophil
18915,55,51,90,99,seg_neutrophil
18916,89,63,84,75,lymphocyte
18917,46,49,108,102,seg_neutrophil
18918,51,57,99,87,seg_neutrophil
18919,51,48,99,105,band_neutrophil
18920,51,48,99,96,seg_neutrophil
18921,55,51,90,99,seg_neutrophil
18922,51,54,99,93,seg_neutrophil
18923,49,52,102,96,seg_neutrophil
18924,49,43,102,114,seg_neutrophil
18925,57,54,87,93,seg_neutrophil
18926,51,49,99,102,seg_neutrophil
18927,52,58,96,84,seg_neutrophil
18928,51,55,99,90,seg_neutrophil
18929,49,52,102,96,seg_neutrophil
18930,48,48,105,105,seg_neutrophil
18931,55,46,90,108,seg_neutrophil
18932,55,46,90,108,seg_neutrophil
18933,54,61,93,78,lymphocyte
18934,48,55,105,90,seg_neutrophil
18935,54,51,93,99,seg_neutrophil
18936,57,42,87,117,seg_neutrophil
18937,55,18,90,90,smudge
18938,54,42,93,117,seg_neutrophil
18939,52,51,96,99,seg_neutrophil
18940,48,51,105,99,seg_neutrophil
18941,52,48,96,105,seg_neutrophil
18942,45,68,111,90,seg_neutrophil
18943,45,52,111,96,seg_neutrophil
18944,45,48,111,105,seg_neutrophil
18945,51,52,99,96,seg_neutrophil
18946,52,80,96,102,seg_neutrophil
18947,46,48,108,105,seg_neutrophil
18948,46,57,108,87,seg_neutrophil
18949,51,45,99,111,seg_neutrophil
18950,49,51,102,99,band_neutrophil
18951,101,51,87,99,seg_neutrophil
18952,51,51,99,99,seg_neutrophil
18953,39,51,123,99,seg_neutrophil
18954,43,46,114,108,seg_neutrophil
18955,51,54,99,93,seg_neutrophil
18956,60,60,81,81,lymphocyte
18957,51,51,99,99,band_neutrophil
18958,45,49,111,102,seg_neutrophil
18959,54,51,93,99,seg_neutrophil
18960,49,63,102,75,seg_neutrophil
18961,58,54,84,93,seg_neutrophil
18962,43,52,114,96,seg_neutrophil
18963,52,55,96,90,seg_neutrophil
18964,45,52,111,96,seg_neutrophil
18965,54,60,93,81,seg_neutrophil
18966,48,33,105,114,seg_neutrophil
18967,39,45,123,111,monocyte
18968,52,42,96,117,seg_neutrophil
18969,48,48,105,105,seg_neutrophil
18970,48,46,105,108,seg_neutrophil
18971,49,48,102,105,seg_neutrophil
18972,55,52,90,96,seg_neutrophil
18973,48,49,105,102,seg_neutrophil
18974,48,54,105,93,seg_neutrophil
18975,45,51,111,99,band_neutrophil
18976,52,57,96,87,seg_neutrophil
18977,52,52,96,96,seg_neutrophil
18978,46,52,108,96,seg_neutrophil
18979,46,52,108,96,seg_neutrophil
18980,52,49,96,102,seg_neutrophil
18981,49,51,102,99,seg_neutrophil
18982,46,52,108,96,seg_neutrophil
18983,49,60,102,81,seg_neutrophil
18984,33,36,135,129,seg_neutrophil
18985,51,51,99,99,seg_neutrophil
18986,54,74,93,63,lymphocyte
18987,24,34,153,132,monocyte
18988,46,51,108,99,band_neutrophil
18989,21,48,102,105,seg_neutrophil
18990,49,54,102,93,seg_neutrophil
18991,33,55,102,90,seg_neutrophil
18992,39,45,123,111,seg_neutrophil
18993,48,55,105,90,seg_neutrophil
18994,43,51,114,99,seg_neutrophil
18995,52,58,96,84,seg_neutrophil
18996,57,60,87,81,seg_neutrophil
18997,52,54,96,93,seg_neutrophil
18998,55,48,90,105,seg_neutrophil
18999,51,57,99,87,seg_neutrophil
19000,54,42,93,117,seg_neutrophil
19001,49,52,102,96,seg_neutrophil
19002,52,52,96,96,seg_neutrophil
19003,48,45,105,93,seg_neutrophil
19004,45,42,111,117,seg_neutrophil
19005,51,58,99,84,seg_neutrophil
19006,51,58,99,84,seg_neutrophil
19007,48,51,105,99,seg_neutrophil
19008,48,55,105,90,seg_neutrophil
19009,45,49,111,102,seg_neutrophil
19010,51,58,99,84,seg_neutrophil
19011,51,54,99,93,seg_neutrophil
19012,48,48,105,105,seg_neutrophil
19013,51,52,99,96,seg_neutrophil
19014,58,49,84,102,seg_neutrophil
19015,49,55,102,90,seg_neutrophil
19016,61,55,78,90,seg_neutrophil
19017,48,54,105,93,seg_neutrophil
19018,58,55,84,90,seg_neutrophil
19019,51,52,99,96,seg_neutrophil
19020,60,45,81,111,seg_neutrophil
19021,52,49,96,102,seg_neutrophil
19022,64,60,72,81,lymphocyte
19023,60,51,81,99,lymphocyte
19024,43,46,114,108,seg_neutrophil
19025,52,49,96,102,seg_neutrophil
19026,39,46,123,108,seg_neutrophil
19027,43,46,114,108,seg_neutrophil
19028,55,64,90,72,lymphocyte
19029,43,45,114,111,seg_neutrophil
19030,64,116,72,78,lymphocyte
19031,51,51,99,99,seg_neutrophil
19032,46,48,108,105,seg_neutrophil
19033,45,95,111,99,seg_neutrophil
19034,46,45,108,111,seg_neutrophil
19035,43,46,114,108,seg_neutrophil
19036,49,46,102,108,seg_neutrophil
19037,64,54,72,93,lymphocyte
19038,46,45,108,111,seg_neutrophil
19039,40,46,120,108,seg_neutrophil
19040,46,49,108,102,seg_neutrophil
19041,63,49,75,102,lymphocyte
19042,60,54,81,93,lymphocyte
19043,49,55,102,90,seg_neutrophil
19044,60,45,81,111,seg_neutrophil
19045,46,52,108,96,seg_neutrophil
19046,58,70,84,60,lymphocyte
19047,39,33,123,114,monocyte
19048,45,46,111,108,seg_neutrophil
19049,46,98,108,96,seg_neutrophil
19050,51,46,99,108,seg_neutrophil
19051,63,54,75,93,lymphocyte
19052,58,43,84,114,band_neutrophil
19053,57,57,87,87,seg_neutrophil
19054,45,60,111,81,seg_neutrophil
19055,51,95,99,93,seg_neutrophil
19056,57,57,87,87,seg_neutrophil
19057,57,55,87,90,lymphocyte
19058,49,48,102,105,band_neutrophil
19059,46,49,108,102,monocyte
19060,45,43,111,114,seg_neutrophil
19061,46,42,108,117,eosinophil
19062,52,57,96,87,lymphocyte
19063,58,61,84,78,lymphocyte
19064,54,51,93,99,seg_neutrophil
19065,55,46,90,108,seg_neutrophil
19066,58,61,84,78,lymphocyte
19067,43,43,114,114,seg_neutrophil
19068,55,52,90,96,lymphocyte
19069,45,48,111,105,seg_neutrophil
19070,42,48,117,105,seg_neutrophil
19071,51,52,99,96,lymphocyte
19072,52,39,96,123,lymphocyte
19073,51,52,99,96,lymphocyte
19074,51,54,99,93,seg_neutrophil
19075,60,55,81,90,lymphocyte
19076,42,43,117,114,seg_neutrophil
19077,66,95,69,69,lymphocyte
19078,45,45,111,111,seg_neutrophil
19079,64,61,72,78,lymphocyte
19080,54,48,93,105,seg_neutrophil
19081,57,48,87,105,seg_neutrophil
19082,52,48,96,105,seg_neutrophil
19083,48,46,105,108,seg_neutrophil
19084,39,42,123,117,monocyte
19085,48,46,105,108,seg_neutrophil
19086,57,63,87,75,artifact
19087,43,49,114,102,seg_neutrophil
19088,63,58,75,84,lymphocyte
19089,51,55,99,90,lymphocyte
19090,46,51,108,99,seg_neutrophil
19091,55,57,90,87,lymphocyte
19092,116,45,81,81,lymphocyte
19093,55,60,90,81,lymphocyte
19094,40,45,120,111,seg_neutrophil
19095,45,49,111,102,seg_neutrophil
19096,49,52,102,96,seg_neutrophil
19097,46,55,108,90,seg_neutrophil
19098,45,49,111,102,seg_neutrophil
19099,46,68,108,102,seg_neutrophil
19100,46,42,108,117,seg_neutrophil
19101,55,49,90,102,seg_neutrophil
19102,61,63,78,75,lymphocyte
19103,42,49,117,102,seg_neutrophil
19104,48,48,105,105,seg_neutrophil
19105,54,48,93,105,seg_neutrophil
19106,43,45,114,111,seg_neutrophil
19107,55,52,90,96,seg_neutrophil
19108,60,9,81,99,artifact
19109,45,46,111,108,seg_neutrophil
19110,40,45,120,111,seg_neutrophil
19111,49,46,102,108,seg_neutrophil
19112,49,52,102,96,lymphocyte
19113,48,43,105,114,seg_neutrophil
19114,58,64,84,72,lymphocyte
19115,45,46,111,108,seg_neutrophil
19116,58,60,84,81,lymphocyte
19117,58,58,84,84,lymphocyte
19118,55,40,90,120,band_neutrophil
19119,45,47,111,108,seg_neutrophil
19120,57,58,87,84,lymphocyte
19121,48,37,105,126,seg_neutrophil
19122,37,45,126,111,seg_neutrophil
19123,45,49,111,102,seg_neutrophil
19124,48,52,105,96,seg_neutrophil
19125,42,46,117,108,seg_neutrophil
19126,42,36,117,129,monocyte
19127,42,48,117,105,seg_neutrophil
19128,49,48,102,105,seg_neutrophil
19129,43,49,114,102,seg_neutrophil
19130,55,55,90,90,lymphocyte
19131,55,52,90,96,seg_neutrophil
19132,54,48,93,105,seg_neutrophil
19133,51,54,99,93,seg_neutrophil
19134,48,54,105,93,seg_neutrophil
19135,49,48,102,105,seg_neutrophil
19136,56,54,102,93,seg_neutrophil
19137,57,60,87,81,lymphocyte
19138,48,54,105,93,seg_neutrophil
19139,42,42,117,117,seg_neutrophil
19140,40,45,120,111,seg_neutrophil
19141,57,42,87,117,lymphocyte
19142,37,37,126,126,monocyte
19143,51,57,99,87,seg_neutrophil
19144,49,46,102,108,seg_neutrophil
19145,45,43,111,114,seg_neutrophil
19146,45,49,111,102,seg_neutrophil
19147,51,42,99,117,seg_neutrophil
19148,48,51,105,99,seg_neutrophil
19149,42,45,117,111,seg_neutrophil
19150,46,49,108,102,seg_neutrophil
19151,46,48,108,105,seg_neutrophil
19152,63,52,75,96,lymphocyte
19153,40,54,120,93,seg_neutrophil
19154,57,52,87,96,smudge
19155,42,42,117,117,seg_neutrophil
19156,42,51,117,99,seg_neutrophil
19157,63,61,75,78,lymphocyte
19158,58,63,84,75,lymphocyte
19159,49,46,102,108,seg_neutrophil
19160,57,66,87,69,lymphocyte
19161,46,43,108,114,seg_neutrophil
19162,51,49,99,102,seg_neutrophil
19163,51,46,99,108,seg_neutrophil
19164,45,55,111,90,seg_neutrophil
19165,54,52,93,96,smudge
19166,57,27,87,99,lymphocyte
19167,61,58,78,84,lymphocyte
19168,52,48,96,105,band_neutrophil
19169,64,61,72,78,lymphocyte
19170,54,58,93,84,lymphocyte
19171,49,49,102,102,seg_neutrophil
19172,42,48,117,105,seg_neutrophil
19173,52,48,96,105,seg_neutrophil
19174,48,48,105,105,eosinophil
19175,48,52,105,96,seg_neutrophil
19176,43,45,114,111,seg_neutrophil
19177,46,48,108,105,lymphocyte
19178,57,63,87,75,smudge
19179,37,45,126,111,seg_neutrophil
19180,54,46,93,108,seg_neutrophil
19181,46,52,108,96,seg_neutrophil
19182,61,54,78,93,lymphocyte
19183,46,37,108,126,seg_neutrophil
19184,54,45,93,111,seg_neutrophil
19185,43,51,114,99,seg_neutrophil
19186,42,51,117,99,seg_neutrophil
19187,43,48,114,105,seg_neutrophil
19188,51,39,99,111,seg_neutrophil
19189,57,42,87,117,seg_neutrophil
19190,37,40,126,120,monocyte
19191,43,45,114,111,seg_neutrophil
19192,45,43,111,114,seg_neutrophil
19193,45,45,111,111,seg_neutrophil
19194,45,12,111,105,seg_neutrophil
19195,61,61,78,78,lymphocyte
19196,54,46,93,108,seg_neutrophil
19197,52,49,96,102,lymphocyte
19198,48,61,105,78,lymphocyte
19199,45,43,111,114,eosinophil
19200,48,46,105,108,seg_neutrophil
19201,48,52,105,96,seg_neutrophil
19202,57,55,87,90,lymphocyte
19203,48,21,105,93,seg_neutrophil
19204,54,43,93,114,eosinophil
19205,49,55,102,90,seg_neutrophil
19206,42,52,117,96,seg_neutrophil
19207,60,52,81,96,lymphocyte
19208,33,55,90,90,lymphocyte
19209,49,45,102,111,seg_neutrophil
19210,39,48,123,105,seg_neutrophil
19211,48,52,105,96,eosinophil
19212,46,45,108,111,seg_neutrophil
19213,46,46,108,108,seg_neutrophil
19214,48,48,105,105,seg_neutrophil
19215,46,45,108,111,seg_neutrophil
19216,49,71,102,96,seg_neutrophil
19217,49,51,102,99,seg_neutrophil
19218,45,52,111,96,seg_neutrophil
19219,52,51,96,99,seg_neutrophil
19220,43,48,114,105,seg_neutrophil
19221,51,46,99,108,seg_neutrophil
19222,51,46,99,108,seg_neutrophil
19223,46,55,108,90,seg_neutrophil
19224,43,46,114,108,seg_neutrophil
19225,51,52,99,96,lymphocyte
19226,51,46,99,108,seg_neutrophil
19227,46,65,108,117,seg_neutrophil
19228,48,58,105,84,smudge
19229,49,52,102,96,smudge
19230,61,59,78,84,lymphocyte
19231,54,51,93,99,seg_neutrophil
19232,49,54,102,93,eosinophil
19233,43,48,114,105,seg_neutrophil
19234,40,40,120,120,monocyte
19235,51,49,99,102,seg_neutrophil
19236,54,55,93,90,lymphocyte
19237,46,52,108,96,seg_neutrophil
19238,48,48,105,105,seg_neutrophil
19239,61,57,78,87,lymphocyte
19240,39,48,123,105,eosinophil
19241,49,45,102,111,seg_neutrophil
19242,48,52,105,96,seg_neutrophil
19243,61,64,78,72,lymphocyte
19244,40,54,120,93,seg_neutrophil
19245,57,57,87,87,lymphocyte
19246,55,45,90,111,seg_neutrophil
19247,51,43,99,114,seg_neutrophil
19248,60,24,81,93,lymphocyte
19249,52,46,96,108,seg_neutrophil
19250,57,58,87,84,lymphocyte
19251,52,48,96,105,seg_neutrophil
19252,48,52,105,96,seg_neutrophil
19253,42,49,117,102,seg_neutrophil
19254,61,54,78,93,lymphocyte
19255,49,36,102,129,eosinophil
19256,45,40,111,120,monocyte
19257,49,51,102,99,seg_neutrophil
19258,46,43,108,114,seg_neutrophil
19259,49,51,102,99,seg_neutrophil
19260,52,48,96,105,seg_neutrophil
19261,45,43,111,114,seg_neutrophil
19262,60,58,81,84,lymphocyte
19263,49,49,102,102,seg_neutrophil
19264,42,37,117,126,seg_neutrophil
19265,48,54,105,93,seg_neutrophil
19266,42,74,117,102,seg_neutrophil
19267,46,48,108,105,seg_neutrophil
19268,43,46,114,108,seg_neutrophil
19269,37,50,126,120,monocyte
19270,34,68,132,111,seg_neutrophil
19271,62,45,114,111,seg_neutrophil
19272,46,49,108,102,seg_neutrophil
19273,42,51,117,99,seg_neutrophil
19274,42,34,117,132,monocyte
19275,58,60,84,81,lymphocyte
19276,40,49,120,102,eosinophil
19277,45,51,111,99,seg_neutrophil
19278,58,57,84,87,lymphocyte
19279,48,46,105,108,eosinophil
19280,48,46,105,108,seg_neutrophil
19281,52,49,96,102,seg_neutrophil
19282,60,58,81,84,lymphocyte
19283,51,48,99,105,seg_neutrophil
19284,48,52,105,96,seg_neutrophil
19285,54,57,93,87,lymphocyte
19286,46,51,108,99,seg_neutrophil
19287,46,51,108,99,seg_neutrophil
19288,54,54,93,93,lymphocyte
19289,43,37,114,126,monocyte
19290,60,58,81,84,lymphocyte
19291,49,55,102,90,seg_neutrophil
19292,40,42,120,117,eosinophil
19293,46,46,108,108,seg_neutrophil
19294,51,51,99,99,seg_neutrophil
19295,42,45,117,111,seg_neutrophil
19296,43,45,114,111,seg_neutrophil
19297,55,40,90,120,smudge
19298,54,46,93,108,seg_neutrophil
19299,48,62,105,102,seg_neutrophil
19300,69,60,63,81,artifact
19301,64,67,72,66,artifact
19302,60,54,81,93,artifact
19303,64,67,72,66,artifact
19304,45,54,111,93,seg_neutrophil
19305,58,49,84,102,artifact
19306,52,58,96,84,lymphocyte
19307,51,46,99,108,seg_neutrophil
19308,52,46,96,108,seg_neutrophil
19309,48,55,105,90,seg_neutrophil
19310,46,43,108,114,seg_neutrophil
19311,46,49,108,102,seg_neutrophil
19312,55,51,90,99,lymphocyte
19313,45,45,111,111,seg_neutrophil
19314,58,57,84,87,lymphocyte
19315,51,49,99,102,seg_neutrophil
19316,40,42,120,117,seg_neutrophil
19317,54,55,93,90,lymphocyte
19318,40,52,120,96,seg_neutrophil
19319,60,45,81,111,lymphocyte
19320,48,55,105,90,seg_neutrophil
19321,46,47,108,114,seg_neutrophil
19322,43,45,114,111,monocyte
19323,42,51,117,99,seg_neutrophil
19324,45,51,111,99,lymphocyte
19325,48,45,105,111,eosinophil
19326,48,42,105,117,seg_neutrophil
19327,37,37,126,126,monocyte
19328,64,58,72,84,lymphocyte
19329,43,54,114,93,seg_neutrophil
19330,48,54,105,93,lymphocyte
19331,45,43,111,114,seg_neutrophil
19332,58,40,84,120,seg_neutrophil
19333,48,49,105,102,seg_neutrophil
19334,57,60,87,81,lymphocyte
19335,92,48,93,105,lymphocyte
19336,51,33,99,108,seg_neutrophil
19337,55,61,90,78,lymphocyte
19338,55,46,90,108,seg_neutrophil
19339,49,42,102,117,seg_neutrophil
19340,54,43,93,114,lymphocyte
19341,61,58,78,84,lymphocyte
19342,54,51,93,99,seg_neutrophil
19343,42,39,117,123,seg_neutrophil
19344,54,52,93,96,lymphocyte
19345,48,46,105,108,seg_neutrophil
19346,46,48,108,105,seg_neutrophil
19347,54,55,93,90,lymphocyte
19348,46,46,108,108,seg_neutrophil
19349,46,71,108,114,eosinophil
19350,48,51,105,99,seg_neutrophil
19351,46,49,108,102,seg_neutrophil
19352,43,48,114,105,seg_neutrophil
19353,45,42,111,117,seg_neutrophil
19354,55,57,90,78,lymphocyte
19355,54,55,93,90,lymphocyte
19356,46,55,108,90,lymphocyte
19357,55,54,90,93,lymphocyte
19358,40,48,120,105,seg_neutrophil
19359,58,57,84,87,lymphocyte
19360,61,62,78,78,lymphocyte
19361,45,58,111,84,smudge
19362,43,46,114,108,seg_neutrophil
19363,43,49,114,102,eosinophil
19364,27,30,147,141,eosinophil
19365,43,46,114,108,band_neutrophil
19366,39,24,123,111,seg_neutrophil
19367,42,45,117,111,seg_neutrophil
19368,54,51,93,99,seg_neutrophil
19369,49,51,102,99,seg_neutrophil
19370,49,45,102,111,seg_neutrophil
19371,37,49,126,102,seg_neutrophil
19372,54,55,93,90,band_neutrophil
19373,48,49,105,102,seg_neutrophil
19374,55,58,90,84,seg_neutrophil
19375,42,43,117,114,eosinophil
19376,57,60,87,81,lymphocyte
19377,48,48,105,99,seg_neutrophil
19378,60,52,81,96,lymphocyte
19379,49,57,102,87,lymphocyte
19380,49,43,102,114,seg_neutrophil
19381,43,51,114,99,seg_neutrophil
19382,54,62,93,81,lymphocyte
19383,60,46,81,108,lymphocyte
19384,45,49,111,102,seg_neutrophil
19385,54,51,93,99,seg_neutrophil
19386,46,52,108,96,seg_neutrophil
19387,51,52,99,96,lymphocyte
19388,51,48,99,105,seg_neutrophil
19389,51,54,99,93,seg_neutrophil
19390,45,52,111,96,seg_neutrophil
19391,43,42,114,117,seg_neutrophil
19392,51,54,99,93,seg_neutrophil
19393,45,45,111,111,seg_neutrophil
19394,48,49,105,102,seg_neutrophil
19395,46,48,108,105,seg_neutrophil
19396,49,43,102,114,eosinophil
19397,48,49,105,102,lymphocyte
19398,52,49,96,102,seg_neutrophil
19399,57,49,87,102,lymphocyte
19400,54,48,93,105,eosinophil
19401,58,57,84,87,lymphocyte
19402,49,48,102,105,seg_neutrophil
19403,54,54,93,93,lymphocyte
19404,54,48,93,105,seg_neutrophil
19405,80,59,108,87,seg_neutrophil
19406,55,52,90,96,seg_neutrophil
19407,55,57,90,87,lymphocyte
19408,64,55,72,90,lymphocyte
19409,48,51,105,99,seg_neutrophil
19410,46,54,108,93,seg_neutrophil
19411,48,40,105,120,seg_neutrophil
19412,45,45,99,108,seg_neutrophil
19413,55,57,90,87,seg_neutrophil
19414,36,42,129,117,eosinophil
19415,60,42,81,117,lymphocyte
19416,52,48,96,105,seg_neutrophil
19417,31,37,138,126,monocyte
19418,55,49,90,102,band_neutrophil
19419,67,52,66,96,lymphocyte
19420,49,48,102,105,seg_neutrophil
19421,48,51,105,99,seg_neutrophil
19422,45,55,111,90,seg_neutrophil
19423,48,52,105,96,seg_neutrophil
19424,54,49,93,102,seg_neutrophil
19425,45,53,111,99,seg_neutrophil
19426,63,64,75,72,lymphocyte
19427,45,52,111,96,seg_neutrophil
19428,46,68,108,117,monocyte
19429,51,51,99,99,seg_neutrophil
19430,57,40,87,120,seg_neutrophil
19431,46,51,108,99,seg_neutrophil
19432,58,58,84,84,lymphocyte
19433,60,63,81,75,lymphocyte
19434,42,54,117,93,seg_neutrophil
19435,55,42,90,117,seg_neutrophil
19436,34,45,132,111,monocyte
19437,63,116,75,75,lymphocyte
19438,51,51,99,99,seg_neutrophil
19439,48,54,105,93,lymphocyte
19440,54,46,93,108,seg_neutrophil
19441,51,48,99,105,seg_neutrophil
19442,61,57,78,87,lymphocyte
19443,57,45,87,111,seg_neutrophil
19444,46,54,108,93,eosinophil
19445,51,15,99,114,seg_neutrophil
19446,52,46,96,108,seg_neutrophil
19447,58,61,84,78,lymphocyte
19448,63,83,75,78,lymphocyte
19449,49,54,102,93,seg_neutrophil
19450,52,45,96,111,seg_neutrophil
19451,51,49,99,102,seg_neutrophil
19452,51,48,99,105,seg_neutrophil
19453,61,55,78,90,seg_neutrophil
19454,48,46,105,108,eosinophil
19455,40,58,120,84,eosinophil
19456,43,43,114,114,seg_neutrophil
19457,52,51,96,99,seg_neutrophil
19458,55,49,90,102,seg_neutrophil
19459,61,63,78,75,lymphocyte
19460,43,52,114,96,seg_neutrophil
19461,49,54,102,93,lymphocyte
19462,48,48,105,105,seg_neutrophil
19463,45,43,111,114,monocyte
19464,60,57,81,87,artifact
19465,64,75,72,51,artifact
19466,66,67,69,66,artifact
19467,54,43,93,114,artifact
19468,63,63,75,75,artifact
19469,63,60,75,81,lymphocyte
19470,45,54,111,93,monocyte
19471,48,54,105,93,seg_neutrophil
19472,54,42,93,117,seg_neutrophil
19473,66,61,69,78,lymphocyte
19474,48,40,105,120,seg_neutrophil
19475,46,49,108,102,seg_neutrophil
19476,51,43,99,114,seg_neutrophil
19477,45,39,111,123,eosinophil
19478,48,51,105,99,seg_neutrophil
19479,49,45,102,111,seg_neutrophil
19480,55,51,90,99,seg_neutrophil
19481,49,51,102,99,seg_neutrophil
19482,58,71,84,90,lymphocyte
19483,57,57,87,87,smudge
19484,52,49,96,102,eosinophil
19485,54,54,93,93,band_neutrophil
19486,46,51,108,99,eosinophil
19487,33,42,135,117,monocyte
19488,49,42,102,117,seg_neutrophil
19489,49,43,102,114,seg_neutrophil
19490,48,55,105,90,seg_neutrophil
19491,49,51,102,99,seg_neutrophil
19492,52,51,96,99,seg_neutrophil
19493,51,42,99,117,seg_neutrophil
19494,45,46,111,108,seg_neutrophil
19495,30,36,141,129,seg_neutrophil
19496,43,40,114,120,seg_neutrophil
19497,61,60,78,81,lymphocyte
19498,55,54,90,93,lymphocyte
19499,42,46,117,108,seg_neutrophil
19500,51,45,99,111,seg_neutrophil
19501,60,64,81,72,lymphocyte
19502,54,48,93,105,seg_neutrophil
19503,51,45,99,111,seg_neutrophil
19504,40,45,120,111,seg_neutrophil
19505,52,49,96,102,seg_neutrophil
19506,52,51,96,99,seg_neutrophil
19507,36,43,129,114,monocyte
19508,46,45,108,111,eosinophil
19509,46,43,108,114,seg_neutrophil
19510,36,42,129,117,monocyte
19511,45,46,111,108,seg_neutrophil
19512,39,43,123,114,seg_neutrophil
19513,42,45,117,111,seg_neutrophil
19514,46,49,108,102,seg_neutrophil
19515,49,49,102,102,seg_neutrophil
19516,51,46,99,108,seg_neutrophil
19517,57,55,87,90,smudge
19518,46,51,108,99,seg_neutrophil
19519,61,61,78,78,lymphocyte
19520,55,58,90,84,lymphocyte
19521,57,48,87,105,seg_neutrophil
19522,43,46,114,108,eosinophil
19523,61,55,78,90,lymphocyte
19524,49,46,102,108,seg_neutrophil
19525,48,46,105,108,seg_neutrophil
19526,46,49,108,102,seg_neutrophil
19527,66,51,69,99,smudge
19528,57,58,87,84,lymphocyte
19529,37,37,126,126,lymphocyte
19530,60,60,81,81,lymphocyte
19531,52,49,96,102,seg_neutrophil
19532,45,54,111,93,seg_neutrophil
19533,46,46,108,108,eosinophil
19534,46,41,108,126,seg_neutrophil
19535,39,40,123,120,seg_neutrophil
19536,51,46,99,108,basophil
19537,51,54,99,93,lymphocyte
19538,42,48,117,105,seg_neutrophil
19539,52,57,96,87,lymphocyte
19540,39,40,123,120,monocyte
19541,43,49,114,102,seg_neutrophil
19542,55,46,90,108,seg_neutrophil
19543,54,48,93,105,seg_neutrophil
19544,51,45,99,111,seg_neutrophil
19545,46,48,108,105,lymphocyte
19546,43,54,114,93,seg_neutrophil
19547,46,48,108,105,seg_neutrophil
19548,42,46,117,108,seg_neutrophil
19549,39,36,123,129,monocyte
19550,40,45,120,111,seg_neutrophil
19551,48,51,105,99,seg_neutrophil
19552,46,48,108,105,eosinophil
19553,45,49,111,102,seg_neutrophil
19554,42,43,117,114,seg_neutrophil
19555,48,45,105,111,seg_neutrophil
19556,48,48,105,105,seg_neutrophil
19557,46,48,108,105,seg_neutrophil
19558,51,48,99,99,seg_neutrophil
19559,57,61,87,78,lymphocyte
19560,42,48,117,105,seg_neutrophil
19561,49,49,102,102,seg_neutrophil
19562,51,48,99,105,seg_neutrophil
19563,60,51,81,99,lymphocyte
19564,55,52,90,96,seg_neutrophil
19565,55,58,90,84,lymphocyte
19566,49,48,102,105,seg_neutrophil
19567,43,46,114,108,seg_neutrophil
19568,46,49,108,102,seg_neutrophil
19569,46,48,108,105,seg_neutrophil
19570,70,67,60,66,g_plt
19571,46,46,108,108,seg_neutrophil
19572,43,46,114,108,seg_neutrophil
19573,46,46,108,108,seg_neutrophil
19574,52,43,96,114,seg_neutrophil
19575,51,48,99,105,seg_neutrophil
19576,51,48,99,105,seg_neutrophil
19577,46,48,108,105,seg_neutrophil
19578,52,39,96,99,seg_neutrophil
19579,52,49,96,102,lymphocyte
19580,52,54,96,93,seg_neutrophil
19581,49,48,102,105,seg_neutrophil
19582,54,55,93,90,lymphocyte
19583,48,48,105,105,seg_neutrophil
19584,51,48,99,105,seg_neutrophil
19585,52,49,96,102,seg_neutrophil
19586,63,55,75,90,lymphocyte
19587,46,42,108,117,band_neutrophil
19588,43,51,114,99,seg_neutrophil
19589,54,49,93,102,seg_neutrophil
19590,52,55,96,90,smudge
19591,48,52,105,96,seg_neutrophil
19592,51,49,99,102,seg_neutrophil
19593,54,48,93,105,seg_neutrophil
19594,48,49,105,102,seg_neutrophil
19595,48,46,105,108,seg_neutrophil
19596,42,45,117,111,seg_neutrophil
19597,49,51,102,99,seg_neutrophil
19598,49,49,102,102,seg_neutrophil
19599,51,48,99,105,seg_neutrophil
19600,57,58,87,84,lymphocyte
19601,60,60,81,81,lymphocyte
19602,46,49,108,102,seg_neutrophil
19603,49,45,102,111,seg_neutrophil
19604,54,54,93,93,lymphocyte
19605,54,51,93,99,lymphocyte
19606,45,42,111,117,seg_neutrophil
19607,40,49,120,102,eosinophil
19608,46,48,108,105,seg_neutrophil
19609,43,51,114,99,seg_neutrophil
19610,48,48,105,105,seg_neutrophil
19611,48,52,105,96,seg_neutrophil
19612,46,49,108,102,seg_neutrophil
19613,48,55,105,90,seg_neutrophil
19614,51,48,99,105,seg_neutrophil
19615,55,54,90,93,lymphocyte
19616,64,60,72,81,lymphocyte
19617,51,51,99,99,seg_neutrophil
19618,54,36,93,90,lymphocyte
19619,40,46,120,108,seg_neutrophil
19620,43,46,114,108,seg_neutrophil
19621,51,51,99,99,seg_neutrophil
19622,48,52,105,96,seg_neutrophil
19623,52,49,96,102,seg_neutrophil
19624,51,51,99,99,seg_neutrophil
19625,54,45,93,111,seg_neutrophil
19626,46,46,108,108,seg_neutrophil
19627,48,45,105,111,seg_neutrophil
19628,42,45,117,111,seg_neutrophil
19629,51,43,99,114,seg_neutrophil
19630,49,45,102,111,seg_neutrophil
19631,52,57,96,87,lymphocyte
19632,51,34,99,132,artifact
19633,49,48,102,105,seg_neutrophil
19634,48,51,105,99,lymphocyte
19635,43,36,114,99,seg_neutrophil
19636,48,51,105,99,seg_neutrophil
19637,43,48,114,105,seg_neutrophil
19638,42,43,117,114,seg_neutrophil
19639,49,40,102,120,seg_neutrophil
19640,57,58,87,84,lymphocyte
19641,45,46,111,108,seg_neutrophil
19642,58,60,84,81,lymphocyte
19643,49,46,102,108,basophil
19644,51,45,99,111,seg_neutrophil
19645,48,45,105,111,seg_neutrophil
19646,43,45,114,111,seg_neutrophil
19647,48,45,105,111,seg_neutrophil
19648,57,54,87,93,lymphocyte
19649,48,51,105,99,seg_neutrophil
19650,51,52,99,96,lymphocyte
19651,48,51,105,99,seg_neutrophil
19652,42,45,117,111,seg_neutrophil
19653,45,46,111,108,seg_neutrophil
19654,57,57,87,87,lymphocyte
19655,52,46,96,108,seg_neutrophil
19656,27,52,96,96,seg_neutrophil
19657,48,54,105,93,seg_neutrophil
19658,45,48,111,105,seg_neutrophil
19659,49,55,102,90,lymphocyte
19660,45,51,111,99,artifact
19661,42,39,117,123,seg_neutrophil
19662,67,60,66,81,artifact
19663,61,67,78,66,artifact
19664,46,49,108,102,seg_neutrophil
19665,49,48,102,105,seg_neutrophil
19666,52,61,96,78,lymphocyte
19667,52,51,96,99,lymphocyte
19668,43,49,114,102,seg_neutrophil
19669,46,48,108,105,seg_neutrophil
19670,55,55,90,90,lymphocyte
19671,51,52,99,96,seg_neutrophil
19672,49,57,102,87,seg_neutrophil
19673,51,42,99,117,seg_neutrophil
19674,51,51,99,99,seg_neutrophil
19675,52,57,96,87,lymphocyte
19676,52,43,96,114,seg_neutrophil
19677,48,42,105,117,seg_neutrophil
19678,55,57,90,87,lymphocyte
19679,54,48,93,105,seg_neutrophil
19680,64,63,72,75,lymphocyte
19681,49,52,102,96,seg_neutrophil
19682,51,54,99,93,seg_neutrophil
19683,52,52,96,96,seg_neutrophil
19684,51,46,99,108,seg_neutrophil
19685,49,49,102,102,seg_neutrophil
19686,49,52,102,96,seg_neutrophil
19687,45,43,111,114,seg_neutrophil
19688,51,52,99,96,seg_neutrophil
19689,55,60,90,81,lymphocyte
19690,51,55,99,90,lymphocyte
19691,51,54,99,93,seg_neutrophil
19692,58,60,84,81,lymphocyte
19693,45,48,111,105,seg_neutrophil
19694,52,55,96,90,lymphocyte
19695,48,57,105,87,artifact
19696,57,52,87,96,lymphocyte
19697,46,46,108,108,seg_neutrophil
19698,46,43,108,114,seg_neutrophil
19699,46,51,108,99,seg_neutrophil
19700,39,46,123,108,seg_neutrophil
19701,49,51,102,99,seg_neutrophil
19702,48,49,105,102,seg_neutrophil
19703,60,57,81,87,lymphocyte
19704,55,55,90,90,lymphocyte
19705,61,46,78,108,seg_neutrophil
19706,51,48,99,105,lymphocyte
19707,46,51,108,99,seg_neutrophil
19708,49,49,102,102,seg_neutrophil
19709,51,48,99,105,seg_neutrophil
19710,57,55,87,90,seg_neutrophil
19711,55,58,90,84,lymphocyte
19712,51,46,99,108,seg_neutrophil
19713,48,52,105,96,seg_neutrophil
19714,51,54,99,93,seg_neutrophil
19715,51,49,99,102,seg_neutrophil
19716,54,49,93,102,seg_neutrophil
19717,43,43,114,114,eosinophil
19718,52,46,96,108,seg_neutrophil
19719,51,49,99,102,seg_neutrophil
19720,45,37,111,126,monocyte
19721,55,52,90,96,lymphocyte
19722,63,64,75,72,lymphocyte
19723,52,57,96,87,seg_neutrophil
19724,57,58,87,84,lymphocyte
19725,45,52,111,96,seg_neutrophil
19726,48,49,105,102,seg_neutrophil
19727,54,51,93,99,seg_neutrophil
19728,49,52,102,96,seg_neutrophil
19729,46,55,108,90,seg_neutrophil
19730,45,58,111,84,seg_neutrophil
19731,55,57,90,87,lymphocyte
19732,48,52,105,96,seg_neutrophil
19733,48,49,105,102,band_neutrophil
19734,48,52,105,96,seg_neutrophil
19735,49,33,102,96,seg_neutrophil
19736,51,48,99,105,seg_neutrophil
19737,46,42,108,117,seg_neutrophil
19738,55,55,90,90,lymphocyte
19739,52,49,96,102,seg_neutrophil
19740,55,52,90,96,lymphocyte
19741,49,54,102,93,seg_neutrophil
19742,49,55,102,90,seg_neutrophil
19743,57,57,87,87,lymphocyte
19744,43,57,114,87,seg_neutrophil
19745,42,51,117,99,seg_neutrophil
19746,49,57,102,87,seg_neutrophil
19747,49,59,102,102,seg_neutrophil
19748,46,49,108,102,lymphocyte
19749,49,54,102,93,seg_neutrophil
19750,48,47,105,111,seg_neutrophil
19751,43,45,114,111,monocyte
19752,51,52,99,96,seg_neutrophil
19753,48,45,105,111,seg_neutrophil
19754,58,48,84,105,lymphocyte
19755,48,49,105,102,band_neutrophil
19756,51,52,99,96,seg_neutrophil
19757,49,45,102,111,seg_neutrophil
19758,45,45,111,111,seg_neutrophil
19759,49,46,102,108,seg_neutrophil
19760,48,43,105,114,seg_neutrophil
19761,48,55,105,90,seg_neutrophil
19762,49,42,102,117,seg_neutrophil
19763,43,49,114,102,seg_neutrophil
19764,40,39,120,123,monocyte
19765,51,57,99,87,lymphocyte
19766,46,39,108,96,band_neutrophil
19767,51,48,99,105,seg_neutrophil
19768,63,58,75,84,lymphocyte
19769,42,48,117,105,seg_neutrophil
19770,45,54,111,93,seg_neutrophil
19771,48,54,105,93,seg_neutrophil
19772,51,52,99,96,seg_neutrophil
19773,51,49,99,102,seg_neutrophil
19774,48,55,105,90,seg_neutrophil
19775,40,42,120,117,monocyte
19776,52,56,96,102,seg_neutrophil
19777,57,46,87,108,seg_neutrophil
19778,58,58,84,84,lymphocyte
19779,59,49,90,102,seg_neutrophil
19780,45,49,111,102,seg_neutrophil
19781,51,57,99,87,seg_neutrophil
19782,46,54,108,93,seg_neutrophil
19783,52,57,96,87,lymphocyte
19784,43,51,114,99,seg_neutrophil
19785,54,52,93,96,band_neutrophil
19786,39,46,123,108,monocyte
19787,51,89,99,96,seg_neutrophil
19788,46,52,108,96,seg_neutrophil
19789,61,57,78,87,lymphocyte
19790,43,42,114,117,seg_neutrophil
19791,60,61,81,78,lymphocyte
19792,49,51,102,99,seg_neutrophil
19793,55,52,90,96,lymphocyte
19794,49,45,102,111,band_neutrophil
19795,64,57,72,87,lymphocyte
19796,51,52,99,96,seg_neutrophil
19797,45,46,108,108,seg_neutrophil
19798,54,55,93,90,seg_neutrophil
19799,46,57,108,87,seg_neutrophil
19800,45,57,111,87,eosinophil
19801,45,48,111,105,seg_neutrophil
19802,39,40,123,120,seg_neutrophil
19803,49,49,102,102,seg_neutrophil
19804,61,64,78,72,lymphocyte
19805,42,46,117,108,seg_neutrophil
19806,42,46,117,108,seg_neutrophil
19807,48,51,105,99,seg_neutrophil
19808,49,52,102,96,seg_neutrophil
19809,58,55,84,90,lymphocyte
19810,51,51,99,99,seg_neutrophil
19811,46,68,108,114,seg_neutrophil
19812,52,49,96,102,seg_neutrophil
19813,37,45,126,111,seg_neutrophil
19814,24,48,102,105,seg_neutrophil
19815,45,49,111,102,seg_neutrophil
19816,48,51,105,99,seg_neutrophil
19817,42,46,117,108,seg_neutrophil
19818,55,51,90,99,lymphocyte
19819,45,43,111,114,seg_neutrophil
19820,46,51,108,99,seg_neutrophil
19821,49,55,102,90,seg_neutrophil
19822,40,51,120,99,seg_neutrophil
19823,60,55,81,90,lymphocyte
19824,45,57,111,87,seg_neutrophil
19825,48,54,105,93,seg_neutrophil
19826,52,57,96,87,seg_neutrophil
19827,42,51,117,99,seg_neutrophil
19828,54,55,93,90,lymphocyte
19829,49,48,102,105,seg_neutrophil
19830,52,54,96,93,seg_neutrophil
19831,58,48,84,84,seg_neutrophil
19832,55,54,90,93,seg_neutrophil
19833,43,54,114,93,seg_neutrophil
19834,51,49,99,102,seg_neutrophil
19835,54,57,93,87,lymphocyte
19836,43,46,114,108,seg_neutrophil
19837,46,55,108,90,seg_neutrophil
19838,55,45,90,111,seg_neutrophil
19839,43,49,114,102,seg_neutrophil
19840,60,63,81,75,lymphocyte
19841,58,58,84,84,lymphocyte
19842,45,43,111,114,seg_neutrophil
19843,46,49,108,102,seg_neutrophil
19844,34,34,132,132,monocyte
19845,42,40,117,120,monocyte
19846,48,48,105,105,seg_neutrophil
19847,45,52,111,96,seg_neutrophil
19848,43,45,114,111,seg_neutrophil
19849,45,51,111,99,seg_neutrophil
19850,45,54,111,93,seg_neutrophil
19851,42,49,117,102,seg_neutrophil
19852,40,45,120,111,seg_neutrophil
19853,57,57,87,87,lymphocyte
19854,58,60,84,81,lymphocyte
19855,51,55,99,90,seg_neutrophil
19856,51,54,99,93,seg_neutrophil
19857,48,54,105,93,seg_neutrophil
19858,51,45,99,111,seg_neutrophil
19859,51,45,99,111,seg_neutrophil
19860,45,51,111,99,seg_neutrophil
19861,48,48,105,105,seg_neutrophil
19862,52,57,96,87,lymphocyte
19863,48,49,105,102,band_neutrophil
19864,48,52,105,96,seg_neutrophil
19865,52,46,96,108,seg_neutrophil
19866,60,52,81,96,lymphocyte
19867,49,51,102,99,seg_neutrophil
19868,46,48,108,105,seg_neutrophil
19869,42,37,117,126,monocyte
19870,46,54,108,93,seg_neutrophil
19871,42,51,117,99,seg_neutrophil
19872,57,61,87,78,lymphocyte
19873,52,46,96,108,seg_neutrophil
19874,43,49,114,102,seg_neutrophil
19875,43,46,114,108,lymphocyte
19876,45,46,111,108,seg_neutrophil
19877,43,45,114,111,seg_neutrophil
19878,49,51,102,93,lymphocyte
19879,43,52,114,96,seg_neutrophil
19880,45,48,111,105,seg_neutrophil
19881,57,57,87,87,seg_neutrophil
19882,48,48,105,105,seg_neutrophil
19883,52,52,96,96,seg_neutrophil
19884,33,43,135,114,monocyte
19885,48,46,105,108,seg_neutrophil
19886,55,45,90,111,lymphocyte
19887,57,60,87,81,lymphocyte
19888,46,42,108,117,seg_neutrophil
19889,51,49,99,102,seg_neutrophil
19890,37,45,126,111,seg_neutrophil
19891,46,45,108,111,seg_neutrophil
19892,58,60,84,81,lymphocyte
19893,51,52,99,96,seg_neutrophil
19894,45,45,111,111,seg_neutrophil
19895,55,74,90,87,seg_neutrophil
19896,48,54,105,93,seg_neutrophil
19897,51,57,99,87,seg_neutrophil
19898,43,54,114,93,seg_neutrophil
19899,58,48,84,84,seg_neutrophil
19900,51,54,99,93,seg_neutrophil
19901,60,51,81,99,seg_neutrophil
19902,55,52,90,96,seg_neutrophil
19903,46,52,108,96,band_neutrophil
19904,61,66,78,69,lymphocyte
19905,61,46,78,108,seg_neutrophil
19906,54,52,93,96,seg_neutrophil
19907,48,57,105,87,seg_neutrophil
19908,56,45,99,111,seg_neutrophil
19909,48,54,105,93,seg_neutrophil
19910,40,57,120,87,seg_neutrophil
19911,46,51,108,99,seg_neutrophil
19912,66,63,69,75,lymphocyte
19913,54,43,93,114,seg_neutrophil
19914,51,54,99,93,seg_neutrophil
19915,64,49,72,102,eosinophil
19916,52,52,96,96,seg_neutrophil
19917,45,48,111,105,seg_neutrophil
19918,46,45,108,111,band_neutrophil
19919,49,46,102,108,seg_neutrophil
19920,45,51,111,99,seg_neutrophil
19921,52,49,96,102,seg_neutrophil
19922,43,54,114,93,seg_neutrophil
19923,51,55,99,90,seg_neutrophil
19924,45,52,111,96,seg_neutrophil
19925,54,51,93,99,seg_neutrophil
19926,49,51,102,99,seg_neutrophil
19927,51,42,99,117,seg_neutrophil
19928,49,39,102,99,seg_neutrophil
19929,64,57,72,87,seg_neutrophil
19930,51,56,99,99,seg_neutrophil
19931,55,48,90,105,seg_neutrophil
19932,48,57,84,87,seg_neutrophil
19933,63,55,75,90,seg_neutrophil
19934,57,46,87,108,seg_neutrophil
19935,51,42,99,102,seg_neutrophil
19936,52,46,96,108,eosinophil
19937,54,58,93,84,seg_neutrophil
19938,52,45,96,105,seg_neutrophil
19939,51,48,99,105,seg_neutrophil
19940,52,51,96,99,seg_neutrophil
19941,51,46,99,108,seg_neutrophil
19942,57,51,87,99,seg_neutrophil
19943,51,48,99,105,seg_neutrophil
19944,54,58,93,84,seg_neutrophil
19945,60,48,81,105,seg_neutrophil
19946,54,52,93,96,lymphocyte
19947,46,49,108,102,seg_neutrophil
19948,55,61,90,78,lymphocyte
19949,60,40,81,120,eosinophil
19950,51,52,99,96,seg_neutrophil
19951,57,57,87,87,lymphocyte
19952,52,51,96,99,seg_neutrophil
19953,45,54,111,93,seg_neutrophil
19954,52,51,96,99,seg_neutrophil
19955,52,48,96,105,seg_neutrophil
19956,55,48,90,105,seg_neutrophil
19957,48,52,105,96,seg_neutrophil
19958,51,57,99,87,seg_neutrophil
19959,58,51,84,99,seg_neutrophil
19960,73,61,54,78,artifact
19961,58,49,84,102,seg_neutrophil
19962,49,80,102,90,seg_neutrophil
19963,52,57,96,87,seg_neutrophil
19964,48,57,105,87,seg_neutrophil
19965,49,46,102,108,seg_neutrophil
19966,67,69,66,63,lymphocyte
19967,39,52,123,96,eosinophil
19968,51,49,99,102,seg_neutrophil
19969,43,55,114,90,seg_neutrophil
19970,51,49,99,102,seg_neutrophil
19971,51,54,99,93,band_neutrophil
19972,52,54,96,93,seg_neutrophil
19973,51,52,99,96,seg_neutrophil
19974,60,60,81,81,seg_neutrophil
19975,52,52,96,96,eosinophil
19976,57,54,87,93,seg_neutrophil
19977,66,51,69,99,lymphocyte
19978,60,60,81,81,lymphocyte
19979,48,52,105,96,seg_neutrophil
19980,63,55,75,90,seg_neutrophil
19981,40,48,120,105,seg_neutrophil
19982,60,55,81,90,band_neutrophil
19983,60,54,81,93,seg_neutrophil
19984,48,51,105,99,lymphocyte
19985,46,51,108,99,seg_neutrophil
19986,54,40,93,120,seg_neutrophil
19987,51,57,99,87,seg_neutrophil
19988,52,43,96,114,seg_neutrophil
19989,54,49,93,102,seg_neutrophil
19990,68,57,87,87,lymphocyte
19991,46,55,108,90,seg_neutrophil
19992,40,43,120,114,monocyte
19993,55,39,90,108,seg_neutrophil
19994,55,48,90,105,seg_neutrophil
19995,46,48,108,105,seg_neutrophil
19996,46,52,108,96,seg_neutrophil
19997,66,63,69,75,lymphocyte
19998,54,57,93,87,seg_neutrophil
19999,60,55,81,90,artifact
20000,45,52,111,96,seg_neutrophil
20001,58,57,84,87,seg_neutrophil
20002,54,55,93,90,seg_neutrophil
20003,42,65,117,108,seg_neutrophil
20004,45,51,111,99,seg_neutrophil
20005,64,63,72,75,lymphocyte
20006,55,55,90,90,seg_neutrophil
20007,52,46,96,108,seg_neutrophil
20008,51,46,99,108,seg_neutrophil
20009,48,51,105,99,seg_neutrophil
20010,46,58,108,84,seg_neutrophil
20011,54,48,93,105,seg_neutrophil
20012,48,49,105,102,seg_neutrophil
20013,63,58,75,84,lymphocyte
20014,51,49,99,102,seg_neutrophil
20015,58,54,84,93,lymphocyte
20016,52,54,96,93,seg_neutrophil
20017,45,49,111,102,eosinophil
20018,54,89,93,102,seg_neutrophil
20019,40,55,120,90,seg_neutrophil
20020,49,58,102,84,lymphocyte
20021,54,58,93,84,seg_neutrophil
20022,48,45,105,111,seg_neutrophil
20023,58,52,84,96,seg_neutrophil
20024,49,54,102,93,seg_neutrophil
20025,54,54,93,93,seg_neutrophil
20026,46,45,108,111,seg_neutrophil
20027,55,52,90,96,seg_neutrophil
20028,49,43,102,114,seg_neutrophil
20029,51,55,99,90,seg_neutrophil
20030,63,63,75,75,lymphocyte
20031,48,49,105,102,seg_neutrophil
20032,49,43,102,114,eosinophil
20033,55,51,90,99,lymphocyte
20034,58,60,84,81,lymphocyte
20035,54,49,93,102,seg_neutrophil
20036,67,57,66,87,seg_neutrophil
20037,48,49,105,102,seg_neutrophil
20038,45,54,111,93,seg_neutrophil
20039,57,64,87,72,lymphocyte
20040,51,51,99,99,seg_neutrophil
20041,55,61,90,78,lymphocyte
20042,54,55,93,90,lymphocyte
20043,64,60,72,81,lymphocyte
20044,51,51,99,99,seg_neutrophil
20045,48,60,105,81,seg_neutrophil
20046,58,48,84,105,seg_neutrophil
20047,48,51,105,99,seg_neutrophil
20048,52,48,96,105,seg_neutrophil
20049,52,51,96,99,seg_neutrophil
20050,49,52,102,96,seg_neutrophil
20051,58,51,84,99,seg_neutrophil
20052,51,51,99,99,seg_neutrophil
20053,51,54,99,93,seg_neutrophil
20054,33,46,90,108,seg_neutrophil
20055,54,40,93,120,seg_neutrophil
20056,48,51,105,99,seg_neutrophil
20057,51,48,99,105,seg_neutrophil
20058,58,61,84,78,lymphocyte
20059,51,46,99,108,seg_neutrophil
20060,52,58,96,84,seg_neutrophil
20061,49,54,102,93,seg_neutrophil
20062,48,51,105,99,lymphocyte
20063,45,48,111,105,band_neutrophil
20064,43,51,114,99,seg_neutrophil
20065,45,48,111,105,seg_neutrophil
20066,58,58,84,84,lymphocyte
20067,51,57,99,87,lymphocyte
20068,46,52,108,96,seg_neutrophil
20069,48,55,105,90,seg_neutrophil
20070,55,55,90,90,seg_neutrophil
20071,54,51,93,99,seg_neutrophil
20072,49,49,102,102,seg_neutrophil
20073,48,46,105,108,seg_neutrophil
20074,64,63,72,75,lymphocyte
20075,52,62,96,99,seg_neutrophil
20076,49,43,102,114,seg_neutrophil
20077,49,48,102,105,seg_neutrophil
20078,46,52,108,96,seg_neutrophil
20079,55,52,90,96,lymphocyte
20080,46,48,108,105,eosinophil
20081,48,54,105,93,seg_neutrophil
20082,64,64,72,72,lymphocyte
20083,45,51,111,99,seg_neutrophil
20084,52,51,96,99,seg_neutrophil
20085,49,49,102,102,seg_neutrophil
20086,52,52,96,96,seg_neutrophil
20087,52,55,96,90,lymphocyte
20088,42,54,117,93,seg_neutrophil
20089,45,52,111,96,seg_neutrophil
20090,42,48,117,105,seg_neutrophil
20091,45,43,111,114,seg_neutrophil
20092,52,51,96,99,eosinophil
20093,48,49,105,102,seg_neutrophil
20094,49,40,102,120,seg_neutrophil
20095,110,63,78,75,lymphocyte
20096,60,57,81,87,lymphocyte
20097,51,52,99,96,seg_neutrophil
20098,51,48,99,105,seg_neutrophil
20099,48,42,105,117,seg_neutrophil
20100,42,43,117,114,eosinophil
20101,46,52,108,96,seg_neutrophil
20102,52,54,96,93,seg_neutrophil
20103,45,48,111,105,seg_neutrophil
20104,21,51,102,99,seg_neutrophil
20105,48,58,105,84,seg_neutrophil
20106,46,43,108,114,seg_neutrophil
20107,43,54,114,93,eosinophil
20108,48,49,105,102,seg_neutrophil
20109,55,52,90,96,seg_neutrophil
20110,48,52,105,96,seg_neutrophil
20111,48,54,105,93,seg_neutrophil
20112,45,48,111,105,seg_neutrophil
20113,58,57,84,87,lymphocyte
20114,57,48,87,105,seg_neutrophil
20115,63,48,75,105,lymphocyte
20116,52,51,96,99,seg_neutrophil
20117,67,61,66,78,lymphocyte
20118,51,55,99,90,seg_neutrophil
20119,49,51,102,99,monocyte
20120,46,52,108,96,seg_neutrophil
20121,54,49,93,102,seg_neutrophil
20122,48,46,105,108,seg_neutrophil
20123,48,49,105,102,seg_neutrophil
20124,54,48,93,105,smudge
20125,51,54,99,93,lymphocyte
20126,60,61,81,78,lymphocyte
20127,45,49,111,102,seg_neutrophil
20128,42,43,117,114,monocyte
20129,52,46,96,108,seg_neutrophil
20130,45,45,111,111,seg_neutrophil
20131,51,55,99,90,lymphocyte
20132,45,37,111,126,monocyte
20133,45,52,111,96,seg_neutrophil
20134,48,49,105,102,seg_neutrophil
20135,55,45,90,111,seg_neutrophil
20136,61,60,78,81,lymphocyte
20137,46,52,108,96,seg_neutrophil
20138,43,49,114,102,seg_neutrophil
20139,51,54,99,93,seg_neutrophil
20140,51,46,99,108,seg_neutrophil
20141,51,51,99,99,seg_neutrophil
20142,55,58,90,84,lymphocyte
20143,46,54,108,93,band_neutrophil
20144,57,49,87,102,lymphocyte
20145,54,48,93,105,seg_neutrophil
20146,51,55,99,90,seg_neutrophil
20147,49,52,102,96,seg_neutrophil
20148,54,51,93,99,seg_neutrophil
20149,49,43,102,114,seg_neutrophil
20150,42,49,117,102,monocyte
20151,43,40,114,120,seg_neutrophil
20152,45,57,111,87,seg_neutrophil
20153,48,40,105,120,seg_neutrophil
20154,45,49,111,102,seg_neutrophil
20155,48,49,105,102,seg_neutrophil
20156,51,24,99,99,seg_neutrophil
20157,57,61,87,78,lymphocyte
20158,48,48,105,105,seg_neutrophil
20159,36,43,129,114,monocyte
20160,46,51,108,99,seg_neutrophil
20161,51,42,99,117,seg_neutrophil
20162,54,49,93,102,seg_neutrophil
20163,60,61,81,78,lymphocyte
20164,48,51,105,99,seg_neutrophil
20165,57,48,87,105,seg_neutrophil
20166,48,54,105,93,seg_neutrophil
20167,45,46,111,108,seg_neutrophil
20168,52,49,96,102,seg_neutrophil
20169,57,58,87,84,lymphocyte
20170,40,49,120,102,seg_neutrophil
20171,42,57,117,87,seg_neutrophil
20172,43,43,114,114,monocyte
20173,43,49,114,102,seg_neutrophil
20174,55,54,90,93,seg_neutrophil
20175,49,45,102,111,seg_neutrophil
20176,60,52,81,96,lymphocyte
20177,46,49,108,102,basophil
20178,45,52,111,96,monocyte
20179,49,56,102,90,seg_neutrophil
20180,48,52,105,96,seg_neutrophil
20181,49,49,102,102,seg_neutrophil
20182,52,52,96,96,seg_neutrophil
20183,30,42,141,117,artifact
20184,57,31,87,138,artifact
20185,63,58,75,84,smudge
20186,49,43,102,114,seg_neutrophil
20187,48,51,105,99,seg_neutrophil
20188,57,55,87,90,lymphocyte
20189,54,64,93,72,lymphocyte
20190,54,63,93,75,lymphocyte
20191,52,58,96,84,lymphocyte
20192,55,52,90,96,lymphocyte
20193,57,57,87,87,lymphocyte
20194,54,42,93,117,seg_neutrophil
20195,51,51,99,99,lymphocyte
20196,42,51,117,99,seg_neutrophil
20197,60,54,81,93,smudge
20198,60,63,81,75,lymphocyte
20199,49,48,102,105,seg_neutrophil
20200,54,49,93,102,seg_neutrophil
20201,58,57,84,87,lymphocyte
20202,45,36,111,102,seg_neutrophil
20203,45,54,111,93,seg_neutrophil
20204,40,28,120,144,artifact
20205,46,55,108,90,seg_neutrophil
20206,51,46,99,108,seg_neutrophil
20207,52,45,96,111,band_neutrophil
20208,45,43,111,114,monocyte
20209,58,57,84,87,lymphocyte
20210,49,51,102,99,seg_neutrophil
20211,49,54,102,93,seg_neutrophil
20212,54,52,93,96,seg_neutrophil
20213,60,60,81,81,lymphocyte
20214,48,49,105,102,seg_neutrophil
20215,52,45,96,111,seg_neutrophil
20216,43,52,114,96,seg_neutrophil
20217,55,54,90,93,lymphocyte
20218,46,52,108,96,seg_neutrophil
20219,80,51,93,99,lymphocyte
20220,46,51,108,99,seg_neutrophil
20221,51,43,99,114,seg_neutrophil
20222,43,48,114,105,seg_neutrophil
20223,52,48,96,105,seg_neutrophil
20224,62,61,87,78,lymphocyte
20225,45,39,111,123,seg_neutrophil
20226,45,45,111,111,seg_neutrophil
20227,43,49,114,102,monocyte
20228,63,66,75,69,lymphocyte
20229,55,55,90,90,lymphocyte
20230,49,52,102,96,seg_neutrophil
20231,57,60,87,81,lymphocyte
20232,49,48,102,105,seg_neutrophil
20233,42,52,117,96,lymphocyte
20234,43,51,114,99,seg_neutrophil
20235,57,55,87,90,lymphocyte
20236,57,61,87,78,lymphocyte
20237,49,54,102,93,seg_neutrophil
20238,51,45,99,111,seg_neutrophil
20239,48,45,105,111,seg_neutrophil
20240,69,83,63,66,artifact
20241,46,51,108,99,seg_neutrophil
20242,51,43,99,114,seg_neutrophil
20243,43,42,114,117,monocyte
20244,57,45,87,111,seg_neutrophil
20245,55,58,90,84,lymphocyte
20246,45,49,111,102,seg_neutrophil
20247,54,49,93,102,seg_neutrophil
20248,49,60,102,81,seg_neutrophil
20249,37,42,126,117,monocyte
20250,52,48,96,105,seg_neutrophil
20251,49,57,102,87,seg_neutrophil
20252,46,57,108,87,seg_neutrophil
20253,42,45,117,111,seg_neutrophil
20254,40,46,120,108,monocyte
20255,49,74,102,111,seg_neutrophil
20256,48,49,105,102,seg_neutrophil
20257,51,57,99,87,lymphocyte
20258,52,48,96,105,seg_neutrophil
20259,43,58,114,84,seg_neutrophil
20260,52,51,96,99,seg_neutrophil
20261,6,40,105,120,seg_neutrophil
20262,49,40,102,120,seg_neutrophil
20263,52,46,96,108,seg_neutrophil
20264,49,46,102,108,seg_neutrophil
20265,54,45,93,111,seg_neutrophil
20266,52,54,96,93,seg_neutrophil
20267,42,43,117,114,eosinophil
20268,55,52,90,96,seg_neutrophil
20269,42,51,117,99,seg_neutrophil
20270,52,48,96,105,seg_neutrophil
20271,51,49,99,102,seg_neutrophil
20272,3,58,90,84,lymphocyte
20273,49,54,102,93,seg_neutrophil
20274,54,55,93,90,lymphocyte
20275,52,51,96,99,seg_neutrophil
20276,48,43,105,114,lymphocyte
20277,49,46,102,108,seg_neutrophil
20278,54,63,93,75,lymphocyte
20279,51,49,99,102,seg_neutrophil
20280,51,42,99,117,seg_neutrophil
20281,49,45,102,111,seg_neutrophil
20282,49,46,102,108,seg_neutrophil
20283,6,51,102,99,seg_neutrophil
20284,55,58,90,84,lymphocyte
20285,57,55,87,90,lymphocyte
20286,51,51,99,99,seg_neutrophil
20287,46,48,108,105,seg_neutrophil
20288,60,61,81,78,lymphocyte
20289,49,52,102,96,seg_neutrophil
20290,49,48,102,105,seg_neutrophil
20291,57,57,87,87,lymphocyte
20292,61,67,78,66,lymphocyte
20293,52,52,96,96,artifact
20294,57,51,87,99,lymphocyte
20295,42,46,117,108,seg_neutrophil
20296,63,57,75,87,lymphocyte
20297,42,46,117,108,seg_neutrophil
20298,46,49,108,102,seg_neutrophil
20299,49,46,102,108,seg_neutrophil
20300,45,48,111,105,seg_neutrophil
20301,55,54,90,93,seg_neutrophil
20302,61,27,78,84,lymphocyte
20303,48,68,105,99,seg_neutrophil
20304,67,64,66,72,lymphocyte
20305,60,60,81,81,lymphocyte
20306,43,45,114,111,seg_neutrophil
20307,46,48,108,105,seg_neutrophil
20308,48,49,105,102,seg_neutrophil
20309,51,43,99,114,seg_neutrophil
20310,58,63,84,75,lymphocyte
20311,57,58,87,84,abnormal_lymphocyte
20312,46,49,108,102,seg_neutrophil
20313,40,49,120,102,seg_neutrophil
20314,51,51,99,99,lymphocyte
20315,61,58,78,84,lymphocyte
20316,48,46,105,108,seg_neutrophil
20317,49,51,102,99,seg_neutrophil
20318,42,51,117,99,seg_neutrophil
20319,39,45,123,111,monocyte
20320,60,60,81,81,lymphocyte
20321,58,60,84,81,lymphocyte
20322,49,51,102,99,seg_neutrophil
20323,51,55,99,90,seg_neutrophil
20324,46,50,108,102,band_neutrophil
20325,54,54,93,93,seg_neutrophil
20326,48,54,105,93,seg_neutrophil
20327,43,46,114,108,seg_neutrophil
20328,46,52,108,96,seg_neutrophil
20329,52,57,96,87,lymphocyte
20330,51,45,99,111,eosinophil
20331,46,49,108,102,seg_neutrophil
20332,43,48,114,105,seg_neutrophil
20333,45,51,111,99,seg_neutrophil
20334,66,64,69,72,lymphocyte
20335,61,60,78,81,lymphocyte
20336,52,46,96,108,seg_neutrophil
20337,52,49,96,102,seg_neutrophil
20338,49,46,102,108,seg_neutrophil
20339,58,107,84,84,lymphocyte
20340,57,58,87,84,lymphocyte
20341,46,51,108,99,seg_neutrophil
20342,40,49,120,102,seg_neutrophil
20343,61,58,78,84,lymphocyte
20344,49,45,102,111,seg_neutrophil
20345,51,51,99,99,seg_neutrophil
20346,54,51,93,99,band_neutrophil
20347,49,54,102,93,seg_neutrophil
20348,48,51,105,99,seg_neutrophil
20349,43,49,114,102,seg_neutrophil
20350,45,45,111,111,seg_neutrophil
20351,55,49,90,102,seg_neutrophil
20352,60,60,81,81,lymphocyte
20353,54,60,93,81,lymphocyte
20354,48,46,105,108,band_neutrophil
20355,52,58,96,84,lymphocyte
20356,37,48,126,105,seg_neutrophil
20357,61,63,78,75,lymphocyte
20358,45,48,111,105,seg_neutrophil
20359,51,54,99,93,seg_neutrophil
20360,51,51,99,99,seg_neutrophil
20361,46,48,108,105,seg_neutrophil
20362,46,49,108,102,seg_neutrophil
20363,39,51,123,99,seg_neutrophil
20364,51,52,99,96,seg_neutrophil
20365,54,61,93,78,lymphocyte
20366,58,58,84,84,lymphocyte
20367,51,51,99,99,seg_neutrophil
20368,48,49,105,102,seg_neutrophil
20369,46,57,108,87,seg_neutrophil
20370,51,48,99,105,seg_neutrophil
20371,40,42,120,108,seg_neutrophil
20372,58,61,84,78,lymphocyte
20373,48,45,105,111,seg_neutrophil
20374,57,58,87,84,lymphocyte
20375,86,48,99,105,seg_neutrophil
20376,57,55,87,90,lymphocyte
20377,52,40,96,120,seg_neutrophil
20378,60,54,81,93,lymphocyte
20379,49,59,102,114,seg_neutrophil
20380,48,46,105,108,seg_neutrophil
20381,55,54,90,93,lymphocyte
20382,51,48,99,105,seg_neutrophil
20383,52,49,96,102,seg_neutrophil
20384,43,54,114,93,seg_neutrophil
20385,55,52,90,96,lymphocyte
20386,39,45,123,111,monocyte
20387,43,42,114,117,seg_neutrophil
20388,46,48,108,105,seg_neutrophil
20389,45,43,111,114,seg_neutrophil
20390,51,49,99,102,seg_neutrophil
20391,42,46,117,108,seg_neutrophil
20392,45,52,111,96,seg_neutrophil
20393,55,51,90,99,seg_neutrophil
20394,57,51,87,99,lymphocyte
20395,49,46,102,108,eosinophil
20396,52,45,96,111,seg_neutrophil
20397,45,48,111,105,seg_neutrophil
20398,42,45,117,111,seg_neutrophil
20399,52,55,96,90,lymphocyte
20400,46,49,108,102,seg_neutrophil
20401,51,55,99,90,lymphocyte
20402,49,51,102,99,seg_neutrophil
20403,46,92,108,105,seg_neutrophil
20404,49,54,102,93,seg_neutrophil
20405,43,46,114,108,seg_neutrophil
20406,58,58,84,84,lymphocyte
20407,40,52,120,96,seg_neutrophil
20408,61,63,78,75,lymphocyte
20409,49,52,102,96,seg_neutrophil
20410,54,54,93,93,lymphocyte
20411,70,57,60,87,artifact
20412,45,49,111,102,artifact
20413,58,67,84,66,lymphocyte
20414,60,61,81,78,lymphocyte
20415,57,54,87,93,lymphocyte
20416,45,46,111,108,seg_neutrophil
20417,57,55,87,90,lymphocyte
20418,51,52,99,96,seg_neutrophil
20419,57,55,87,90,lymphocyte
20420,57,55,87,90,lymphocyte
20421,52,58,96,84,lymphocyte
20422,52,55,96,90,seg_neutrophil
20423,49,36,102,87,seg_neutrophil
20424,54,52,93,96,seg_neutrophil
20425,54,55,93,90,seg_neutrophil
20426,51,54,99,93,seg_neutrophil
20427,12,64,99,72,lymphocyte
20428,46,52,108,96,seg_neutrophil
20429,55,49,90,102,smudge
20430,48,51,105,99,seg_neutrophil
20431,51,45,99,111,seg_neutrophil
20432,52,51,96,99,seg_neutrophil
20433,52,54,96,93,seg_neutrophil
20434,54,51,93,99,seg_neutrophil
20435,49,59,102,108,seg_neutrophil
20436,49,51,102,99,seg_neutrophil
20437,55,27,90,99,seg_neutrophil
20438,55,40,90,120,seg_neutrophil
20439,48,54,105,93,seg_neutrophil
20440,46,48,108,105,seg_neutrophil
20441,60,67,81,66,lymphocyte
20442,61,64,78,72,lymphocyte
20443,52,51,96,99,seg_neutrophil
20444,48,52,105,96,seg_neutrophil
20445,49,58,102,84,smudge
20446,48,57,105,87,seg_neutrophil
20447,51,55,99,90,eosinophil
20448,64,66,72,69,lymphocyte
20449,48,46,105,108,seg_neutrophil
20450,48,51,105,99,seg_neutrophil
20451,63,61,75,78,lymphocyte
20452,45,40,111,120,eosinophil
20453,54,52,93,96,seg_neutrophil
20454,54,54,93,93,seg_neutrophil
20455,45,42,111,117,monocyte
20456,49,59,102,93,seg_neutrophil
20457,58,49,84,102,seg_neutrophil
20458,49,46,102,108,seg_neutrophil
20459,55,55,90,90,seg_neutrophil
20460,48,57,105,87,seg_neutrophil
20461,55,52,90,96,seg_neutrophil
20462,89,54,99,93,seg_neutrophil
20463,48,55,105,90,seg_neutrophil
20464,55,40,90,120,lymphocyte
20465,45,51,111,99,seg_neutrophil
20466,45,55,111,90,lymphocyte
20467,52,51,96,99,seg_neutrophil
20468,48,57,105,87,seg_neutrophil
20469,83,45,84,111,smudge
20470,51,60,99,81,seg_neutrophil
20471,52,51,96,99,seg_neutrophil
20472,51,51,99,99,seg_neutrophil
20473,42,49,117,102,seg_neutrophil
20474,49,45,102,111,seg_neutrophil
20475,49,49,102,102,seg_neutrophil
20476,63,57,75,87,lymphocyte
20477,57,51,87,99,seg_neutrophil
20478,52,54,96,93,seg_neutrophil
20479,48,48,105,105,seg_neutrophil
20480,58,57,84,87,lymphocyte
20481,45,52,111,96,seg_neutrophil
20482,48,45,105,111,seg_neutrophil
20483,61,57,78,87,lymphocyte
20484,52,89,96,96,seg_neutrophil
20485,49,49,102,102,seg_neutrophil
20486,48,68,105,105,seg_neutrophil
20487,43,54,114,93,seg_neutrophil
20488,49,52,102,96,seg_neutrophil
20489,64,64,72,72,lymphocyte
20490,52,52,96,96,seg_neutrophil
20491,61,52,78,96,smudge
20492,46,52,108,96,lymphocyte
20493,60,55,81,90,smudge
20494,46,48,108,105,seg_neutrophil
20495,55,61,90,78,seg_neutrophil
20496,57,50,87,102,seg_neutrophil
20497,52,48,96,105,seg_neutrophil
20498,51,51,99,99,seg_neutrophil
20499,51,45,99,96,seg_neutrophil
20500,43,48,114,105,smudge
20501,51,51,99,99,seg_neutrophil
20502,52,51,96,99,seg_neutrophil
20503,40,49,120,102,seg_neutrophil
20504,46,58,108,84,seg_neutrophil
20505,58,57,84,87,seg_neutrophil
20506,48,51,105,99,seg_neutrophil
20507,45,34,111,132,monocyte
20508,45,46,111,108,seg_neutrophil
20509,48,43,105,114,smudge
20510,45,58,111,84,seg_neutrophil
20511,24,52,114,96,seg_neutrophil
20512,58,54,84,93,seg_neutrophil
20513,48,52,105,96,seg_neutrophil
20514,61,63,78,75,lymphocyte
20515,51,55,99,90,seg_neutrophil
20516,58,42,84,117,seg_neutrophil
20517,58,46,84,108,seg_neutrophil
20518,60,61,81,78,lymphocyte
20519,42,62,117,96,smudge
20520,52,48,96,105,seg_neutrophil
20521,66,67,69,66,lymphocyte
20522,49,52,102,96,seg_neutrophil
20523,46,58,108,84,seg_neutrophil
20524,46,52,108,96,seg_neutrophil
20525,57,51,87,99,smudge
20526,51,54,99,93,lymphocyte
20527,61,64,78,72,lymphocyte
20528,60,52,81,96,lymphocyte
20529,52,49,96,102,smudge
20530,51,58,99,84,seg_neutrophil
20531,60,42,81,117,seg_neutrophil
20532,77,51,84,99,lymphocyte
20533,86,39,87,123,seg_neutrophil
20534,46,52,108,96,seg_neutrophil
20535,54,57,93,87,lymphocyte
20536,52,60,96,81,seg_neutrophil
20537,45,40,111,120,seg_neutrophil
20538,57,58,87,84,seg_neutrophil
20539,52,52,96,96,seg_neutrophil
20540,64,63,72,75,lymphocyte
20541,54,51,93,99,seg_neutrophil
20542,54,51,93,99,seg_neutrophil
20543,57,52,87,96,seg_neutrophil
20544,45,89,111,102,seg_neutrophil
20545,51,51,99,99,seg_neutrophil
20546,52,101,96,93,smudge
20547,49,57,102,87,smudge
20548,54,60,93,81,lymphocyte
20549,55,57,90,87,lymphocyte
20550,52,52,96,96,seg_neutrophil
20551,48,57,105,87,seg_neutrophil
20552,52,58,96,84,seg_neutrophil
20553,52,51,96,99,seg_neutrophil
20554,55,52,90,96,seg_neutrophil
20555,60,24,81,96,smudge
20556,42,55,117,90,seg_neutrophil
20557,46,30,108,102,seg_neutrophil
20558,45,49,111,102,seg_neutrophil
20559,51,54,99,93,seg_neutrophil
20560,45,46,111,108,seg_neutrophil
20561,45,58,111,84,seg_neutrophil
20562,63,54,75,75,lymphocyte
20563,52,52,96,96,seg_neutrophil
20564,52,49,96,102,seg_neutrophil
20565,48,49,105,102,band_neutrophil
20566,46,52,108,96,seg_neutrophil
20567,64,64,72,72,lymphocyte
20568,48,57,105,87,seg_neutrophil
20569,55,51,90,99,seg_neutrophil
20570,48,57,105,87,seg_neutrophil
20571,49,54,102,93,seg_neutrophil
20572,46,46,108,108,monocyte
20573,45,49,111,102,seg_neutrophil
20574,55,51,90,99,seg_neutrophil
20575,45,46,111,108,seg_neutrophil
20576,60,57,81,87,lymphocyte
20577,52,48,96,105,smudge
20578,54,52,93,96,seg_neutrophil
20579,55,52,90,96,seg_neutrophil
20580,52,49,96,102,seg_neutrophil
20581,54,48,93,105,seg_neutrophil
20582,45,48,111,105,seg_neutrophil
20583,64,57,72,87,lymphocyte
20584,58,60,84,81,smudge
20585,39,48,123,105,eosinophil
20586,52,49,96,102,seg_neutrophil
20587,40,18,120,114,monocyte
20588,51,49,99,102,lymphocyte
20589,49,58,102,84,seg_neutrophil
20590,49,57,102,87,seg_neutrophil
20591,46,48,108,105,seg_neutrophil
20592,49,54,102,93,seg_neutrophil
20593,54,51,93,99,seg_neutrophil
20594,49,54,102,93,seg_neutrophil
20595,43,51,114,99,seg_neutrophil
20596,51,49,99,102,seg_neutrophil
20597,45,51,111,99,seg_neutrophil
20598,52,55,96,90,lymphocyte
20599,54,52,93,96,seg_neutrophil
20600,48,49,105,102,smudge
20601,52,52,96,96,seg_neutrophil
20602,40,52,120,96,smudge
20603,48,56,105,105,seg_neutrophil
20604,43,51,114,99,seg_neutrophil
20605,52,49,96,102,seg_neutrophil
20606,52,57,96,87,lymphocyte
20607,61,55,78,90,smudge
20608,45,15,111,108,seg_neutrophil
20609,55,52,90,96,seg_neutrophil
20610,45,49,111,102,seg_neutrophil
20611,48,51,105,99,seg_neutrophil
20612,48,52,105,96,smudge
20613,49,52,102,96,seg_neutrophil
20614,46,52,108,96,seg_neutrophil
20615,40,42,120,117,monocyte
20616,57,51,87,99,seg_neutrophil
20617,49,55,102,90,seg_neutrophil
20618,59,49,108,102,seg_neutrophil
20619,52,57,96,87,seg_neutrophil
20620,45,51,111,99,smudge
20621,52,46,96,108,lymphocyte
20622,45,52,111,96,seg_neutrophil
20623,51,52,99,96,seg_neutrophil
20624,45,52,111,96,seg_neutrophil
20625,49,39,102,108,seg_neutrophil
20626,52,54,96,93,seg_neutrophil
20627,61,55,78,90,lymphocyte
20628,49,55,102,90,seg_neutrophil
20629,58,52,84,96,seg_neutrophil
20630,58,52,84,96,seg_neutrophil
20631,55,54,90,93,seg_neutrophil
20632,49,54,102,93,lymphocyte
20633,54,48,93,105,seg_neutrophil
20634,59,52,93,96,seg_neutrophil
20635,49,51,102,99,seg_neutrophil
20636,58,92,84,90,seg_neutrophil
20637,49,48,102,105,seg_neutrophil
20638,55,57,90,87,lymphocyte
20639,45,61,111,78,seg_neutrophil
20640,63,58,75,84,lymphocyte
20641,55,58,90,84,seg_neutrophil
20642,58,57,84,87,lymphocyte
20643,46,55,108,90,seg_neutrophil
20644,55,55,90,90,lymphocyte
20645,66,64,69,72,lymphocyte
20646,43,51,114,93,eosinophil
20647,63,60,75,81,lymphocyte
20648,58,57,84,87,lymphocyte
20649,49,57,102,87,seg_neutrophil
20650,46,57,108,87,seg_neutrophil
20651,58,52,84,96,lymphocyte
20652,39,45,102,111,seg_neutrophil
20653,49,55,102,90,seg_neutrophil
20654,42,51,117,99,eosinophil
20655,49,52,102,96,seg_neutrophil
20656,51,48,99,105,seg_neutrophil
20657,42,40,117,120,monocyte
20658,49,55,102,90,seg_neutrophil
20659,48,49,105,102,seg_neutrophil
20660,48,24,105,84,seg_neutrophil
20661,48,55,105,90,seg_neutrophil
20662,39,55,123,90,monocyte
20663,49,54,102,93,seg_neutrophil
20664,49,51,102,99,seg_neutrophil
20665,61,58,78,84,lymphocyte
20666,51,51,99,99,seg_neutrophil
20667,52,52,96,96,seg_neutrophil
20668,51,55,99,90,seg_neutrophil
20669,92,57,93,87,seg_neutrophil
20670,64,66,72,69,lymphocyte
20671,54,60,93,81,seg_neutrophil
20672,51,52,99,96,seg_neutrophil
20673,57,57,87,87,seg_neutrophil
20674,51,55,99,90,seg_neutrophil
20675,46,55,108,90,seg_neutrophil
20676,55,58,90,84,seg_neutrophil
20677,54,55,93,90,seg_neutrophil
20678,60,51,81,99,seg_neutrophil
20679,51,48,99,105,seg_neutrophil
20680,49,51,102,99,seg_neutrophil
20681,51,83,99,102,eosinophil
20682,46,45,108,102,seg_neutrophil
20683,60,61,81,78,lymphocyte
20684,52,49,96,102,seg_neutrophil
20685,58,46,84,108,seg_neutrophil
20686,57,57,87,87,seg_neutrophil
20687,49,55,102,90,seg_neutrophil
20688,55,49,90,102,seg_neutrophil
20689,45,45,111,111,monocyte
20690,42,52,117,96,seg_neutrophil
20691,45,48,111,105,seg_neutrophil
20692,52,57,96,87,seg_neutrophil
20693,46,51,108,93,seg_neutrophil
20694,71,92,84,87,lymphocyte
20695,42,51,117,99,seg_neutrophil
20696,46,48,108,105,seg_neutrophil
20697,55,15,90,84,lymphocyte
20698,56,49,99,102,seg_neutrophil
20699,51,54,99,93,seg_neutrophil
20700,43,45,114,111,monocyte
20701,60,60,81,81,lymphocyte
20702,57,54,87,93,seg_neutrophil
20703,52,57,96,87,seg_neutrophil
20704,45,55,111,90,seg_neutrophil
20705,57,51,87,99,seg_neutrophil
20706,54,57,93,87,seg_neutrophil
20707,57,55,87,90,seg_neutrophil
20708,51,51,99,99,seg_neutrophil
20709,49,54,102,93,seg_neutrophil
20710,57,49,87,102,seg_neutrophil
20711,49,46,102,108,seg_neutrophil
20712,55,55,90,90,seg_neutrophil
20713,49,48,102,105,seg_neutrophil
20714,51,60,99,81,seg_neutrophil
20715,52,48,96,105,seg_neutrophil
20716,54,55,93,90,seg_neutrophil
20717,48,55,105,90,seg_neutrophil
20718,61,51,78,99,seg_neutrophil
20719,60,48,81,105,seg_neutrophil
20720,52,57,96,81,seg_neutrophil
20721,58,57,84,87,seg_neutrophil
20722,57,60,87,81,lymphocyte
20723,54,49,93,102,seg_neutrophil
20724,48,51,105,99,seg_neutrophil
20725,48,58,105,84,seg_neutrophil
20726,40,48,120,105,seg_neutrophil
20727,43,51,114,99,eosinophil
20728,49,42,102,117,seg_neutrophil
20729,48,49,105,102,lymphocyte
20730,40,49,120,102,band_neutrophil
20731,61,50,78,129,lymphocyte
20732,54,48,93,105,seg_neutrophil
20733,49,48,102,105,seg_neutrophil
20734,22,42,156,117,eosinophil
20735,50,54,102,93,seg_neutrophil
20736,42,54,117,93,seg_neutrophil
20737,52,52,96,96,lymphocyte
20738,42,49,117,102,seg_neutrophil
20739,52,24,96,102,seg_neutrophil
20740,45,52,111,96,seg_neutrophil
20741,58,61,84,78,lymphocyte
20742,51,54,99,93,seg_neutrophil
20743,42,52,117,96,seg_neutrophil
20744,52,54,96,93,seg_neutrophil
20745,52,43,96,114,seg_neutrophil
20746,51,57,99,87,seg_neutrophil
20747,64,67,72,66,lymphocyte
20748,49,60,102,81,seg_neutrophil
20749,51,52,99,96,seg_neutrophil
20750,57,64,87,72,lymphocyte
20751,27,57,99,87,seg_neutrophil
20752,52,54,96,93,seg_neutrophil
20753,51,46,99,108,seg_neutrophil
20754,67,67,66,66,lymphocyte
20755,64,58,72,84,lymphocyte
20756,37,52,126,96,seg_neutrophil
20757,33,52,105,96,lymphocyte
20758,61,54,78,93,eosinophil
20759,46,54,108,93,seg_neutrophil
20760,49,51,102,99,seg_neutrophil
20761,49,51,102,99,seg_neutrophil
20762,48,52,105,96,seg_neutrophil
20763,54,58,93,84,seg_neutrophil
20764,64,30,72,75,lymphocyte
20765,57,54,87,93,lymphocyte
20766,48,49,105,102,eosinophil
20767,52,54,96,93,seg_neutrophil
20768,60,64,81,72,lymphocyte
20769,52,57,96,87,lymphocyte
20770,37,46,126,108,monocyte
20771,51,39,99,123,seg_neutrophil
20772,49,43,102,114,seg_neutrophil
20773,48,52,105,96,seg_neutrophil
20774,46,45,108,111,seg_neutrophil
20775,55,60,90,81,lymphocyte
20776,46,51,108,99,seg_neutrophil
20777,49,45,102,111,seg_neutrophil
20778,55,51,90,99,lymphocyte
20779,55,49,90,102,seg_neutrophil
20780,55,45,90,111,seg_neutrophil
20781,49,52,102,96,seg_neutrophil
20782,49,49,102,102,seg_neutrophil
20783,51,52,99,96,seg_neutrophil
20784,57,77,87,75,lymphocyte
20785,52,55,96,90,lymphocyte
20786,52,58,96,84,lymphocyte
20787,57,49,87,102,seg_neutrophil
20788,51,55,99,90,seg_neutrophil
20789,49,51,102,99,seg_neutrophil
20790,54,60,93,81,lymphocyte
20791,63,61,75,78,lymphocyte
20792,60,55,81,90,seg_neutrophil
20793,55,49,90,102,seg_neutrophil
20794,49,55,102,90,lymphocyte
20795,54,56,93,111,seg_neutrophil
20796,60,58,81,84,lymphocyte
20797,43,52,114,96,monocyte
20798,48,50,105,102,seg_neutrophil
20799,48,52,105,96,seg_neutrophil
20800,60,52,81,96,lymphocyte
20801,55,61,90,78,seg_neutrophil
20802,63,57,75,87,lymphocyte
20803,55,57,90,87,seg_neutrophil
20804,57,52,87,96,seg_neutrophil
20805,61,54,78,93,seg_neutrophil
20806,63,69,75,63,lymphocyte
20807,52,55,96,90,seg_neutrophil
20808,73,66,54,69,artifact
20809,51,51,99,99,seg_neutrophil
20810,54,52,93,96,seg_neutrophil
20811,54,52,93,96,eosinophil
20812,65,49,90,102,seg_neutrophil
20813,51,51,99,99,seg_neutrophil
20814,46,31,108,138,lymphocyte
20815,51,55,99,90,seg_neutrophil
20816,51,54,99,93,seg_neutrophil
20817,45,62,111,90,seg_neutrophil
20818,63,61,75,78,lymphocyte
20819,21,54,102,93,smudge
20820,54,55,93,90,seg_neutrophil
20821,45,54,111,93,seg_neutrophil
20822,66,64,69,72,lymphocyte
20823,52,55,96,90,seg_neutrophil
20824,48,51,105,99,seg_neutrophil
20825,51,58,99,84,seg_neutrophil
20826,55,54,90,93,seg_neutrophil
20827,57,60,87,81,lymphocyte
20828,55,46,90,108,seg_neutrophil
20829,57,58,87,84,lymphocyte
20830,51,57,99,87,seg_neutrophil
20831,55,49,90,102,seg_neutrophil
20832,64,48,72,87,lymphocyte
20833,49,43,102,114,seg_neutrophil
20834,52,57,96,87,seg_neutrophil
20835,45,49,111,102,seg_neutrophil
20836,48,18,105,96,seg_neutrophil
20837,57,48,87,105,seg_neutrophil
20838,61,60,78,81,lymphocyte
20839,49,61,102,78,seg_neutrophil
20840,51,57,99,87,seg_neutrophil
20841,48,51,105,99,seg_neutrophil
20842,64,63,72,75,lymphocyte
20843,49,49,102,102,seg_neutrophil
20844,57,60,87,81,seg_neutrophil
20845,49,51,102,99,seg_neutrophil
20846,49,52,102,96,seg_neutrophil
20847,51,55,99,90,seg_neutrophil
20848,67,66,66,69,g_plt
20849,54,52,93,96,seg_neutrophil
20850,49,51,102,99,seg_neutrophil
20851,49,58,102,84,seg_neutrophil
20852,45,54,111,93,seg_neutrophil
20853,51,55,99,90,seg_neutrophil
20854,54,57,93,87,seg_neutrophil
20855,58,58,84,84,lymphocyte
20856,52,55,96,90,seg_neutrophil
20857,60,66,81,69,lymphocyte
20858,49,54,102,93,seg_neutrophil
20859,45,51,111,99,seg_neutrophil
20860,43,49,114,102,seg_neutrophil
20861,6,51,90,99,lymphocyte
20862,48,52,105,96,seg_neutrophil
20863,60,55,81,90,lymphocyte
20864,49,52,102,96,seg_neutrophil
20865,57,55,87,90,seg_neutrophil
20866,52,54,96,93,seg_neutrophil
20867,51,51,99,99,seg_neutrophil
20868,45,24,111,99,seg_neutrophil
20869,31,46,138,108,eosinophil
20870,51,51,99,99,seg_neutrophil
20871,51,57,99,87,seg_neutrophil
20872,45,52,111,96,seg_neutrophil
20873,52,51,96,99,seg_neutrophil
20874,51,49,99,102,monocyte
20875,52,30,96,87,seg_neutrophil
20876,48,45,105,111,seg_neutrophil
20877,43,60,114,81,smudge
20878,55,64,90,72,eosinophil
20879,61,48,78,105,smudge
20880,49,55,102,90,seg_neutrophil
20881,49,54,102,93,seg_neutrophil
20882,55,55,90,90,eosinophil
20883,46,58,108,84,seg_neutrophil
20884,49,54,102,93,seg_neutrophil
20885,61,60,78,81,lymphocyte
20886,57,60,87,81,lymphocyte
20887,52,54,96,93,seg_neutrophil
20888,49,57,102,87,seg_neutrophil
20889,49,60,102,81,smudge
20890,42,54,117,93,seg_neutrophil
20891,50,57,105,87,lymphocyte
20892,49,58,102,84,seg_neutrophil
20893,54,60,93,81,lymphocyte
20894,51,51,99,99,seg_neutrophil
20895,48,54,105,93,seg_neutrophil
20896,52,52,96,96,seg_neutrophil
20897,43,36,114,99,seg_neutrophil
20898,45,49,111,102,seg_neutrophil
20899,49,39,102,96,seg_neutrophil
20900,45,43,111,114,monocyte
20901,49,57,102,87,seg_neutrophil
20902,52,57,96,87,seg_neutrophil
20903,61,49,78,102,lymphocyte
20904,55,49,90,102,seg_neutrophil
20905,52,52,96,96,seg_neutrophil
20906,42,55,117,90,seg_neutrophil
20907,60,55,81,90,lymphocyte
20908,55,57,90,87,lymphocyte
20909,66,58,69,84,lymphocyte
20910,60,60,81,81,lymphocyte
20911,51,48,99,105,seg_neutrophil
20912,48,51,105,99,seg_neutrophil
20913,52,51,96,99,seg_neutrophil
20914,42,51,117,99,seg_neutrophil
20915,42,46,117,108,lymphocyte
20916,58,45,84,111,seg_neutrophil
20917,52,52,96,96,seg_neutrophil
20918,46,60,108,81,seg_neutrophil
20919,52,48,96,105,seg_neutrophil
20920,52,71,96,102,seg_neutrophil
20921,55,51,90,99,lymphocyte
20922,61,48,78,105,lymphocyte
20923,58,55,84,90,smudge
20924,55,55,90,90,seg_neutrophil
20925,66,55,69,90,lymphocyte
20926,55,52,90,96,seg_neutrophil
20927,52,52,96,96,seg_neutrophil
20928,49,49,102,102,seg_neutrophil
20929,49,39,102,123,smudge
20930,51,49,99,102,seg_neutrophil
20931,39,51,105,99,seg_neutrophil
20932,42,54,117,93,seg_neutrophil
20933,49,52,102,96,seg_neutrophil
20934,46,42,108,117,smudge
20935,49,92,102,99,seg_neutrophil
20936,49,51,102,99,seg_neutrophil
20937,43,46,114,108,monocyte
20938,49,54,102,93,seg_neutrophil
20939,48,107,105,81,seg_neutrophil
20940,48,52,105,96,seg_neutrophil
20941,57,64,87,72,lymphocyte
20942,51,54,99,93,seg_neutrophil
20943,49,51,102,99,seg_neutrophil
20944,51,48,99,105,seg_neutrophil
20945,48,51,105,99,seg_neutrophil
20946,37,42,126,117,monocyte
20947,55,83,90,102,seg_neutrophil
20948,55,55,90,90,seg_neutrophil
20949,49,49,102,102,seg_neutrophil
20950,58,52,84,96,seg_neutrophil
20951,54,54,93,93,seg_neutrophil
20952,48,55,105,90,eosinophil
20953,45,42,111,117,monocyte
20954,49,48,102,105,eosinophil
20955,46,49,108,102,seg_neutrophil
20956,49,57,102,87,seg_neutrophil
20957,51,48,99,105,seg_neutrophil
20958,49,52,102,96,seg_neutrophil
20959,52,55,96,90,seg_neutrophil
20960,51,54,99,93,seg_neutrophil
20961,54,51,93,99,seg_neutrophil
20962,45,54,111,93,seg_neutrophil
20963,45,52,111,96,seg_neutrophil
20964,46,60,108,81,seg_neutrophil
20965,49,45,102,111,seg_neutrophil
20966,48,54,105,93,seg_neutrophil
20967,54,48,93,105,eosinophil
20968,52,52,96,96,seg_neutrophil
20969,46,55,108,90,seg_neutrophil
20970,51,51,99,99,seg_neutrophil
20971,51,55,99,90,lymphocyte
20972,45,52,111,96,seg_neutrophil
20973,51,46,99,108,seg_neutrophil
20974,46,52,108,96,seg_neutrophil
20975,46,51,108,99,seg_neutrophil
20976,52,80,96,90,eosinophil
20977,49,49,102,102,seg_neutrophil
20978,52,49,96,102,seg_neutrophil
20979,69,70,63,60,lymphocyte
20980,48,55,105,90,seg_neutrophil
20981,57,57,87,87,seg_neutrophil
20982,57,60,87,81,lymphocyte
20983,60,64,81,72,smudge
20984,48,52,105,96,seg_neutrophil
20985,49,49,102,102,seg_neutrophil
20986,54,51,93,99,seg_neutrophil
20987,59,55,84,90,lymphocyte
20988,52,45,96,111,seg_neutrophil
20989,48,98,105,93,seg_neutrophil
20990,51,52,99,96,seg_neutrophil
20991,43,52,114,96,monocyte
20992,51,54,99,93,seg_neutrophil
20993,49,43,102,114,seg_neutrophil
20994,43,54,114,93,seg_neutrophil
20995,51,46,99,108,seg_neutrophil
20996,54,45,93,111,seg_neutrophil
20997,45,48,111,105,seg_neutrophil
20998,57,54,87,93,smudge
20999,39,45,123,111,monocyte
21000,42,43,117,114,seg_neutrophil
21001,45,52,111,96,seg_neutrophil
21002,55,48,90,105,seg_neutrophil
21003,63,61,75,78,n_rbc
21004,57,62,87,87,band_neutrophil
21005,55,33,90,72,smudge
21006,55,51,90,99,smudge
21007,52,57,96,87,smudge
21008,48,46,105,108,seg_neutrophil
21009,58,64,84,72,smudge
21010,57,58,87,84,smudge
21011,55,55,90,90,smudge
21012,45,45,111,111,seg_neutrophil
21013,48,51,105,99,seg_neutrophil
21014,57,51,87,99,band_neutrophil
21015,43,43,114,114,seg_neutrophil
21016,58,51,84,99,seg_neutrophil
21017,60,54,81,93,smudge
21018,61,64,78,72,lymphocyte
21019,64,60,72,81,smudge
21020,49,60,102,81,smudge
21021,57,54,87,93,seg_neutrophil
21022,64,57,72,87,smudge
21023,48,54,105,93,seg_neutrophil
21024,60,54,81,93,smudge
21025,54,54,93,93,seg_neutrophil
21026,56,55,108,90,smudge
21027,66,75,69,51,n_rbc
21028,66,58,69,84,smudge
21029,54,58,93,84,smudge
21030,52,57,96,87,smudge
21031,55,58,90,84,smudge
21032,55,57,90,87,seg_neutrophil
21033,57,89,87,84,smudge
21034,58,45,84,111,seg_neutrophil
21035,55,12,90,99,smudge
21036,49,46,102,108,seg_neutrophil
21037,57,57,87,87,smudge
21038,60,57,81,87,smudge
21039,61,69,78,63,smudge
21040,48,46,105,108,seg_neutrophil
21041,52,54,96,93,seg_neutrophil
21042,52,65,96,90,smudge
21043,54,40,93,120,seg_neutrophil
21044,45,49,111,102,seg_neutrophil
21045,54,64,93,72,smudge
21046,51,51,99,99,smudge
21047,51,58,99,84,seg_neutrophil
21048,51,55,99,90,seg_neutrophil
21049,52,51,96,99,smudge
21050,61,58,78,84,smudge
21051,55,58,90,84,smudge
21052,57,55,87,90,smudge
21053,55,63,90,75,smudge
21054,49,46,102,108,seg_neutrophil
21055,54,49,93,102,lymphocyte
21056,49,61,102,78,seg_neutrophil
21057,60,58,81,84,lymphocyte
21058,46,51,108,99,seg_neutrophil
21059,59,56,87,90,smudge
21060,54,57,93,87,smudge
21061,55,58,90,84,smudge
21062,49,49,102,102,band_neutrophil
21063,57,55,87,90,smudge
21064,54,60,93,81,smudge
21065,52,55,96,90,smudge
21066,45,51,111,99,smudge
21067,51,49,99,102,seg_neutrophil
21068,54,54,93,93,smudge
21069,57,55,87,90,smudge
21070,48,49,105,102,seg_neutrophil
21071,45,3,111,99,seg_neutrophil
21072,64,64,72,72,smudge
21073,55,64,90,72,smudge
21074,57,57,87,87,smudge
21075,42,46,117,108,seg_neutrophil
21076,54,46,93,108,seg_neutrophil
21077,43,51,114,99,seg_neutrophil
21078,58,55,84,90,lymphocyte
21079,72,69,57,63,n_rbc
21080,42,39,117,123,seg_neutrophil
21081,49,62,102,99,seg_neutrophil
21082,58,55,84,90,smudge
21083,46,43,108,114,seg_neutrophil
21084,51,49,99,102,band_neutrophil
21085,34,66,132,69,smudge
21086,54,52,93,96,smudge
21087,52,27,96,99,smudge
21088,54,54,93,93,seg_neutrophil
21089,54,60,93,81,smudge
21090,57,68,87,87,smudge
21091,54,64,93,72,smudge
21092,55,51,90,99,lymphocyte
21093,51,49,99,102,band_neutrophil
21094,54,58,93,84,smudge
21095,57,56,87,90,smudge
21096,51,24,99,93,seg_neutrophil
21097,42,46,117,108,seg_neutrophil
21098,52,55,96,90,smudge
21099,55,57,90,87,smudge
21100,45,58,111,84,smudge
21101,57,43,87,114,smudge
21102,58,46,84,108,seg_neutrophil
21103,54,60,93,81,smudge
21104,49,46,102,108,smudge
21105,54,52,93,96,seg_neutrophil
21106,57,52,87,96,smudge
21107,52,80,96,90,smudge
21108,46,34,108,132,seg_neutrophil
21109,55,52,90,96,smudge
21110,51,52,99,96,smudge
21111,46,33,108,102,seg_neutrophil
21112,58,55,84,90,smudge
21113,45,71,111,117,seg_neutrophil
21114,58,57,84,87,smudge
21115,55,54,90,93,seg_neutrophil
21116,54,63,93,75,smudge
21117,58,52,84,96,smudge
21118,54,51,93,99,seg_neutrophil
21119,55,54,90,93,smudge
21120,58,98,84,96,smudge
21121,49,46,102,108,seg_neutrophil
21122,60,48,81,105,smudge
21123,60,60,81,81,smudge
21124,49,66,102,69,smudge
21125,61,54,78,93,smudge
21126,60,61,81,78,smudge
21127,57,52,87,96,smudge
21128,60,54,81,93,smudge
21129,42,52,117,96,smudge
21130,43,54,114,93,seg_neutrophil
21131,49,52,102,96,seg_neutrophil
21132,57,64,87,72,seg_neutrophil
21133,49,46,102,108,seg_neutrophil
21134,45,43,111,114,seg_neutrophil
21135,43,49,114,102,seg_neutrophil
21136,49,33,102,135,monocyte
21137,54,54,93,93,smudge
21138,51,54,99,93,seg_neutrophil
21139,51,58,99,84,smudge
21140,58,58,84,84,smudge
21141,54,58,93,84,smudge
21142,52,61,96,78,smudge
21143,55,54,90,93,smudge
21144,39,37,123,126,seg_neutrophil
21145,54,57,93,87,smudge
21146,49,49,102,102,seg_neutrophil
21147,51,49,99,102,smudge
21148,48,45,105,111,smudge
21149,46,62,108,105,seg_neutrophil
21150,49,55,102,90,smudge
21151,58,57,84,87,smudge
21152,52,51,96,99,lymphocyte
21153,51,58,99,84,lymphocyte
21154,49,48,102,105,seg_neutrophil
21155,54,55,93,90,smudge
21156,55,51,90,99,smudge
21157,57,64,87,72,smudge
21158,45,51,111,99,seg_neutrophil
21159,37,52,126,96,seg_neutrophil
21160,51,52,99,96,seg_neutrophil
21161,58,48,84,99,smudge
21162,51,57,99,87,smudge
21163,73,69,54,63,smudge
21164,46,12,108,120,seg_neutrophil
21165,49,51,102,99,band_neutrophil
21166,52,43,96,114,seg_neutrophil
21167,77,55,87,90,smudge
21168,37,42,126,117,seg_neutrophil
21169,57,61,87,78,smudge
21170,51,55,99,90,smudge
21171,48,54,105,93,smudge
21172,58,63,84,75,smudge
21173,46,54,108,93,seg_neutrophil
21174,43,48,114,105,seg_neutrophil
21175,48,58,105,84,smudge
21176,57,48,87,105,seg_neutrophil
21177,60,57,81,87,smudge
21178,51,40,99,120,seg_neutrophil
21179,60,57,81,87,smudge
21180,48,46,105,108,seg_neutrophil
21181,58,60,84,81,smudge
21182,39,42,123,117,band_neutrophil
21183,40,51,120,99,seg_neutrophil
21184,52,54,96,93,band_neutrophil
21185,52,58,96,84,lymphocyte
21186,67,69,66,63,n_rbc
21187,63,60,75,81,seg_neutrophil
21188,42,33,117,135,seg_neutrophil
21189,48,54,105,93,seg_neutrophil
21190,58,58,84,84,smudge
21191,49,40,102,120,seg_neutrophil
21192,46,49,108,102,seg_neutrophil
21193,64,66,72,69,n_rbc
21194,54,60,93,81,smudge
21195,57,52,87,96,smudge
21196,60,55,81,90,smudge
21197,40,48,120,105,seg_neutrophil
21198,55,39,90,123,smudge
21199,58,51,84,99,smudge
21200,45,63,111,75,smudge
21201,58,59,84,105,smudge
21202,61,37,78,126,smudge
21203,51,57,99,87,smudge
21204,57,55,87,90,smudge
21205,54,60,93,81,smudge
21206,43,39,114,123,smudge
21207,57,57,87,87,smudge
21208,52,57,96,87,smudge
21209,48,55,105,90,smudge
21210,54,48,93,105,seg_neutrophil
21211,55,55,90,90,smudge
21212,46,55,108,90,seg_neutrophil
21213,48,45,105,111,metamyelocyte
21214,54,51,93,99,smudge
21215,70,76,60,48,n_rbc
21216,45,57,111,87,seg_neutrophil
21217,57,57,87,87,smudge
21218,46,43,108,114,seg_neutrophil
21219,55,42,90,87,smudge
21220,51,52,99,96,seg_neutrophil
21221,58,51,84,99,smudge
21222,51,54,99,93,smudge
21223,51,48,99,105,seg_neutrophil
21224,42,45,117,111,seg_neutrophil
21225,57,52,87,96,seg_neutrophil
21226,49,61,102,78,smudge
21227,57,60,87,81,smudge
21228,57,55,87,90,smudge
21229,48,54,105,93,seg_neutrophil
21230,51,24,99,93,seg_neutrophil
21231,61,63,78,75,lymphocyte
21232,55,52,90,96,lymphocyte
21233,60,55,81,90,smudge
21234,49,54,102,93,seg_neutrophil
21235,66,70,69,60,n_rbc
21236,70,27,60,60,n_rbc
21237,45,45,111,111,seg_neutrophil
21238,49,49,102,102,seg_neutrophil
21239,61,54,78,93,smudge
21240,60,49,81,102,smudge
21241,55,43,90,114,smudge
21242,49,43,102,114,seg_neutrophil
21243,55,52,90,96,smudge
21244,66,66,69,69,n_rbc
21245,46,45,108,111,seg_neutrophil
21246,57,54,87,93,smudge
21247,54,89,93,90,lymphocyte
21248,52,52,96,96,band_neutrophil
21249,52,45,96,111,seg_neutrophil
21250,57,57,87,87,smudge
21251,58,57,84,87,smudge
21252,49,46,102,108,seg_neutrophil
21253,60,55,81,90,smudge
21254,51,54,99,93,smudge
21255,52,107,96,78,smudge
21256,61,57,78,87,smudge
21257,51,49,99,102,band_neutrophil
21258,42,46,117,108,seg_neutrophil
21259,60,49,81,102,smudge
21260,40,49,120,102,seg_neutrophil
21261,49,49,102,102,seg_neutrophil
21262,63,55,75,90,smudge
21263,67,69,66,63,n_rbc
21264,52,54,96,93,seg_neutrophil
21265,58,55,84,90,smudge
21266,57,55,87,90,lymphocyte
21267,55,51,90,99,smudge
21268,57,54,87,93,smudge
21269,69,48,63,57,n_rbc
21270,69,57,63,87,smudge
21271,70,63,60,75,n_rbc
21272,55,60,90,81,smudge
21273,46,49,108,102,seg_neutrophil
21274,54,58,93,84,smudge
21275,45,51,111,99,smudge
21276,51,67,99,66,smudge
21277,52,48,96,105,smudge
21278,48,55,105,90,seg_neutrophil
21279,67,72,66,57,n_rbc
21280,55,49,90,102,smudge
21281,61,55,78,90,smudge
21282,54,42,93,117,seg_neutrophil
21283,54,42,93,117,seg_neutrophil
21284,52,77,96,96,smudge
21285,57,60,87,81,lymphocyte
21286,61,49,78,102,smudge
21287,45,55,111,90,seg_neutrophil
21288,54,52,93,96,seg_neutrophil
21289,54,60,93,81,smudge
21290,49,51,102,99,seg_neutrophil
21291,58,49,84,102,smudge
21292,52,54,96,93,seg_neutrophil
21293,51,63,99,75,smudge
21294,75,69,51,63,smudge
21295,57,54,87,93,smudge
21296,52,51,96,99,seg_neutrophil
21297,57,49,87,102,seg_neutrophil
21298,58,54,84,81,lymphocyte
21299,45,57,111,87,seg_neutrophil
21300,48,51,105,99,seg_neutrophil
21301,54,51,93,99,smudge
21302,58,54,84,93,smudge
21303,43,48,114,105,seg_neutrophil
21304,52,54,96,93,smudge
21305,52,46,96,108,seg_neutrophil
21306,49,54,102,93,seg_neutrophil
21307,51,58,99,84,smudge
21308,51,52,99,96,smudge
21309,48,49,105,102,seg_neutrophil
21310,49,49,102,102,seg_neutrophil
21311,49,48,102,105,smudge
21312,39,49,99,102,seg_neutrophil
21313,57,57,87,87,smudge
21314,57,57,87,87,smudge
21315,58,52,84,96,smudge
21316,57,58,87,84,smudge
21317,52,55,96,90,smudge
21318,64,42,72,78,n_rbc
21319,66,64,69,72,n_rbc
21320,67,48,66,105,smudge
21321,27,45,99,111,smudge
21322,49,48,102,105,seg_neutrophil
21323,54,51,93,87,smudge
21324,48,40,105,120,seg_neutrophil
21325,48,52,105,96,seg_neutrophil
21326,52,74,96,90,seg_neutrophil
21327,60,51,81,99,smudge
21328,42,49,117,102,seg_neutrophil
21329,51,104,99,93,seg_neutrophil
21330,45,52,111,96,smudge
21331,58,58,84,84,smudge
21332,63,52,75,96,smudge
21333,48,30,105,96,seg_neutrophil
21334,51,55,99,90,smudge
21335,51,51,99,99,seg_neutrophil
21336,51,58,99,84,smudge
21337,40,52,120,96,smudge
21338,42,51,117,99,seg_neutrophil
21339,54,61,93,78,smudge
21340,48,45,105,111,seg_neutrophil
21341,55,48,90,105,smudge
21342,51,54,99,93,seg_neutrophil
21343,48,58,105,84,smudge
21344,48,46,105,108,smudge
21345,54,51,93,99,smudge
21346,46,51,108,99,seg_neutrophil
21347,51,51,99,99,smudge
21348,45,48,111,105,seg_neutrophil
21349,55,46,90,108,smudge
21350,61,61,78,78,n_rbc
21351,61,27,78,102,smudge
21352,107,55,84,90,lymphocyte
21353,57,54,87,93,smudge
21354,54,54,93,93,smudge
21355,57,46,87,108,smudge
21356,34,58,132,84,smudge
21357,48,43,105,114,seg_neutrophil
21358,49,48,102,105,seg_neutrophil
21359,57,54,87,93,smudge
21360,49,64,102,72,smudge
21361,60,33,81,120,smudge
21362,48,6,105,99,seg_neutrophil
21363,54,52,93,96,smudge
21364,54,57,90,87,smudge
21365,51,58,99,84,smudge
21366,48,48,105,105,seg_neutrophil
21367,24,52,93,96,smudge
21368,46,54,108,93,smudge
21369,61,59,78,108,smudge
21370,51,58,99,84,lymphocyte
21371,57,51,87,99,seg_neutrophil
21372,52,54,96,93,smudge
21373,52,55,96,90,smudge
21374,60,54,81,93,smudge
21375,55,63,90,75,smudge
21376,52,55,96,90,lymphocyte
21377,52,54,96,93,smudge
21378,60,52,81,96,smudge
21379,64,54,72,93,smudge
21380,52,57,96,87,smudge
21381,60,51,81,99,smudge
21382,43,46,114,108,seg_neutrophil
21383,52,49,96,102,band_neutrophil
21384,42,63,117,75,smudge
21385,54,60,93,81,smudge
21386,48,49,105,102,seg_neutrophil
21387,60,61,81,78,lymphocyte
21388,46,49,108,102,basophil
21389,51,58,99,84,lymphocyte
21390,51,42,99,117,seg_neutrophil
21391,55,48,90,105,seg_neutrophil
21392,49,52,102,96,seg_neutrophil
21393,48,46,105,108,seg_neutrophil
21394,54,46,93,108,seg_neutrophil
21395,43,49,114,102,seg_neutrophil
21396,46,42,108,117,seg_neutrophil
21397,48,48,105,105,seg_neutrophil
21398,43,43,114,114,seg_neutrophil
21399,42,46,117,108,seg_neutrophil
21400,57,51,87,99,seg_neutrophil
21401,42,42,117,117,seg_neutrophil
21402,48,48,105,105,seg_neutrophil
21403,52,58,96,84,lymphocyte
21404,48,46,105,108,seg_neutrophil
21405,55,46,90,108,seg_neutrophil
21406,52,45,96,111,seg_neutrophil
21407,57,46,87,108,seg_neutrophil
21408,46,48,108,105,seg_neutrophil
21409,54,55,93,90,lymphocyte
21410,45,46,111,108,seg_neutrophil
21411,49,68,102,99,seg_neutrophil
21412,45,45,111,111,seg_neutrophil
21413,66,69,69,63,artifact
21414,57,49,87,102,lymphocyte
21415,45,43,111,114,seg_neutrophil
21416,46,46,108,108,seg_neutrophil
21417,57,64,87,72,lymphocyte
21418,63,54,75,93,lymphocyte
21419,58,64,84,72,lymphocyte
21420,42,51,117,99,seg_neutrophil
21421,49,49,102,102,seg_neutrophil
21422,52,45,96,111,seg_neutrophil
21423,42,42,117,117,monocyte
21424,61,61,78,78,lymphocyte
21425,55,62,90,105,seg_neutrophil
21426,48,45,105,111,seg_neutrophil
21427,42,49,117,102,seg_neutrophil
21428,45,43,111,114,eosinophil
21429,40,58,120,84,seg_neutrophil
21430,55,58,90,84,lymphocyte
21431,55,46,90,108,seg_neutrophil
21432,39,45,123,111,seg_neutrophil
21433,48,46,105,108,seg_neutrophil
21434,49,46,102,108,seg_neutrophil
21435,54,58,93,84,lymphocyte
21436,39,46,123,108,seg_neutrophil
21437,51,45,99,111,seg_neutrophil
21438,46,52,108,96,seg_neutrophil
21439,49,43,102,114,seg_neutrophil
21440,61,58,78,84,lymphocyte
21441,63,57,75,87,lymphocyte
21442,60,60,81,81,lymphocyte
21443,46,55,108,90,seg_neutrophil
21444,48,42,105,117,seg_neutrophil
21445,30,54,141,93,artifact
21446,65,54,105,93,artifact
21447,42,48,117,105,basophil
21448,51,51,99,99,seg_neutrophil
21449,60,57,81,87,lymphocyte
21450,48,46,105,108,seg_neutrophil
21451,57,57,87,87,lymphocyte
21452,45,48,111,105,seg_neutrophil
21453,58,60,84,81,lymphocyte
21454,43,49,114,102,seg_neutrophil
21455,49,49,102,102,lymphocyte
21456,51,45,99,111,seg_neutrophil
21457,46,49,108,102,lymphocyte
21458,48,45,105,111,artifact
21459,45,49,111,102,seg_neutrophil
21460,49,45,102,111,seg_neutrophil
21461,61,64,78,72,lymphocyte
21462,49,42,102,117,seg_neutrophil
21463,58,60,84,81,lymphocyte
21464,43,43,114,114,seg_neutrophil
21465,42,52,117,96,eosinophil
21466,49,45,102,111,seg_neutrophil
21467,49,51,102,99,seg_neutrophil
21468,57,57,87,87,lymphocyte
21469,54,52,93,96,lymphocyte
21470,57,55,87,90,lymphocyte
21471,52,45,96,111,seg_neutrophil
21472,48,42,105,117,artifact
21473,57,48,87,105,artifact
21474,67,77,66,87,artifact
21475,54,98,93,66,lymphocyte
21476,51,43,99,114,seg_neutrophil
21477,57,57,87,87,lymphocyte
21478,45,46,111,108,seg_neutrophil
21479,43,48,114,105,seg_neutrophil
21480,49,52,102,96,seg_neutrophil
21481,58,58,84,84,lymphocyte
21482,48,42,105,117,seg_neutrophil
21483,45,46,111,108,seg_neutrophil
21484,21,45,105,111,seg_neutrophil
21485,46,46,108,108,seg_neutrophil
21486,43,42,114,117,monocyte
21487,43,48,114,105,seg_neutrophil
21488,67,69,66,63,g_plt
21489,42,40,117,120,monocyte
21490,48,55,105,90,lymphocyte
21491,57,63,87,75,lymphocyte
21492,49,48,102,105,seg_neutrophil
21493,48,49,105,102,seg_neutrophil
21494,57,61,87,78,lymphocyte
21495,52,46,96,108,seg_neutrophil
21496,55,51,90,99,lymphocyte
21497,40,46,120,108,seg_neutrophil
21498,45,45,111,111,seg_neutrophil
21499,40,48,120,105,seg_neutrophil
21500,43,36,114,129,monocyte
21501,45,51,111,99,seg_neutrophil
21502,49,43,102,114,seg_neutrophil
21503,65,16,117,168,artifact
21504,46,57,108,87,seg_neutrophil
21505,46,45,108,111,seg_neutrophil
21506,45,48,111,105,seg_neutrophil
21507,49,48,102,105,seg_neutrophil
21508,48,51,105,99,seg_neutrophil
21509,55,58,90,84,lymphocyte
21510,51,45,99,111,seg_neutrophil
21511,52,54,96,93,lymphocyte
21512,49,48,102,105,seg_neutrophil
21513,63,33,75,135,lymphocyte
21514,55,54,90,93,lymphocyte
21515,54,51,93,99,lymphocyte
21516,43,45,114,111,seg_neutrophil
21517,45,46,111,108,seg_neutrophil
21518,52,45,96,111,seg_neutrophil
21519,48,48,105,105,seg_neutrophil
21520,43,52,114,96,lymphocyte
21521,42,10,117,180,artifact
21522,54,54,93,93,lymphocyte
21523,54,54,93,93,lymphocyte
21524,39,42,123,117,monocyte
21525,66,64,69,72,lymphocyte
21526,60,57,81,87,lymphocyte
21527,57,57,87,87,lymphocyte
21528,42,37,117,126,monocyte
21529,48,42,105,117,seg_neutrophil
21530,51,49,99,102,seg_neutrophil
21531,46,42,108,117,seg_neutrophil
21532,45,49,111,102,seg_neutrophil
21533,51,51,99,99,seg_neutrophil
21534,57,57,87,87,lymphocyte
21535,49,46,102,108,seg_neutrophil
21536,46,43,108,114,seg_neutrophil
21537,61,57,78,87,lymphocyte
21538,49,46,102,108,seg_neutrophil
21539,52,43,96,114,seg_neutrophil
21540,51,40,99,120,seg_neutrophil
21541,51,48,99,105,seg_neutrophil
21542,46,46,108,108,seg_neutrophil
21543,52,46,96,108,seg_neutrophil
21544,51,48,99,96,seg_neutrophil
21545,48,49,105,102,seg_neutrophil
21546,54,54,93,93,lymphocyte
21547,49,46,102,108,seg_neutrophil
21548,46,49,108,102,seg_neutrophil
21549,64,51,72,99,lymphocyte
21550,40,34,120,132,monocyte
21551,69,70,63,60,g_plt
21552,42,36,117,129,seg_neutrophil
21553,46,45,108,111,seg_neutrophil
21554,48,43,105,114,seg_neutrophil
21555,42,43,117,114,seg_neutrophil
21556,46,51,108,99,monocyte
21557,66,63,69,75,g_plt
21558,63,58,75,84,g_plt
21559,63,60,75,81,lymphocyte
21560,43,48,114,105,seg_neutrophil
21561,51,52,99,96,seg_neutrophil
21562,51,48,99,105,seg_neutrophil
21563,52,49,96,102,seg_neutrophil
21564,9,37,132,126,seg_neutrophil
21565,43,51,114,99,seg_neutrophil
21566,52,52,96,96,lymphocyte
21567,37,43,126,114,lymphocyte
21568,49,49,102,102,lymphocyte
21569,52,54,96,93,lymphocyte
21570,54,51,93,99,seg_neutrophil
21571,40,45,120,111,monocyte
21572,49,48,102,105,seg_neutrophil
21573,58,55,84,90,lymphocyte
21574,49,54,102,93,lymphocyte
21575,59,55,90,90,lymphocyte
21576,52,60,96,81,lymphocyte
21577,18,77,96,93,seg_neutrophil
21578,58,58,84,84,lymphocyte
21579,55,54,90,93,lymphocyte
21580,60,64,81,72,lymphocyte
21581,46,48,108,105,seg_neutrophil
21582,58,58,84,84,lymphocyte
21583,48,45,105,111,seg_neutrophil
21584,42,45,117,111,seg_neutrophil
21585,42,49,117,102,seg_neutrophil
21586,46,43,108,114,seg_neutrophil
21587,49,46,102,108,seg_neutrophil
21588,55,60,90,81,lymphocyte
21589,63,63,75,75,lymphocyte
21590,52,64,96,72,lymphocyte
21591,48,58,105,84,seg_neutrophil
21592,57,58,87,84,lymphocyte
21593,51,54,99,93,lymphocyte
21594,46,49,108,102,seg_neutrophil
21595,39,59,66,99,lymphocyte
21596,48,43,105,114,band_neutrophil
21597,55,58,90,84,lymphocyte
21598,52,58,96,84,lymphocyte
21599,60,63,81,75,lymphocyte
21600,55,54,90,93,lymphocyte
21601,54,58,93,84,lymphocyte
21602,46,51,108,99,seg_neutrophil
21603,55,48,90,105,seg_neutrophil
21604,51,65,99,105,seg_neutrophil
21605,48,57,105,87,seg_neutrophil
21606,46,49,108,102,seg_neutrophil
21607,52,51,96,99,seg_neutrophil
21608,45,52,111,96,seg_neutrophil
21609,49,58,102,84,seg_neutrophil
21610,45,46,111,108,monocyte
21611,43,43,114,114,seg_neutrophil
21612,39,48,123,105,seg_neutrophil
21613,48,49,105,102,seg_neutrophil
21614,48,51,105,99,seg_neutrophil
21615,46,52,108,96,seg_neutrophil
21616,46,52,108,96,basophil
21617,51,42,99,117,seg_neutrophil
21618,48,51,105,99,eosinophil
21619,63,57,75,87,lymphocyte
21620,49,49,102,102,seg_neutrophil
21621,61,49,78,102,lymphocyte
21622,48,54,105,93,seg_neutrophil
21623,51,54,99,93,seg_neutrophil
21624,46,51,108,99,lymphocyte
21625,60,60,81,81,lymphocyte
21626,60,58,81,84,lymphocyte
21627,51,55,99,90,seg_neutrophil
21628,55,57,90,87,lymphocyte
21629,45,46,111,108,seg_neutrophil
21630,40,43,120,114,seg_neutrophil
21631,40,55,120,90,seg_neutrophil
21632,62,52,105,96,seg_neutrophil
21633,42,42,117,117,monocyte
21634,63,61,75,78,lymphocyte
21635,49,54,102,93,seg_neutrophil
21636,58,57,84,87,lymphocyte
21637,46,46,108,108,seg_neutrophil
21638,45,39,111,123,monocyte
21639,52,51,96,99,seg_neutrophil
21640,49,49,102,102,seg_neutrophil
21641,52,42,96,117,seg_neutrophil
21642,45,46,111,108,seg_neutrophil
21643,69,64,63,72,lymphocyte
21644,49,48,102,105,seg_neutrophil
21645,49,51,102,99,seg_neutrophil
21646,40,52,120,96,seg_neutrophil
21647,46,49,108,102,seg_neutrophil
21648,63,64,75,72,lymphocyte
21649,51,46,99,108,seg_neutrophil
21650,39,55,123,90,seg_neutrophil
21651,49,46,102,108,seg_neutrophil
21652,40,37,120,126,monocyte
21653,46,54,108,93,seg_neutrophil
21654,39,49,123,102,seg_neutrophil
21655,54,48,93,105,seg_neutrophil
21656,43,46,114,108,monocyte
21657,49,55,102,90,seg_neutrophil
21658,49,42,102,117,seg_neutrophil
21659,68,33,96,102,seg_neutrophil
21660,51,46,99,108,smudge
21661,42,45,117,111,monocyte
21662,37,47,126,129,monocyte
21663,63,64,75,72,lymphocyte
21664,58,64,84,72,lymphocyte
21665,48,46,105,108,seg_neutrophil
21666,37,56,126,114,monocyte
21667,49,49,102,102,seg_neutrophil
21668,39,46,123,108,seg_neutrophil
21669,46,48,108,105,basophil
21670,51,49,99,102,seg_neutrophil
21671,51,51,99,99,lymphocyte
21672,39,52,123,96,seg_neutrophil
21673,48,57,105,87,seg_neutrophil
21674,42,43,117,114,seg_neutrophil
21675,45,50,111,111,seg_neutrophil
21676,49,52,102,96,seg_neutrophil
21677,63,61,75,78,lymphocyte
21678,60,55,81,90,lymphocyte
21679,37,33,126,135,monocyte
21680,52,52,96,96,seg_neutrophil
21681,42,51,117,99,seg_neutrophil
21682,45,48,111,105,seg_neutrophil
21683,43,48,114,105,seg_neutrophil
21684,63,63,75,75,lymphocyte
21685,46,18,108,117,seg_neutrophil
21686,46,83,108,102,seg_neutrophil
21687,43,49,114,102,seg_neutrophil
21688,33,66,60,69,artifact
21689,54,24,93,99,seg_neutrophil
21690,37,37,126,126,monocyte
21691,57,46,87,108,seg_neutrophil
21692,46,54,108,93,seg_neutrophil
21693,46,51,108,99,seg_neutrophil
21694,49,54,102,93,seg_neutrophil
21695,55,55,90,90,lymphocyte
21696,48,43,105,114,seg_neutrophil
21697,45,57,111,87,lymphocyte
21698,45,52,111,96,seg_neutrophil
21699,36,12,129,117,monocyte
21700,64,63,72,75,lymphocyte
21701,48,48,105,105,seg_neutrophil
21702,54,60,93,81,seg_neutrophil
21703,45,42,111,117,seg_neutrophil
21704,45,49,111,102,seg_neutrophil
21705,60,57,81,87,eosinophil
21706,40,48,120,105,seg_neutrophil
21707,51,48,99,105,seg_neutrophil
21708,55,54,90,93,seg_neutrophil
21709,48,55,105,90,seg_neutrophil
21710,58,60,84,81,lymphocyte
21711,52,60,96,81,seg_neutrophil
21712,57,45,87,111,seg_neutrophil
21713,40,61,120,78,seg_neutrophil
21714,46,45,108,111,seg_neutrophil
21715,40,46,120,108,seg_neutrophil
21716,60,43,81,114,seg_neutrophil
21717,60,60,81,81,lymphocyte
21718,48,43,105,114,seg_neutrophil
21719,49,42,102,117,seg_neutrophil
21720,49,52,102,96,seg_neutrophil
21721,40,48,120,105,seg_neutrophil
21722,42,48,117,105,seg_neutrophil
21723,60,63,81,75,lymphocyte
21724,34,34,132,132,monocyte
21725,51,43,99,114,seg_neutrophil
21726,49,55,102,90,seg_neutrophil
21727,39,52,123,96,seg_neutrophil
21728,52,54,96,93,lymphocyte
21729,43,48,114,105,seg_neutrophil
21730,48,45,105,111,seg_neutrophil
21731,49,33,102,123,seg_neutrophil
21732,52,39,96,123,seg_neutrophil
21733,47,48,114,105,seg_neutrophil
21734,46,40,108,120,seg_neutrophil
21735,40,48,120,105,seg_neutrophil
21736,42,40,117,120,monocyte
21737,48,48,105,105,seg_neutrophil
21738,57,52,87,96,lymphocyte
21739,51,45,99,111,seg_neutrophil
21740,54,51,93,99,lymphocyte
21741,61,63,78,75,lymphocyte
21742,31,39,138,123,monocyte
21743,48,71,105,108,seg_neutrophil
21744,49,40,102,120,seg_neutrophil
21745,64,46,72,108,artifact
21746,40,49,120,102,seg_neutrophil
21747,43,43,114,114,seg_neutrophil
21748,51,36,99,129,seg_neutrophil
21749,34,45,132,111,monocyte
21750,52,51,96,99,seg_neutrophil
21751,42,48,117,105,seg_neutrophil
21752,52,51,96,99,seg_neutrophil
21753,48,43,105,114,seg_neutrophil
21754,46,33,108,99,seg_neutrophil
21755,46,51,108,99,seg_neutrophil
21756,48,46,105,108,seg_neutrophil
21757,12,9,99,117,seg_neutrophil
21758,49,58,102,84,lymphocyte
21759,46,48,108,105,seg_neutrophil
21760,52,49,96,102,seg_neutrophil
21761,48,49,105,102,seg_neutrophil
21762,52,46,96,108,seg_neutrophil
21763,67,63,66,75,lymphocyte
21764,54,52,93,96,lymphocyte
21765,48,61,105,78,lymphocyte
21766,51,49,99,102,seg_neutrophil
21767,48,45,105,111,seg_neutrophil
21768,48,52,105,96,seg_neutrophil
21769,48,55,105,90,seg_neutrophil
21770,58,69,84,63,lymphocyte
21771,48,55,105,90,artifact
21772,66,72,69,57,artifact
21773,69,43,63,114,artifact
21774,45,18,111,108,seg_neutrophil
21775,46,52,108,96,seg_neutrophil
21776,52,42,96,117,seg_neutrophil
21777,42,52,117,96,seg_neutrophil
21778,51,54,99,93,monocyte
21779,48,45,105,111,seg_neutrophil
21780,55,48,90,105,seg_neutrophil
21781,61,63,78,75,lymphocyte
21782,61,64,78,72,lymphocyte
21783,51,45,99,111,seg_neutrophil
21784,52,48,96,105,seg_neutrophil
21785,30,48,108,105,seg_neutrophil
21786,57,45,87,111,seg_neutrophil
21787,60,61,81,78,lymphocyte
21788,48,48,105,105,seg_neutrophil
21789,54,48,93,105,lymphocyte
21790,52,52,96,96,seg_neutrophil
21791,39,43,123,114,monocyte
21792,48,36,105,129,seg_neutrophil
21793,49,55,102,90,lymphocyte
21794,51,49,99,102,seg_neutrophil
21795,60,21,81,84,lymphocyte
21796,39,46,123,108,seg_neutrophil
21797,66,9,69,69,lymphocyte
21798,52,48,96,105,seg_neutrophil
21799,37,50,126,108,seg_neutrophil
21800,46,46,108,108,seg_neutrophil
21801,48,49,105,102,lymphocyte
21802,40,57,120,87,seg_neutrophil
21803,40,51,120,99,eosinophil
21804,48,60,105,81,lymphocyte
21805,49,55,102,90,seg_neutrophil
21806,52,48,96,105,seg_neutrophil
21807,27,52,111,96,seg_neutrophil
21808,43,46,114,108,seg_neutrophil
21809,45,51,111,99,seg_neutrophil
21810,46,48,108,105,seg_neutrophil
21811,40,62,120,99,seg_neutrophil
21812,61,52,78,96,lymphocyte
21813,46,60,108,81,seg_neutrophil
21814,43,49,114,102,seg_neutrophil
21815,48,54,105,93,seg_neutrophil
21816,46,45,108,111,seg_neutrophil
21817,60,63,81,75,lymphocyte
21818,55,60,90,81,lymphocyte
21819,46,49,108,102,seg_neutrophil
21820,48,55,105,90,seg_neutrophil
21821,40,58,120,84,seg_neutrophil
21822,48,54,105,93,seg_neutrophil
21823,64,63,72,75,lymphocyte
21824,46,51,108,99,seg_neutrophil
21825,46,49,108,102,seg_neutrophil
21826,55,51,90,99,seg_neutrophil
21827,49,42,102,117,seg_neutrophil
21828,52,55,96,90,seg_neutrophil
21829,66,54,69,93,lymphocyte
21830,49,52,102,96,seg_neutrophil
21831,64,55,72,90,lymphocyte
21832,46,45,108,111,seg_neutrophil
21833,46,52,108,96,basophil
21834,49,58,102,84,seg_neutrophil
21835,46,46,108,108,seg_neutrophil
21836,57,54,87,93,lymphocyte
21837,55,49,90,102,seg_neutrophil
21838,61,66,78,69,lymphocyte
21839,48,48,105,105,seg_neutrophil
21840,43,46,114,108,seg_neutrophil
21841,34,58,132,84,seg_neutrophil
21842,42,54,117,93,seg_neutrophil
21843,42,49,117,102,seg_neutrophil
21844,46,43,108,114,seg_neutrophil
21845,43,45,114,111,seg_neutrophil
21846,64,66,72,69,lymphocyte
21847,39,43,123,114,seg_neutrophil
21848,57,55,87,90,lymphocyte
21849,42,52,117,96,seg_neutrophil
21850,48,54,105,93,seg_neutrophil
21851,46,51,108,99,seg_neutrophil
21852,49,45,102,111,seg_neutrophil
21853,48,51,105,99,seg_neutrophil
21854,52,54,96,93,lymphocyte
21855,46,48,108,105,seg_neutrophil
21856,45,48,111,87,seg_neutrophil
21857,57,51,87,99,seg_neutrophil
21858,51,52,99,96,seg_neutrophil
21859,43,52,114,96,band_neutrophil
21860,46,48,108,105,seg_neutrophil
21861,60,6,81,99,seg_neutrophil
21862,45,46,111,108,seg_neutrophil
21863,46,46,108,108,seg_neutrophil
21864,42,57,117,87,seg_neutrophil
21865,59,48,87,105,seg_neutrophil
21866,45,48,111,105,seg_neutrophil
21867,66,63,69,75,lymphocyte
21868,52,52,96,96,seg_neutrophil
21869,49,54,102,93,seg_neutrophil
21870,54,48,93,105,seg_neutrophil
21871,57,63,87,75,seg_neutrophil
21872,45,51,111,99,seg_neutrophil
21873,67,63,66,75,lymphocyte
21874,49,54,102,93,seg_neutrophil
21875,52,58,96,84,seg_neutrophil
21876,46,48,108,105,seg_neutrophil
21877,45,48,111,105,monocyte
21878,42,49,117,102,seg_neutrophil
21879,48,52,105,96,seg_neutrophil
21880,40,52,120,96,seg_neutrophil
21881,45,51,111,99,seg_neutrophil
21882,64,60,72,81,lymphocyte
21883,18,54,96,93,band_neutrophil
21884,40,49,120,102,seg_neutrophil
21885,45,54,111,93,seg_neutrophil
21886,33,48,135,105,monocyte
21887,51,57,99,87,seg_neutrophil
21888,55,64,90,72,lymphocyte
21889,46,49,108,102,seg_neutrophil
21890,39,52,123,96,monocyte
21891,45,46,111,108,seg_neutrophil
21892,57,51,87,99,seg_neutrophil
21893,55,49,90,102,seg_neutrophil
21894,46,46,108,108,seg_neutrophil
21895,51,51,99,99,seg_neutrophil
21896,49,55,102,90,seg_neutrophil
21897,50,49,111,102,seg_neutrophil
21898,51,43,99,114,seg_neutrophil
21899,43,48,114,105,seg_neutrophil
21900,48,46,105,108,seg_neutrophil
21901,61,64,78,72,lymphocyte
21902,43,49,114,102,seg_neutrophil
21903,54,51,93,99,seg_neutrophil
21904,43,46,114,108,seg_neutrophil
21905,43,46,114,108,seg_neutrophil
21906,43,45,114,111,monocyte
21907,43,51,114,99,seg_neutrophil
21908,55,66,90,69,lymphocyte
21909,51,48,99,105,seg_neutrophil
21910,48,43,105,114,seg_neutrophil
21911,49,49,102,102,seg_neutrophil
21912,49,51,102,99,seg_neutrophil
21913,49,52,102,96,seg_neutrophil
21914,42,45,117,111,seg_neutrophil
21915,42,51,117,99,seg_neutrophil
21916,49,51,102,99,seg_neutrophil
21917,46,52,108,96,seg_neutrophil
21918,66,64,69,72,lymphocyte
21919,66,63,69,75,lymphocyte
21920,51,49,99,102,seg_neutrophil
21921,46,45,108,111,seg_neutrophil
21922,57,64,87,72,lymphocyte
21923,37,48,126,105,eosinophil
21924,51,24,99,105,seg_neutrophil
21925,42,49,117,102,seg_neutrophil
21926,49,57,102,87,seg_neutrophil
21927,40,49,120,102,seg_neutrophil
21928,48,98,105,93,seg_neutrophil
21929,49,51,102,99,seg_neutrophil
21930,42,52,117,96,seg_neutrophil
21931,21,48,111,105,seg_neutrophil
21932,48,54,105,93,lymphocyte
21933,63,58,75,84,lymphocyte
21934,43,46,114,108,seg_neutrophil
21935,46,52,108,96,seg_neutrophil
21936,43,12,114,108,seg_neutrophil
21937,63,67,75,66,lymphocyte
21938,43,48,114,105,seg_neutrophil
21939,49,51,102,99,seg_neutrophil
21940,46,46,108,108,seg_neutrophil
21941,51,52,99,96,seg_neutrophil
21942,42,55,117,90,seg_neutrophil
21943,52,42,96,117,eosinophil
21944,51,51,99,99,seg_neutrophil
21945,33,45,135,111,eosinophil
21946,52,51,96,99,seg_neutrophil
21947,51,46,99,108,seg_neutrophil
21948,46,45,108,111,seg_neutrophil
21949,57,60,87,81,lymphocyte
21950,42,43,117,114,seg_neutrophil
21951,43,51,114,99,seg_neutrophil
21952,54,49,93,102,seg_neutrophil
21953,49,54,102,93,basophil
21954,49,52,102,96,basophil
21955,43,45,114,111,basophil
21956,52,52,96,96,basophil
21957,45,55,111,90,seg_neutrophil
21958,40,45,120,111,seg_neutrophil
21959,43,89,114,105,seg_neutrophil
21960,51,48,99,105,seg_neutrophil
21961,45,48,111,105,seg_neutrophil
21962,49,40,102,120,seg_neutrophil
21963,48,43,105,114,band_neutrophil
21964,45,46,111,108,seg_neutrophil
21965,49,49,102,102,seg_neutrophil
21966,45,40,111,120,seg_neutrophil
21967,43,43,114,114,monocyte
21968,61,58,78,84,lymphocyte
21969,63,60,75,81,lymphocyte
21970,51,49,99,102,seg_neutrophil
21971,51,49,99,102,seg_neutrophil
21972,45,43,111,114,eosinophil
21973,51,52,99,96,seg_neutrophil
21974,45,43,111,114,seg_neutrophil
21975,46,46,108,108,eosinophil
21976,37,52,126,96,seg_neutrophil
21977,57,55,87,90,smudge
21978,58,58,84,84,lymphocyte
21979,51,55,99,90,lymphocyte
21980,49,43,102,114,seg_neutrophil
21981,42,49,117,102,seg_neutrophil
21982,46,48,108,105,seg_neutrophil
21983,55,54,90,93,smudge
21984,39,40,123,120,monocyte
21985,45,46,111,108,seg_neutrophil
21986,66,66,69,69,lymphocyte
21987,45,49,111,102,seg_neutrophil
21988,39,49,123,102,seg_neutrophil
21989,61,57,78,87,lymphocyte
21990,63,58,75,84,lymphocyte
21991,46,54,108,93,smudge
21992,55,49,90,102,lymphocyte
21993,49,54,102,93,lymphocyte
21994,49,49,102,102,smudge
21995,42,48,117,105,seg_neutrophil
21996,49,51,102,99,seg_neutrophil
21997,49,45,102,111,seg_neutrophil
21998,61,57,78,87,lymphocyte
21999,52,43,96,114,seg_neutrophil
22000,60,55,81,90,lymphocyte
22001,54,49,93,102,seg_neutrophil
22002,37,57,126,87,seg_neutrophil
22003,31,37,138,126,eosinophil
22004,43,49,114,102,seg_neutrophil
22005,42,46,117,108,seg_neutrophil
22006,63,57,75,87,lymphocyte
22007,43,52,114,96,seg_neutrophil
22008,43,55,114,90,seg_neutrophil
22009,49,51,102,99,seg_neutrophil
22010,49,40,102,120,seg_neutrophil
22011,42,46,117,108,seg_neutrophil
22012,43,48,114,105,seg_neutrophil
22013,43,45,114,111,seg_neutrophil
22014,39,49,123,102,seg_neutrophil
22015,40,43,120,114,seg_neutrophil
22016,60,63,81,75,lymphocyte
22017,55,54,90,93,eosinophil
22018,70,69,60,63,g_plt
22019,43,45,114,111,seg_neutrophil
22020,57,54,87,93,lymphocyte
22021,37,42,126,117,monocyte
22022,46,46,108,108,seg_neutrophil
22023,45,89,111,108,seg_neutrophil
22024,43,49,114,102,seg_neutrophil
22025,42,45,117,111,seg_neutrophil
22026,48,46,105,108,seg_neutrophil
22027,49,45,102,111,seg_neutrophil
22028,46,49,108,102,seg_neutrophil
22029,49,51,102,99,seg_neutrophil
22030,43,51,114,99,seg_neutrophil
22031,46,43,108,114,monocyte
22032,49,55,102,90,seg_neutrophil
22033,40,27,120,117,seg_neutrophil
22034,45,48,111,105,seg_neutrophil
22035,51,48,99,105,seg_neutrophil
22036,57,54,87,93,lymphocyte
22037,45,54,111,93,seg_neutrophil
22038,46,42,108,117,seg_neutrophil
22039,48,49,105,102,seg_neutrophil
22040,33,40,135,120,monocyte
22041,12,46,111,108,seg_neutrophil
22042,43,36,114,129,monocyte
22043,43,40,114,120,seg_neutrophil
22044,48,45,105,111,seg_neutrophil
22045,37,39,126,123,monocyte
22046,57,60,87,81,lymphocyte
22047,48,51,105,99,seg_neutrophil
22048,46,43,108,114,seg_neutrophil
22049,49,57,102,87,seg_neutrophil
22050,52,46,96,108,seg_neutrophil
22051,48,45,105,111,seg_neutrophil
22052,48,43,105,114,seg_neutrophil
22053,48,42,105,117,seg_neutrophil
22054,46,45,108,111,seg_neutrophil
22055,42,43,117,114,seg_neutrophil
22056,43,42,114,117,seg_neutrophil
22057,51,40,99,120,seg_neutrophil
22058,61,61,78,78,lymphocyte
22059,43,51,114,99,seg_neutrophil
22060,42,49,117,102,seg_neutrophil
22061,43,43,114,114,monocyte
22062,45,45,111,111,seg_neutrophil
22063,46,48,108,105,seg_neutrophil
22064,48,30,105,141,monocyte
22065,54,55,93,90,lymphocyte
22066,63,63,75,75,lymphocyte
22067,39,49,123,102,eosinophil
22068,43,57,114,87,smudge
22069,37,52,126,96,seg_neutrophil
22070,48,46,105,108,seg_neutrophil
22071,39,45,123,111,seg_neutrophil
22072,45,51,111,99,seg_neutrophil
22073,48,52,105,96,band_neutrophil
22074,49,40,102,120,seg_neutrophil
22075,63,63,75,75,lymphocyte
22076,43,45,114,111,seg_neutrophil
22077,46,46,108,108,seg_neutrophil
22078,55,46,90,108,seg_neutrophil
22079,46,51,108,99,seg_neutrophil
22080,21,34,159,132,eosinophil
22081,57,52,87,96,lymphocyte
22082,52,37,96,126,lymphocyte
22083,63,61,75,78,lymphocyte
22084,45,46,111,108,seg_neutrophil
22085,42,46,117,108,seg_neutrophil
22086,45,36,111,129,seg_neutrophil
22087,42,45,117,111,seg_neutrophil
22088,49,43,102,114,seg_neutrophil
22089,48,36,105,114,seg_neutrophil
22090,45,40,111,120,seg_neutrophil
22091,45,43,111,114,seg_neutrophil
22092,49,42,102,117,seg_neutrophil
22093,55,55,90,90,lymphocyte
22094,55,55,90,90,lymphocyte
22095,37,52,126,96,seg_neutrophil
22096,43,36,114,129,monocyte
22097,63,61,75,78,lymphocyte
22098,57,52,87,96,lymphocyte
22099,42,55,117,90,seg_neutrophil
22100,51,48,99,105,lymphocyte
22101,51,48,99,105,seg_neutrophil
22102,55,54,90,93,lymphocyte
22103,46,43,108,114,seg_neutrophil
22104,51,43,99,114,seg_neutrophil
22105,45,46,111,108,seg_neutrophil
22106,58,42,84,117,lymphocyte
22107,46,40,108,120,monocyte
22108,46,45,108,111,smudge
22109,46,57,108,87,lymphocyte
22110,45,43,111,114,seg_neutrophil
22111,49,37,102,126,smudge
22112,51,49,99,102,lymphocyte
22113,46,42,108,117,seg_neutrophil
22114,45,48,111,105,seg_neutrophil
22115,33,33,135,135,monocyte
22116,39,54,123,93,seg_neutrophil
22117,46,49,108,102,seg_neutrophil
22118,63,89,75,84,lymphocyte
22119,49,54,102,93,seg_neutrophil
22120,54,57,93,87,seg_neutrophil
22121,64,57,72,87,lymphocyte
22122,60,51,81,99,lymphocyte
22123,61,61,78,78,lymphocyte
22124,54,52,93,96,seg_neutrophil
22125,51,54,99,93,seg_neutrophil
22126,55,54,90,93,seg_neutrophil
22127,61,63,78,75,lymphocyte
22128,54,52,93,96,eosinophil
22129,54,55,93,90,seg_neutrophil
22130,52,46,96,108,seg_neutrophil
22131,51,52,99,96,seg_neutrophil
22132,51,55,99,90,eosinophil
22133,58,60,84,81,seg_neutrophil
22134,58,51,84,99,seg_neutrophil
22135,51,51,99,99,seg_neutrophil
22136,52,57,96,87,seg_neutrophil
22137,55,55,90,90,seg_neutrophil
22138,48,49,105,102,seg_neutrophil
22139,63,64,75,72,lymphocyte
22140,52,58,96,84,seg_neutrophil
22141,66,60,69,81,lymphocyte
22142,49,55,102,90,seg_neutrophil
22143,54,42,93,117,seg_neutrophil
22144,58,49,84,102,lymphocyte
22145,49,60,102,81,eosinophil
22146,54,54,93,93,seg_neutrophil
22147,48,54,105,93,seg_neutrophil
22148,63,61,75,78,lymphocyte
22149,60,57,81,87,lymphocyte
22150,51,52,99,96,seg_neutrophil
22151,55,52,90,96,seg_neutrophil
22152,54,49,93,102,seg_neutrophil
22153,57,61,87,78,lymphocyte
22154,49,61,102,78,seg_neutrophil
22155,43,52,114,96,eosinophil
22156,54,57,93,87,seg_neutrophil
22157,54,15,93,114,smudge
22158,51,55,99,90,seg_neutrophil
22159,52,57,96,87,seg_neutrophil
22160,58,39,84,90,seg_neutrophil
22161,48,52,105,96,seg_neutrophil
22162,54,55,93,90,seg_neutrophil
22163,63,64,75,72,lymphocyte
22164,61,63,78,75,lymphocyte
22165,57,57,87,87,lymphocyte
22166,58,54,84,93,lymphocyte
22167,51,55,99,90,seg_neutrophil
22168,49,60,102,81,lymphocyte
22169,52,49,96,102,seg_neutrophil
22170,55,57,90,87,seg_neutrophil
22171,51,110,99,87,lymphocyte
22172,51,55,99,90,seg_neutrophil
22173,51,54,99,93,seg_neutrophil
22174,63,64,75,72,lymphocyte
22175,51,54,99,93,seg_neutrophil
22176,45,58,111,84,seg_neutrophil
22177,60,57,81,87,lymphocyte
22178,51,60,99,81,seg_neutrophil
22179,54,48,93,105,seg_neutrophil
22180,51,54,99,93,seg_neutrophil
22181,57,54,87,93,lymphocyte
22182,48,48,105,105,eosinophil
22183,51,51,99,99,seg_neutrophil
22184,52,51,96,99,seg_neutrophil
22185,61,61,78,78,lymphocyte
22186,57,61,87,78,lymphocyte
22187,57,58,87,84,lymphocyte
22188,55,57,90,87,seg_neutrophil
22189,51,51,99,99,seg_neutrophil
22190,52,52,96,96,seg_neutrophil
22191,54,58,93,84,lymphocyte
22192,51,51,99,99,seg_neutrophil
22193,58,55,84,90,seg_neutrophil
22194,48,48,105,105,seg_neutrophil
22195,49,49,102,102,seg_neutrophil
22196,49,57,102,87,eosinophil
22197,48,57,105,87,seg_neutrophil
22198,54,54,93,93,seg_neutrophil
22199,48,52,105,96,seg_neutrophil
22200,52,57,96,87,seg_neutrophil
22201,55,55,90,90,seg_neutrophil
22202,58,58,84,84,lymphocyte
22203,61,64,78,72,lymphocyte
22204,58,60,84,81,lymphocyte
22205,48,48,105,105,seg_neutrophil
22206,60,61,81,78,lymphocyte
22207,63,60,75,81,smudge
22208,51,57,99,87,seg_neutrophil
22209,61,64,78,72,lymphocyte
22210,49,54,102,93,seg_neutrophil
22211,52,57,96,87,seg_neutrophil
22212,55,60,90,81,seg_neutrophil
22213,58,52,84,96,lymphocyte
22214,54,52,93,96,seg_neutrophil
22215,52,57,96,87,seg_neutrophil
22216,54,65,93,90,lymphocyte
22217,51,51,99,99,seg_neutrophil
22218,48,49,105,102,seg_neutrophil
22219,58,58,84,84,lymphocyte
22220,46,57,108,87,eosinophil
22221,57,55,87,90,seg_neutrophil
22222,55,58,90,84,lymphocyte
22223,55,57,90,87,lymphocyte
22224,51,48,99,105,seg_neutrophil
22225,49,57,102,87,lymphocyte
22226,54,49,93,102,seg_neutrophil
22227,60,57,81,87,lymphocyte
22228,52,55,96,90,seg_neutrophil
22229,49,45,102,111,seg_neutrophil
22230,58,49,84,102,seg_neutrophil
22231,58,58,84,84,seg_neutrophil
22232,48,52,105,96,seg_neutrophil
22233,43,48,114,105,seg_neutrophil
22234,52,54,96,93,lymphocyte
22235,49,54,102,93,seg_neutrophil
22236,58,66,84,69,lymphocyte
22237,58,61,84,78,lymphocyte
22238,55,57,90,87,seg_neutrophil
22239,55,46,90,108,seg_neutrophil
22240,60,61,81,78,lymphocyte
22241,51,55,99,90,seg_neutrophil
22242,52,58,96,84,seg_neutrophil
22243,52,48,96,105,seg_neutrophil
22244,58,49,84,102,lymphocyte
22245,51,57,99,87,seg_neutrophil
22246,52,49,96,102,seg_neutrophil
22247,55,52,90,96,seg_neutrophil
22248,58,58,84,84,seg_neutrophil
22249,54,48,93,105,seg_neutrophil
22250,49,30,102,96,seg_neutrophil
22251,51,57,99,87,seg_neutrophil
22252,49,51,102,99,seg_neutrophil
22253,58,57,84,87,lymphocyte
22254,57,55,87,90,seg_neutrophil
22255,57,54,87,93,lymphocyte
22256,60,61,81,78,lymphocyte
22257,52,52,96,96,seg_neutrophil
22258,51,52,99,96,eosinophil
22259,37,39,126,123,eosinophil
22260,49,49,102,102,seg_neutrophil
22261,52,51,96,99,seg_neutrophil
22262,48,42,105,99,seg_neutrophil
22263,63,63,75,75,lymphocyte
22264,60,55,81,90,lymphocyte
22265,52,52,96,96,seg_neutrophil
22266,54,52,93,96,seg_neutrophil
22267,54,54,93,93,lymphocyte
22268,46,51,108,99,seg_neutrophil
22269,48,48,105,105,seg_neutrophil
22270,60,55,81,90,seg_neutrophil
22271,67,70,66,60,g_plt
22272,58,58,84,84,lymphocyte
22273,37,49,126,102,monocyte
22274,55,54,90,93,lymphocyte
22275,57,54,87,93,seg_neutrophil
22276,55,54,90,93,lymphocyte
22277,43,51,114,99,eosinophil
22278,48,55,105,90,seg_neutrophil
22279,42,51,117,99,monocyte
22280,45,39,111,114,monocyte
22281,64,57,72,87,lymphocyte
22282,46,57,108,87,seg_neutrophil
22283,45,46,111,108,monocyte
22284,52,52,96,96,seg_neutrophil
22285,52,48,96,105,seg_neutrophil
22286,54,55,93,90,seg_neutrophil
22287,57,33,87,96,lymphocyte
22288,55,54,90,93,lymphocyte
22289,61,61,78,78,lymphocyte
22290,52,58,96,84,eosinophil
22291,63,60,75,81,lymphocyte
22292,51,52,99,96,seg_neutrophil
22293,49,48,102,105,seg_neutrophil
22294,55,55,90,90,seg_neutrophil
22295,51,55,99,90,seg_neutrophil
22296,54,48,93,105,eosinophil
22297,46,46,108,108,monocyte
22298,54,58,93,84,seg_neutrophil
22299,52,51,96,99,seg_neutrophil
22300,58,58,84,84,lymphocyte
22301,48,48,105,105,seg_neutrophil
22302,43,107,114,90,seg_neutrophil
22303,58,57,84,87,lymphocyte
22304,46,48,108,105,seg_neutrophil
22305,46,49,108,102,seg_neutrophil
22306,52,54,96,93,seg_neutrophil
22307,48,55,105,90,seg_neutrophil
22308,48,52,105,96,seg_neutrophil
22309,49,54,102,93,seg_neutrophil
22310,51,58,99,84,seg_neutrophil
22311,48,60,105,81,seg_neutrophil
22312,57,49,87,102,seg_neutrophil
22313,55,55,90,90,seg_neutrophil
22314,55,57,90,84,seg_neutrophil
22315,39,49,123,102,monocyte
22316,52,63,96,75,seg_neutrophil
22317,60,49,81,102,seg_neutrophil
22318,64,48,72,105,basophil
22319,66,70,69,60,lymphocyte
22320,54,46,93,108,seg_neutrophil
22321,48,60,105,81,seg_neutrophil
22322,54,48,93,105,seg_neutrophil
22323,54,58,93,84,seg_neutrophil
22324,61,66,78,69,seg_neutrophil
22325,58,52,84,96,seg_neutrophil
22326,51,58,99,84,seg_neutrophil
22327,49,51,102,99,seg_neutrophil
22328,57,55,87,90,seg_neutrophil
22329,51,52,99,96,seg_neutrophil
22330,54,64,93,72,seg_neutrophil
22331,57,51,87,99,seg_neutrophil
22332,58,92,84,87,seg_neutrophil
22333,63,55,75,90,lymphocyte
22334,57,58,87,84,seg_neutrophil
22335,59,63,117,75,eosinophil
22336,51,60,99,81,seg_neutrophil
22337,49,52,102,96,seg_neutrophil
22338,54,52,93,96,seg_neutrophil
22339,54,54,93,93,seg_neutrophil
22340,51,54,99,93,seg_neutrophil
22341,57,61,87,78,seg_neutrophil
22342,55,52,90,96,eosinophil
22343,49,60,102,81,seg_neutrophil
22344,64,69,72,63,lymphocyte
22345,46,58,108,84,seg_neutrophil
22346,48,65,105,90,seg_neutrophil
22347,52,57,96,87,seg_neutrophil
22348,57,15,87,90,seg_neutrophil
22349,49,52,102,96,seg_neutrophil
22350,77,57,78,87,seg_neutrophil
22351,51,58,99,84,seg_neutrophil
22352,54,67,93,66,seg_neutrophil
22353,64,51,72,99,seg_neutrophil
22354,49,60,102,81,monocyte
22355,48,61,105,78,seg_neutrophil
22356,54,57,93,87,seg_neutrophil
22357,54,55,93,90,seg_neutrophil
22358,57,52,87,96,seg_neutrophil
22359,52,64,96,72,seg_neutrophil
22360,60,54,81,93,seg_neutrophil
22361,60,58,81,84,seg_neutrophil
22362,51,49,99,102,seg_neutrophil
22363,52,54,96,93,seg_neutrophil
22364,45,57,111,87,eosinophil
22365,55,45,90,111,seg_neutrophil
22366,51,68,99,90,seg_neutrophil
22367,63,57,75,87,lymphocyte
22368,63,66,75,69,lymphocyte
22369,57,58,87,84,seg_neutrophil
22370,46,58,108,84,seg_neutrophil
22371,58,52,84,96,seg_neutrophil
22372,61,64,78,72,lymphocyte
22373,57,54,87,93,lymphocyte
22374,49,61,102,78,seg_neutrophil
22375,52,54,96,93,seg_neutrophil
22376,55,52,90,96,seg_neutrophil
22377,48,58,105,84,seg_neutrophil
22378,54,54,93,93,seg_neutrophil
22379,30,60,96,81,lymphocyte
22380,48,42,105,117,seg_neutrophil
22381,46,51,108,99,seg_neutrophil
22382,54,55,93,90,seg_neutrophil
22383,6,58,99,84,seg_neutrophil
22384,49,58,102,84,seg_neutrophil
22385,46,48,108,105,seg_neutrophil
22386,54,51,93,99,seg_neutrophil
22387,49,57,102,87,seg_neutrophil
22388,63,60,75,81,seg_neutrophil
22389,58,45,84,90,seg_neutrophil
22390,54,60,93,81,seg_neutrophil
22391,51,33,99,135,smudge
22392,42,54,117,93,smudge
22393,52,63,96,75,seg_neutrophil
22394,64,116,72,72,lymphocyte
22395,51,48,99,105,seg_neutrophil
22396,57,64,87,72,lymphocyte
22397,57,60,87,81,lymphocyte
22398,57,61,87,78,lymphocyte
22399,46,54,108,93,seg_neutrophil
22400,69,64,63,72,lymphocyte
22401,52,57,96,87,seg_neutrophil
22402,61,64,78,72,seg_neutrophil
22403,52,54,96,93,eosinophil
22404,49,48,102,105,seg_neutrophil
22405,60,45,81,102,seg_neutrophil
22406,52,54,96,93,seg_neutrophil
22407,52,55,96,90,seg_neutrophil
22408,49,49,102,102,seg_neutrophil
22409,55,54,90,93,smudge
22410,51,57,99,87,seg_neutrophil
22411,52,43,96,114,seg_neutrophil
22412,48,63,105,75,seg_neutrophil
22413,52,48,96,105,seg_neutrophil
22414,52,55,96,90,seg_neutrophil
22415,18,61,93,78,seg_neutrophil
22416,49,52,102,96,seg_neutrophil
22417,48,52,105,96,seg_neutrophil
22418,55,55,90,90,seg_neutrophil
22419,52,58,96,84,seg_neutrophil
22420,58,54,84,93,seg_neutrophil
22421,57,54,87,93,smudge
22422,55,64,90,72,lymphocyte
22423,49,57,102,87,seg_neutrophil
22424,45,55,111,90,seg_neutrophil
22425,58,58,84,84,lymphocyte
22426,49,57,102,87,seg_neutrophil
22427,61,63,78,75,lymphocyte
22428,46,51,108,99,seg_neutrophil
22429,57,49,87,102,eosinophil
22430,48,55,105,90,seg_neutrophil
22431,64,66,72,69,lymphocyte
22432,55,57,90,87,seg_neutrophil
22433,51,60,99,81,seg_neutrophil
22434,48,42,105,96,seg_neutrophil
22435,54,40,93,120,smudge
22436,57,61,87,78,seg_neutrophil
22437,46,52,108,96,monocyte
22438,51,57,99,87,seg_neutrophil
22439,46,46,108,108,smudge
22440,55,60,90,81,seg_neutrophil
22441,54,57,93,87,seg_neutrophil
22442,57,45,87,111,seg_neutrophil
22443,51,49,99,102,seg_neutrophil
22444,60,46,81,108,seg_neutrophil
22445,54,55,93,90,seg_neutrophil
22446,55,52,90,96,seg_neutrophil
22447,52,54,96,93,smudge
22448,49,51,102,99,seg_neutrophil
22449,58,55,84,90,seg_neutrophil
22450,33,57,84,87,seg_neutrophil
22451,49,70,102,60,seg_neutrophil
22452,64,61,72,78,lymphocyte
22453,60,60,81,81,basophil
22454,52,51,96,99,seg_neutrophil
22455,61,12,78,93,seg_neutrophil
22456,64,64,72,72,lymphocyte
22457,55,57,90,87,seg_neutrophil
22458,42,49,117,102,eosinophil
22459,54,60,93,81,seg_neutrophil
22460,52,55,96,90,seg_neutrophil
22461,60,67,81,66,basophil
22462,60,64,81,72,lymphocyte
22463,54,54,93,93,seg_neutrophil
22464,69,63,63,75,lymphocyte
22465,46,55,108,90,seg_neutrophil
22466,51,52,99,96,seg_neutrophil
22467,51,57,99,87,seg_neutrophil
22468,52,60,96,81,seg_neutrophil
22469,52,57,96,87,seg_neutrophil
22470,58,55,84,90,seg_neutrophil
22471,60,63,81,75,lymphocyte
22472,61,54,78,93,seg_neutrophil
22473,51,54,99,93,seg_neutrophil
22474,51,55,99,90,seg_neutrophil
22475,57,60,87,81,seg_neutrophil
22476,55,61,90,78,lymphocyte
22477,57,46,87,108,seg_neutrophil
22478,46,60,108,81,seg_neutrophil
22479,52,57,96,87,seg_neutrophil
22480,46,95,108,102,seg_neutrophil
22481,57,92,87,96,lymphocyte
22482,48,54,105,93,seg_neutrophil
22483,55,60,90,81,seg_neutrophil
22484,66,49,69,102,seg_neutrophil
22485,49,57,102,87,seg_neutrophil
22486,40,43,120,114,smudge
22487,52,54,96,93,seg_neutrophil
22488,46,55,108,90,seg_neutrophil
22489,54,58,93,84,seg_neutrophil
22490,49,61,102,78,seg_neutrophil
22491,55,51,90,99,seg_neutrophil
22492,54,55,93,90,seg_neutrophil
22493,45,52,111,96,monocyte
22494,57,55,87,90,artifact
22495,58,60,84,81,seg_neutrophil
22496,49,52,102,96,seg_neutrophil
22497,45,43,111,114,monocyte
22498,57,55,87,90,seg_neutrophil
22499,55,57,90,87,seg_neutrophil
22500,48,74,105,78,seg_neutrophil
22501,52,51,96,99,seg_neutrophil
22502,46,58,108,84,smudge
22503,52,55,96,90,eosinophil
22504,64,54,72,93,lymphocyte
22505,60,54,81,93,seg_neutrophil
22506,49,63,102,75,basophil
22507,57,54,87,93,seg_neutrophil
22508,52,58,96,84,lymphocyte
22509,45,52,111,96,seg_neutrophil
22510,54,51,93,99,seg_neutrophil
22511,49,51,102,99,seg_neutrophil
22512,49,46,102,108,seg_neutrophil
22513,51,49,99,102,seg_neutrophil
22514,46,55,108,90,seg_neutrophil
22515,48,46,105,108,seg_neutrophil
22516,43,54,114,93,seg_neutrophil
22517,51,54,99,93,seg_neutrophil
22518,57,57,87,87,lymphocyte
22519,51,48,99,105,seg_neutrophil
22520,67,55,66,90,lymphocyte
22521,40,48,120,105,monocyte
22522,60,61,81,78,lymphocyte
22523,43,62,114,126,monocyte
22524,48,52,105,96,seg_neutrophil
22525,51,48,99,105,seg_neutrophil
22526,58,61,84,78,smudge
22527,52,60,96,81,lymphocyte
22528,48,48,105,105,seg_neutrophil
22529,45,48,111,105,band_neutrophil
22530,52,58,96,84,lymphocyte
22531,51,49,99,102,seg_neutrophil
22532,52,49,96,102,seg_neutrophil
22533,52,48,96,105,seg_neutrophil
22534,51,46,99,108,eosinophil
22535,42,46,117,108,monocyte
22536,46,51,108,99,seg_neutrophil
22537,52,48,96,105,eosinophil
22538,42,46,117,108,seg_neutrophil
22539,48,51,105,99,seg_neutrophil
22540,51,57,99,87,seg_neutrophil
22541,43,51,114,99,seg_neutrophil
22542,49,45,102,111,seg_neutrophil
22543,37,43,126,114,seg_neutrophil
22544,57,63,87,75,lymphocyte
22545,55,52,90,96,seg_neutrophil
22546,52,45,96,111,seg_neutrophil
22547,48,60,84,81,lymphocyte
22548,51,48,99,105,seg_neutrophil
22549,48,48,105,105,seg_neutrophil
22550,43,55,114,90,seg_neutrophil
22551,43,54,114,93,seg_neutrophil
22552,52,52,96,96,seg_neutrophil
22553,52,55,96,90,lymphocyte
22554,52,51,96,99,seg_neutrophil
22555,43,49,114,102,monocyte
22556,60,63,81,75,lymphocyte
22557,48,51,105,99,seg_neutrophil
22558,60,63,81,75,lymphocyte
22559,55,68,90,105,seg_neutrophil
22560,39,43,123,114,monocyte
22561,48,62,105,102,seg_neutrophil
22562,54,46,93,108,seg_neutrophil
22563,51,49,99,102,seg_neutrophil
22564,40,36,120,99,seg_neutrophil
22565,48,48,105,105,seg_neutrophil
22566,43,40,114,120,seg_neutrophil
22567,61,58,78,84,lymphocyte
22568,37,48,126,105,seg_neutrophil
22569,48,52,105,96,seg_neutrophil
22570,46,43,108,114,smudge
22571,55,55,90,90,lymphocyte
22572,40,46,120,108,seg_neutrophil
22573,48,49,105,102,seg_neutrophil
22574,37,40,126,120,monocyte
22575,39,39,123,123,monocyte
22576,58,51,84,99,seg_neutrophil
22577,48,59,105,102,seg_neutrophil
22578,52,48,96,105,seg_neutrophil
22579,52,52,96,96,seg_neutrophil
22580,51,46,99,108,seg_neutrophil
22581,54,55,93,90,lymphocyte
22582,46,52,108,96,seg_neutrophil
22583,6,46,105,108,seg_neutrophil
22584,45,45,111,111,seg_neutrophil
22585,21,48,111,105,seg_neutrophil
22586,51,54,99,93,seg_neutrophil
22587,48,52,105,96,seg_neutrophil
22588,45,45,111,111,seg_neutrophil
22589,46,45,108,111,seg_neutrophil
22590,43,43,114,114,seg_neutrophil
22591,42,51,117,99,seg_neutrophil
22592,55,52,90,96,seg_neutrophil
22593,49,45,102,111,seg_neutrophil
22594,51,48,99,105,seg_neutrophil
22595,54,42,93,117,seg_neutrophil
22596,48,46,105,108,seg_neutrophil
22597,49,52,102,96,seg_neutrophil
22598,54,42,93,117,seg_neutrophil
22599,46,39,108,123,seg_neutrophil
22600,46,52,108,96,seg_neutrophil
22601,45,48,111,105,seg_neutrophil
22602,42,48,117,105,seg_neutrophil
22603,48,46,105,108,seg_neutrophil
22604,48,48,105,105,seg_neutrophil
22605,58,60,84,81,lymphocyte
22606,46,49,108,102,seg_neutrophil
22607,42,52,117,96,monocyte
22608,46,49,108,102,seg_neutrophil
22609,45,51,111,99,seg_neutrophil
22610,54,52,93,96,seg_neutrophil
22611,49,49,102,102,seg_neutrophil
22612,51,46,99,108,seg_neutrophil
22613,45,42,111,117,seg_neutrophil
22614,45,45,111,111,seg_neutrophil
22615,49,48,102,105,seg_neutrophil
22616,39,49,123,102,eosinophil
22617,63,64,75,72,lymphocyte
22618,60,61,81,78,lymphocyte
22619,48,48,105,105,seg_neutrophil
22620,43,51,114,99,seg_neutrophil
22621,42,52,117,96,seg_neutrophil
22622,49,46,102,108,seg_neutrophil
22623,48,54,105,93,seg_neutrophil
22624,60,58,81,84,lymphocyte
22625,49,49,102,102,seg_neutrophil
22626,49,52,102,96,seg_neutrophil
22627,69,70,63,60,g_plt
22628,52,52,96,96,seg_neutrophil
22629,48,45,105,111,seg_neutrophil
22630,46,49,108,102,seg_neutrophil
22631,48,46,105,108,seg_neutrophil
22632,48,48,105,105,seg_neutrophil
22633,36,40,108,120,seg_neutrophil
22634,49,51,102,99,seg_neutrophil
22635,49,49,102,102,seg_neutrophil
22636,46,43,108,114,seg_neutrophil
22637,51,48,99,105,seg_neutrophil
22638,55,45,90,111,seg_neutrophil
22639,49,52,102,96,seg_neutrophil
22640,45,52,111,96,seg_neutrophil
22641,51,49,99,102,seg_neutrophil
22642,49,57,102,87,seg_neutrophil
22643,51,49,99,102,seg_neutrophil
22644,49,51,102,99,seg_neutrophil
22645,60,60,81,81,lymphocyte
22646,55,49,90,102,lymphocyte
22647,59,58,87,84,lymphocyte
22648,43,32,114,144,monocyte
22649,54,45,93,111,seg_neutrophil
22650,48,49,105,102,seg_neutrophil
22651,51,51,99,99,seg_neutrophil
22652,48,48,105,105,seg_neutrophil
22653,39,49,123,102,seg_neutrophil
22654,42,46,117,108,seg_neutrophil
22655,33,45,99,111,seg_neutrophil
22656,49,46,102,108,seg_neutrophil
22657,51,51,99,99,seg_neutrophil
22658,51,51,99,99,seg_neutrophil
22659,54,49,93,102,seg_neutrophil
22660,55,15,90,84,lymphocyte
22661,45,55,111,90,seg_neutrophil
22662,49,42,102,117,seg_neutrophil
22663,61,63,78,75,lymphocyte
22664,51,45,99,111,seg_neutrophil
22665,40,52,120,96,seg_neutrophil
22666,45,48,111,105,seg_neutrophil
22667,58,58,84,84,lymphocyte
22668,52,51,96,99,band_neutrophil
22669,43,39,114,123,monocyte
22670,51,55,99,90,seg_neutrophil
22671,48,49,105,102,seg_neutrophil
22672,52,48,96,105,seg_neutrophil
22673,57,54,87,93,lymphocyte
22674,45,49,111,102,seg_neutrophil
22675,43,52,114,96,seg_neutrophil
22676,51,46,99,108,seg_neutrophil
22677,45,52,111,96,basophil
22678,55,46,90,108,seg_neutrophil
22679,43,46,114,108,seg_neutrophil
22680,45,45,111,111,seg_neutrophil
22681,46,43,108,114,seg_neutrophil
22682,46,48,108,105,seg_neutrophil
22683,43,48,114,105,seg_neutrophil
22684,51,46,99,108,seg_neutrophil
22685,54,52,93,96,seg_neutrophil
22686,51,52,99,96,seg_neutrophil
22687,52,46,96,108,seg_neutrophil
22688,48,54,105,93,seg_neutrophil
22689,57,6,87,93,lymphocyte
22690,48,49,105,102,seg_neutrophil
22691,48,3,105,96,basophil
22692,51,46,99,108,seg_neutrophil
22693,61,58,78,84,lymphocyte
22694,49,46,102,108,seg_neutrophil
22695,45,51,111,99,seg_neutrophil
22696,48,51,105,99,seg_neutrophil
22697,64,58,72,84,lymphocyte
22698,52,55,96,90,lymphocyte
22699,61,63,78,75,lymphocyte
22700,51,51,99,99,seg_neutrophil
22701,51,51,99,99,seg_neutrophil
22702,60,60,81,81,lymphocyte
22703,48,57,105,87,seg_neutrophil
22704,51,74,99,123,seg_neutrophil
22705,46,45,108,111,seg_neutrophil
22706,45,51,111,99,seg_neutrophil
22707,49,52,102,96,seg_neutrophil
22708,46,57,108,87,seg_neutrophil
22709,42,46,117,108,seg_neutrophil
22710,46,48,108,105,seg_neutrophil
22711,48,49,105,102,seg_neutrophil
22712,52,54,96,93,seg_neutrophil
22713,55,52,90,96,seg_neutrophil
22714,33,34,135,132,eosinophil
22715,43,45,114,111,seg_neutrophil
22716,40,57,120,87,seg_neutrophil
22717,48,58,105,84,seg_neutrophil
22718,54,58,93,84,seg_neutrophil
22719,52,55,96,90,lymphocyte
22720,48,52,105,96,seg_neutrophil
22721,61,67,78,66,lymphocyte
22722,49,51,102,99,seg_neutrophil
22723,49,54,102,93,seg_neutrophil
22724,42,46,117,108,seg_neutrophil
22725,43,39,114,123,monocyte
22726,63,48,75,105,lymphocyte
22727,48,51,105,99,seg_neutrophil
22728,49,45,102,111,seg_neutrophil
22729,48,49,105,102,seg_neutrophil
22730,48,43,105,114,seg_neutrophil
22731,49,43,102,114,seg_neutrophil
22732,49,55,102,90,lymphocyte
22733,60,57,81,87,lymphocyte
22734,39,49,123,102,seg_neutrophil
22735,61,61,78,78,lymphocyte
22736,46,43,108,114,monocyte
22737,46,48,108,105,seg_neutrophil
22738,18,54,117,93,seg_neutrophil
22739,53,49,105,102,seg_neutrophil
22740,60,58,81,84,lymphocyte
22741,40,52,120,96,seg_neutrophil
22742,36,54,84,93,lymphocyte
22743,45,49,111,102,lymphocyte
22744,60,92,81,81,lymphocyte
22745,64,61,72,78,lymphocyte
22746,48,42,105,117,seg_neutrophil
22747,52,48,96,105,seg_neutrophil
22748,57,49,87,102,seg_neutrophil
22749,58,43,84,114,seg_neutrophil
22750,54,60,93,81,lymphocyte
22751,49,52,102,96,seg_neutrophil
22752,36,107,87,84,lymphocyte
22753,49,52,102,96,lymphocyte
22754,57,55,87,90,lymphocyte
22755,61,60,78,81,lymphocyte
22756,49,43,102,114,seg_neutrophil
22757,54,57,93,87,lymphocyte
22758,49,51,102,99,eosinophil
22759,46,52,108,96,band_neutrophil
22760,40,49,120,102,seg_neutrophil
22761,52,52,96,96,monocyte
22762,48,49,105,102,seg_neutrophil
22763,45,51,111,99,seg_neutrophil
22764,42,52,117,96,seg_neutrophil
22765,43,46,114,108,seg_neutrophil
22766,52,61,96,78,lymphocyte
22767,45,52,111,96,seg_neutrophil
22768,51,52,99,96,seg_neutrophil
22769,57,40,87,120,seg_neutrophil
22770,40,49,120,102,seg_neutrophil
22771,43,45,114,111,seg_neutrophil
22772,48,39,105,123,seg_neutrophil
22773,57,57,87,87,lymphocyte
22774,52,55,96,90,seg_neutrophil
22775,46,55,108,90,seg_neutrophil
22776,54,63,93,75,lymphocyte
22777,46,39,108,123,seg_neutrophil
22778,45,40,111,120,monocyte
22779,39,52,123,96,seg_neutrophil
22780,51,51,99,99,seg_neutrophil
22781,42,46,117,108,seg_neutrophil
22782,46,49,108,102,seg_neutrophil
22783,48,43,105,114,seg_neutrophil
22784,49,45,102,111,seg_neutrophil
22785,43,52,114,96,seg_neutrophil
22786,55,51,90,99,seg_neutrophil
22787,52,45,96,111,seg_neutrophil
22788,54,48,93,105,seg_neutrophil
22789,52,55,96,90,seg_neutrophil
22790,49,54,102,93,seg_neutrophil
22791,49,42,102,117,seg_neutrophil
22792,69,67,63,66,g_plt
22793,40,60,120,81,monocyte
22794,68,45,87,111,lymphocyte
22795,51,49,99,102,seg_neutrophil
22796,45,49,111,102,seg_neutrophil
22797,57,60,87,81,lymphocyte
22798,45,52,111,96,seg_neutrophil
22799,40,54,120,93,seg_neutrophil
22800,58,61,84,78,lymphocyte
22801,49,49,102,102,seg_neutrophil
22802,61,61,78,78,lymphocyte
22803,63,55,75,90,lymphocyte
22804,63,63,75,75,lymphocyte
22805,54,46,93,108,seg_neutrophil
22806,48,45,105,111,seg_neutrophil
22807,40,36,120,129,eosinophil
22808,49,46,102,108,seg_neutrophil
22809,52,57,96,87,seg_neutrophil
22810,43,42,114,117,seg_neutrophil
22811,36,37,129,126,monocyte
22812,49,51,102,99,seg_neutrophil
22813,51,48,99,105,lymphocyte
22814,34,22,132,156,monocyte
22815,43,46,114,108,seg_neutrophil
22816,50,51,105,99,seg_neutrophil
22817,55,58,90,84,lymphocyte
22818,39,48,123,105,seg_neutrophil
22819,48,52,105,96,seg_neutrophil
22820,46,52,108,96,seg_neutrophil
22821,36,42,129,117,monocyte
22822,46,42,108,117,seg_neutrophil
22823,48,43,105,114,seg_neutrophil
22824,49,57,102,87,seg_neutrophil
22825,58,60,84,81,lymphocyte
22826,37,54,126,93,seg_neutrophil
22827,55,58,90,84,lymphocyte
22828,58,54,84,93,lymphocyte
22829,52,52,96,96,lymphocyte
22830,45,48,111,105,seg_neutrophil
22831,46,60,108,81,seg_neutrophil
22832,48,57,105,87,seg_neutrophil
22833,46,45,108,111,seg_neutrophil
22834,61,61,78,78,lymphocyte
22835,57,42,87,78,lymphocyte
22836,54,48,93,105,seg_neutrophil
22837,54,54,93,93,eosinophil
22838,46,42,108,117,seg_neutrophil
22839,43,52,114,96,seg_neutrophil
22840,40,43,120,114,eosinophil
22841,51,49,99,102,seg_neutrophil
22842,55,70,90,60,lymphocyte
22843,45,52,111,96,seg_neutrophil
22844,51,43,99,114,seg_neutrophil
22845,43,46,114,108,seg_neutrophil
22846,60,58,81,84,lymphocyte
22847,48,49,105,102,seg_neutrophil
22848,57,51,87,84,lymphocyte
22849,60,55,81,90,lymphocyte
22850,51,55,99,90,seg_neutrophil
22851,46,48,108,105,seg_neutrophil
22852,64,64,72,72,lymphocyte
22853,40,46,120,108,monocyte
22854,57,52,87,96,lymphocyte
22855,40,46,120,108,seg_neutrophil
22856,54,64,93,72,lymphocyte
22857,57,49,87,102,seg_neutrophil
22858,51,52,99,96,lymphocyte
22859,48,48,105,105,seg_neutrophil
22860,55,43,90,114,seg_neutrophil
22861,42,43,117,114,seg_neutrophil
22862,51,49,99,102,seg_neutrophil
22863,52,60,96,81,lymphocyte
22864,49,46,102,108,seg_neutrophil
22865,51,49,99,102,seg_neutrophil
22866,54,42,93,117,monocyte
22867,52,54,96,93,seg_neutrophil
22868,48,46,105,108,seg_neutrophil
22869,38,39,126,123,monocyte
22870,46,51,108,99,seg_neutrophil
22871,55,54,90,93,lymphocyte
22872,48,59,105,105,seg_neutrophil
22873,60,67,81,66,lymphocyte
22874,43,48,114,105,seg_neutrophil
22875,42,49,117,102,seg_neutrophil
22876,45,45,111,111,seg_neutrophil
22877,51,51,99,99,lymphocyte
22878,75,69,51,63,g_plt
22879,63,61,75,78,lymphocyte
22880,51,49,99,102,seg_neutrophil
22881,46,51,108,99,seg_neutrophil
22882,48,48,105,105,seg_neutrophil
22883,52,51,96,99,seg_neutrophil
22884,57,55,87,90,lymphocyte
22885,52,43,96,114,seg_neutrophil
22886,55,51,90,99,seg_neutrophil
22887,51,48,99,105,seg_neutrophil
22888,51,49,99,102,seg_neutrophil
22889,52,51,96,99,seg_neutrophil
22890,46,54,108,93,seg_neutrophil
22891,55,48,90,105,seg_neutrophil
22892,60,54,81,93,lymphocyte
22893,48,48,105,105,seg_neutrophil
22894,61,21,78,93,lymphocyte
22895,57,54,87,93,lymphocyte
22896,30,7,141,186,artifact
22897,43,48,114,105,eosinophil
22898,52,43,96,114,seg_neutrophil
22899,53,33,96,135,artifact
22900,58,54,84,93,lymphocyte
22901,45,65,111,114,seg_neutrophil
22902,49,49,102,102,seg_neutrophil
22903,48,55,105,90,seg_neutrophil
22904,51,37,99,126,lymphocyte
22905,33,28,135,144,artifact
22906,60,48,81,105,lymphocyte
22907,63,58,75,84,lymphocyte
22908,49,49,102,102,seg_neutrophil
22909,46,48,108,105,seg_neutrophil
22910,60,58,81,84,lymphocyte
22911,58,55,84,90,lymphocyte
22912,60,61,81,78,lymphocyte
22913,46,52,108,96,lymphocyte
22914,49,49,102,102,seg_neutrophil
22915,55,48,90,105,seg_neutrophil
22916,48,49,105,102,seg_neutrophil
22917,51,49,99,102,seg_neutrophil
22918,57,48,87,105,seg_neutrophil
22919,48,46,105,108,seg_neutrophil
22920,49,46,102,108,seg_neutrophil
22921,61,57,78,87,lymphocyte
22922,51,51,99,99,seg_neutrophil
22923,52,48,96,105,seg_neutrophil
22924,57,55,87,90,lymphocyte
22925,52,45,96,111,seg_neutrophil
22926,52,48,96,105,seg_neutrophil
22927,46,54,108,93,seg_neutrophil
22928,49,51,102,99,seg_neutrophil
22929,49,52,102,96,seg_neutrophil
22930,48,45,105,111,seg_neutrophil
22931,49,49,102,102,seg_neutrophil
22932,55,27,90,96,lymphocyte
22933,60,49,81,102,lymphocyte
22934,45,48,111,105,seg_neutrophil
22935,-11,13,222,174,artifact
22936,31,36,138,129,artifact
22937,57,60,87,81,lymphocyte
22938,55,45,90,111,seg_neutrophil
22939,57,61,87,78,lymphocyte
22940,54,55,93,90,lymphocyte
22941,46,48,108,105,seg_neutrophil
22942,52,61,96,78,lymphocyte
22943,40,46,120,108,seg_neutrophil
22944,61,57,78,87,lymphocyte
22945,70,125,60,66,g_plt
22946,46,46,108,108,seg_neutrophil
22947,46,56,108,108,seg_neutrophil
22948,58,64,84,72,artifact
22949,49,46,102,108,seg_neutrophil
22950,48,49,105,102,seg_neutrophil
22951,51,57,99,87,seg_neutrophil
22952,45,45,111,111,seg_neutrophil
22953,57,54,87,93,lymphocyte
22954,57,57,87,87,lymphocyte
22955,46,42,108,117,monocyte
22956,49,51,102,99,seg_neutrophil
22957,55,60,90,81,lymphocyte
22958,45,45,111,111,monocyte
22959,43,48,114,105,seg_neutrophil
22960,43,48,114,105,seg_neutrophil
22961,58,61,84,78,lymphocyte
22962,48,54,105,93,seg_neutrophil
22963,48,49,105,102,seg_neutrophil
22964,52,54,96,93,seg_neutrophil
22965,48,46,99,108,seg_neutrophil
22966,51,46,99,108,seg_neutrophil
22967,46,46,108,108,seg_neutrophil
22968,57,49,87,102,lymphocyte
22969,46,49,108,102,seg_neutrophil
22970,46,48,108,105,seg_neutrophil
22971,45,51,111,99,seg_neutrophil
22972,43,52,114,96,eosinophil
22973,27,51,102,99,seg_neutrophil
22974,52,54,96,93,seg_neutrophil
22975,52,51,96,99,seg_neutrophil
22976,58,55,84,90,lymphocyte
22977,51,55,99,90,seg_neutrophil
22978,51,48,99,105,seg_neutrophil
22979,51,51,99,99,lymphocyte
22980,46,43,108,114,seg_neutrophil
22981,46,54,108,93,seg_neutrophil
22982,48,49,105,102,seg_neutrophil
22983,45,48,111,105,seg_neutrophil
22984,54,54,93,93,lymphocyte
22985,42,45,117,111,seg_neutrophil
22986,49,51,102,99,seg_neutrophil
22987,48,48,105,105,seg_neutrophil
22988,63,80,75,78,lymphocyte
22989,45,45,111,111,seg_neutrophil
22990,51,48,99,105,eosinophil
22991,48,48,105,105,seg_neutrophil
22992,46,27,108,105,lymphocyte
22993,48,51,105,99,seg_neutrophil
22994,55,49,90,102,seg_neutrophil
22995,51,45,99,111,lymphocyte
22996,54,48,93,105,seg_neutrophil
22997,43,43,114,114,artifact
22998,40,42,120,117,artifact
22999,66,46,69,108,artifact
23000,19,39,162,123,artifact
23001,15,9,171,183,artifact
23002,48,40,105,120,seg_neutrophil
23003,49,46,102,108,seg_neutrophil
23004,46,45,108,111,seg_neutrophil
23005,60,61,81,78,lymphocyte
23006,46,40,108,120,seg_neutrophil
23007,52,52,96,96,lymphocyte
23008,57,58,87,84,lymphocyte
23009,42,48,117,105,seg_neutrophil
23010,55,54,90,93,lymphocyte
23011,55,64,90,72,lymphocyte
23012,51,49,99,102,lymphocyte
23013,45,51,111,99,seg_neutrophil
23014,51,52,99,96,seg_neutrophil
23015,54,52,93,96,lymphocyte
23016,46,48,108,105,seg_neutrophil
23017,51,45,99,111,seg_neutrophil
23018,46,43,108,114,seg_neutrophil
23019,48,49,105,102,seg_neutrophil
23020,46,52,108,96,lymphocyte
23021,51,51,99,99,seg_neutrophil
23022,48,54,105,93,lymphocyte
23023,49,52,102,96,seg_neutrophil
23024,48,46,105,108,seg_neutrophil
23025,55,57,90,87,lymphocyte
23026,51,49,99,102,seg_neutrophil
23027,43,48,114,105,seg_neutrophil
23028,51,52,99,96,seg_neutrophil
23029,48,48,105,105,seg_neutrophil
23030,51,77,99,102,seg_neutrophil
23031,52,55,96,90,lymphocyte
23032,49,51,102,99,band_neutrophil
23033,55,51,90,99,lymphocyte
23034,49,51,102,99,seg_neutrophil
23035,60,57,81,87,lymphocyte
23036,51,54,99,93,lymphocyte
23037,58,60,84,81,lymphocyte
23038,45,39,111,102,seg_neutrophil
23039,58,54,84,93,lymphocyte
23040,54,58,93,84,lymphocyte
23041,57,49,87,102,seg_neutrophil
23042,49,45,102,111,seg_neutrophil
23043,61,51,78,99,lymphocyte
23044,55,60,90,81,lymphocyte
23045,45,51,111,99,seg_neutrophil
23046,58,61,84,78,lymphocyte
23047,43,54,114,93,seg_neutrophil
23048,51,48,99,105,seg_neutrophil
23049,51,45,99,111,seg_neutrophil
23050,49,49,102,102,seg_neutrophil
23051,58,57,84,87,lymphocyte
23052,49,54,102,93,seg_neutrophil
23053,51,48,99,105,seg_neutrophil
23054,49,52,102,96,seg_neutrophil
23055,52,46,96,108,lymphocyte
23056,51,45,99,111,seg_neutrophil
23057,46,46,108,108,seg_neutrophil
23058,40,45,120,111,seg_neutrophil
23059,57,48,87,105,seg_neutrophil
23060,49,43,102,114,seg_neutrophil
23061,43,48,114,105,seg_neutrophil
23062,46,48,108,105,seg_neutrophil
23063,42,46,117,108,eosinophil
23064,48,46,105,108,seg_neutrophil
23065,45,51,111,99,eosinophil
23066,58,63,84,75,lymphocyte
23067,40,68,120,102,seg_neutrophil
23068,43,56,114,105,eosinophil
23069,58,57,84,87,lymphocyte
23070,36,48,129,105,seg_neutrophil
23071,48,49,105,102,seg_neutrophil
23072,55,52,90,96,lymphocyte
23073,49,43,102,114,lymphocyte
23074,39,21,123,105,seg_neutrophil
23075,37,36,126,105,seg_neutrophil
23076,60,58,81,84,lymphocyte
23077,58,61,84,78,lymphocyte
23078,52,51,96,99,lymphocyte
23079,40,43,120,114,seg_neutrophil
23080,45,40,111,120,seg_neutrophil
23081,49,49,102,102,seg_neutrophil
23082,46,46,108,108,seg_neutrophil
23083,52,46,96,108,lymphocyte
23084,46,43,108,114,seg_neutrophil
23085,49,49,102,102,seg_neutrophil
23086,48,51,105,99,monocyte
23087,46,48,108,105,seg_neutrophil
23088,48,51,105,99,monocyte
23089,63,60,75,81,lymphocyte
23090,43,54,114,93,seg_neutrophil
23091,43,57,114,87,seg_neutrophil
23092,42,51,117,99,seg_neutrophil
23093,49,52,102,96,seg_neutrophil
23094,52,45,96,111,lymphocyte
23095,55,61,90,78,lymphocyte
23096,54,46,93,108,seg_neutrophil
23097,60,61,81,78,lymphocyte
23098,40,49,120,102,seg_neutrophil
23099,45,48,111,105,seg_neutrophil
23100,52,49,96,102,lymphocyte
23101,43,51,114,99,seg_neutrophil
23102,49,57,102,87,lymphocyte
23103,42,49,117,102,seg_neutrophil
23104,49,48,102,105,seg_neutrophil
23105,43,48,114,105,seg_neutrophil
23106,48,46,105,108,seg_neutrophil
23107,48,49,105,102,seg_neutrophil
23108,52,47,96,117,seg_neutrophil
23109,46,42,108,108,seg_neutrophil
23110,46,49,108,102,seg_neutrophil
23111,49,43,102,114,seg_neutrophil
23112,48,46,105,108,seg_neutrophil
23113,46,54,108,93,eosinophil
23114,43,42,114,117,seg_neutrophil
23115,43,52,114,96,seg_neutrophil
23116,40,51,120,99,seg_neutrophil
23117,45,89,111,105,seg_neutrophil
23118,37,46,126,108,monocyte
23119,54,43,93,114,seg_neutrophil
23120,58,60,84,81,lymphocyte
23121,46,46,108,108,seg_neutrophil
23122,51,48,99,105,seg_neutrophil
23123,55,52,90,96,lymphocyte
23124,49,48,102,105,seg_neutrophil
23125,37,42,126,117,monocyte
23126,49,48,102,105,seg_neutrophil
23127,45,55,111,90,lymphocyte
23128,39,37,123,126,monocyte
23129,52,48,96,105,eosinophil
23130,49,9,102,105,seg_neutrophil
23131,40,42,120,117,seg_neutrophil
23132,40,18,120,105,seg_neutrophil
23133,60,58,81,84,lymphocyte
23134,51,42,99,102,seg_neutrophil
23135,54,6,93,102,seg_neutrophil
23136,48,46,105,108,seg_neutrophil
23137,43,43,114,114,seg_neutrophil
23138,55,58,90,84,lymphocyte
23139,52,68,96,102,seg_neutrophil
23140,51,54,99,93,seg_neutrophil
23141,51,46,99,108,seg_neutrophil
23142,57,48,87,105,lymphocyte
23143,54,48,93,105,seg_neutrophil
23144,64,64,72,72,artifact
23145,54,45,93,111,seg_neutrophil
23146,48,46,105,108,seg_neutrophil
23147,46,57,108,87,seg_neutrophil
23148,48,51,105,99,seg_neutrophil
23149,42,46,117,108,seg_neutrophil
23150,63,58,75,84,artifact
23151,52,60,96,81,lymphocyte
23152,48,51,105,99,seg_neutrophil
23153,43,37,114,126,eosinophil
23154,42,42,117,117,seg_neutrophil
23155,46,52,108,96,seg_neutrophil
23156,42,43,117,114,monocyte
23157,45,51,111,99,eosinophil
23158,40,40,120,120,eosinophil
23159,51,46,99,108,seg_neutrophil
23160,54,45,93,111,seg_neutrophil
23161,48,39,105,123,seg_neutrophil
23162,49,55,102,90,seg_neutrophil
23163,48,48,105,105,seg_neutrophil
23164,49,46,102,108,smudge
23165,46,49,108,102,seg_neutrophil
23166,58,58,84,84,smudge
23167,49,49,102,102,seg_neutrophil
23168,63,64,75,72,lymphocyte
23169,48,40,105,120,seg_neutrophil
23170,48,45,105,111,seg_neutrophil
23171,39,40,123,120,monocyte
23172,58,51,84,99,lymphocyte
23173,48,49,105,102,seg_neutrophil
23174,43,42,114,117,seg_neutrophil
23175,54,49,93,102,seg_neutrophil
23176,51,52,99,96,seg_neutrophil
23177,46,42,108,117,seg_neutrophil
23178,49,46,102,108,seg_neutrophil
23179,46,46,108,108,seg_neutrophil
23180,37,46,126,108,monocyte
23181,55,57,90,87,lymphocyte
23182,57,55,87,90,lymphocyte
23183,45,46,111,108,seg_neutrophil
23184,40,42,120,117,eosinophil
23185,40,51,120,99,seg_neutrophil
23186,40,42,120,117,eosinophil
23187,48,42,105,117,seg_neutrophil
23188,51,49,99,102,eosinophil
23189,60,57,81,87,lymphocyte
23190,45,45,111,111,seg_neutrophil
23191,49,45,102,111,seg_neutrophil
23192,49,49,102,102,seg_neutrophil
23193,51,49,99,102,seg_neutrophil
23194,46,49,108,102,eosinophil
23195,51,48,99,105,seg_neutrophil
23196,46,51,108,99,seg_neutrophil
23197,45,49,111,102,eosinophil
23198,49,48,102,105,seg_neutrophil
23199,49,54,102,93,seg_neutrophil
23200,45,39,111,123,monocyte
23201,51,48,99,105,seg_neutrophil
23202,54,53,93,99,lymphocyte
23203,43,51,114,99,seg_neutrophil
23204,43,52,114,96,seg_neutrophil
23205,49,45,102,111,seg_neutrophil
23206,61,61,78,78,lymphocyte
23207,43,42,114,117,seg_neutrophil
23208,43,46,114,108,seg_neutrophil
23209,55,61,90,78,eosinophil
23210,45,6,111,93,seg_neutrophil
23211,48,46,105,108,seg_neutrophil
23212,55,45,90,111,seg_neutrophil
23213,51,95,99,96,seg_neutrophil
23214,60,49,81,102,lymphocyte
23215,42,34,117,132,eosinophil
23216,51,57,99,87,lymphocyte
23217,48,58,105,84,lymphocyte
23218,60,36,81,81,lymphocyte
23219,48,59,105,105,seg_neutrophil
23220,45,48,111,105,seg_neutrophil
23221,40,36,120,129,eosinophil
23222,46,46,108,108,seg_neutrophil
23223,43,49,114,102,seg_neutrophil
23224,48,45,105,111,seg_neutrophil
23225,52,52,96,96,lymphocyte
23226,51,46,99,108,seg_neutrophil
23227,43,47,114,108,seg_neutrophil
23228,48,51,105,99,seg_neutrophil
23229,33,51,135,99,eosinophil
23230,45,46,111,108,seg_neutrophil
23231,60,46,81,108,lymphocyte
23232,37,48,126,105,seg_neutrophil
23233,66,52,69,96,lymphocyte
23234,48,48,105,105,seg_neutrophil
23235,49,46,102,108,seg_neutrophil
23236,63,55,75,90,lymphocyte
23237,45,48,111,105,seg_neutrophil
23238,48,52,105,96,seg_neutrophil
23239,46,40,108,120,seg_neutrophil
23240,54,36,93,129,seg_neutrophil
23241,60,46,81,108,lymphocyte
23242,43,46,114,108,seg_neutrophil
23243,51,54,99,93,lymphocyte
23244,60,49,81,102,lymphocyte
23245,52,55,96,90,lymphocyte
23246,48,54,105,93,lymphocyte
23247,46,52,108,96,band_neutrophil
23248,66,69,69,63,lymphocyte
23249,49,51,102,99,seg_neutrophil
23250,43,41,114,123,seg_neutrophil
23251,48,43,105,114,seg_neutrophil
23252,34,45,132,111,seg_neutrophil
23253,43,37,114,126,seg_neutrophil
23254,49,52,102,96,seg_neutrophil
23255,54,54,93,93,lymphocyte
23256,58,54,84,93,lymphocyte
23257,42,52,117,96,seg_neutrophil
23258,46,54,108,93,seg_neutrophil
23259,49,39,102,123,seg_neutrophil
23260,51,48,99,105,seg_neutrophil
23261,48,40,105,120,seg_neutrophil
23262,39,37,123,126,lymphocyte
23263,52,49,96,102,seg_neutrophil
23264,42,43,117,114,seg_neutrophil
23265,40,49,120,102,seg_neutrophil
23266,49,49,102,102,seg_neutrophil
23267,33,43,135,114,seg_neutrophil
23268,55,58,90,84,lymphocyte
23269,54,54,93,93,band_neutrophil
23270,58,55,84,90,lymphocyte
23271,52,55,96,90,lymphocyte
23272,42,54,117,93,seg_neutrophil
23273,55,48,90,105,seg_neutrophil
23274,42,43,117,114,monocyte
23275,48,46,105,108,seg_neutrophil
23276,46,51,108,99,seg_neutrophil
23277,45,51,111,99,seg_neutrophil
23278,54,55,93,90,lymphocyte
23279,54,42,93,117,seg_neutrophil
23280,60,61,81,78,lymphocyte
23281,34,48,132,105,seg_neutrophil
23282,30,39,105,123,seg_neutrophil
23283,64,60,72,81,lymphocyte
23284,46,49,108,102,seg_neutrophil
23285,48,49,105,102,seg_neutrophil
23286,43,45,114,111,eosinophil
23287,46,52,108,96,basophil
23288,42,45,117,111,seg_neutrophil
23289,57,61,87,78,lymphocyte
23290,45,54,111,93,seg_neutrophil
23291,54,48,93,105,seg_neutrophil
23292,45,46,111,108,seg_neutrophil
23293,52,48,96,105,seg_neutrophil
23294,48,43,105,114,seg_neutrophil
23295,56,45,117,111,seg_neutrophil
23296,46,51,108,99,seg_neutrophil
23297,51,55,99,90,lymphocyte
23298,49,52,102,96,seg_neutrophil
23299,43,46,114,108,band_neutrophil
23300,49,46,102,108,seg_neutrophil
23301,52,49,96,102,lymphocyte
23302,40,48,120,105,seg_neutrophil
23303,51,51,99,99,lymphocyte
23304,57,55,87,90,basophil
23305,48,33,105,93,seg_neutrophil
23306,49,46,102,108,seg_neutrophil
23307,86,48,111,105,band_neutrophil
23308,39,39,123,123,lymphocyte
23309,43,40,114,120,seg_neutrophil
23310,3,52,99,96,lymphocyte
23311,64,61,72,78,lymphocyte
23312,42,43,117,114,seg_neutrophil
23313,43,46,114,108,seg_neutrophil
23314,55,55,90,90,lymphocyte
23315,45,45,111,111,seg_neutrophil
23316,49,49,102,102,band_neutrophil
23317,40,48,120,105,seg_neutrophil
23318,48,59,105,87,lymphocyte
23319,49,42,102,117,seg_neutrophil
23320,55,63,90,75,lymphocyte
23321,55,52,90,96,lymphocyte
23322,46,48,108,105,seg_neutrophil
23323,58,60,84,81,lymphocyte
23324,48,48,105,105,seg_neutrophil
23325,48,51,105,99,seg_neutrophil
23326,43,49,114,102,seg_neutrophil
23327,46,49,108,102,band_neutrophil
23328,46,40,108,120,seg_neutrophil
23329,54,51,93,99,seg_neutrophil
23330,45,52,111,96,seg_neutrophil
23331,42,15,117,111,seg_neutrophil
23332,45,52,111,96,seg_neutrophil
23333,51,40,99,120,seg_neutrophil
23334,51,43,99,114,seg_neutrophil
23335,36,46,129,108,monocyte
23336,43,46,114,108,seg_neutrophil
23337,45,49,111,102,seg_neutrophil
23338,55,57,90,69,lymphocyte
23339,43,36,114,129,seg_neutrophil
23340,48,45,105,111,seg_neutrophil
23341,58,61,84,78,lymphocyte
23342,45,51,111,99,seg_neutrophil
23343,57,57,87,87,lymphocyte
23344,43,42,114,117,monocyte
23345,48,24,105,108,seg_neutrophil
23346,37,43,126,114,monocyte
23347,48,43,105,114,seg_neutrophil
23348,49,51,102,99,band_neutrophil
23349,48,51,105,99,seg_neutrophil
23350,51,40,99,120,seg_neutrophil
23351,46,48,108,105,seg_neutrophil
23352,52,60,96,81,lymphocyte
23353,48,49,105,102,seg_neutrophil
23354,54,55,93,90,lymphocyte
23355,49,62,102,93,seg_neutrophil
23356,43,40,114,120,seg_neutrophil
23357,46,43,108,114,seg_neutrophil
23358,57,58,87,84,lymphocyte
23359,43,43,114,114,seg_neutrophil
23360,68,45,123,111,seg_neutrophil
23361,61,57,78,87,lymphocyte
23362,51,46,99,108,seg_neutrophil
23363,48,42,105,117,seg_neutrophil
23364,39,42,123,117,monocyte
23365,37,51,126,99,seg_neutrophil
23366,43,51,114,99,seg_neutrophil
23367,54,55,93,90,lymphocyte
23368,57,48,87,105,lymphocyte
23369,60,58,81,84,lymphocyte
23370,49,49,102,102,seg_neutrophil
23371,52,49,96,102,seg_neutrophil
23372,48,51,105,99,seg_neutrophil
23373,49,48,102,105,seg_neutrophil
23374,45,46,111,108,seg_neutrophil
23375,46,51,108,99,seg_neutrophil
23376,54,54,93,93,lymphocyte
23377,57,51,87,99,band_neutrophil
23378,43,48,114,105,seg_neutrophil
23379,42,42,117,117,seg_neutrophil
23380,46,42,108,117,seg_neutrophil
23381,42,51,117,99,seg_neutrophil
23382,60,60,81,81,lymphocyte
23383,77,12,87,84,lymphocyte
23384,46,48,108,105,seg_neutrophil
23385,52,51,96,99,seg_neutrophil
23386,51,60,99,81,lymphocyte
23387,52,55,96,90,lymphocyte
23388,48,45,105,111,seg_neutrophil
23389,58,39,84,75,lymphocyte
23390,45,40,111,120,seg_neutrophil
23391,51,49,99,102,band_neutrophil
23392,40,40,120,120,monocyte
23393,43,43,114,114,seg_neutrophil
23394,58,57,84,87,lymphocyte
23395,61,58,78,84,lymphocyte
23396,42,6,117,120,seg_neutrophil
23397,63,55,75,90,artifact
23398,63,63,75,75,lymphocyte
23399,58,58,84,84,lymphocyte
23400,49,48,102,105,seg_neutrophil
23401,40,52,120,96,seg_neutrophil
23402,43,48,114,105,monocyte
23403,52,51,96,99,seg_neutrophil
23404,52,45,96,111,seg_neutrophil
23405,48,51,105,99,seg_neutrophil
23406,46,52,108,96,seg_neutrophil
23407,54,48,93,102,seg_neutrophil
23408,40,54,120,93,basophil
23409,63,71,75,75,lymphocyte
23410,45,55,111,90,seg_neutrophil
23411,42,40,117,120,seg_neutrophil
23412,52,51,96,99,seg_neutrophil
23413,45,55,111,90,seg_neutrophil
23414,60,64,81,72,lymphocyte
23415,45,48,111,105,seg_neutrophil
23416,48,48,105,105,seg_neutrophil
23417,48,51,105,99,seg_neutrophil
23418,45,49,111,102,seg_neutrophil
23419,40,49,120,102,seg_neutrophil
23420,42,46,117,108,seg_neutrophil
23421,49,51,102,99,seg_neutrophil
23422,40,36,120,129,monocyte
23423,45,46,111,108,seg_neutrophil
23424,63,64,75,72,g_plt
23425,51,54,99,93,seg_neutrophil
23426,52,46,96,108,seg_neutrophil
23427,46,54,108,93,seg_neutrophil
23428,46,51,108,99,seg_neutrophil
23429,57,57,87,87,lymphocyte
23430,52,49,96,102,seg_neutrophil
23431,67,83,66,87,lymphocyte
23432,40,51,120,99,seg_neutrophil
23433,54,58,93,84,basophil
23434,46,49,108,102,seg_neutrophil
23435,48,46,105,108,seg_neutrophil
23436,48,49,105,102,seg_neutrophil
23437,43,49,114,102,seg_neutrophil
23438,51,49,99,102,seg_neutrophil
23439,45,48,111,105,band_neutrophil
23440,45,49,102,102,seg_neutrophil
23441,45,54,111,93,seg_neutrophil
23442,52,48,96,105,seg_neutrophil
23443,49,42,102,117,seg_neutrophil
23444,42,57,117,87,seg_neutrophil
23445,52,57,96,87,lymphocyte
23446,49,48,102,105,seg_neutrophil
23447,46,46,108,108,seg_neutrophil
23448,48,46,105,108,seg_neutrophil
23449,45,45,111,111,seg_neutrophil
23450,46,45,108,111,band_neutrophil
23451,45,45,111,111,seg_neutrophil
23452,54,55,93,90,lymphocyte
23453,51,48,99,105,seg_neutrophil
23454,55,49,90,102,seg_neutrophil
23455,49,48,102,105,basophil
23456,46,46,108,108,seg_neutrophil
23457,52,49,96,102,seg_neutrophil
23458,48,46,105,108,seg_neutrophil
23459,45,57,111,87,seg_neutrophil
23460,49,45,102,111,seg_neutrophil
23461,42,42,117,117,seg_neutrophil
23462,33,49,123,102,seg_neutrophil
23463,49,54,102,93,seg_neutrophil
23464,64,64,72,72,g_plt
23465,43,45,114,111,seg_neutrophil
23466,40,43,120,114,monocyte
23467,51,49,99,102,seg_neutrophil
23468,46,45,108,111,seg_neutrophil
23469,61,60,78,81,lymphocyte
23470,49,48,102,105,seg_neutrophil
23471,42,49,117,102,seg_neutrophil
23472,45,57,111,87,seg_neutrophil
23473,46,39,108,105,lymphocyte
23474,46,45,108,111,seg_neutrophil
23475,61,60,78,81,lymphocyte
23476,48,51,105,99,seg_neutrophil
23477,54,60,93,81,lymphocyte
23478,54,49,93,102,seg_neutrophil
23479,45,43,111,114,seg_neutrophil
23480,49,46,102,108,seg_neutrophil
23481,42,43,117,114,seg_neutrophil
23482,55,58,90,84,lymphocyte
23483,55,58,90,84,lymphocyte
23484,48,48,105,105,seg_neutrophil
23485,33,31,135,138,eosinophil
23486,40,46,120,108,seg_neutrophil
23487,51,52,99,96,seg_neutrophil
23488,45,48,111,105,seg_neutrophil
23489,49,80,102,111,seg_neutrophil
23490,51,45,99,111,seg_neutrophil
23491,63,63,75,75,lymphocyte
23492,42,49,117,102,seg_neutrophil
23493,48,49,105,102,seg_neutrophil
23494,54,58,93,84,lymphocyte
23495,46,51,108,99,seg_neutrophil
23496,43,51,114,99,seg_neutrophil
23497,42,49,117,102,seg_neutrophil
23498,42,45,117,111,seg_neutrophil
23499,42,46,117,108,seg_neutrophil
23500,43,49,114,102,seg_neutrophil
23501,46,49,108,102,seg_neutrophil
23502,45,48,111,105,seg_neutrophil
23503,60,48,81,87,lymphocyte
23504,48,43,105,114,seg_neutrophil
23505,67,60,66,75,lymphocyte
23506,40,51,120,99,seg_neutrophil
23507,55,54,90,93,lymphocyte
23508,43,51,114,99,seg_neutrophil
23509,48,49,105,102,seg_neutrophil
23510,51,46,99,108,seg_neutrophil
23511,54,45,93,111,seg_neutrophil
23512,42,45,117,111,seg_neutrophil
23513,51,48,99,105,seg_neutrophil
23514,51,42,99,117,seg_neutrophil
23515,43,39,114,123,lymphocyte
23516,49,52,102,96,seg_neutrophil
23517,40,52,120,96,seg_neutrophil
23518,46,40,108,120,seg_neutrophil
23519,43,52,114,96,seg_neutrophil
23520,58,57,84,87,lymphocyte
23521,51,54,99,93,lymphocyte
23522,52,55,96,90,lymphocyte
23523,46,57,108,87,seg_neutrophil
23524,45,51,111,99,seg_neutrophil
23525,48,43,105,114,seg_neutrophil
23526,52,45,96,111,seg_neutrophil
23527,42,48,117,105,seg_neutrophil
23528,52,45,96,111,seg_neutrophil
23529,48,46,105,108,seg_neutrophil
23530,48,45,105,111,seg_neutrophil
23531,48,49,105,102,seg_neutrophil
23532,48,49,105,102,seg_neutrophil
23533,46,43,108,114,seg_neutrophil
23534,51,60,99,81,lymphocyte
23535,49,48,102,105,seg_neutrophil
23536,48,52,105,96,seg_neutrophil
23537,48,46,105,108,lymphocyte
23538,42,39,117,96,seg_neutrophil
23539,34,40,132,120,seg_neutrophil
23540,48,45,105,111,seg_neutrophil
23541,51,40,99,120,seg_neutrophil
23542,57,57,87,87,lymphocyte
23543,43,42,114,117,monocyte
23544,51,60,99,81,lymphocyte
23545,54,49,93,102,lymphocyte
23546,12,48,102,105,seg_neutrophil
23547,80,33,105,102,seg_neutrophil
23548,46,42,108,117,seg_neutrophil
23549,43,45,114,111,seg_neutrophil
23550,42,46,117,108,seg_neutrophil
23551,51,46,99,108,seg_neutrophil
23552,61,58,78,84,lymphocyte
23553,57,54,87,93,lymphocyte
23554,48,49,105,102,seg_neutrophil
23555,37,48,126,105,seg_neutrophil
23556,45,54,111,93,seg_neutrophil
23557,51,58,99,84,lymphocyte
23558,42,49,117,102,seg_neutrophil
23559,57,58,87,84,lymphocyte
23560,43,45,114,111,seg_neutrophil
23561,48,24,105,93,seg_neutrophil
23562,54,54,93,93,lymphocyte
23563,49,60,102,81,basophil
23564,52,57,96,87,lymphocyte
23565,48,54,105,93,seg_neutrophil
23566,46,48,108,105,seg_neutrophil
23567,49,60,102,81,lymphocyte
23568,40,52,120,96,seg_neutrophil
23569,55,57,90,87,lymphocyte
23570,54,54,93,93,seg_neutrophil
23571,52,48,96,105,band_neutrophil
23572,49,52,102,96,basophil
23573,51,63,99,75,lymphocyte
23574,37,45,126,111,monocyte
23575,58,60,84,81,lymphocyte
23576,33,43,111,114,seg_neutrophil
23577,39,48,123,105,seg_neutrophil
23578,45,43,111,114,seg_neutrophil
23579,51,57,99,87,lymphocyte
23580,54,52,93,96,lymphocyte
23581,45,46,111,108,seg_neutrophil
23582,57,61,87,78,lymphocyte
23583,58,57,84,87,lymphocyte
23584,55,52,90,96,seg_neutrophil
23585,51,52,99,96,seg_neutrophil
23586,3,46,108,108,seg_neutrophil
23587,48,49,105,102,seg_neutrophil
23588,58,55,84,90,lymphocyte
23589,57,61,87,78,lymphocyte
23590,46,53,108,111,seg_neutrophil
23591,55,52,90,96,lymphocyte
23592,48,51,105,99,seg_neutrophil
23593,45,45,111,111,seg_neutrophil
23594,60,67,81,66,lymphocyte
23595,48,52,105,96,seg_neutrophil
23596,42,46,117,108,seg_neutrophil
23597,52,45,96,111,monocyte
23598,43,33,114,135,monocyte
23599,43,49,114,102,seg_neutrophil
23600,48,48,105,105,seg_neutrophil
23601,55,61,90,78,lymphocyte
23602,48,48,105,105,seg_neutrophil
23603,64,61,72,78,lymphocyte
23604,51,48,99,105,basophil
23605,42,43,117,114,eosinophil
23606,60,57,81,87,lymphocyte
23607,40,40,120,120,monocyte
23608,49,55,102,90,seg_neutrophil
23609,43,52,114,96,seg_neutrophil
23610,61,69,78,63,lymphocyte
23611,51,48,99,105,seg_neutrophil
23612,52,40,96,120,seg_neutrophil
23613,57,61,87,78,artifact
23614,16,1,168,198,artifact
23615,48,51,105,99,seg_neutrophil
23616,58,60,84,81,lymphocyte
23617,63,54,75,93,lymphocyte
23618,48,49,105,102,seg_neutrophil
23619,46,46,108,108,seg_neutrophil
23620,36,45,129,111,seg_neutrophil
23621,45,43,111,114,seg_neutrophil
23622,61,61,78,78,lymphocyte
23623,64,64,72,72,lymphocyte
23624,51,45,99,111,seg_neutrophil
23625,46,39,108,123,seg_neutrophil
23626,48,64,105,72,lymphocyte
23627,54,54,93,93,lymphocyte
23628,37,49,126,102,eosinophil
23629,46,40,108,120,monocyte
23630,45,40,111,120,monocyte
23631,48,49,105,102,seg_neutrophil
23632,57,52,87,96,eosinophil
23633,60,55,81,90,lymphocyte
23634,66,46,69,108,lymphocyte
23635,45,51,111,99,seg_neutrophil
23636,57,45,87,111,seg_neutrophil
23637,66,55,69,90,artifact
23638,40,58,120,84,artifact
23639,49,46,102,108,seg_neutrophil
23640,55,46,90,108,seg_neutrophil
23641,60,60,81,81,lymphocyte
23642,57,58,87,84,lymphocyte
23643,46,46,108,108,seg_neutrophil
23644,51,46,99,108,basophil
23645,52,57,96,87,lymphocyte
23646,37,37,126,126,monocyte
23647,46,42,108,117,seg_neutrophil
23648,57,60,87,81,lymphocyte
23649,45,21,111,159,monocyte
23650,46,46,108,108,seg_neutrophil
23651,46,37,108,126,seg_neutrophil
23652,43,54,114,93,seg_neutrophil
23653,39,43,123,114,seg_neutrophil
23654,37,48,126,105,seg_neutrophil
23655,63,57,75,87,lymphocyte
23656,60,63,81,75,lymphocyte
23657,55,43,90,114,seg_neutrophil
23658,51,43,99,114,seg_neutrophil
23659,39,43,123,114,monocyte
23660,51,49,99,102,seg_neutrophil
23661,49,48,102,105,seg_neutrophil
23662,52,51,96,99,seg_neutrophil
23663,55,89,90,102,seg_neutrophil
23664,49,51,102,99,eosinophil
23665,45,48,111,105,basophil
23666,57,61,87,78,lymphocyte
23667,49,36,102,129,monocyte
23668,58,54,84,93,lymphocyte
23669,63,57,75,87,lymphocyte
23670,61,54,78,93,lymphocyte
23671,24,45,111,111,seg_neutrophil
23672,49,46,102,108,seg_neutrophil
23673,33,36,135,129,artifact
23674,52,6,96,123,artifact
23675,37,30,126,141,eosinophil
23676,49,40,102,120,seg_neutrophil
23677,64,66,72,69,lymphocyte
23678,45,51,111,99,eosinophil
23679,51,9,99,81,lymphocyte
23680,48,52,105,96,seg_neutrophil
23681,52,58,96,84,lymphocyte
23682,57,63,87,75,lymphocyte
23683,49,54,102,93,lymphocyte
23684,45,54,111,93,seg_neutrophil
23685,49,57,102,87,lymphocyte
23686,54,55,93,90,lymphocyte
23687,54,63,60,75,agg_plt
23688,58,58,84,84,lymphocyte
23689,54,57,93,87,lymphocyte
23690,57,43,87,114,lymphocyte
23691,43,45,114,111,seg_neutrophil
23692,52,51,96,99,seg_neutrophil
23693,57,3,87,195,artifact
23694,58,63,84,75,lymphocyte
23695,49,45,102,111,eosinophil
23696,48,55,105,90,seg_neutrophil
23697,60,58,81,84,lymphocyte
23698,48,45,105,111,artifact
23699,63,69,75,63,artifact
23700,60,61,81,78,lymphocyte
23701,57,57,87,87,lymphocyte
23702,54,43,93,114,seg_neutrophil
23703,54,52,93,96,seg_neutrophil
23704,51,54,99,93,lymphocyte
23705,52,49,96,102,seg_neutrophil
23706,48,45,105,111,seg_neutrophil
23707,46,51,108,99,lymphocyte
23708,58,57,84,87,lymphocyte
23709,45,43,111,114,seg_neutrophil
23710,58,71,84,81,lymphocyte
23711,42,45,117,111,seg_neutrophil
23712,52,57,96,87,lymphocyte
23713,45,22,111,156,smudge
23714,13,-5,174,210,artifact
23715,49,70,102,60,artifact
23716,66,64,69,72,artifact
23717,40,30,120,141,artifact
23718,9,-9,183,219,artifact
23719,52,54,96,93,lymphocyte
23720,54,45,93,87,lymphocyte
23721,49,36,102,108,seg_neutrophil
23722,63,55,75,90,lymphocyte
23723,55,49,90,102,seg_neutrophil
23724,49,52,102,96,seg_neutrophil
23725,49,52,102,96,seg_neutrophil
23726,51,52,99,96,seg_neutrophil
23727,51,48,99,105,seg_neutrophil
23728,42,52,117,96,seg_neutrophil
23729,57,49,87,102,lymphocyte
23730,58,54,84,93,lymphocyte
23731,42,40,117,120,seg_neutrophil
23732,48,52,105,96,seg_neutrophil
23733,49,53,102,111,seg_neutrophil
23734,43,48,114,105,seg_neutrophil
23735,54,55,93,90,lymphocyte
23736,60,46,81,108,eosinophil
23737,39,61,69,78,artifact
23738,45,27,111,147,artifact
23739,52,18,96,165,artifact
23740,45,57,111,87,seg_neutrophil
23741,45,36,111,129,monocyte
23742,46,42,108,117,eosinophil
23743,45,48,111,105,seg_neutrophil
23744,63,52,75,96,lymphocyte
23745,63,36,75,81,lymphocyte
23746,51,52,99,96,lymphocyte
23747,69,52,63,96,artifact
23748,55,57,90,87,lymphocyte
23749,54,46,93,108,lymphocyte
23750,49,51,102,99,seg_neutrophil
23751,45,33,111,99,seg_neutrophil
23752,30,46,141,108,smudge
23753,46,46,108,108,seg_neutrophil
23754,61,55,78,90,lymphocyte
23755,48,42,105,117,seg_neutrophil
23756,57,55,87,90,lymphocyte
23757,39,51,123,99,seg_neutrophil
23758,54,49,93,102,lymphocyte
23759,61,60,78,81,lymphocyte
23760,43,34,114,132,eosinophil
23761,46,49,108,102,seg_neutrophil
23762,49,48,102,105,seg_neutrophil
23763,48,52,105,96,seg_neutrophil
23764,51,51,99,99,lymphocyte
23765,54,55,93,90,lymphocyte
23766,36,39,129,123,monocyte
23767,48,42,105,117,seg_neutrophil
23768,48,45,105,111,seg_neutrophil
23769,51,43,99,114,seg_neutrophil
23770,42,53,117,117,monocyte
23771,48,52,105,96,seg_neutrophil
23772,45,52,111,96,lymphocyte
23773,52,51,96,99,lymphocyte
23774,48,46,105,108,seg_neutrophil
23775,34,43,132,114,seg_neutrophil
23776,49,42,102,117,seg_neutrophil
23777,46,60,108,81,seg_neutrophil
23778,45,52,111,96,seg_neutrophil
23779,46,51,108,99,seg_neutrophil
23780,63,49,75,102,lymphocyte
23781,46,51,108,99,eosinophil
23782,36,49,93,102,seg_neutrophil
23783,54,46,93,108,seg_neutrophil
23784,52,60,96,81,seg_neutrophil
23785,42,52,117,96,seg_neutrophil
23786,49,39,102,123,eosinophil
23787,46,45,108,111,seg_neutrophil
23788,45,49,111,102,seg_neutrophil
23789,63,60,75,81,lymphocyte
23790,61,58,78,84,lymphocyte
23791,52,52,96,96,seg_neutrophil
23792,49,52,102,96,seg_neutrophil
23793,52,48,96,105,seg_neutrophil
23794,39,47,123,114,monocyte
23795,55,71,90,87,lymphocyte
23796,37,42,126,117,monocyte
23797,51,45,99,111,seg_neutrophil
23798,63,49,75,102,seg_neutrophil
23799,51,45,99,111,seg_neutrophil
23800,55,60,90,81,lymphocyte
23801,57,49,87,102,seg_neutrophil
23802,52,45,96,111,lymphocyte
23803,51,45,99,111,seg_neutrophil
23804,51,46,99,108,seg_neutrophil
23805,58,60,84,81,lymphocyte
23806,52,51,96,99,seg_neutrophil
23807,25,-57,150,315,artifact
23808,69,37,63,126,artifact
23809,48,51,105,99,seg_neutrophil
23810,49,55,102,90,seg_neutrophil
23811,46,30,108,141,monocyte
23812,24,43,93,114,seg_neutrophil
23813,55,54,90,93,seg_neutrophil
23814,57,54,87,93,lymphocyte
23815,64,66,72,69,lymphocyte
23816,48,51,105,99,seg_neutrophil
23817,36,52,108,96,seg_neutrophil
23818,55,55,90,90,artifact
23819,48,48,105,105,seg_neutrophil
23820,46,49,108,102,seg_neutrophil
23821,52,27,96,102,seg_neutrophil
23822,61,60,78,81,lymphocyte
23823,18,48,96,105,lymphocyte
23824,58,55,84,90,lymphocyte
23825,54,51,93,99,seg_neutrophil
23826,51,52,99,96,seg_neutrophil
23827,52,49,96,102,seg_neutrophil
23828,46,54,108,93,seg_neutrophil
23829,45,60,111,81,seg_neutrophil
23830,59,46,105,108,seg_neutrophil
23831,55,49,90,102,seg_neutrophil
23832,55,56,90,111,seg_neutrophil
23833,45,52,111,96,seg_neutrophil
23834,46,42,108,117,monocyte
23835,61,58,78,84,lymphocyte
23836,64,58,72,84,lymphocyte
23837,49,42,102,117,seg_neutrophil
23838,49,55,102,90,seg_neutrophil
23839,61,55,78,90,lymphocyte
23840,51,54,99,93,lymphocyte
23841,42,48,117,105,seg_neutrophil
23842,43,54,114,93,seg_neutrophil
23843,45,48,111,105,seg_neutrophil
23844,43,46,114,108,seg_neutrophil
23845,48,54,105,93,seg_neutrophil
23846,52,45,96,102,eosinophil
23847,46,51,108,99,seg_neutrophil
23848,40,37,120,126,monocyte
23849,54,49,93,102,seg_neutrophil
23850,46,48,108,105,seg_neutrophil
23851,57,46,87,108,seg_neutrophil
23852,92,51,105,99,seg_neutrophil
23853,51,58,99,84,lymphocyte
23854,49,51,102,99,seg_neutrophil
23855,40,39,120,123,monocyte
23856,61,60,78,81,lymphocyte
23857,55,54,90,93,lymphocyte
23858,49,49,102,102,basophil
23859,36,60,72,81,lymphocyte
23860,45,48,111,105,seg_neutrophil
23861,43,39,114,123,seg_neutrophil
23862,42,49,117,102,monocyte
23863,48,64,105,72,lymphocyte
23864,42,54,117,93,seg_neutrophil
23865,46,45,108,111,seg_neutrophil
23866,52,48,96,105,seg_neutrophil
23867,45,46,111,108,seg_neutrophil
23868,49,54,102,93,seg_neutrophil
23869,48,48,105,105,seg_neutrophil
23870,39,48,123,105,monocyte
23871,51,54,99,93,seg_neutrophil
23872,51,48,99,105,seg_neutrophil
23873,61,55,78,90,lymphocyte
23874,48,48,105,105,seg_neutrophil
23875,46,46,108,108,seg_neutrophil
23876,55,55,90,90,seg_neutrophil
23877,46,45,108,111,seg_neutrophil
23878,57,57,87,87,lymphocyte
23879,45,60,111,81,seg_neutrophil
23880,49,49,102,102,seg_neutrophil
23881,46,45,108,111,seg_neutrophil
23882,63,49,75,102,lymphocyte
23883,42,46,117,108,seg_neutrophil
23884,63,61,75,78,lymphocyte
23885,39,52,123,96,seg_neutrophil
23886,49,49,102,102,seg_neutrophil
23887,51,52,99,96,seg_neutrophil
23888,55,61,90,78,lymphocyte
23889,60,63,81,75,lymphocyte
23890,51,52,99,96,seg_neutrophil
23891,45,43,111,114,seg_neutrophil
23892,55,49,90,102,lymphocyte
23893,52,58,96,84,lymphocyte
23894,54,49,93,102,seg_neutrophil
23895,51,49,99,102,seg_neutrophil
23896,45,48,111,105,band_neutrophil
23897,52,49,96,102,seg_neutrophil
23898,54,49,93,102,seg_neutrophil
23899,54,45,93,111,seg_neutrophil
23900,54,43,93,114,seg_neutrophil
23901,46,55,108,90,seg_neutrophil
23902,54,55,93,90,seg_neutrophil
23903,42,43,117,114,eosinophil
23904,51,51,99,99,seg_neutrophil
23905,49,46,102,108,seg_neutrophil
23906,45,49,111,102,seg_neutrophil
23907,48,57,105,87,seg_neutrophil
23908,48,54,105,93,seg_neutrophil
23909,52,51,96,99,seg_neutrophil
23910,51,51,99,99,seg_neutrophil
23911,51,55,99,90,seg_neutrophil
23912,66,64,69,72,lymphocyte
23913,51,52,99,96,seg_neutrophil
23914,52,54,96,93,seg_neutrophil
23915,49,49,102,102,seg_neutrophil
23916,55,52,90,96,seg_neutrophil
23917,48,55,105,90,seg_neutrophil
23918,51,61,96,78,lymphocyte
23919,30,43,105,114,basophil
23920,49,54,102,93,lymphocyte
23921,48,46,105,108,seg_neutrophil
23922,48,57,105,87,lymphocyte
23923,46,54,108,93,seg_neutrophil
23924,60,58,81,84,lymphocyte
23925,51,46,99,108,seg_neutrophil
23926,48,39,105,123,seg_neutrophil
23927,43,49,114,102,seg_neutrophil
23928,48,43,105,114,eosinophil
23929,54,49,93,102,seg_neutrophil
23930,42,48,117,105,eosinophil
23931,45,52,111,96,seg_neutrophil
23932,51,46,99,108,seg_neutrophil
23933,58,61,84,78,lymphocyte
23934,48,59,105,96,band_neutrophil
23935,51,49,99,102,seg_neutrophil
23936,52,52,96,96,seg_neutrophil
23937,48,55,105,90,seg_neutrophil
23938,55,63,90,75,lymphocyte
23939,58,57,84,87,seg_neutrophil
23940,42,48,117,105,seg_neutrophil
23941,51,58,99,84,seg_neutrophil
23942,54,51,93,99,seg_neutrophil
23943,52,18,96,99,seg_neutrophil
23944,57,63,87,75,lymphocyte
23945,55,52,90,96,seg_neutrophil
23946,60,104,81,78,lymphocyte
23947,12,40,120,120,monocyte
23948,55,58,90,84,seg_neutrophil
23949,43,48,114,105,seg_neutrophil
23950,48,51,105,99,seg_neutrophil
23951,52,48,96,105,lymphocyte
23952,57,58,87,84,lymphocyte
23953,51,77,99,93,lymphocyte
23954,42,45,117,111,monocyte
23955,52,49,96,102,lymphocyte
23956,45,39,111,123,monocyte
23957,46,48,108,105,seg_neutrophil
23958,40,42,120,117,monocyte
23959,19,10,162,180,artifact
23960,25,-8,150,216,artifact
23961,63,31,75,138,artifact
23962,54,46,93,108,artifact
23963,51,51,99,99,seg_neutrophil
23964,54,49,93,102,seg_neutrophil
23965,48,51,105,99,seg_neutrophil
23966,46,52,108,96,seg_neutrophil
23967,54,48,93,105,seg_neutrophil
23968,49,49,102,102,seg_neutrophil
23969,49,54,102,93,seg_neutrophil
23970,45,57,111,87,seg_neutrophil
23971,33,45,135,111,monocyte
23972,45,54,111,93,seg_neutrophil
23973,42,49,117,102,seg_neutrophil
23974,48,51,105,99,lymphocyte
23975,46,45,108,90,seg_neutrophil
23976,40,40,120,120,seg_neutrophil
23977,49,54,102,93,seg_neutrophil
23978,54,24,93,93,seg_neutrophil
23979,48,49,105,102,seg_neutrophil
23980,52,49,96,102,seg_neutrophil
23981,52,1,96,198,artifact
23982,51,54,99,93,lymphocyte
23983,46,54,108,93,seg_neutrophil
23984,43,48,114,105,seg_neutrophil
23985,55,54,90,93,seg_neutrophil
23986,43,59,114,102,seg_neutrophil
23987,45,52,111,96,seg_neutrophil
23988,48,48,105,105,seg_neutrophil
23989,43,48,114,105,eosinophil
23990,49,30,102,102,seg_neutrophil
23991,39,39,123,123,monocyte
23992,51,15,99,102,seg_neutrophil
23993,61,57,78,87,lymphocyte
23994,54,74,93,102,seg_neutrophil
23995,58,60,84,81,lymphocyte
23996,58,60,84,81,lymphocyte
23997,61,55,78,90,seg_neutrophil
23998,57,57,87,87,lymphocyte
23999,39,55,123,90,seg_neutrophil
24000,51,57,99,87,seg_neutrophil
24001,45,48,111,105,seg_neutrophil
24002,52,61,96,78,seg_neutrophil
24003,42,46,117,108,seg_neutrophil
24004,58,60,84,81,lymphocyte
24005,54,48,93,105,seg_neutrophil
24006,48,42,105,117,seg_neutrophil
24007,49,55,102,90,eosinophil
24008,48,46,105,108,monocyte
24009,45,49,111,102,seg_neutrophil
24010,48,54,105,93,band_neutrophil
24011,86,51,99,99,eosinophil
24012,51,52,99,96,seg_neutrophil
24013,48,50,105,102,seg_neutrophil
24014,48,45,105,99,seg_neutrophil
24015,55,64,90,72,lymphocyte
24016,51,51,99,99,seg_neutrophil
24017,40,51,120,99,seg_neutrophil
24018,52,58,96,84,seg_neutrophil
24019,48,74,105,111,seg_neutrophil
24020,45,46,111,108,seg_neutrophil
24021,45,43,111,114,seg_neutrophil
24022,48,51,105,99,lymphocyte
24023,51,52,99,96,seg_neutrophil
24024,37,40,126,120,monocyte
24025,46,51,108,99,seg_neutrophil
24026,43,36,114,93,seg_neutrophil
24027,52,48,96,105,seg_neutrophil
24028,43,51,114,99,seg_neutrophil
24029,37,49,126,102,seg_neutrophil
24030,51,51,99,99,seg_neutrophil
24031,60,57,81,87,lymphocyte
24032,46,55,108,90,seg_neutrophil
24033,46,49,108,102,seg_neutrophil
24034,52,54,96,93,seg_neutrophil
24035,66,64,69,72,lymphocyte
24036,73,57,54,87,g_plt
24037,45,52,111,96,seg_neutrophil
24038,52,46,96,108,seg_neutrophil
24039,46,46,108,108,monocyte
24040,49,49,102,102,seg_neutrophil
24041,51,46,99,108,seg_neutrophil
24042,54,51,93,99,seg_neutrophil
24043,46,55,108,90,seg_neutrophil
24044,52,57,96,87,seg_neutrophil
24045,52,54,96,93,seg_neutrophil
24046,54,57,93,87,seg_neutrophil
24047,57,61,87,78,lymphocyte
24048,58,60,84,81,lymphocyte
24049,43,46,114,108,seg_neutrophil
24050,48,48,105,105,seg_neutrophil
24051,60,66,81,69,lymphocyte
24052,49,43,102,114,seg_neutrophil
24053,51,30,99,99,seg_neutrophil
24054,54,65,93,99,seg_neutrophil
24055,39,33,123,78,artifact
24056,61,61,78,78,artifact
24057,70,57,60,72,artifact
24058,58,55,84,90,seg_neutrophil
24059,49,48,102,105,seg_neutrophil
24060,46,49,108,102,seg_neutrophil
24061,49,52,102,96,seg_neutrophil
24062,51,57,99,87,seg_neutrophil
24063,45,60,99,81,seg_neutrophil
24064,46,52,108,96,seg_neutrophil
24065,49,52,102,96,seg_neutrophil
24066,49,48,102,105,seg_neutrophil
24067,61,60,78,81,lymphocyte
24068,51,54,99,93,seg_neutrophil
24069,45,52,111,96,seg_neutrophil
24070,49,48,102,105,seg_neutrophil
24071,46,49,108,102,seg_neutrophil
24072,57,52,87,96,lymphocyte
24073,63,60,75,81,lymphocyte
24074,43,48,114,105,seg_neutrophil
24075,52,49,96,102,seg_neutrophil
24076,49,55,102,90,seg_neutrophil
24077,46,46,108,108,seg_neutrophil
24078,43,46,114,108,monocyte
24079,39,51,123,99,seg_neutrophil
24080,40,46,120,108,monocyte
24081,52,55,96,90,seg_neutrophil
24082,48,45,105,111,seg_neutrophil
24083,48,48,105,105,seg_neutrophil
24084,49,48,102,105,seg_neutrophil
24085,61,3,78,102,lymphocyte
24086,52,51,96,99,seg_neutrophil
24087,43,49,114,102,seg_neutrophil
24088,55,52,90,96,seg_neutrophil
24089,55,52,90,96,seg_neutrophil
24090,63,64,75,72,lymphocyte
24091,45,46,111,108,monocyte
24092,49,51,102,99,basophil
24093,49,54,102,93,seg_neutrophil
24094,54,51,93,99,seg_neutrophil
24095,45,45,111,111,seg_neutrophil
24096,51,48,99,105,seg_neutrophil
24097,55,51,90,99,lymphocyte
24098,60,61,81,78,lymphocyte
24099,46,54,108,93,seg_neutrophil
24100,60,60,81,81,lymphocyte
24101,48,45,105,111,seg_neutrophil
24102,55,54,90,93,smudge
24103,54,49,93,102,seg_neutrophil
24104,45,43,111,114,seg_neutrophil
24105,54,49,93,102,seg_neutrophil
24106,52,57,96,87,lymphocyte
24107,48,36,105,99,seg_neutrophil
24108,51,49,99,102,band_neutrophil
24109,51,55,99,90,lymphocyte
24110,57,57,87,87,lymphocyte
24111,64,64,72,72,lymphocyte
24112,52,49,96,102,seg_neutrophil
24113,49,48,102,105,seg_neutrophil
24114,55,52,90,96,seg_neutrophil
24115,51,52,99,96,seg_neutrophil
24116,46,46,108,108,seg_neutrophil
24117,60,60,81,81,lymphocyte
24118,51,46,99,108,seg_neutrophil
24119,60,55,81,90,seg_neutrophil
24120,58,55,84,90,seg_neutrophil
24121,55,59,90,99,seg_neutrophil
24122,60,58,81,84,lymphocyte
24123,63,55,75,90,lymphocyte
24124,49,49,102,102,seg_neutrophil
24125,46,55,108,90,seg_neutrophil
24126,51,59,99,102,seg_neutrophil
24127,46,51,108,99,seg_neutrophil
24128,51,54,99,93,seg_neutrophil
24129,51,68,99,99,seg_neutrophil
24130,54,60,93,81,seg_neutrophil
24131,43,51,114,99,seg_neutrophil
24132,43,48,114,105,seg_neutrophil
24133,46,48,108,105,seg_neutrophil
24134,52,51,96,99,seg_neutrophil
24135,54,57,93,87,seg_neutrophil
24136,52,48,96,105,seg_neutrophil
24137,49,46,102,108,seg_neutrophil
24138,54,46,93,108,seg_neutrophil
24139,48,55,105,90,seg_neutrophil
24140,45,51,111,99,seg_neutrophil
24141,61,58,78,84,lymphocyte
24142,36,7,129,186,artifact
24143,48,52,105,96,seg_neutrophil
24144,52,51,96,99,seg_neutrophil
24145,49,101,102,90,seg_neutrophil
24146,49,51,102,99,seg_neutrophil
24147,52,60,96,81,seg_neutrophil
24148,54,55,93,90,seg_neutrophil
24149,60,58,81,84,lymphocyte
24150,55,57,90,87,seg_neutrophil
24151,55,49,90,102,seg_neutrophil
24152,42,52,117,96,seg_neutrophil
24153,58,58,84,84,lymphocyte
24154,55,55,90,90,seg_neutrophil
24155,49,46,102,108,seg_neutrophil
24156,55,55,90,90,seg_neutrophil
24157,46,48,108,105,lymphocyte
24158,46,40,108,120,lymphocyte
24159,55,51,90,99,lymphocyte
24160,46,48,108,105,seg_neutrophil
24161,49,42,102,117,seg_neutrophil
24162,52,45,96,111,seg_neutrophil
24163,54,58,93,84,lymphocyte
24164,57,58,87,84,lymphocyte
24165,51,12,99,99,seg_neutrophil
24166,63,61,75,78,lymphocyte
24167,52,48,96,105,seg_neutrophil
24168,55,60,90,81,lymphocyte
24169,54,51,93,99,seg_neutrophil
24170,61,55,78,90,lymphocyte
24171,57,64,87,72,lymphocyte
24172,45,60,111,81,seg_neutrophil
24173,45,57,111,87,seg_neutrophil
24174,49,52,102,96,seg_neutrophil
24175,52,52,96,96,seg_neutrophil
24176,48,49,105,102,seg_neutrophil
24177,48,52,105,96,seg_neutrophil
24178,54,49,93,102,seg_neutrophil
24179,52,54,96,93,seg_neutrophil
24180,49,51,102,99,seg_neutrophil
24181,51,52,99,96,seg_neutrophil
24182,58,54,84,93,lymphocyte
24183,57,54,87,93,seg_neutrophil
24184,63,64,75,72,lymphocyte
24185,83,55,102,90,lymphocyte
24186,49,51,102,99,seg_neutrophil
24187,54,55,93,90,seg_neutrophil
24188,52,57,96,87,seg_neutrophil
24189,61,57,78,87,lymphocyte
24190,60,61,81,78,lymphocyte
24191,51,52,99,96,eosinophil
24192,61,64,78,72,lymphocyte
24193,46,64,108,72,eosinophil
24194,40,52,120,96,seg_neutrophil
24195,48,54,105,93,seg_neutrophil
24196,52,54,96,93,seg_neutrophil
24197,54,51,93,99,seg_neutrophil
24198,54,55,93,90,seg_neutrophil
24199,46,54,108,93,seg_neutrophil
24200,48,52,105,96,seg_neutrophil
24201,48,51,105,99,seg_neutrophil
24202,55,54,90,93,lymphocyte
24203,51,49,99,102,seg_neutrophil
24204,58,57,84,87,lymphocyte
24205,54,55,93,90,seg_neutrophil
24206,46,49,108,102,seg_neutrophil
24207,57,55,87,90,seg_neutrophil
24208,51,51,99,99,eosinophil
24209,51,55,99,90,seg_neutrophil
24210,51,51,99,99,seg_neutrophil
24211,57,55,87,90,lymphocyte
24212,52,46,96,108,seg_neutrophil
24213,49,51,102,99,seg_neutrophil
24214,58,54,84,93,lymphocyte
24215,63,57,75,87,lymphocyte
24216,55,51,90,99,lymphocyte
24217,52,43,96,114,seg_neutrophil
24218,61,64,78,72,lymphocyte
24219,45,54,111,93,seg_neutrophil
24220,51,52,99,96,seg_neutrophil
24221,49,52,102,96,seg_neutrophil
24222,45,52,111,96,seg_neutrophil
24223,39,51,123,99,monocyte
24224,60,61,81,78,lymphocyte
24225,60,61,81,78,lymphocyte
24226,73,72,54,57,g_plt
24227,49,53,102,102,seg_neutrophil
24228,45,48,111,105,seg_neutrophil
24229,55,54,90,93,seg_neutrophil
24230,57,58,87,84,seg_neutrophil
24231,61,60,78,81,lymphocyte
24232,49,52,102,96,seg_neutrophil
24233,43,55,114,90,seg_neutrophil
24234,92,52,102,96,seg_neutrophil
24235,52,55,96,90,seg_neutrophil
24236,54,43,93,114,seg_neutrophil
24237,52,58,96,84,seg_neutrophil
24238,46,49,108,102,seg_neutrophil
24239,52,51,96,99,seg_neutrophil
24240,48,3,105,105,seg_neutrophil
24241,48,49,105,102,seg_neutrophil
24242,45,65,111,102,seg_neutrophil
24243,54,52,93,96,seg_neutrophil
24244,54,60,93,81,seg_neutrophil
24245,48,51,105,99,seg_neutrophil
24246,54,48,93,105,seg_neutrophil
24247,57,61,87,78,lymphocyte
24248,49,39,102,102,seg_neutrophil
24249,63,57,75,87,lymphocyte
24250,57,63,87,75,lymphocyte
24251,57,57,87,87,lymphocyte
24252,45,45,111,111,smudge
24253,55,63,90,75,seg_neutrophil
24254,55,58,90,84,seg_neutrophil
24255,58,61,84,78,lymphocyte
24256,48,42,105,93,seg_neutrophil
24257,48,54,105,93,seg_neutrophil
24258,51,55,99,90,seg_neutrophil
24259,49,48,102,105,seg_neutrophil
24260,51,57,99,87,seg_neutrophil
24261,57,64,87,72,lymphocyte
24262,49,51,102,99,seg_neutrophil
24263,45,74,111,99,seg_neutrophil
24264,46,57,108,87,seg_neutrophil
24265,45,80,111,93,seg_neutrophil
24266,55,30,90,99,lymphocyte
24267,52,49,96,102,seg_neutrophil
24268,45,33,111,135,eosinophil
24269,51,21,99,99,seg_neutrophil
24270,63,64,75,72,lymphocyte
24271,51,55,99,90,seg_neutrophil
24272,55,51,90,99,seg_neutrophil
24273,49,54,102,93,seg_neutrophil
24274,43,54,114,93,seg_neutrophil
24275,49,51,102,99,monocyte
24276,51,68,99,99,seg_neutrophil
24277,57,52,87,96,seg_neutrophil
24278,43,45,114,111,seg_neutrophil
24279,52,49,96,102,lymphocyte
24280,55,52,90,96,seg_neutrophil
24281,49,55,102,90,seg_neutrophil
24282,27,54,102,93,seg_neutrophil
24283,52,57,96,87,seg_neutrophil
24284,49,57,102,87,seg_neutrophil
24285,54,49,93,102,seg_neutrophil
24286,52,33,96,99,seg_neutrophil
24287,52,57,96,87,seg_neutrophil
24288,52,52,96,96,seg_neutrophil
24289,54,55,93,90,lymphocyte
24290,54,60,93,81,seg_neutrophil
24291,45,21,111,111,seg_neutrophil
24292,57,57,87,87,lymphocyte
24293,46,54,108,93,lymphocyte
24294,60,58,81,84,lymphocyte
24295,46,86,108,99,seg_neutrophil
24296,49,55,102,90,seg_neutrophil
24297,64,58,72,84,lymphocyte
24298,54,48,93,105,seg_neutrophil
24299,50,49,108,102,seg_neutrophil
24300,48,51,105,99,seg_neutrophil
24301,64,66,72,69,lymphocyte
24302,55,62,90,87,lymphocyte
24303,46,24,108,99,seg_neutrophil
24304,49,77,102,93,seg_neutrophil
24305,66,69,69,63,g_plt
24306,55,58,90,84,lymphocyte
24307,61,63,78,75,lymphocyte
24308,48,49,105,102,seg_neutrophil
24309,80,49,117,102,monocyte
24310,60,49,81,102,seg_neutrophil
24311,46,48,108,105,seg_neutrophil
24312,55,61,90,78,lymphocyte
24313,49,51,102,99,seg_neutrophil
24314,52,61,96,78,lymphocyte
24315,42,52,117,96,seg_neutrophil
24316,113,55,81,90,lymphocyte
24317,52,46,96,108,eosinophil
24318,58,95,84,78,lymphocyte
24319,58,55,84,90,lymphocyte
24320,46,48,108,105,seg_neutrophil
24321,66,63,69,60,eosinophil
24322,69,107,63,78,lymphocyte
24323,36,57,87,87,lymphocyte
24324,49,51,102,99,seg_neutrophil
24325,51,52,99,96,seg_neutrophil
24326,45,52,111,96,seg_neutrophil
24327,49,54,102,93,seg_neutrophil
24328,48,45,105,111,seg_neutrophil
24329,52,54,96,93,lymphocyte
24330,55,58,90,84,lymphocyte
24331,49,51,102,99,seg_neutrophil
24332,64,58,72,84,lymphocyte
24333,55,55,90,90,seg_neutrophil
24334,60,42,81,114,artifact
24335,64,63,72,75,lymphocyte
24336,48,54,105,93,seg_neutrophil
24337,51,51,99,99,seg_neutrophil
24338,46,49,108,102,monocyte
24339,51,63,99,75,seg_neutrophil
24340,45,54,111,93,seg_neutrophil
24341,49,54,102,93,seg_neutrophil
24342,51,51,99,99,smudge
24343,65,54,126,93,seg_neutrophil
24344,52,46,96,108,seg_neutrophil
24345,64,54,72,93,lymphocyte
24346,49,46,102,108,seg_neutrophil
24347,51,52,78,96,seg_neutrophil
24348,43,52,114,96,seg_neutrophil
24349,46,51,108,99,seg_neutrophil
24350,58,58,84,84,lymphocyte
24351,51,52,99,96,seg_neutrophil
24352,57,61,87,78,seg_neutrophil
24353,63,61,75,78,eosinophil
24354,52,55,96,90,seg_neutrophil
24355,55,58,90,84,seg_neutrophil
24356,52,49,96,102,seg_neutrophil
24357,49,51,102,99,seg_neutrophil
24358,48,55,102,90,seg_neutrophil
24359,45,65,111,90,seg_neutrophil
24360,52,49,96,102,seg_neutrophil
24361,46,55,108,90,seg_neutrophil
24362,52,57,96,87,seg_neutrophil
24363,51,49,99,102,seg_neutrophil
24364,49,51,102,99,seg_neutrophil
24365,54,58,93,84,seg_neutrophil
24366,52,54,96,93,seg_neutrophil
24367,48,55,105,90,seg_neutrophil
24368,61,64,78,72,lymphocyte
24369,48,57,105,87,seg_neutrophil
24370,49,55,102,90,seg_neutrophil
24371,49,54,102,93,seg_neutrophil
24372,52,57,96,87,seg_neutrophil
24373,58,52,84,96,seg_neutrophil
24374,52,49,96,102,seg_neutrophil
24375,49,61,102,78,seg_neutrophil
24376,52,51,96,99,seg_neutrophil
24377,51,51,99,99,seg_neutrophil
24378,51,57,99,87,seg_neutrophil
24379,60,58,81,84,smudge
24380,51,46,99,108,seg_neutrophil
24381,60,55,81,90,lymphocyte
24382,49,49,102,102,seg_neutrophil
24383,52,54,96,93,seg_neutrophil
24384,48,54,105,93,seg_neutrophil
24385,52,51,96,99,lymphocyte
24386,63,60,75,81,seg_neutrophil
24387,57,67,87,66,lymphocyte
24388,49,57,102,87,seg_neutrophil
24389,60,57,81,87,seg_neutrophil
24390,61,54,78,93,seg_neutrophil
24391,52,48,96,105,seg_neutrophil
24392,66,64,69,72,lymphocyte
24393,48,52,105,96,seg_neutrophil
24394,60,64,81,72,lymphocyte
24395,39,52,123,96,seg_neutrophil
24396,46,51,108,99,seg_neutrophil
24397,54,54,93,93,seg_neutrophil
24398,36,58,129,84,seg_neutrophil
24399,55,55,90,90,seg_neutrophil
24400,45,43,111,114,seg_neutrophil
24401,54,61,93,78,seg_neutrophil
24402,60,58,81,84,seg_neutrophil
24403,48,51,105,99,seg_neutrophil
24404,54,54,93,93,seg_neutrophil
24405,51,55,99,90,seg_neutrophil
24406,54,54,93,93,seg_neutrophil
24407,67,63,66,75,seg_neutrophil
24408,43,52,114,96,seg_neutrophil
24409,51,65,99,87,seg_neutrophil
24410,57,51,87,99,lymphocyte
24411,36,60,69,81,lymphocyte
24412,51,58,99,84,seg_neutrophil
24413,63,64,75,72,lymphocyte
24414,55,52,90,96,seg_neutrophil
24415,49,52,102,96,eosinophil
24416,54,58,93,84,seg_neutrophil
24417,57,61,87,78,seg_neutrophil
24418,43,54,114,93,seg_neutrophil
24419,46,52,108,96,seg_neutrophil
24420,48,58,105,84,seg_neutrophil
24421,58,60,84,81,lymphocyte
24422,61,61,78,78,lymphocyte
24423,48,48,105,105,lymphocyte
24424,67,67,66,66,lymphocyte
24425,49,54,102,93,seg_neutrophil
24426,66,66,69,69,lymphocyte
24427,57,52,87,96,seg_neutrophil
24428,46,51,108,99,seg_neutrophil
24429,43,54,114,93,seg_neutrophil
24430,49,57,102,87,seg_neutrophil
24431,57,30,87,75,lymphocyte
24432,49,49,102,102,seg_neutrophil
24433,48,54,105,93,seg_neutrophil
24434,60,46,81,108,seg_neutrophil
24435,46,61,108,78,seg_neutrophil
24436,51,48,99,105,seg_neutrophil
24437,54,48,93,105,seg_neutrophil
24438,57,55,87,90,seg_neutrophil
24439,83,58,105,84,seg_neutrophil
24440,54,48,93,105,seg_neutrophil
24441,51,60,99,81,seg_neutrophil
24442,60,55,81,90,seg_neutrophil
24443,46,55,108,90,seg_neutrophil
24444,51,54,99,93,seg_neutrophil
24445,55,61,90,78,lymphocyte
24446,52,55,96,90,seg_neutrophil
24447,54,54,93,93,seg_neutrophil
24448,55,49,90,102,seg_neutrophil
24449,48,40,105,120,seg_neutrophil
24450,49,48,102,105,smudge
24451,40,54,120,93,seg_neutrophil
24452,49,48,102,105,seg_neutrophil
24453,46,58,108,84,seg_neutrophil
24454,49,58,102,84,seg_neutrophil
24455,61,55,78,90,seg_neutrophil
24456,49,55,102,90,seg_neutrophil
24457,55,55,90,90,seg_neutrophil
24458,58,58,84,84,lymphocyte
24459,57,52,87,96,seg_neutrophil
24460,55,55,90,90,seg_neutrophil
24461,46,55,108,90,seg_neutrophil
24462,55,52,90,96,seg_neutrophil
24463,43,46,114,108,monocyte
24464,54,48,93,105,seg_neutrophil
24465,55,54,90,93,seg_neutrophil
24466,52,52,96,96,seg_neutrophil
24467,51,57,99,87,seg_neutrophil
24468,49,49,102,102,seg_neutrophil
24469,52,51,96,99,smudge
24470,67,67,66,66,lymphocyte
24471,51,52,99,96,seg_neutrophil
24472,43,52,114,96,eosinophil
24473,46,49,108,102,seg_neutrophil
24474,43,57,114,87,seg_neutrophil
24475,52,52,96,96,seg_neutrophil
24476,51,49,99,102,seg_neutrophil
24477,51,57,99,87,seg_neutrophil
24478,46,57,108,87,smudge
24479,51,49,99,102,seg_neutrophil
24480,54,54,93,93,seg_neutrophil
24481,54,55,93,90,seg_neutrophil
24482,49,54,102,93,seg_neutrophil
24483,55,58,90,84,seg_neutrophil
24484,49,57,102,87,seg_neutrophil
24485,49,57,102,87,seg_neutrophil
24486,54,52,93,96,seg_neutrophil
24487,58,58,84,84,seg_neutrophil
24488,51,55,99,90,seg_neutrophil
24489,60,60,81,78,lymphocyte
24490,52,61,96,78,seg_neutrophil
24491,46,57,108,87,seg_neutrophil
24492,57,54,87,93,lymphocyte
24493,61,64,78,72,lymphocyte
24494,58,57,84,87,seg_neutrophil
24495,57,46,87,108,seg_neutrophil
24496,70,63,60,75,artifact
24497,55,61,90,78,lymphocyte
24498,55,61,90,78,seg_neutrophil
24499,66,63,69,75,lymphocyte
24500,46,48,108,105,seg_neutrophil
24501,51,57,99,87,seg_neutrophil
24502,40,52,120,96,seg_neutrophil
24503,60,45,81,111,seg_neutrophil
24504,54,49,93,102,seg_neutrophil
24505,45,58,111,84,seg_neutrophil
24506,55,54,90,93,seg_neutrophil
24507,49,52,102,96,seg_neutrophil
24508,45,46,111,108,seg_neutrophil
24509,60,60,81,81,lymphocyte
24510,54,58,93,84,lymphocyte
24511,48,54,105,93,seg_neutrophil
24512,64,57,72,87,lymphocyte
24513,48,15,105,90,seg_neutrophil
24514,49,46,102,108,seg_neutrophil
24515,57,46,87,108,seg_neutrophil
24516,45,24,111,96,seg_neutrophil
24517,60,57,81,69,lymphocyte
24518,48,51,105,99,seg_neutrophil
24519,54,63,93,75,seg_neutrophil
24520,52,58,96,84,seg_neutrophil
24521,49,46,102,108,seg_neutrophil
24522,54,57,93,87,basophil
24523,43,25,114,150,abnormal_lymphocyte
24524,48,55,105,90,basophil
24525,59,51,99,99,basophil
24526,66,52,69,96,smudge
24527,63,55,75,90,smudge
24528,58,58,84,84,smudge
24529,64,61,72,78,g_plt
24530,42,64,90,72,smudge
24531,58,58,84,84,smudge
24532,57,89,87,90,smudge
24533,67,69,66,63,n_rbc
24534,72,69,57,63,n_rbc
24535,40,58,120,84,smudge
24536,61,55,78,90,smudge
24537,48,60,105,81,smudge
24538,60,55,81,90,smudge
24539,55,66,90,69,smudge
24540,72,72,57,57,n_rbc
24541,54,54,93,93,smudge
24542,54,55,93,90,smudge
24543,52,54,96,93,smudge
24544,63,64,75,72,g_plt
24545,48,27,105,72,smudge
24546,52,52,96,96,smudge
24547,64,66,72,69,n_rbc
24548,58,61,84,78,smudge
24549,48,61,105,78,basophil
24550,63,51,75,99,smudge
24551,51,58,99,84,smudge
24552,61,51,78,69,n_rbc
24553,69,66,63,69,n_rbc
24554,49,54,102,93,smudge
24555,58,55,84,90,smudge
24556,52,62,96,90,smudge
24557,57,71,87,96,smudge
24558,54,60,93,81,smudge
24559,51,55,99,90,smudge
24560,55,61,90,78,smudge
24561,66,66,69,69,g_plt
24562,63,55,75,90,smudge
24563,60,48,81,105,smudge
24564,52,55,96,90,smudge
24565,46,57,108,87,smudge
24566,54,55,93,90,smudge
24567,60,61,81,78,smudge
24568,48,52,105,96,smudge
24569,57,57,87,87,smudge
24570,61,55,78,90,smudge
24571,58,57,84,87,smudge
24572,49,55,102,90,smudge
24573,60,61,81,78,smudge
24574,52,55,96,90,smudge
24575,57,57,87,87,smudge
24576,54,60,93,81,smudge
24577,54,52,93,96,smudge
24578,52,63,96,75,smudge
24579,52,61,96,78,smudge
24580,63,61,75,78,g_plt
24581,55,60,90,81,smudge
24582,51,57,99,87,smudge
24583,55,49,90,102,smudge
24584,55,55,90,90,smudge
24585,60,54,81,75,smudge
24586,54,52,93,96,smudge
24587,58,58,84,84,smudge
24588,77,54,102,93,smudge
24589,57,54,87,93,smudge
24590,57,54,87,93,smudge
24591,60,66,81,69,artifact
24592,61,57,78,87,artifact
24593,58,12,84,66,artifact
24594,64,36,72,129,artifact
24595,16,46,168,108,artifact
24596,55,57,90,87,smudge
24597,66,64,69,72,g_plt
24598,70,72,60,57,g_plt
24599,61,42,78,117,smudge
24600,58,54,84,93,smudge
24601,55,51,90,99,smudge
24602,54,61,93,78,smudge
24603,57,57,87,87,smudge
24604,60,57,81,87,smudge
24605,55,63,90,75,smudge
24606,6,63,90,75,smudge
24607,43,51,114,99,smudge
24608,54,55,93,90,smudge
24609,48,52,105,96,smudge
24610,58,58,84,84,smudge
24611,51,67,99,66,smudge
24612,42,40,117,120,smudge
24613,61,64,78,72,smudge
24614,49,61,102,78,smudge
24615,51,48,99,105,smudge
24616,51,45,99,111,smudge
24617,54,54,93,93,smudge
24618,55,54,90,93,smudge
24619,46,52,108,96,smudge
24620,48,49,105,102,smudge
24621,72,73,57,54,g_plt
24622,76,67,48,66,g_plt
24623,57,52,87,96,smudge
24624,57,60,87,81,smudge
24625,51,54,99,93,smudge
24626,63,52,75,96,smudge
24627,42,48,117,105,smudge
24628,52,54,96,93,smudge
24629,18,52,96,96,smudge
24630,57,60,87,81,smudge
24631,54,54,93,93,smudge
24632,51,58,99,84,smudge
24633,57,54,87,93,smudge
24634,60,54,81,93,smudge
24635,49,60,102,81,smudge
24636,52,51,96,99,smudge
24637,55,54,90,93,smudge
24638,54,18,93,99,smudge
24639,70,58,60,84,smudge
24640,60,54,81,93,smudge
24641,46,55,108,90,smudge
24642,58,54,84,93,smudge
24643,54,46,93,108,smudge
24644,58,55,84,90,smudge
24645,60,52,81,96,smudge
24646,39,57,123,87,smudge
24647,51,58,99,84,smudge
24648,58,60,84,81,g_plt
24649,12,55,81,90,smudge
24650,57,49,87,102,smudge
24651,54,36,93,129,smudge
24652,51,51,99,99,smudge
24653,73,70,54,60,g_plt
24654,55,9,90,96,smudge
24655,89,48,96,105,smudge
24656,57,52,87,96,smudge
24657,60,58,81,84,smudge
24658,54,54,93,93,smudge
24659,69,66,63,69,g_plt
24660,51,37,99,126,smudge
24661,60,54,81,93,smudge
24662,52,55,96,90,smudge
24663,57,58,87,84,smudge
24664,52,60,96,81,smudge
24665,63,61,75,78,g_plt
24666,48,58,105,84,smudge
24667,39,55,123,90,smudge
24668,73,70,54,60,g_plt
24669,64,34,72,132,smudge
24670,58,54,84,93,smudge
24671,52,48,96,105,smudge
24672,62,60,93,81,smudge
24673,51,55,99,90,smudge
24674,55,104,90,81,smudge
24675,51,58,99,84,smudge
24676,48,46,105,108,smudge
24677,49,30,102,102,smudge
24678,58,57,84,87,smudge
24679,48,60,105,81,smudge
24680,55,64,90,72,smudge
24681,67,67,66,66,g_plt
24682,54,49,93,102,smudge
24683,60,58,81,84,smudge
24684,49,52,102,96,smudge
24685,52,57,96,87,smudge
24686,67,67,66,66,n_rbc
24687,54,52,93,96,smudge
24688,57,55,87,90,smudge
24689,60,55,81,90,artifact
24690,55,54,90,93,artifact
24691,57,61,87,78,smudge
24692,66,67,69,66,g_plt
24693,60,57,81,87,smudge
24694,52,58,96,84,smudge
24695,55,54,90,93,smudge
24696,51,55,99,90,smudge
24697,58,52,84,96,smudge
24698,76,67,48,66,g_plt
24699,57,57,87,87,smudge
24700,54,54,93,93,smudge
24701,52,47,96,120,smudge
24702,60,49,81,102,smudge
24703,63,54,75,93,smudge
24704,51,54,99,93,smudge
24705,58,51,84,99,smudge
24706,55,52,90,96,smudge
24707,60,49,81,102,smudge
24708,55,25,90,150,smudge
24709,46,58,108,84,smudge
24710,57,59,87,96,smudge
24711,53,54,102,93,smudge
24712,69,70,63,60,g_plt
24713,72,70,57,60,g_plt
24714,67,64,66,72,n_rbc
24715,49,51,102,99,seg_neutrophil
24716,43,48,114,105,seg_neutrophil
24717,54,48,93,105,seg_neutrophil
24718,49,104,102,90,seg_neutrophil
24719,55,49,90,102,seg_neutrophil
24720,60,61,81,78,lymphocyte
24721,43,49,114,102,seg_neutrophil
24722,45,58,111,84,seg_neutrophil
24723,86,74,78,87,lymphocyte
24724,46,49,108,102,seg_neutrophil
24725,45,52,111,96,seg_neutrophil
24726,54,52,93,96,lymphocyte
24727,49,18,102,99,seg_neutrophil
24728,46,51,108,99,lymphocyte
24729,57,55,87,90,lymphocyte
24730,61,61,78,78,lymphocyte
24731,61,58,78,84,lymphocyte
24732,49,24,102,99,seg_neutrophil
24733,49,52,102,96,seg_neutrophil
24734,60,12,81,87,lymphocyte
24735,42,45,117,111,seg_neutrophil
24736,45,37,111,126,seg_neutrophil
24737,58,61,84,78,lymphocyte
24738,46,48,108,105,seg_neutrophil
24739,49,48,102,105,seg_neutrophil
24740,52,45,96,111,seg_neutrophil
24741,52,51,96,99,seg_neutrophil
24742,45,45,111,111,seg_neutrophil
24743,48,45,105,111,seg_neutrophil
24744,57,55,87,90,lymphocyte
24745,45,49,111,102,seg_neutrophil
24746,43,43,114,114,seg_neutrophil
24747,58,58,84,84,lymphocyte
24748,51,54,99,93,seg_neutrophil
24749,48,49,105,102,seg_neutrophil
24750,45,49,111,102,seg_neutrophil
24751,43,49,114,102,seg_neutrophil
24752,43,48,114,105,seg_neutrophil
24753,46,46,108,108,seg_neutrophil
24754,46,49,108,102,seg_neutrophil
24755,45,51,111,99,seg_neutrophil
24756,46,57,108,87,lymphocyte
24757,57,60,87,81,lymphocyte
24758,55,58,90,84,lymphocyte
24759,51,51,99,99,seg_neutrophil
24760,46,48,108,105,seg_neutrophil
24761,40,42,120,117,seg_neutrophil
24762,58,48,84,105,lymphocyte
24763,51,49,99,102,seg_neutrophil
24764,49,49,102,102,seg_neutrophil
24765,60,64,81,72,lymphocyte
24766,43,51,114,99,seg_neutrophil
24767,58,57,84,87,lymphocyte
24768,48,54,105,93,seg_neutrophil
24769,48,46,105,108,seg_neutrophil
24770,74,55,93,90,lymphocyte
24771,42,36,117,129,monocyte
24772,51,48,99,105,band_neutrophil
24773,58,61,84,78,lymphocyte
24774,40,49,120,102,seg_neutrophil
24775,42,52,117,96,seg_neutrophil
24776,6,48,93,105,lymphocyte
24777,51,45,99,111,seg_neutrophil
24778,48,52,105,96,seg_neutrophil
24779,40,48,120,105,seg_neutrophil
24780,57,95,87,102,lymphocyte
24781,46,51,108,99,seg_neutrophil
24782,43,53,114,105,seg_neutrophil
24783,57,55,87,90,lymphocyte
24784,86,43,111,114,seg_neutrophil
24785,54,58,93,84,lymphocyte
24786,46,42,108,117,seg_neutrophil
24787,63,58,75,84,lymphocyte
24788,42,39,117,123,seg_neutrophil
24789,60,60,81,81,lymphocyte
24790,49,49,102,102,seg_neutrophil
24791,52,43,96,114,seg_neutrophil
24792,46,43,108,114,seg_neutrophil
24793,49,51,102,99,seg_neutrophil
24794,45,42,111,117,monocyte
24795,42,46,117,108,seg_neutrophil
24796,51,95,99,102,seg_neutrophil
24797,43,48,114,105,seg_neutrophil
24798,57,58,87,84,lymphocyte
24799,57,51,87,99,lymphocyte
24800,45,40,111,120,seg_neutrophil
24801,49,45,102,111,seg_neutrophil
24802,51,46,99,108,seg_neutrophil
24803,61,57,78,87,lymphocyte
24804,51,49,99,102,seg_neutrophil
24805,57,55,87,90,lymphocyte
24806,55,54,90,93,lymphocyte
24807,49,54,102,93,seg_neutrophil
24808,46,55,108,90,seg_neutrophil
24809,46,45,108,111,seg_neutrophil
24810,46,51,108,99,seg_neutrophil
24811,51,46,99,108,seg_neutrophil
24812,47,54,111,93,seg_neutrophil
24813,45,48,111,105,seg_neutrophil
24814,58,52,84,96,lymphocyte
24815,54,60,93,81,lymphocyte
24816,45,45,111,111,monocyte
24817,51,51,99,99,lymphocyte
24818,45,42,111,102,seg_neutrophil
24819,60,52,81,96,lymphocyte
24820,42,59,117,108,seg_neutrophil
24821,40,46,120,108,seg_neutrophil
24822,61,61,78,78,lymphocyte
24823,61,63,78,75,lymphocyte
24824,37,48,126,105,seg_neutrophil
24825,46,49,108,102,seg_neutrophil
24826,51,49,99,102,seg_neutrophil
24827,49,55,102,90,seg_neutrophil
24828,48,43,105,114,seg_neutrophil
24829,55,60,90,81,lymphocyte
24830,60,63,81,75,lymphocyte
24831,48,48,105,105,seg_neutrophil
24832,49,3,102,102,seg_neutrophil
24833,43,51,114,99,seg_neutrophil
24834,49,71,102,96,seg_neutrophil
24835,51,55,99,90,lymphocyte
24836,49,48,102,105,seg_neutrophil
24837,49,43,102,114,seg_neutrophil
24838,48,51,105,99,seg_neutrophil
24839,61,55,78,90,seg_neutrophil
24840,54,55,93,90,lymphocyte
24841,54,55,93,90,lymphocyte
24842,52,55,96,90,seg_neutrophil
24843,54,54,93,93,lymphocyte
24844,58,54,84,93,lymphocyte
24845,45,36,111,102,lymphocyte
24846,58,63,84,75,lymphocyte
24847,48,52,105,96,lymphocyte
24848,49,52,102,96,seg_neutrophil
24849,46,46,108,108,seg_neutrophil
24850,46,48,108,105,seg_neutrophil
24851,43,40,114,120,seg_neutrophil
24852,48,48,105,105,seg_neutrophil
24853,43,40,114,120,seg_neutrophil
24854,48,3,105,120,seg_neutrophil
24855,46,48,108,105,seg_neutrophil
24856,48,45,105,111,seg_neutrophil
24857,48,46,105,108,seg_neutrophil
24858,46,45,108,111,seg_neutrophil
24859,49,39,102,123,seg_neutrophil
24860,48,42,105,117,seg_neutrophil
24861,43,56,114,123,monocyte
24862,40,39,120,114,seg_neutrophil
24863,49,49,102,102,seg_neutrophil
24864,61,55,78,90,lymphocyte
24865,58,58,84,84,lymphocyte
24866,51,51,99,99,seg_neutrophil
24867,48,49,105,102,seg_neutrophil
24868,52,45,96,111,seg_neutrophil
24869,55,52,90,96,seg_neutrophil
24870,48,48,105,105,seg_neutrophil
24871,46,48,108,105,seg_neutrophil
24872,54,18,93,96,seg_neutrophil
24873,48,3,105,84,seg_neutrophil
24874,54,54,93,93,lymphocyte
24875,58,33,84,90,lymphocyte
24876,46,45,108,111,seg_neutrophil
24877,42,55,117,90,seg_neutrophil
24878,54,57,93,87,eosinophil
24879,52,51,96,99,seg_neutrophil
24880,48,49,105,102,eosinophil
24881,63,58,75,84,lymphocyte
24882,46,58,108,84,artifact
24883,67,68,66,69,artifact
24884,51,51,99,99,seg_neutrophil
24885,63,61,75,78,lymphocyte
24886,46,55,108,90,seg_neutrophil
24887,55,57,90,87,lymphocyte
24888,60,58,81,84,seg_neutrophil
24889,52,45,96,111,eosinophil
24890,57,49,87,102,lymphocyte
24891,54,51,93,99,seg_neutrophil
24892,48,46,105,108,seg_neutrophil
24893,51,63,75,75,lymphocyte
24894,51,49,99,102,eosinophil
24895,54,54,93,93,seg_neutrophil
24896,45,36,111,102,seg_neutrophil
24897,48,57,105,87,seg_neutrophil
24898,46,51,108,99,seg_neutrophil
24899,46,48,108,105,seg_neutrophil
24900,43,52,114,96,seg_neutrophil
24901,48,51,105,99,seg_neutrophil
24902,60,61,81,78,lymphocyte
24903,60,57,81,87,lymphocyte
24904,48,49,105,102,lymphocyte
24905,45,51,111,99,seg_neutrophil
24906,46,52,108,96,seg_neutrophil
24907,40,45,120,111,basophil
24908,45,55,111,90,seg_neutrophil
24909,46,52,108,96,seg_neutrophil
24910,36,36,129,129,monocyte
24911,45,49,111,102,seg_neutrophil
24912,46,48,108,105,seg_neutrophil
24913,52,48,96,105,seg_neutrophil
24914,52,51,96,99,seg_neutrophil
24915,49,52,102,96,seg_neutrophil
24916,51,57,99,87,seg_neutrophil
24917,45,55,111,90,eosinophil
24918,51,51,99,99,seg_neutrophil
24919,51,58,99,84,lymphocyte
24920,48,49,105,102,seg_neutrophil
24921,49,86,102,84,seg_neutrophil
24922,48,51,105,99,seg_neutrophil
24923,51,49,99,102,seg_neutrophil
24924,60,37,81,126,smudge
24925,58,51,84,99,seg_neutrophil
24926,52,57,96,87,seg_neutrophil
24927,49,54,102,93,seg_neutrophil
24928,46,51,108,99,seg_neutrophil
24929,52,49,96,102,seg_neutrophil
24930,51,60,99,81,seg_neutrophil
24931,46,52,108,96,seg_neutrophil
24932,49,57,102,87,lymphocyte
24933,37,51,126,99,monocyte
24934,46,55,108,90,lymphocyte
24935,37,57,126,87,seg_neutrophil
24936,43,51,114,99,seg_neutrophil
24937,49,51,102,99,seg_neutrophil
24938,46,54,108,93,seg_neutrophil
24939,52,43,96,114,seg_neutrophil
24940,40,49,120,102,seg_neutrophil
24941,58,54,84,93,seg_neutrophil
24942,36,40,129,120,monocyte
24943,46,48,108,105,seg_neutrophil
24944,54,52,93,96,seg_neutrophil
24945,46,55,108,90,lymphocyte
24946,54,48,93,105,seg_neutrophil
24947,43,54,114,93,smudge
24948,51,51,99,99,seg_neutrophil
24949,15,12,99,111,seg_neutrophil
24950,45,43,111,114,seg_neutrophil
24951,48,54,105,93,seg_neutrophil
24952,48,46,105,108,seg_neutrophil
24953,48,58,105,84,seg_neutrophil
24954,48,49,105,102,seg_neutrophil
24955,51,54,99,93,seg_neutrophil
24956,60,51,81,72,lymphocyte
24957,49,46,102,108,seg_neutrophil
24958,49,49,102,102,seg_neutrophil
24959,48,49,105,102,seg_neutrophil
24960,46,48,108,105,seg_neutrophil
24961,46,49,108,102,seg_neutrophil
24962,49,49,102,102,seg_neutrophil
24963,46,51,108,99,seg_neutrophil
24964,45,49,111,102,seg_neutrophil
24965,52,51,96,99,seg_neutrophil
24966,54,52,93,96,seg_neutrophil
24967,54,54,93,93,seg_neutrophil
24968,51,51,99,81,seg_neutrophil
24969,58,71,84,81,lymphocyte
24970,49,57,102,87,seg_neutrophil
24971,54,52,93,96,seg_neutrophil
24972,51,55,99,90,lymphocyte
24973,63,63,75,75,lymphocyte
24974,66,66,69,69,lymphocyte
24975,52,45,96,111,seg_neutrophil
24976,39,45,123,111,monocyte
24977,56,51,108,99,lymphocyte
24978,46,54,108,93,seg_neutrophil
24979,37,42,126,117,monocyte
24980,64,46,72,108,lymphocyte
24981,58,52,84,96,band_neutrophil
24982,54,57,93,87,seg_neutrophil
24983,52,55,96,90,lymphocyte
24984,49,63,102,75,lymphocyte
24985,48,52,105,96,seg_neutrophil
24986,75,69,51,63,artifact
24987,54,58,93,84,seg_neutrophil
24988,57,51,87,99,seg_neutrophil
24989,55,52,90,96,lymphocyte
24990,52,52,96,96,seg_neutrophil
24991,46,45,108,111,seg_neutrophil
24992,49,54,102,93,seg_neutrophil
24993,74,55,99,90,seg_neutrophil
24994,55,54,90,93,seg_neutrophil
24995,52,51,96,99,lymphocyte
24996,52,55,96,90,seg_neutrophil
24997,51,45,99,111,smudge
24998,49,55,102,90,seg_neutrophil
24999,46,48,108,105,seg_neutrophil
25000,48,51,105,99,seg_neutrophil
25001,46,45,108,111,seg_neutrophil
25002,49,55,102,90,seg_neutrophil
25003,57,54,87,93,lymphocyte
25004,54,49,93,102,seg_neutrophil
25005,46,58,108,84,seg_neutrophil
25006,60,58,81,84,lymphocyte
25007,43,54,114,93,seg_neutrophil
25008,46,46,108,108,seg_neutrophil
25009,51,55,99,90,seg_neutrophil
25010,49,51,102,99,seg_neutrophil
25011,49,54,102,93,seg_neutrophil
25012,48,49,105,102,seg_neutrophil
25013,51,54,99,93,eosinophil
25014,49,57,102,87,seg_neutrophil
25015,51,45,99,111,seg_neutrophil
25016,46,51,108,99,seg_neutrophil
25017,51,48,99,105,seg_neutrophil
25018,52,54,96,93,seg_neutrophil
25019,45,52,111,96,eosinophil
25020,45,51,111,99,seg_neutrophil
25021,52,55,96,90,seg_neutrophil
25022,52,57,96,87,seg_neutrophil
25023,48,52,105,96,seg_neutrophil
25024,43,58,114,84,seg_neutrophil
25025,51,46,99,108,seg_neutrophil
25026,54,52,93,96,seg_neutrophil
25027,52,51,96,99,seg_neutrophil
25028,52,54,96,93,seg_neutrophil
25029,51,57,99,87,seg_neutrophil
25030,-5,55,210,90,artifact
25031,46,54,108,93,seg_neutrophil
25032,46,36,108,96,seg_neutrophil
25033,45,43,111,114,basophil
25034,49,49,102,102,seg_neutrophil
25035,46,49,108,102,seg_neutrophil
25036,57,39,87,102,seg_neutrophil
25037,43,46,114,108,eosinophil
25038,45,46,111,108,seg_neutrophil
25039,48,54,105,93,seg_neutrophil
25040,46,52,108,96,seg_neutrophil
25041,52,63,96,75,seg_neutrophil
25042,64,64,72,72,lymphocyte
25043,46,51,108,99,seg_neutrophil
25044,49,52,102,96,seg_neutrophil
25045,45,49,111,102,seg_neutrophil
25046,52,54,96,93,seg_neutrophil
25047,52,54,96,93,seg_neutrophil
25048,51,49,99,102,seg_neutrophil
25049,46,46,108,108,seg_neutrophil
25050,48,43,105,114,seg_neutrophil
25051,48,42,105,117,seg_neutrophil
25052,48,48,105,105,seg_neutrophil
25053,49,71,102,90,seg_neutrophil
25054,51,51,99,99,seg_neutrophil
25055,52,43,96,114,seg_neutrophil
25056,48,54,105,93,seg_neutrophil
25057,36,52,129,96,seg_neutrophil
25058,51,15,99,96,seg_neutrophil
25059,46,54,108,93,seg_neutrophil
25060,46,49,108,102,seg_neutrophil
25061,43,55,114,90,seg_neutrophil
25062,60,57,81,87,smudge
25063,55,51,90,99,seg_neutrophil
25064,57,51,87,99,seg_neutrophil
25065,40,54,120,93,seg_neutrophil
25066,46,51,108,99,seg_neutrophil
25067,54,58,93,84,smudge
25068,48,51,105,99,seg_neutrophil
25069,48,46,105,108,band_neutrophil
25070,51,54,99,93,seg_neutrophil
25071,61,49,78,102,seg_neutrophil
25072,48,48,105,105,seg_neutrophil
25073,43,46,114,108,seg_neutrophil
25074,46,45,108,111,seg_neutrophil
25075,48,52,105,96,seg_neutrophil
25076,46,3,108,111,smudge
25077,42,56,117,123,seg_neutrophil
25078,46,52,108,96,seg_neutrophil
25079,43,49,114,102,seg_neutrophil
25080,51,52,99,96,seg_neutrophil
25081,45,45,111,111,seg_neutrophil
25082,52,57,96,87,seg_neutrophil
25083,39,46,123,108,monocyte
25084,49,48,102,105,seg_neutrophil
25085,51,54,99,93,seg_neutrophil
25086,51,52,99,96,band_neutrophil
25087,57,52,87,96,seg_neutrophil
25088,43,45,114,111,seg_neutrophil
25089,46,52,108,96,seg_neutrophil
25090,57,49,87,102,seg_neutrophil
25091,43,45,114,111,seg_neutrophil
25092,52,49,96,102,seg_neutrophil
25093,58,61,84,78,lymphocyte
25094,46,49,108,102,seg_neutrophil
25095,49,48,102,105,seg_neutrophil
25096,51,45,99,111,seg_neutrophil
25097,48,39,105,123,seg_neutrophil
25098,31,34,138,132,monocyte
25099,51,45,99,111,seg_neutrophil
25100,54,48,93,105,seg_neutrophil
25101,40,33,120,135,monocyte
25102,60,48,81,105,seg_neutrophil
25103,51,52,99,96,seg_neutrophil
25104,42,43,117,114,monocyte
25105,51,49,99,102,seg_neutrophil
25106,51,49,99,102,seg_neutrophil
25107,51,49,99,102,seg_neutrophil
25108,52,55,96,90,seg_neutrophil
25109,51,52,99,96,seg_neutrophil
25110,46,57,108,87,seg_neutrophil
25111,49,54,102,93,seg_neutrophil
25112,46,55,108,90,seg_neutrophil
25113,54,51,93,99,seg_neutrophil
25114,57,67,87,66,artifact
25115,52,52,96,96,seg_neutrophil
25116,42,46,117,108,seg_neutrophil
25117,52,57,96,87,seg_neutrophil
25118,48,55,105,90,seg_neutrophil
25119,48,49,105,102,seg_neutrophil
25120,55,52,90,96,band_neutrophil
25121,54,55,93,90,seg_neutrophil
25122,43,52,114,96,seg_neutrophil
25123,55,52,90,96,seg_neutrophil
25124,52,60,96,81,seg_neutrophil
25125,55,58,90,84,seg_neutrophil
25126,60,57,81,87,seg_neutrophil
25127,9,83,99,99,seg_neutrophil
25128,54,51,93,99,seg_neutrophil
25129,53,48,117,105,seg_neutrophil
25130,54,43,93,114,seg_neutrophil
25131,48,42,105,117,seg_neutrophil
25132,60,57,81,87,lymphocyte
25133,49,52,102,96,seg_neutrophil
25134,52,52,96,96,seg_neutrophil
25135,48,51,105,99,seg_neutrophil
25136,49,49,102,102,seg_neutrophil
25137,51,53,99,99,seg_neutrophil
25138,54,42,93,117,lymphocyte
25139,48,52,105,96,seg_neutrophil
25140,46,36,108,129,monocyte
25141,49,52,102,96,seg_neutrophil
25142,45,57,111,87,seg_neutrophil
25143,43,45,114,111,seg_neutrophil
25144,48,43,105,114,smudge
25145,54,48,93,105,seg_neutrophil
25146,30,51,141,99,artifact
25147,43,49,114,102,seg_neutrophil
25148,48,45,105,111,seg_neutrophil
25149,57,59,87,93,seg_neutrophil
25150,57,48,87,105,seg_neutrophil
25151,57,55,87,90,seg_neutrophil
25152,54,55,93,90,seg_neutrophil
25153,64,58,72,84,lymphocyte
25154,54,54,93,93,seg_neutrophil
25155,43,56,114,117,band_neutrophil
25156,51,48,99,105,seg_neutrophil
25157,54,51,93,99,seg_neutrophil
25158,57,60,87,81,smudge
25159,51,54,99,93,seg_neutrophil
25160,52,52,96,96,seg_neutrophil
25161,46,49,108,102,seg_neutrophil
25162,51,48,99,105,seg_neutrophil
25163,57,55,84,90,seg_neutrophil
25164,54,52,93,96,seg_neutrophil
25165,49,42,102,117,seg_neutrophil
25166,42,32,117,138,monocyte
25167,51,52,99,96,seg_neutrophil
25168,49,51,102,99,seg_neutrophil
25169,52,49,96,102,seg_neutrophil
25170,55,43,90,114,seg_neutrophil
25171,49,54,102,93,seg_neutrophil
25172,46,49,108,102,seg_neutrophil
25173,54,58,93,84,seg_neutrophil
25174,51,49,99,102,seg_neutrophil
25175,50,49,102,102,seg_neutrophil
25176,46,45,108,111,seg_neutrophil
25177,49,51,102,99,seg_neutrophil
25178,46,43,108,114,seg_neutrophil
25179,49,45,102,111,seg_neutrophil
25180,57,110,87,81,seg_neutrophil
25181,57,64,87,72,seg_neutrophil
25182,46,40,108,120,seg_neutrophil
25183,89,51,108,99,seg_neutrophil
25184,49,49,102,102,seg_neutrophil
25185,48,52,105,96,seg_neutrophil
25186,63,55,75,90,lymphocyte
25187,52,52,96,96,seg_neutrophil
25188,43,52,114,96,band_neutrophil
25189,49,49,102,102,seg_neutrophil
25190,51,55,99,90,seg_neutrophil
25191,51,45,99,111,seg_neutrophil
25192,52,52,96,96,seg_neutrophil
25193,40,45,120,111,seg_neutrophil
25194,48,40,105,120,seg_neutrophil
25195,48,49,105,102,seg_neutrophil
25196,54,51,93,99,seg_neutrophil
25197,54,49,93,102,seg_neutrophil
25198,51,54,99,93,seg_neutrophil
25199,48,43,105,114,seg_neutrophil
25200,55,52,90,96,seg_neutrophil
25201,48,49,105,102,seg_neutrophil
25202,49,57,102,87,seg_neutrophil
25203,52,51,96,99,seg_neutrophil
25204,55,52,90,96,seg_neutrophil
25205,52,52,96,96,seg_neutrophil
25206,48,49,105,102,band_neutrophil
25207,55,68,90,102,seg_neutrophil
25208,52,55,96,90,seg_neutrophil
25209,49,57,102,87,seg_neutrophil
25210,57,61,87,78,seg_neutrophil
25211,49,43,102,114,seg_neutrophil
25212,52,54,96,93,seg_neutrophil
25213,45,46,111,108,seg_neutrophil
25214,37,30,126,141,monocyte
25215,43,51,114,99,seg_neutrophil
25216,48,54,105,93,seg_neutrophil
25217,42,48,117,105,seg_neutrophil
25218,52,49,96,102,seg_neutrophil
25219,57,46,87,108,seg_neutrophil
25220,51,51,99,99,seg_neutrophil
25221,36,30,129,141,monocyte
25222,45,54,111,93,seg_neutrophil
25223,43,49,114,102,seg_neutrophil
25224,52,48,96,105,seg_neutrophil
25225,49,49,102,102,seg_neutrophil
25226,49,52,102,96,band_neutrophil
25227,52,46,96,108,seg_neutrophil
25228,6,49,126,102,monocyte
25229,54,60,93,81,lymphocyte
25230,49,51,102,99,seg_neutrophil
25231,51,51,99,99,seg_neutrophil
25232,43,46,114,108,seg_neutrophil
25233,61,61,78,78,lymphocyte
25234,45,51,111,99,seg_neutrophil
25235,51,54,99,93,lymphocyte
25236,66,63,69,75,lymphocyte
25237,63,61,75,78,lymphocyte
25238,48,48,105,105,seg_neutrophil
25239,55,51,90,99,lymphocyte
25240,43,49,114,102,seg_neutrophil
25241,55,52,90,96,seg_neutrophil
25242,46,52,108,96,seg_neutrophil
25243,49,45,102,111,seg_neutrophil
25244,39,51,123,99,monocyte
25245,54,61,93,78,lymphocyte
25246,49,51,102,99,seg_neutrophil
25247,49,45,102,111,seg_neutrophil
25248,46,48,108,105,band_neutrophil
25249,51,45,99,111,seg_neutrophil
25250,54,57,93,87,lymphocyte
25251,49,52,102,96,seg_neutrophil
25252,43,46,114,108,seg_neutrophil
25253,36,48,129,105,seg_neutrophil
25254,52,46,96,108,seg_neutrophil
25255,36,48,129,105,monocyte
25256,43,51,114,99,seg_neutrophil
25257,57,64,87,72,lymphocyte
25258,45,49,111,102,seg_neutrophil
25259,37,49,126,102,eosinophil
25260,45,48,111,105,seg_neutrophil
25261,46,42,108,114,seg_neutrophil
25262,43,51,114,99,seg_neutrophil
25263,46,49,108,102,seg_neutrophil
25264,54,49,93,102,seg_neutrophil
25265,46,48,108,96,seg_neutrophil
25266,55,63,90,75,lymphocyte
25267,43,46,114,108,lymphocyte
25268,49,51,102,99,seg_neutrophil
25269,46,48,108,105,band_neutrophil
25270,48,46,105,108,seg_neutrophil
25271,63,60,75,81,lymphocyte
25272,48,51,105,99,seg_neutrophil
25273,49,43,102,114,seg_neutrophil
25274,36,43,129,114,monocyte
25275,60,64,81,72,lymphocyte
25276,48,51,105,99,seg_neutrophil
25277,45,49,111,102,seg_neutrophil
25278,55,54,90,93,lymphocyte
25279,39,45,123,111,seg_neutrophil
25280,40,51,120,99,seg_neutrophil
25281,54,54,93,93,seg_neutrophil
25282,46,49,108,102,seg_neutrophil
25283,43,46,114,108,seg_neutrophil
25284,57,47,87,108,seg_neutrophil
25285,45,46,111,108,seg_neutrophil
25286,48,52,105,96,seg_neutrophil
25287,40,46,120,108,seg_neutrophil
25288,46,49,108,102,seg_neutrophil
25289,40,52,120,96,seg_neutrophil
25290,37,36,126,102,seg_neutrophil
25291,51,46,99,108,seg_neutrophil
25292,60,57,81,87,lymphocyte
25293,48,45,105,111,seg_neutrophil
25294,54,49,93,102,lymphocyte
25295,52,52,96,96,seg_neutrophil
25296,48,52,105,96,seg_neutrophil
25297,68,55,84,90,lymphocyte
25298,33,43,135,114,eosinophil
25299,49,45,102,111,seg_neutrophil
25300,40,51,120,99,seg_neutrophil
25301,48,45,105,111,seg_neutrophil
25302,49,48,102,105,seg_neutrophil
25303,46,46,108,108,seg_neutrophil
25304,48,46,105,108,band_neutrophil
25305,55,42,90,117,seg_neutrophil
25306,57,51,87,99,lymphocyte
25307,45,52,111,96,seg_neutrophil
25308,46,46,108,108,seg_neutrophil
25309,51,48,99,105,seg_neutrophil
25310,46,49,108,102,seg_neutrophil
25311,46,46,108,108,lymphocyte
25312,24,43,120,114,monocyte
25313,54,57,93,87,seg_neutrophil
25314,55,57,90,87,seg_neutrophil
25315,51,46,99,108,seg_neutrophil
25316,49,46,102,108,seg_neutrophil
25317,48,51,105,99,seg_neutrophil
25318,52,51,96,99,seg_neutrophil
25319,63,60,75,81,lymphocyte
25320,49,48,102,105,seg_neutrophil
25321,49,51,102,99,seg_neutrophil
25322,49,49,102,102,seg_neutrophil
25323,43,42,114,117,seg_neutrophil
25324,54,58,93,84,lymphocyte
25325,42,45,117,111,monocyte
25326,46,54,108,93,lymphocyte
25327,45,51,111,99,seg_neutrophil
25328,52,48,96,90,seg_neutrophil
25329,48,46,105,108,seg_neutrophil
25330,49,51,102,99,seg_neutrophil
25331,45,51,111,99,seg_neutrophil
25332,49,49,102,102,seg_neutrophil
25333,54,58,93,84,lymphocyte
25334,45,48,111,105,seg_neutrophil
25335,61,66,78,69,artifact
25336,42,45,117,111,seg_neutrophil
25337,45,51,111,99,seg_neutrophil
25338,48,49,105,102,seg_neutrophil
25339,45,22,111,156,artifact
25340,51,62,99,84,seg_neutrophil
25341,48,45,105,111,seg_neutrophil
25342,58,21,84,159,artifact
25343,52,24,96,153,artifact
25344,40,45,120,111,seg_neutrophil
25345,61,48,78,105,artifact
25346,42,57,117,87,seg_neutrophil
25347,48,30,105,117,seg_neutrophil
25348,48,37,105,126,seg_neutrophil
25349,49,49,102,102,seg_neutrophil
25350,43,45,114,111,seg_neutrophil
25351,45,48,111,93,seg_neutrophil
25352,43,54,114,93,seg_neutrophil
25353,55,54,90,93,lymphocyte
25354,46,40,108,120,seg_neutrophil
25355,51,49,99,102,seg_neutrophil
25356,52,55,96,90,seg_neutrophil
25357,54,55,93,90,lymphocyte
25358,54,48,93,105,seg_neutrophil
25359,48,43,105,114,seg_neutrophil
25360,51,46,99,108,seg_neutrophil
25361,45,49,111,102,seg_neutrophil
25362,45,46,111,108,seg_neutrophil
25363,89,60,81,81,lymphocyte
25364,42,45,117,111,seg_neutrophil
25365,45,45,111,111,seg_neutrophil
25366,46,45,108,111,seg_neutrophil
25367,43,48,114,105,seg_neutrophil
25368,46,49,108,102,seg_neutrophil
25369,54,52,93,96,lymphocyte
25370,56,51,99,99,seg_neutrophil
25371,63,49,75,102,lymphocyte
25372,63,52,75,96,lymphocyte
25373,51,49,99,102,seg_neutrophil
25374,46,46,108,108,seg_neutrophil
25375,49,45,102,111,seg_neutrophil
25376,40,54,120,93,seg_neutrophil
25377,52,46,96,108,seg_neutrophil
25378,42,48,117,105,seg_neutrophil
25379,51,43,99,114,seg_neutrophil
25380,51,46,99,108,seg_neutrophil
25381,48,9,105,96,seg_neutrophil
25382,46,46,108,108,seg_neutrophil
25383,45,48,111,105,seg_neutrophil
25384,49,46,102,108,seg_neutrophil
25385,55,52,90,96,seg_neutrophil
25386,51,48,99,105,seg_neutrophil
25387,49,49,102,102,seg_neutrophil
25388,43,42,114,117,seg_neutrophil
25389,45,51,111,99,seg_neutrophil
25390,46,49,108,102,seg_neutrophil
25391,39,37,123,126,monocyte
25392,45,45,111,111,seg_neutrophil
25393,51,45,99,111,seg_neutrophil
25394,49,54,102,93,seg_neutrophil
25395,43,43,114,114,seg_neutrophil
25396,45,49,111,102,seg_neutrophil
25397,43,49,114,102,seg_neutrophil
25398,49,46,102,108,band_neutrophil
25399,49,51,102,99,seg_neutrophil
25400,48,43,105,114,seg_neutrophil
25401,9,22,183,156,artifact
25402,43,43,114,114,seg_neutrophil
25403,48,45,105,111,seg_neutrophil
25404,48,55,105,90,lymphocyte
25405,49,49,102,102,seg_neutrophil
25406,66,63,69,75,lymphocyte
25407,61,61,78,78,lymphocyte
25408,58,46,84,108,lymphocyte
25409,52,58,96,84,artifact
25410,51,46,99,108,seg_neutrophil
25411,28,18,144,165,artifact
25412,46,43,108,114,seg_neutrophil
25413,49,49,102,102,seg_neutrophil
25414,45,43,111,114,seg_neutrophil
25415,51,51,99,99,seg_neutrophil
25416,42,45,117,111,seg_neutrophil
25417,54,45,93,111,seg_neutrophil
25418,46,45,108,111,lymphocyte
25419,57,49,87,102,seg_neutrophil
25420,61,63,78,75,lymphocyte
25421,57,61,87,78,lymphocyte
25422,45,57,111,87,seg_neutrophil
25423,46,49,108,102,seg_neutrophil
25424,51,48,99,105,seg_neutrophil
25425,52,52,96,96,seg_neutrophil
25426,58,58,84,84,lymphocyte
25427,54,49,93,102,seg_neutrophil
25428,49,46,102,108,seg_neutrophil
25429,66,67,69,66,g_plt
25430,48,49,105,102,seg_neutrophil
25431,36,42,129,117,monocyte
25432,57,69,87,63,lymphocyte
25433,54,58,93,84,seg_neutrophil
25434,51,49,99,102,seg_neutrophil
25435,48,51,105,99,monocyte
25436,46,49,108,102,seg_neutrophil
25437,49,48,102,105,seg_neutrophil
25438,66,60,69,81,lymphocyte
25439,57,55,87,90,lymphocyte
25440,46,46,108,108,seg_neutrophil
25441,43,46,114,108,seg_neutrophil
25442,57,61,87,78,lymphocyte
25443,52,46,96,108,seg_neutrophil
25444,61,63,78,75,lymphocyte
25445,58,64,84,72,lymphocyte
25446,63,60,75,81,lymphocyte
25447,72,69,57,63,g_plt
25448,49,45,102,111,seg_neutrophil
25449,60,57,81,87,lymphocyte
25450,52,55,96,90,seg_neutrophil
25451,61,61,78,78,lymphocyte
25452,49,55,102,90,seg_neutrophil
25453,55,52,90,96,seg_neutrophil
25454,51,46,99,108,seg_neutrophil
25455,63,63,75,75,lymphocyte
25456,55,49,90,102,seg_neutrophil
25457,45,57,111,87,seg_neutrophil
25458,54,57,93,87,seg_neutrophil
25459,51,52,99,96,seg_neutrophil
25460,54,68,93,102,seg_neutrophil
25461,80,52,93,96,lymphocyte
25462,52,51,96,99,seg_neutrophil
25463,64,63,72,75,lymphocyte
25464,55,66,90,69,lymphocyte
25465,45,49,111,102,seg_neutrophil
25466,52,55,96,90,seg_neutrophil
25467,37,46,126,108,seg_neutrophil
25468,51,42,99,117,seg_neutrophil
25469,66,61,69,78,lymphocyte
25470,46,48,108,105,seg_neutrophil
25471,46,45,108,111,monocyte
25472,52,46,96,108,seg_neutrophil
25473,45,51,111,99,seg_neutrophil
25474,46,51,108,99,seg_neutrophil
25475,54,57,93,87,lymphocyte
25476,51,55,99,90,seg_neutrophil
25477,49,51,102,99,seg_neutrophil
25478,42,46,117,108,seg_neutrophil
25479,55,43,90,114,seg_neutrophil
25480,64,57,72,87,lymphocyte
25481,51,52,99,96,basophil
25482,52,77,96,105,seg_neutrophil
25483,60,61,81,78,lymphocyte
25484,49,37,102,126,monocyte
25485,43,50,114,105,seg_neutrophil
25486,49,48,102,105,seg_neutrophil
25487,48,42,105,117,seg_neutrophil
25488,52,54,96,93,seg_neutrophil
25489,57,57,87,87,lymphocyte
25490,64,66,72,69,lymphocyte
25491,45,46,111,108,seg_neutrophil
25492,46,51,108,99,seg_neutrophil
25493,60,15,81,78,lymphocyte
25494,60,55,81,90,lymphocyte
25495,43,51,114,99,seg_neutrophil
25496,40,48,120,105,seg_neutrophil
25497,51,48,99,105,seg_neutrophil
25498,63,61,75,78,lymphocyte
25499,54,54,93,93,lymphocyte
25500,57,63,87,75,lymphocyte
25501,34,46,132,108,seg_neutrophil
25502,46,54,108,93,seg_neutrophil
25503,51,39,99,108,seg_neutrophil
25504,39,46,123,108,monocyte
25505,54,58,93,84,lymphocyte
25506,42,39,117,123,monocyte
25507,95,52,84,96,lymphocyte
25508,58,66,84,69,lymphocyte
25509,49,51,102,99,seg_neutrophil
25510,52,51,96,99,seg_neutrophil
25511,52,52,96,96,seg_neutrophil
25512,46,43,108,114,seg_neutrophil
25513,46,42,108,117,seg_neutrophil
25514,57,58,87,84,lymphocyte
25515,40,51,120,99,seg_neutrophil
25516,48,51,105,99,seg_neutrophil
25517,58,55,84,90,lymphocyte
25518,45,65,111,99,seg_neutrophil
25519,51,55,99,90,basophil
25520,57,58,87,84,lymphocyte
25521,66,66,69,69,lymphocyte
25522,63,52,75,96,lymphocyte
25523,54,51,93,99,seg_neutrophil
25524,6,49,90,102,lymphocyte
25525,55,58,90,84,lymphocyte
25526,54,27,93,90,lymphocyte
25527,49,51,102,96,seg_neutrophil
25528,60,55,81,90,lymphocyte
25529,42,43,117,114,monocyte
25530,51,49,99,102,eosinophil
25531,61,48,78,105,lymphocyte
25532,42,48,117,105,seg_neutrophil
25533,60,65,81,78,lymphocyte
25534,48,54,105,93,seg_neutrophil
25535,46,46,108,108,seg_neutrophil
25536,66,57,69,87,lymphocyte
25537,61,63,78,75,lymphocyte
25538,46,40,108,120,seg_neutrophil
25539,49,39,102,123,seg_neutrophil
25540,48,46,105,108,seg_neutrophil
25541,49,49,102,102,seg_neutrophil
25542,54,101,93,96,lymphocyte
25543,49,40,102,120,seg_neutrophil
25544,42,62,117,102,seg_neutrophil
25545,39,49,123,102,seg_neutrophil
25546,61,58,78,84,lymphocyte
25547,40,49,120,102,monocyte
25548,45,51,111,99,seg_neutrophil
25549,46,46,108,108,seg_neutrophil
25550,45,52,111,96,seg_neutrophil
25551,48,51,105,99,seg_neutrophil
25552,42,54,117,93,seg_neutrophil
25553,54,51,93,99,seg_neutrophil
25554,55,61,90,78,lymphocyte
25555,49,54,102,93,seg_neutrophil
25556,60,57,81,87,lymphocyte
25557,55,49,90,102,seg_neutrophil
25558,52,48,96,105,seg_neutrophil
25559,64,58,72,84,lymphocyte
25560,57,39,87,78,lymphocyte
25561,52,49,96,102,seg_neutrophil
25562,49,52,102,96,seg_neutrophil
25563,48,45,105,111,seg_neutrophil
25564,63,83,75,84,lymphocyte
25565,49,49,102,102,seg_neutrophil
25566,49,49,102,102,lymphocyte
25567,57,52,87,96,lymphocyte
25568,51,55,99,90,lymphocyte
25569,51,45,99,111,seg_neutrophil
25570,48,55,105,90,seg_neutrophil
25571,49,49,102,102,seg_neutrophil
25572,46,48,108,105,seg_neutrophil
25573,55,52,90,96,lymphocyte
25574,51,52,99,96,seg_neutrophil
25575,48,46,105,108,basophil
25576,55,54,90,93,lymphocyte
25577,40,40,120,120,seg_neutrophil
25578,55,63,90,75,lymphocyte
25579,51,45,99,111,lymphocyte
25580,61,55,78,90,lymphocyte
25581,58,60,84,81,lymphocyte
25582,52,55,96,90,seg_neutrophil
25583,54,54,93,93,lymphocyte
25584,46,46,108,108,seg_neutrophil
25585,46,51,108,99,seg_neutrophil
25586,51,48,99,105,seg_neutrophil
25587,39,49,123,102,seg_neutrophil
25588,43,48,114,105,seg_neutrophil
25589,71,45,108,111,seg_neutrophil
25590,46,49,108,102,seg_neutrophil
25591,45,48,111,105,seg_neutrophil
25592,46,49,108,102,seg_neutrophil
25593,48,52,105,96,seg_neutrophil
25594,55,61,90,78,lymphocyte
25595,49,48,102,105,seg_neutrophil
25596,66,64,69,72,lymphocyte
25597,51,52,99,96,seg_neutrophil
25598,49,52,102,96,seg_neutrophil
25599,60,61,81,78,lymphocyte
25600,48,42,105,111,seg_neutrophil
25601,46,51,108,99,seg_neutrophil
25602,49,48,102,105,seg_neutrophil
25603,51,46,99,108,seg_neutrophil
25604,49,46,102,108,seg_neutrophil
25605,57,55,87,90,lymphocyte
25606,9,36,96,129,seg_neutrophil
25607,46,45,108,111,seg_neutrophil
25608,49,60,102,81,basophil
25609,49,51,102,99,basophil
25610,54,54,93,93,seg_neutrophil
25611,43,45,114,111,seg_neutrophil
25612,54,58,93,84,lymphocyte
25613,52,55,96,90,seg_neutrophil
25614,51,49,99,102,seg_neutrophil
25615,52,51,96,99,seg_neutrophil
25616,51,51,99,99,eosinophil
25617,36,48,129,105,seg_neutrophil
25618,49,49,102,102,seg_neutrophil
25619,74,54,90,93,lymphocyte
25620,54,46,93,108,seg_neutrophil
25621,51,68,99,93,abnormal_lymphocyte
25622,45,40,111,120,monocyte
25623,48,46,105,108,seg_neutrophil
25624,49,55,102,90,seg_neutrophil
25625,49,51,102,99,lymphocyte
25626,48,45,105,111,seg_neutrophil
25627,40,46,120,108,seg_neutrophil
25628,48,55,105,90,seg_neutrophil
25629,48,45,105,111,seg_neutrophil
25630,57,45,87,111,seg_neutrophil
25631,42,48,117,105,seg_neutrophil
25632,48,49,105,102,seg_neutrophil
25633,57,55,87,90,seg_neutrophil
25634,55,42,90,108,seg_neutrophil
25635,52,51,96,99,basophil
25636,45,42,111,117,seg_neutrophil
25637,43,52,114,96,seg_neutrophil
25638,42,27,117,102,seg_neutrophil
25639,49,49,102,102,seg_neutrophil
25640,49,54,102,93,seg_neutrophil
25641,49,52,102,96,seg_neutrophil
25642,48,49,105,102,seg_neutrophil
25643,49,71,102,111,seg_neutrophil
25644,55,54,90,93,lymphocyte
25645,48,49,105,102,seg_neutrophil
25646,49,51,102,99,seg_neutrophil
25647,46,49,108,102,seg_neutrophil
25648,43,55,114,90,seg_neutrophil
25649,52,49,96,102,seg_neutrophil
25650,42,39,117,123,monocyte
25651,51,46,99,108,seg_neutrophil
25652,46,48,108,105,seg_neutrophil
25653,46,48,108,105,seg_neutrophil
25654,52,46,96,108,eosinophil
25655,49,45,102,111,seg_neutrophil
25656,43,52,114,96,seg_neutrophil
25657,51,49,99,102,seg_neutrophil
25658,49,46,102,108,seg_neutrophil
25659,52,46,96,108,seg_neutrophil
25660,48,52,105,96,seg_neutrophil
25661,51,45,99,111,basophil
25662,49,46,102,108,seg_neutrophil
25663,43,49,114,102,seg_neutrophil
25664,46,51,108,99,seg_neutrophil
25665,48,49,105,102,seg_neutrophil
25666,58,54,84,93,lymphocyte
25667,40,42,120,117,seg_neutrophil
25668,51,43,99,114,seg_neutrophil
25669,58,57,84,87,lymphocyte
25670,51,55,99,90,seg_neutrophil
25671,43,49,114,102,seg_neutrophil
25672,45,62,111,105,seg_neutrophil
25673,49,46,102,108,seg_neutrophil
25674,60,58,81,84,lymphocyte
25675,46,51,108,99,seg_neutrophil
25676,61,60,78,81,g_plt
25677,54,51,93,99,lymphocyte
25678,49,51,102,99,seg_neutrophil
25679,42,39,117,123,monocyte
25680,46,46,108,108,seg_neutrophil
25681,48,55,105,90,seg_neutrophil
25682,49,43,102,114,seg_neutrophil
25683,46,52,108,96,seg_neutrophil
25684,49,58,102,84,seg_neutrophil
25685,42,48,117,105,seg_neutrophil
25686,42,77,117,117,seg_neutrophil
25687,46,49,108,102,eosinophil
25688,48,51,105,99,band_neutrophil
25689,57,63,87,75,lymphocyte
25690,42,52,117,96,seg_neutrophil
25691,54,54,93,93,lymphocyte
25692,54,49,93,102,lymphocyte
25693,43,48,114,105,seg_neutrophil
25694,48,55,105,90,seg_neutrophil
25695,57,58,87,84,lymphocyte
25696,43,54,114,93,seg_neutrophil
25697,57,39,87,87,lymphocyte
25698,52,54,96,93,seg_neutrophil
25699,48,45,105,111,seg_neutrophil
25700,48,49,105,102,seg_neutrophil
25701,52,57,96,87,seg_neutrophil
25702,71,58,99,84,lymphocyte
25703,49,45,102,111,seg_neutrophil
25704,57,55,87,90,lymphocyte
25705,42,46,117,108,seg_neutrophil
25706,42,45,117,111,seg_neutrophil
25707,46,51,108,99,seg_neutrophil
25708,46,51,108,99,seg_neutrophil
25709,46,45,108,111,seg_neutrophil
25710,48,46,105,108,seg_neutrophil
25711,63,63,75,75,lymphocyte
25712,52,45,96,111,lymphocyte
25713,46,48,108,105,seg_neutrophil
25714,49,58,102,84,seg_neutrophil
25715,49,48,102,105,seg_neutrophil
25716,55,55,90,90,lymphocyte
25717,49,46,102,108,seg_neutrophil
25718,42,43,117,114,seg_neutrophil
25719,46,52,108,96,seg_neutrophil
25720,52,46,96,108,seg_neutrophil
25721,45,42,111,117,seg_neutrophil
25722,49,55,102,90,seg_neutrophil
25723,42,42,117,117,seg_neutrophil
25724,46,48,108,105,seg_neutrophil
25725,40,36,120,129,monocyte
25726,45,45,111,111,seg_neutrophil
25727,70,51,60,60,g_plt
25728,49,46,102,108,seg_neutrophil
25729,48,48,105,105,seg_neutrophil
25730,48,49,105,102,seg_neutrophil
25731,54,52,93,96,lymphocyte
25732,43,42,114,117,seg_neutrophil
25733,43,45,114,111,seg_neutrophil
25734,48,49,105,102,seg_neutrophil
25735,58,54,84,93,lymphocyte
25736,49,55,102,90,seg_neutrophil
25737,51,48,99,105,seg_neutrophil
25738,58,58,84,84,lymphocyte
25739,51,42,99,117,seg_neutrophil
25740,43,46,114,108,seg_neutrophil
25741,51,48,99,105,seg_neutrophil
25742,54,49,93,102,seg_neutrophil
25743,48,52,105,96,seg_neutrophil
25744,58,48,84,105,seg_neutrophil
25745,52,55,96,90,lymphocyte
25746,49,58,102,84,seg_neutrophil
25747,45,51,111,99,seg_neutrophil
25748,48,46,105,108,seg_neutrophil
25749,48,51,105,99,seg_neutrophil
25750,58,58,84,84,lymphocyte
25751,54,54,93,93,lymphocyte
25752,52,51,96,99,seg_neutrophil
25753,57,55,87,90,lymphocyte
25754,43,55,114,90,seg_neutrophil
25755,45,48,111,105,seg_neutrophil
25756,48,49,105,102,seg_neutrophil
25757,52,54,96,93,seg_neutrophil
25758,51,51,99,99,seg_neutrophil
25759,48,54,105,93,seg_neutrophil
25760,52,54,96,93,seg_neutrophil
25761,51,52,99,96,seg_neutrophil
25762,61,60,78,81,lymphocyte
25763,48,48,105,105,seg_neutrophil
25764,51,51,99,99,seg_neutrophil
25765,46,49,108,102,seg_neutrophil
25766,46,48,108,105,seg_neutrophil
25767,45,39,111,123,seg_neutrophil
25768,48,48,105,105,seg_neutrophil
25769,48,54,105,93,seg_neutrophil
25770,46,51,108,99,lymphocyte
25771,64,55,72,90,lymphocyte
25772,49,48,102,87,seg_neutrophil
