img_num,slide_num
0,0
1,0
2,0
3,0
4,0
5,0
6,0
7,0
8,0
9,0
10,0
11,0
12,0
13,0
14,0
15,0
16,0
17,0
18,0
19,0
20,0
21,0
22,0
23,0
24,0
25,0
26,0
27,0
28,0
29,0
30,0
31,0
32,0
33,0
34,0
35,0
36,0
37,0
38,0
39,0
40,0
41,0
42,0
43,0
44,0
45,0
46,0
47,0
48,0
49,0
50,0
51,0
52,0
53,0
54,0
55,0
56,0
57,0
58,0
59,0
60,0
61,0
62,0
63,0
64,0
65,0
66,0
67,0
68,0
69,0
70,0
71,0
72,0
73,0
74,0
75,0
76,0
77,0
78,0
79,0
80,0
81,0
82,0
83,0
84,0
85,0
86,0
87,0
88,0
89,0
90,0
91,0
92,0
93,0
94,0
95,0
96,0
97,0
98,0
99,0
100,0
101,0
102,0
103,0
104,0
105,0
106,0
107,0
108,0
109,0
110,0
111,0
112,0
113,0
114,0
115,0
116,0
117,0
118,0
119,0
120,0
121,0
122,0
123,0
124,0
125,0
126,0
127,0
128,0
129,0
130,0
131,0
132,0
133,0
134,0
135,0
136,0
137,0
138,0
139,0
140,0
141,0
142,0
143,0
144,0
145,0
146,0
147,0
148,0
149,0
150,0
151,0
152,0
153,0
154,0
155,0
156,0
157,0
158,0
159,0
160,0
161,0
162,0
163,0
164,0
165,0
166,0
167,0
168,0
169,0
170,0
171,0
172,0
173,0
174,0
175,0
176,0
177,0
178,0
179,0
180,0
181,0
182,0
183,0
184,0
185,0
186,0
187,0
188,0
189,0
190,0
191,0
192,0
193,0
194,0
195,0
196,0
197,0
198,0
199,0
200,0
201,0
202,0
203,0
204,0
205,0
206,0
207,0
208,0
209,0
210,0
211,0
212,0
213,0
214,0
215,0
216,0
217,0
218,0
219,1
220,1
221,1
222,1
223,1
224,1
225,1
226,1
227,1
228,1
229,1
230,1
231,1
232,1
233,1
234,1
235,1
236,1
237,1
238,1
239,1
240,1
241,1
242,1
243,1
244,1
245,1
246,1
247,1
248,1
249,1
250,1
251,1
252,1
253,1
254,1
255,1
256,1
257,1
258,1
259,1
260,1
261,1
262,1
263,1
264,1
265,1
266,1
267,1
268,1
269,1
270,1
271,1
272,1
273,1
274,1
275,1
276,1
277,1
278,1
279,1
280,1
281,1
282,1
283,1
284,1
285,1
286,1
287,1
288,1
289,1
290,1
291,1
292,1
293,1
294,1
295,1
296,1
297,1
298,1
299,1
300,1
301,1
302,1
303,1
304,1
305,1
306,1
307,1
308,1
309,1
310,1
311,1
312,1
313,1
314,1
315,1
316,1
317,1
318,1
319,1
320,1
321,1
322,1
323,1
324,1
325,1
326,1
327,1
328,1
329,1
330,1
331,1
332,1
333,1
334,1
335,1
336,1
337,1
338,1
339,1
340,1
341,1
342,1
343,1
344,1
345,1
346,2
347,2
348,2
349,2
350,2
351,2
352,2
353,2
354,2
355,2
356,2
357,2
358,2
359,2
360,2
361,2
362,2
363,2
364,2
365,2
366,2
367,2
368,2
369,2
370,2
371,2
372,2
373,2
374,2
375,2
376,2
377,2
378,2
379,2
380,2
381,2
382,2
383,2
384,2
385,2
386,2
387,2
388,2
389,2
390,2
391,2
392,2
393,2
394,2
395,2
396,2
397,2
398,2
399,2
400,2
401,2
402,2
403,2
404,2
405,2
406,2
407,2
408,2
409,2
410,2
411,2
412,2
413,2
414,2
415,2
416,2
417,2
418,2
419,2
420,2
421,2
422,2
423,2
424,2
425,2
426,2
427,2
428,2
429,2
430,2
431,2
432,2
433,2
434,2
435,2
436,2
437,2
438,2
439,2
440,2
441,2
442,2
443,2
444,2
445,2
446,2
447,2
448,2
449,2
450,2
451,2
452,2
453,2
454,2
455,2
456,2
457,2
458,2
459,2
460,2
461,2
462,2
463,2
464,2
465,2
466,2
467,2
468,2
469,2
470,2
471,2
472,2
473,2
474,2
475,2
476,2
477,2
478,2
479,2
480,2
481,2
482,2
483,2
484,2
485,2
486,3
487,3
488,3
489,3
490,3
491,3
492,3
493,3
494,3
495,3
496,3
497,3
498,3
499,3
500,3
501,3
502,3
503,3
504,3
505,3
506,3
507,3
508,3
509,3
510,3
511,3
512,3
513,3
514,3
515,3
516,3
517,3
518,3
519,3
520,3
521,3
522,3
523,3
524,3
525,3
526,3
527,3
528,3
529,3
530,3
531,3
532,3
533,3
534,3
535,3
536,3
537,3
538,3
539,3
540,3
541,3
542,3
543,3
544,3
545,3
546,3
547,3
548,3
549,3
550,3
551,3
552,3
553,3
554,3
555,3
556,3
557,3
558,3
559,3
560,3
561,3
562,3
563,3
564,3
565,3
566,3
567,3
568,3
569,3
570,3
571,3
572,3
573,3
574,3
575,3
576,3
577,3
578,3
579,3
580,3
581,3
582,3
583,3
584,3
585,3
586,3
587,3
588,3
589,3
590,3
591,3
592,3
593,3
594,3
595,3
596,3
597,3
598,3
599,3
600,3
601,3
602,3
603,3
604,3
605,3
606,3
607,3
608,3
609,3
610,3
611,3
612,3
613,3
614,3
615,3
616,3
617,3
618,3
619,3
620,3
621,3
622,3
623,3
624,3
625,3
626,3
627,3
628,3
629,3
630,3
631,3
632,3
633,3
634,3
635,3
636,3
637,3
638,3
639,3
640,3
641,3
642,3
643,3
644,3
645,3
646,3
647,3
648,3
649,3
650,3
651,3
652,3
653,3
654,3
655,3
656,3
657,3
658,3
659,3
660,3
661,3
662,3
663,3
664,3
665,3
666,3
667,3
668,3
669,3
670,3
671,3
672,3
673,3
674,3
675,3
676,3
677,3
678,3
679,3
680,3
681,3
682,3
683,3
684,3
685,3
686,3
687,3
688,3
689,3
690,3
691,3
692,3
693,3
694,3
695,3
696,3
697,3
698,3
699,3
700,3
701,3
702,3
703,3
704,3
705,3
706,3
707,3
708,3
709,3
710,3
711,3
712,3
713,3
714,3
715,3
716,3
717,3
718,3
719,3
720,3
721,3
722,3
723,3
724,3
725,3
726,3
727,3
728,3
729,3
730,3
731,3
732,3
733,3
734,3
735,3
736,3
737,3
738,3
739,3
740,3
741,3
742,3
743,3
744,3
745,3
746,3
747,3
748,3
749,3
750,3
751,3
752,3
753,3
754,3
755,3
756,3
757,3
758,3
759,3
760,3
761,3
762,3
763,3
764,3
765,3
766,3
767,3
768,3
769,3
770,3
771,3
772,3
773,3
774,3
775,3
776,3
777,3
778,3
779,3
780,3
781,3
782,3
783,3
784,3
785,3
786,3
787,3
788,3
789,3
790,3
791,3
792,3
793,3
794,3
795,3
796,3
797,3
798,3
799,3
800,3
801,3
802,3
803,3
804,3
805,3
806,3
807,3
808,3
809,3
810,3
811,3
812,3
813,3
814,3
815,3
816,3
817,3
818,3
819,3
820,3
821,3
822,3
823,3
824,3
825,3
826,3
827,3
828,3
829,3
830,3
831,3
832,3
833,3
834,3
835,3
836,3
837,3
838,3
839,3
840,3
841,3
842,3
843,3
844,3
845,3
846,3
847,3
848,3
849,3
850,3
851,3
852,3
853,3
854,3
855,3
856,3
857,3
858,3
859,3
860,3
861,3
862,3
863,3
864,3
865,3
866,3
867,3
868,3
869,3
870,3
871,3
872,3
873,3
874,3
875,3
876,3
877,3
878,3
879,3
880,3
881,3
882,3
883,3
884,3
885,3
886,3
887,3
888,3
889,3
890,3
891,3
892,3
893,3
894,3
895,3
896,3
897,3
898,3
899,3
900,3
901,3
902,3
903,3
904,3
905,3
906,3
907,3
908,3
909,3
910,3
911,4
912,4
913,4
914,4
915,4
916,4
917,4
918,4
919,4
920,4
921,4
922,4
923,4
924,4
925,4
926,4
927,4
928,4
929,4
930,4
931,4
932,4
933,4
934,4
935,4
936,4
937,4
938,4
939,4
940,4
941,4
942,4
943,4
944,4
945,4
946,4
947,4
948,4
949,4
950,4
951,4
952,4
953,4
954,4
955,4
956,4
957,4
958,4
959,4
960,4
961,4
962,4
963,4
964,4
965,4
966,4
967,4
968,4
969,4
970,4
971,4
972,4
973,4
974,4
975,4
976,4
977,4
978,4
979,4
980,4
981,4
982,4
983,4
984,4
985,4
986,4
987,4
988,4
989,4
990,4
991,4
992,4
993,4
994,4
995,4
996,4
997,4
998,4
999,4
1000,4
1001,4
1002,4
1003,4
1004,4
1005,4
1006,4
1007,4
1008,4
1009,4
1010,4
1011,4
1012,4
1013,4
1014,4
1015,4
1016,4
1017,4
1018,4
1019,4
1020,4
1021,4
1022,4
1023,4
1024,4
1025,4
1026,4
1027,4
1028,4
1029,4
1030,4
1031,4
1032,4
1033,4
1034,4
1035,4
1036,4
1037,4
1038,4
1039,4
1040,4
1041,4
1042,4
1043,4
1044,4
1045,4
1046,4
1047,4
1048,4
1049,4
1050,4
1051,4
1052,4
1053,4
1054,4
1055,4
1056,4
1057,4
1058,4
1059,4
1060,4
1061,4
1062,4
1063,4
1064,4
1065,4
1066,4
1067,4
1068,5
1069,5
1070,5
1071,5
1072,5
1073,5
1074,5
1075,5
1076,5
1077,5
1078,5
1079,5
1080,5
1081,5
1082,5
1083,5
1084,5
1085,5
1086,5
1087,5
1088,5
1089,5
1090,5
1091,5
1092,5
1093,5
1094,5
1095,5
1096,5
1097,5
1098,5
1099,5
1100,5
1101,5
1102,5
1103,5
1104,5
1105,5
1106,5
1107,5
1108,5
1109,5
1110,5
1111,5
1112,5
1113,5
1114,5
1115,5
1116,5
1117,5
1118,5
1119,5
1120,5
1121,5
1122,5
1123,5
1124,5
1125,5
1126,5
1127,5
1128,5
1129,5
1130,5
1131,5
1132,5
1133,5
1134,5
1135,5
1136,5
1137,5
1138,5
1139,5
1140,5
1141,5
1142,5
1143,5
1144,5
1145,5
1146,5
1147,5
1148,5
1149,5
1150,5
1151,5
1152,5
1153,5
1154,5
1155,5
1156,5
1157,5
1158,5
1159,5
1160,5
1161,5
1162,5
1163,5
1164,5
1165,5
1166,5
1167,5
1168,5
1169,5
1170,5
1171,5
1172,5
1173,5
1174,5
1175,5
1176,5
1177,5
1178,5
1179,5
1180,5
1181,5
1182,5
1183,5
1184,5
1185,5
1186,5
1187,5
1188,5
1189,5
1190,5
1191,5
1192,5
1193,5
1194,5
1195,5
1196,5
1197,5
1198,5
1199,5
1200,5
1201,5
1202,5
1203,5
1204,5
1205,5
1206,5
1207,5
1208,5
1209,5
1210,5
1211,5
1212,5
1213,5
1214,5
1215,5
1216,5
1217,5
1218,5
1219,5
1220,5
1221,5
1222,5
1223,5
1224,5
1225,5
1226,5
1227,5
1228,5
1229,5
1230,5
1231,5
1232,6
1233,6
1234,6
1235,6
1236,6
1237,6
1238,6
1239,6
1240,6
1241,6
1242,6
1243,6
1244,6
1245,6
1246,6
1247,6
1248,6
1249,6
1250,6
1251,6
1252,6
1253,6
1254,6
1255,6
1256,6
1257,6
1258,6
1259,6
1260,6
1261,6
1262,6
1263,6
1264,6
1265,6
1266,6
1267,6
1268,6
1269,6
1270,6
1271,6
1272,6
1273,6
1274,6
1275,6
1276,6
1277,6
1278,6
1279,6
1280,6
1281,6
1282,6
1283,6
1284,6
1285,6
1286,6
1287,6
1288,6
1289,6
1290,6
1291,6
1292,6
1293,6
1294,6
1295,6
1296,6
1297,6
1298,6
1299,6
1300,6
1301,6
1302,6
1303,6
1304,6
1305,6
1306,6
1307,6
1308,6
1309,6
1310,6
1311,6
1312,6
1313,6
1314,6
1315,6
1316,6
1317,6
1318,6
1319,6
1320,6
1321,6
1322,6
1323,6
1324,6
1325,6
1326,6
1327,6
1328,6
1329,6
1330,6
1331,6
1332,6
1333,6
1334,6
1335,6
1336,6
1337,6
1338,6
1339,6
1340,6
1341,6
1342,6
1343,6
1344,6
1345,6
1346,6
1347,6
1348,6
1349,6
1350,6
1351,6
1352,6
1353,6
1354,6
1355,6
1356,6
1357,6
1358,6
1359,6
1360,6
1361,6
1362,7
1363,7
1364,7
1365,7
1366,7
1367,7
1368,7
1369,7
1370,7
1371,7
1372,7
1373,7
1374,7
1375,7
1376,7
1377,7
1378,7
1379,7
1380,7
1381,7
1382,7
1383,7
1384,7
1385,7
1386,7
1387,7
1388,7
1389,7
1390,7
1391,7
1392,7
1393,7
1394,7
1395,7
1396,7
1397,7
1398,7
1399,7
1400,7
1401,7
1402,7
1403,7
1404,7
1405,7
1406,7
1407,7
1408,7
1409,7
1410,7
1411,7
1412,7
1413,7
1414,7
1415,7
1416,7
1417,7
1418,7
1419,7
1420,7
1421,7
1422,7
1423,7
1424,7
1425,7
1426,7
1427,7
1428,7
1429,7
1430,7
1431,7
1432,7
1433,7
1434,7
1435,7
1436,7
1437,7
1438,7
1439,7
1440,7
1441,7
1442,7
1443,7
1444,7
1445,7
1446,7
1447,7
1448,7
1449,7
1450,7
1451,7
1452,7
1453,7
1454,7
1455,7
1456,7
1457,7
1458,7
1459,7
1460,7
1461,7
1462,7
1463,7
1464,7
1465,7
1466,7
1467,7
1468,7
1469,7
1470,7
1471,7
1472,7
1473,7
1474,7
1475,7
1476,7
1477,7
1478,7
1479,7
1480,7
1481,7
1482,7
1483,7
1484,7
1485,7
1486,7
1487,7
1488,7
1489,7
1490,7
1491,7
1492,7
1493,7
1494,7
1495,7
1496,7
1497,7
1498,7
1499,7
1500,7
1501,7
1502,7
1503,7
1504,7
1505,7
1506,7
1507,7
1508,7
1509,7
1510,7
1511,7
1512,7
1513,7
1514,7
1515,8
1516,8
1517,8
1518,8
1519,8
1520,8
1521,8
1522,8
1523,8
1524,8
1525,8
1526,8
1527,8
1528,8
1529,8
1530,8
1531,8
1532,8
1533,8
1534,8
1535,8
1536,8
1537,8
1538,8
1539,8
1540,8
1541,8
1542,8
1543,8
1544,8
1545,8
1546,8
1547,8
1548,8
1549,8
1550,8
1551,8
1552,8
1553,8
1554,8
1555,8
1556,8
1557,8
1558,8
1559,8
1560,8
1561,8
1562,8
1563,8
1564,8
1565,8
1566,8
1567,8
1568,8
1569,8
1570,8
1571,8
1572,8
1573,8
1574,8
1575,8
1576,8
1577,8
1578,8
1579,8
1580,8
1581,8
1582,8
1583,8
1584,8
1585,8
1586,8
1587,8
1588,8
1589,8
1590,8
1591,8
1592,8
1593,8
1594,8
1595,8
1596,8
1597,8
1598,8
1599,8
1600,8
1601,8
1602,8
1603,8
1604,8
1605,8
1606,8
1607,8
1608,8
1609,8
1610,8
1611,8
1612,8
1613,8
1614,8
1615,8
1616,8
1617,8
1618,8
1619,8
1620,8
1621,8
1622,8
1623,8
1624,8
1625,8
1626,8
1627,8
1628,8
1629,8
1630,8
1631,8
1632,8
1633,8
1634,8
1635,8
1636,8
1637,8
1638,8
1639,8
1640,8
1641,8
1642,8
1643,8
1644,8
1645,8
1646,8
1647,8
1648,8
1649,8
1650,8
1651,8
1652,8
1653,8
1654,8
1655,8
1656,8
1657,8
1658,8
1659,8
1660,8
1661,8
1662,8
1663,8
1664,8
1665,8
1666,8
1667,8
1668,8
1669,8
1670,8
1671,8
1672,8
1673,8
1674,8
1675,8
1676,8
1677,8
1678,8
1679,8
1680,8
1681,8
1682,8
1683,8
1684,8
1685,8
1686,8
1687,8
1688,8
1689,8
1690,8
1691,8
1692,8
1693,8
1694,8
1695,8
1696,8
1697,8
1698,8
1699,8
1700,8
1701,8
1702,8
1703,8
1704,8
1705,8
1706,8
1707,8
1708,8
1709,8
1710,8
1711,8
1712,8
1713,8
1714,8
1715,8
1716,8
1717,8
1718,8
1719,8
1720,8
1721,8
1722,8
1723,8
1724,8
1725,8
1726,8
1727,8
1728,8
1729,8
1730,8
1731,8
1732,8
1733,8
1734,8
1735,8
1736,8
1737,8
1738,8
1739,8
1740,8
1741,8
1742,8
1743,8
1744,8
1745,8
1746,8
1747,8
1748,8
1749,8
1750,8
1751,8
1752,8
1753,8
1754,8
1755,8
1756,8
1757,8
1758,8
1759,8
1760,8
1761,8
1762,8
1763,8
1764,8
1765,8
1766,8
1767,8
1768,8
1769,8
1770,8
1771,8
1772,8
1773,8
1774,8
1775,8
1776,8
1777,8
1778,8
1779,8
1780,8
1781,8
1782,8
1783,8
1784,8
1785,8
1786,8
1787,8
1788,8
1789,8
1790,8
1791,8
1792,8
1793,8
1794,8
1795,8
1796,8
1797,8
1798,8
1799,8
1800,8
1801,8
1802,8
1803,8
1804,8
1805,8
1806,8
1807,8
1808,8
1809,8
1810,8
1811,8
1812,8
1813,8
1814,8
1815,8
1816,8
1817,8
1818,8
1819,8
1820,8
1821,8
1822,8
1823,8
1824,8
1825,8
1826,8
1827,8
1828,8
1829,8
1830,8
1831,8
1832,8
1833,8
1834,8
1835,8
1836,8
1837,8
1838,8
1839,8
1840,8
1841,8
1842,8
1843,8
1844,8
1845,8
1846,8
1847,8
1848,8
1849,8
1850,8
1851,8
1852,8
1853,8
1854,8
1855,8
1856,8
1857,8
1858,8
1859,8
1860,8
1861,8
1862,8
1863,8
1864,8
1865,8
1866,8
1867,8
1868,8
1869,8
1870,8
1871,8
1872,8
1873,8
1874,8
1875,8
1876,8
1877,8
1878,8
1879,8
1880,8
1881,8
1882,8
1883,8
1884,8
1885,8
1886,8
1887,8
1888,8
1889,8
1890,8
1891,8
1892,8
1893,8
1894,8
1895,8
1896,8
1897,8
1898,8
1899,8
1900,8
1901,8
1902,8
1903,8
1904,8
1905,8
1906,8
1907,8
1908,8
1909,8
1910,8
1911,8
1912,8
1913,8
1914,8
1915,8
1916,8
1917,8
1918,8
1919,8
1920,8
1921,8
1922,8
1923,8
1924,8
1925,8
1926,8
1927,8
1928,8
1929,8
1930,8
1931,8
1932,8
1933,8
1934,8
1935,8
1936,8
1937,8
1938,8
1939,8
1940,8
1941,8
1942,8
1943,8
1944,8
1945,8
1946,8
1947,8
1948,8
1949,8
1950,8
1951,8
1952,8
1953,8
1954,8
1955,8
1956,8
1957,8
1958,8
1959,8
1960,8
1961,8
1962,8
1963,8
1964,8
1965,8
1966,8
1967,8
1968,8
1969,8
1970,8
1971,8
1972,8
1973,8
1974,8
1975,8
1976,8
1977,8
1978,8
1979,8
1980,8
1981,8
1982,8
1983,8
1984,8
1985,8
1986,8
1987,8
1988,8
1989,8
1990,8
1991,8
1992,8
1993,8
1994,8
1995,8
1996,8
1997,8
1998,8
1999,8
2000,8
2001,8
2002,8
2003,8
2004,8
2005,8
2006,8
2007,8
2008,8
2009,8
2010,8
2011,8
2012,8
2013,8
2014,8
2015,8
2016,8
2017,8
2018,8
2019,8
2020,8
2021,8
2022,8
2023,8
2024,8
2025,8
2026,8
2027,8
2028,8
2029,8
2030,8
2031,8
2032,8
2033,8
2034,8
2035,8
2036,8
2037,8
2038,8
2039,8
2040,8
2041,8
2042,8
2043,8
2044,8
2045,8
2046,8
2047,8
2048,8
2049,8
2050,8
2051,8
2052,8
2053,8
2054,9
2055,9
2056,9
2057,9
2058,9
2059,9
2060,9
2061,9
2062,9
2063,9
2064,9
2065,9
2066,9
2067,9
2068,9
2069,9
2070,9
2071,9
2072,9
2073,9
2074,9
2075,9
2076,9
2077,9
2078,9
2079,9
2080,9
2081,9
2082,9
2083,9
2084,9
2085,9
2086,9
2087,9
2088,9
2089,9
2090,9
2091,9
2092,9
2093,9
2094,9
2095,9
2096,9
2097,9
2098,9
2099,9
2100,9
2101,9
2102,9
2103,9
2104,9
2105,9
2106,9
2107,9
2108,9
2109,9
2110,9
2111,9
2112,9
2113,9
2114,9
2115,9
2116,9
2117,9
2118,9
2119,9
2120,9
2121,9
2122,9
2123,9
2124,9
2125,9
2126,9
2127,9
2128,9
2129,9
2130,9
2131,9
2132,9
2133,9
2134,9
2135,9
2136,9
2137,9
2138,9
2139,9
2140,10
2141,10
2142,10
2143,10
2144,10
2145,10
2146,10
2147,10
2148,10
2149,10
2150,10
2151,10
2152,10
2153,10
2154,10
2155,10
2156,10
2157,10
2158,10
2159,10
2160,10
2161,10
2162,10
2163,10
2164,10
2165,10
2166,10
2167,10
2168,10
2169,10
2170,10
2171,10
2172,10
2173,10
2174,10
2175,10
2176,10
2177,10
2178,10
2179,10
2180,10
2181,10
2182,10
2183,10
2184,10
2185,10
2186,10
2187,10
2188,10
2189,10
2190,10
2191,10
2192,10
2193,10
2194,10
2195,10
2196,10
2197,10
2198,10
2199,10
2200,10
2201,11
2202,11
2203,11
2204,11
2205,11
2206,11
2207,11
2208,11
2209,11
2210,11
2211,11
2212,11
2213,11
2214,11
2215,11
2216,11
2217,11
2218,11
2219,11
2220,11
2221,11
2222,11
2223,11
2224,11
2225,11
2226,11
2227,11
2228,11
2229,11
2230,11
2231,11
2232,11
2233,11
2234,11
2235,11
2236,11
2237,11
2238,11
2239,11
2240,11
2241,11
2242,11
2243,11
2244,11
2245,11
2246,11
2247,11
2248,11
2249,11
2250,11
2251,11
2252,11
2253,11
2254,11
2255,11
2256,11
2257,11
2258,11
2259,11
2260,11
2261,11
2262,11
2263,11
2264,11
2265,11
2266,11
2267,11
2268,11
2269,11
2270,11
2271,11
2272,11
2273,11
2274,11
2275,11
2276,11
2277,11
2278,11
2279,11
2280,11
2281,11
2282,11
2283,11
2284,11
2285,11
2286,11
2287,11
2288,11
2289,11
2290,11
2291,11
2292,11
2293,11
2294,11
2295,11
2296,11
2297,11
2298,11
2299,11
2300,11
2301,11
2302,11
2303,11
2304,11
2305,11
2306,11
2307,11
2308,11
2309,11
2310,11
2311,11
2312,11
2313,11
2314,11
2315,11
2316,11
2317,11
2318,11
2319,11
2320,11
2321,11
2322,11
2323,11
2324,11
2325,11
2326,11
2327,11
2328,11
2329,11
2330,11
2331,11
2332,11
2333,11
2334,11
2335,11
2336,11
2337,11
2338,11
2339,11
2340,11
2341,11
2342,11
2343,11
2344,11
2345,11
2346,11
2347,11
2348,11
2349,11
2350,11
2351,11
2352,11
2353,11
2354,11
2355,11
2356,11
2357,11
2358,11
2359,11
2360,11
2361,11
2362,11
2363,11
2364,11
2365,11
2366,11
2367,11
2368,11
2369,11
2370,11
2371,11
2372,11
2373,11
2374,11
2375,11
2376,11
2377,11
2378,11
2379,11
2380,11
2381,11
2382,11
2383,11
2384,11
2385,11
2386,11
2387,11
2388,11
2389,11
2390,11
2391,11
2392,11
2393,11
2394,11
2395,11
2396,11
2397,11
2398,11
2399,11
2400,11
2401,11
2402,11
2403,11
2404,11
2405,11
2406,11
2407,11
2408,11
2409,11
2410,11
2411,11
2412,11
2413,11
2414,11
2415,11
2416,11
2417,11
2418,11
2419,11
2420,11
2421,11
2422,11
2423,11
2424,11
2425,11
2426,11
2427,11
2428,11
2429,11
2430,11
2431,11
2432,11
2433,11
2434,11
2435,11
2436,11
2437,11
2438,11
2439,11
2440,11
2441,11
2442,11
2443,11
2444,11
2445,11
2446,11
2447,11
2448,11
2449,11
2450,11
2451,11
2452,11
2453,11
2454,11
2455,11
2456,11
2457,11
2458,11
2459,11
2460,11
2461,11
2462,11
2463,11
2464,11
2465,11
2466,11
2467,11
2468,11
2469,11
2470,11
2471,11
2472,11
2473,11
2474,11
2475,11
2476,11
2477,11
2478,11
2479,11
2480,11
2481,11
2482,11
2483,11
2484,11
2485,11
2486,11
2487,11
2488,11
2489,11
2490,11
2491,11
2492,12
2493,12
2494,12
2495,12
2496,12
2497,12
2498,12
2499,12
2500,12
2501,12
2502,12
2503,12
2504,12
2505,12
2506,12
2507,12
2508,12
2509,12
2510,12
2511,12
2512,12
2513,12
2514,12
2515,12
2516,12
2517,12
2518,12
2519,12
2520,12
2521,12
2522,12
2523,12
2524,12
2525,12
2526,12
2527,12
2528,12
2529,12
2530,12
2531,12
2532,12
2533,12
2534,12
2535,12
2536,12
2537,12
2538,12
2539,12
2540,12
2541,12
2542,12
2543,12
2544,12
2545,12
2546,12
2547,12
2548,12
2549,12
2550,12
2551,12
2552,12
2553,12
2554,12
2555,12
2556,12
2557,12
2558,12
2559,12
2560,12
2561,12
2562,12
2563,12
2564,12
2565,12
2566,12
2567,12
2568,12
2569,12
2570,12
2571,12
2572,12
2573,12
2574,12
2575,12
2576,12
2577,12
2578,12
2579,12
2580,12
2581,12
2582,12
2583,12
2584,12
2585,12
2586,12
2587,12
2588,12
2589,12
2590,12
2591,12
2592,12
2593,12
2594,12
2595,12
2596,12
2597,12
2598,12
2599,12
2600,12
2601,12
2602,12
2603,12
2604,12
2605,12
2606,12
2607,12
2608,12
2609,12
2610,12
2611,12
2612,12
2613,12
2614,12
2615,12
2616,12
2617,12
2618,12
2619,12
2620,12
2621,12
2622,12
2623,12
2624,12
2625,12
2626,12
2627,12
2628,12
2629,12
2630,12
2631,12
2632,12
2633,12
2634,12
2635,12
2636,12
2637,12
2638,12
2639,12
2640,12
2641,12
2642,12
2643,12
2644,12
2645,12
2646,12
2647,12
2648,12
2649,12
2650,12
2651,12
2652,12
2653,12
2654,12
2655,12
2656,12
2657,12
2658,12
2659,12
2660,12
2661,12
2662,12
2663,12
2664,12
2665,12
2666,12
2667,12
2668,12
2669,12
2670,12
2671,12
2672,12
2673,12
2674,12
2675,12
2676,12
2677,12
2678,12
2679,12
2680,12
2681,12
2682,12
2683,12
2684,12
2685,12
2686,12
2687,12
2688,12
2689,12
2690,12
2691,12
2692,12
2693,12
2694,12
2695,12
2696,12
2697,12
2698,12
2699,12
2700,12
2701,12
2702,12
2703,12
2704,12
2705,12
2706,12
2707,12
2708,12
2709,12
2710,12
2711,12
2712,12
2713,12
2714,12
2715,12
2716,12
2717,12
2718,12
2719,12
2720,12
2721,12
2722,12
2723,12
2724,12
2725,12
2726,12
2727,12
2728,12
2729,12
2730,12
2731,12
2732,12
2733,12
2734,12
2735,12
2736,12
2737,12
2738,12
2739,12
2740,12
2741,12
2742,12
2743,12
2744,12
2745,12
2746,12
2747,12
2748,12
2749,12
2750,12
2751,12
2752,12
2753,12
2754,12
2755,12
2756,12
2757,12
2758,12
2759,12
2760,12
2761,12
2762,12
2763,12
2764,12
2765,12
2766,12
2767,12
2768,12
2769,12
2770,12
2771,12
2772,12
2773,12
2774,12
2775,12
2776,12
2777,12
2778,12
2779,12
2780,12
2781,12
2782,12
2783,12
2784,12
2785,12
2786,12
2787,12
2788,12
2789,12
2790,12
2791,12
2792,12
2793,12
2794,12
2795,12
2796,12
2797,12
2798,12
2799,12
2800,12
2801,12
2802,12
2803,12
2804,12
2805,12
2806,12
2807,12
2808,12
2809,12
2810,12
2811,12
2812,12
2813,12
2814,12
2815,12
2816,12
2817,12
2818,12
2819,12
2820,12
2821,12
2822,12
2823,12
2824,12
2825,12
2826,12
2827,12
2828,12
2829,12
2830,12
2831,12
2832,12
2833,12
2834,12
2835,12
2836,12
2837,12
2838,12
2839,12
2840,12
2841,12
2842,12
2843,13
2844,13
2845,13
2846,13
2847,13
2848,13
2849,13
2850,13
2851,13
2852,13
2853,13
2854,13
2855,13
2856,13
2857,13
2858,13
2859,13
2860,13
2861,13
2862,13
2863,13
2864,13
2865,13
2866,13
2867,13
2868,13
2869,13
2870,13
2871,13
2872,13
2873,13
2874,13
2875,13
2876,13
2877,13
2878,13
2879,13
2880,13
2881,13
2882,13
2883,13
2884,13
2885,13
2886,13
2887,13
2888,13
2889,13
2890,13
2891,13
2892,13
2893,13
2894,13
2895,13
2896,13
2897,13
2898,13
2899,13
2900,13
2901,13
2902,13
2903,13
2904,13
2905,13
2906,13
2907,13
2908,13
2909,13
2910,13
2911,13
2912,13
2913,13
2914,13
2915,13
2916,13
2917,13
2918,13
2919,13
2920,13
2921,13
2922,13
2923,13
2924,13
2925,13
2926,13
2927,13
2928,13
2929,13
2930,13
2931,13
2932,13
2933,13
2934,13
2935,13
2936,13
2937,13
2938,13
2939,13
2940,13
2941,13
2942,13
2943,13
2944,13
2945,13
2946,13
2947,13
2948,13
2949,13
2950,13
2951,13
2952,14
2953,14
2954,14
2955,14
2956,14
2957,14
2958,14
2959,14
2960,14
2961,14
2962,14
2963,14
2964,14
2965,14
2966,14
2967,14
2968,14
2969,14
2970,14
2971,14
2972,14
2973,14
2974,14
2975,14
2976,14
2977,14
2978,14
2979,14
2980,14
2981,14
2982,14
2983,14
2984,14
2985,14
2986,14
2987,14
2988,14
2989,14
2990,14
2991,14
2992,14
2993,14
2994,14
2995,14
2996,14
2997,14
2998,14
2999,14
3000,14
3001,14
3002,14
3003,14
3004,14
3005,14
3006,14
3007,14
3008,14
3009,14
3010,14
3011,14
3012,14
3013,14
3014,14
3015,14
3016,14
3017,14
3018,14
3019,14
3020,14
3021,14
3022,14
3023,14
3024,14
3025,14
3026,14
3027,14
3028,14
3029,14
3030,14
3031,14
3032,14
3033,14
3034,14
3035,14
3036,14
3037,14
3038,14
3039,14
3040,14
3041,14
3042,14
3043,14
3044,14
3045,14
3046,14
3047,14
3048,14
3049,14
3050,14
3051,14
3052,14
3053,14
3054,14
3055,14
3056,14
3057,14
3058,14
3059,14
3060,14
3061,14
3062,14
3063,14
3064,14
3065,14
3066,14
3067,14
3068,14
3069,14
3070,14
3071,14
3072,14
3073,14
3074,14
3075,14
3076,14
3077,14
3078,14
3079,14
3080,14
3081,14
3082,14
3083,14
3084,14
3085,14
3086,14
3087,14
3088,14
3089,14
3090,14
3091,14
3092,14
3093,14
3094,14
3095,14
3096,14
3097,14
3098,14
3099,14
3100,14
3101,14
3102,14
3103,14
3104,14
3105,14
3106,14
3107,14
3108,14
3109,14
3110,14
3111,14
3112,14
3113,14
3114,14
3115,14
3116,14
3117,14
3118,14
3119,14
3120,14
3121,14
3122,14
3123,14
3124,14
3125,14
3126,15
3127,15
3128,15
3129,15
3130,15
3131,15
3132,15
3133,15
3134,15
3135,15
3136,15
3137,15
3138,15
3139,15
3140,15
3141,15
3142,15
3143,15
3144,15
3145,15
3146,15
3147,15
3148,15
3149,15
3150,15
3151,15
3152,15
3153,15
3154,15
3155,15
3156,15
3157,15
3158,15
3159,15
3160,15
3161,15
3162,15
3163,15
3164,15
3165,15
3166,15
3167,15
3168,15
3169,15
3170,15
3171,15
3172,15
3173,15
3174,15
3175,15
3176,15
3177,15
3178,15
3179,15
3180,15
3181,15
3182,15
3183,15
3184,15
3185,15
3186,15
3187,15
3188,15
3189,15
3190,15
3191,15
3192,15
3193,15
3194,15
3195,15
3196,15
3197,15
3198,15
3199,15
3200,15
3201,15
3202,15
3203,15
3204,15
3205,15
3206,15
3207,15
3208,15
3209,15
3210,15
3211,15
3212,15
3213,15
3214,15
3215,15
3216,15
3217,15
3218,15
3219,15
3220,15
3221,15
3222,15
3223,15
3224,15
3225,15
3226,15
3227,15
3228,15
3229,15
3230,15
3231,15
3232,15
3233,15
3234,15
3235,15
3236,15
3237,15
3238,15
3239,15
3240,15
3241,15
3242,15
3243,15
3244,15
3245,15
3246,15
3247,15
3248,15
3249,15
3250,15
3251,15
3252,15
3253,15
3254,15
3255,15
3256,15
3257,15
3258,15
3259,15
3260,15
3261,15
3262,15
3263,15
3264,15
3265,15
3266,15
3267,15
3268,15
3269,15
3270,15
3271,15
3272,15
3273,15
3274,15
3275,15
3276,15
3277,15
3278,15
3279,15
3280,15
3281,15
3282,15
3283,15
3284,15
3285,15
3286,15
3287,15
3288,15
3289,15
3290,15
3291,15
3292,15
3293,15
3294,16
3295,16
3296,16
3297,16
3298,16
3299,16
3300,16
3301,16
3302,16
3303,16
3304,16
3305,16
3306,16
3307,16
3308,16
3309,16
3310,16
3311,16
3312,16
3313,16
3314,16
3315,16
3316,16
3317,16
3318,16
3319,16
3320,16
3321,16
3322,16
3323,16
3324,16
3325,16
3326,16
3327,16
3328,16
3329,16
3330,16
3331,16
3332,16
3333,16
3334,16
3335,16
3336,16
3337,16
3338,16
3339,16
3340,16
3341,16
3342,16
3343,16
3344,16
3345,16
3346,16
3347,16
3348,16
3349,16
3350,16
3351,16
3352,16
3353,16
3354,16
3355,16
3356,16
3357,16
3358,16
3359,16
3360,16
3361,16
3362,16
3363,16
3364,16
3365,16
3366,16
3367,16
3368,16
3369,16
3370,16
3371,16
3372,16
3373,16
3374,16
3375,16
3376,16
3377,16
3378,16
3379,16
3380,16
3381,16
3382,16
3383,16
3384,16
3385,16
3386,16
3387,16
3388,16
3389,16
3390,16
3391,16
3392,16
3393,16
3394,16
3395,16
3396,16
3397,16
3398,16
3399,16
3400,16
3401,16
3402,16
3403,16
3404,16
3405,16
3406,16
3407,16
3408,16
3409,16
3410,16
3411,16
3412,16
3413,16
3414,16
3415,16
3416,16
3417,16
3418,16
3419,16
3420,16
3421,16
3422,16
3423,16
3424,16
3425,16
3426,16
3427,16
3428,16
3429,16
3430,16
3431,16
3432,16
3433,16
3434,16
3435,16
3436,16
3437,16
3438,16
3439,16
3440,16
3441,16
3442,16
3443,16
3444,16
3445,16
3446,16
3447,16
3448,16
3449,16
3450,16
3451,16
3452,16
3453,16
3454,16
3455,16
3456,16
3457,17
3458,17
3459,17
3460,17
3461,17
3462,17
3463,17
3464,17
3465,17
3466,17
3467,17
3468,17
3469,17
3470,17
3471,17
3472,17
3473,17
3474,17
3475,17
3476,17
3477,17
3478,17
3479,17
3480,17
3481,17
3482,17
3483,17
3484,17
3485,17
3486,17
3487,17
3488,17
3489,17
3490,17
3491,17
3492,17
3493,17
3494,17
3495,17
3496,17
3497,17
3498,17
3499,17
3500,17
3501,17
3502,17
3503,17
3504,17
3505,17
3506,17
3507,17
3508,17
3509,17
3510,17
3511,17
3512,17
3513,17
3514,17
3515,17
3516,17
3517,17
3518,17
3519,17
3520,17
3521,17
3522,17
3523,17
3524,17
3525,17
3526,17
3527,17
3528,17
3529,17
3530,17
3531,17
3532,17
3533,17
3534,17
3535,17
3536,17
3537,17
3538,17
3539,17
3540,17
3541,17
3542,17
3543,17
3544,17
3545,17
3546,17
3547,17
3548,17
3549,17
3550,17
3551,17
3552,17
3553,17
3554,17
3555,17
3556,17
3557,17
3558,17
3559,17
3560,17
3561,17
3562,17
3563,17
3564,17
3565,17
3566,17
3567,17
3568,17
3569,17
3570,17
3571,17
3572,17
3573,17
3574,17
3575,17
3576,17
3577,17
3578,17
3579,17
3580,17
3581,17
3582,17
3583,17
3584,17
3585,17
3586,17
3587,17
3588,17
3589,17
3590,17
3591,17
3592,17
3593,17
3594,17
3595,17
3596,17
3597,17
3598,17
3599,17
3600,17
3601,17
3602,17
3603,17
3604,17
3605,17
3606,17
3607,17
3608,17
3609,17
3610,17
3611,17
3612,17
3613,17
3614,18
3615,18
3616,18
3617,18
3618,18
3619,18
3620,18
3621,18
3622,18
3623,18
3624,18
3625,18
3626,18
3627,18
3628,18
3629,18
3630,18
3631,18
3632,18
3633,18
3634,18
3635,18
3636,18
3637,18
3638,18
3639,18
3640,18
3641,18
3642,18
3643,18
3644,18
3645,18
3646,18
3647,18
3648,18
3649,18
3650,18
3651,18
3652,18
3653,18
3654,18
3655,18
3656,18
3657,18
3658,18
3659,18
3660,18
3661,18
3662,18
3663,18
3664,18
3665,18
3666,18
3667,18
3668,18
3669,18
3670,18
3671,18
3672,18
3673,18
3674,18
3675,18
3676,18
3677,18
3678,18
3679,18
3680,18
3681,18
3682,18
3683,19
3684,19
3685,19
3686,19
3687,19
3688,19
3689,19
3690,19
3691,19
3692,19
3693,19
3694,19
3695,19
3696,19
3697,19
3698,19
3699,19
3700,19
3701,19
3702,19
3703,19
3704,19
3705,19
3706,19
3707,19
3708,19
3709,19
3710,19
3711,19
3712,19
3713,19
3714,19
3715,19
3716,19
3717,19
3718,19
3719,19
3720,19
3721,19
3722,19
3723,19
3724,19
3725,19
3726,19
3727,19
3728,19
3729,19
3730,19
3731,19
3732,19
3733,19
3734,19
3735,19
3736,19
3737,19
3738,19
3739,19
3740,19
3741,19
3742,19
3743,19
3744,19
3745,19
3746,19
3747,19
3748,19
3749,19
3750,19
3751,19
3752,19
3753,19
3754,19
3755,19
3756,19
3757,19
3758,19
3759,19
3760,19
3761,19
3762,19
3763,19
3764,19
3765,19
3766,19
3767,19
3768,19
3769,19
3770,19
3771,19
3772,19
3773,19
3774,19
3775,19
3776,19
3777,19
3778,19
3779,19
3780,19
3781,19
3782,19
3783,19
3784,19
3785,19
3786,19
3787,19
3788,19
3789,19
3790,19
3791,19
3792,19
3793,19
3794,19
3795,19
3796,19
3797,19
3798,19
3799,19
3800,19
3801,19
3802,19
3803,19
3804,19
3805,19
3806,19
3807,19
3808,19
3809,19
3810,19
3811,19
3812,19
3813,19
3814,19
3815,19
3816,19
3817,19
3818,19
3819,19
3820,19
3821,19
3822,19
3823,19
3824,19
3825,19
3826,19
3827,19
3828,19
3829,19
3830,19
3831,19
3832,19
3833,19
3834,19
3835,19
3836,19
3837,19
3838,19
3839,19
3840,19
3841,19
3842,19
3843,19
3844,19
3845,19
3846,19
3847,19
3848,19
3849,19
3850,19
3851,19
3852,19
3853,19
3854,19
3855,19
3856,19
3857,19
3858,19
3859,19
3860,19
3861,19
3862,19
3863,19
3864,19
3865,19
3866,19
3867,19
3868,19
3869,19
3870,19
3871,19
3872,19
3873,19
3874,19
3875,19
3876,19
3877,19
3878,19
3879,19
3880,19
3881,19
3882,19
3883,19
3884,19
3885,19
3886,19
3887,19
3888,19
3889,19
3890,19
3891,19
3892,19
3893,19
3894,19
3895,19
3896,19
3897,19
3898,19
3899,19
3900,19
3901,19
3902,19
3903,19
3904,19
3905,19
3906,19
3907,19
3908,19
3909,19
3910,19
3911,19
3912,19
3913,19
3914,19
3915,19
3916,19
3917,19
3918,19
3919,19
3920,19
3921,19
3922,19
3923,19
3924,19
3925,19
3926,19
3927,19
3928,19
3929,19
3930,19
3931,19
3932,19
3933,19
3934,19
3935,19
3936,19
3937,19
3938,19
3939,19
3940,19
3941,19
3942,19
3943,19
3944,19
3945,19
3946,19
3947,19
3948,19
3949,19
3950,19
3951,19
3952,19
3953,19
3954,19
3955,19
3956,19
3957,19
3958,19
3959,19
3960,19
3961,19
3962,19
3963,19
3964,19
3965,19
3966,19
3967,19
3968,19
3969,19
3970,19
3971,19
3972,19
3973,19
3974,19
3975,19
3976,19
3977,19
3978,19
3979,19
3980,19
3981,19
3982,19
3983,19
3984,19
3985,19
3986,19
3987,19
3988,19
3989,19
3990,19
3991,19
3992,19
3993,19
3994,19
3995,19
3996,19
3997,19
3998,19
3999,19
4000,19
4001,19
4002,19
4003,19
4004,19
4005,19
4006,19
4007,19
4008,19
4009,19
4010,19
4011,19
4012,19
4013,19
4014,19
4015,19
4016,19
4017,19
4018,19
4019,19
4020,19
4021,19
4022,19
4023,19
4024,19
4025,19
4026,19
4027,19
4028,19
4029,19
4030,19
4031,19
4032,19
4033,19
4034,19
4035,19
4036,19
4037,19
4038,19
4039,19
4040,19
4041,19
4042,19
4043,19
4044,19
4045,19
4046,19
4047,19
4048,19
4049,19
4050,19
4051,19
4052,19
4053,19
4054,19
4055,19
4056,19
4057,19
4058,19
4059,19
4060,19
4061,19
4062,19
4063,19
4064,19
4065,19
4066,19
4067,19
4068,19
4069,19
4070,19
4071,19
4072,19
4073,19
4074,19
4075,19
4076,19
4077,19
4078,19
4079,19
4080,19
4081,19
4082,19
4083,19
4084,19
4085,19
4086,19
4087,19
4088,19
4089,19
4090,19
4091,19
4092,19
4093,19
4094,19
4095,19
4096,19
4097,19
4098,19
4099,19
4100,19
4101,19
4102,19
4103,19
4104,19
4105,19
4106,19
4107,19
4108,19
4109,19
4110,19
4111,19
4112,19
4113,19
4114,19
4115,19
4116,19
4117,19
4118,19
4119,19
4120,19
4121,19
4122,19
4123,19
4124,19
4125,19
4126,19
4127,19
4128,19
4129,19
4130,19
4131,19
4132,19
4133,19
4134,19
4135,19
4136,19
4137,19
4138,19
4139,19
4140,19
4141,19
4142,19
4143,19
4144,19
4145,19
4146,19
4147,19
4148,19
4149,19
4150,19
4151,19
4152,19
4153,19
4154,19
4155,19
4156,19
4157,19
4158,19
4159,19
4160,19
4161,19
4162,19
4163,19
4164,19
4165,19
4166,19
4167,19
4168,19
4169,19
4170,19
4171,19
4172,19
4173,19
4174,19
4175,19
4176,19
4177,19
4178,19
4179,19
4180,19
4181,19
4182,19
4183,19
4184,19
4185,19
4186,19
4187,19
4188,19
4189,19
4190,19
4191,19
4192,19
4193,19
4194,19
4195,19
4196,19
4197,19
4198,19
4199,19
4200,19
4201,19
4202,19
4203,19
4204,19
4205,19
4206,19
4207,19
4208,19
4209,19
4210,19
4211,19
4212,19
4213,19
4214,19
4215,19
4216,19
4217,19
4218,19
4219,19
4220,19
4221,19
4222,19
4223,19
4224,19
4225,19
4226,19
4227,19
4228,19
4229,19
4230,19
4231,19
4232,19
4233,19
4234,19
4235,19
4236,19
4237,19
4238,19
4239,19
4240,19
4241,19
4242,19
4243,19
4244,19
4245,19
4246,19
4247,19
4248,19
4249,19
4250,19
4251,19
4252,19
4253,19
4254,19
4255,19
4256,19
4257,19
4258,19
4259,19
4260,19
4261,19
4262,19
4263,19
4264,19
4265,19
4266,19
4267,19
4268,19
4269,19
4270,19
4271,19
4272,19
4273,19
4274,19
4275,19
4276,19
4277,19
4278,19
4279,19
4280,19
4281,19
4282,19
4283,19
4284,19
4285,19
4286,19
4287,19
4288,19
4289,19
4290,19
4291,19
4292,19
4293,19
4294,19
4295,19
4296,19
4297,19
4298,19
4299,19
4300,19
4301,19
4302,19
4303,19
4304,19
4305,19
4306,19
4307,19
4308,19
4309,19
4310,19
4311,19
4312,19
4313,19
4314,19
4315,19
4316,19
4317,19
4318,19
4319,19
4320,19
4321,19
4322,19
4323,19
4324,19
4325,19
4326,19
4327,19
4328,19
4329,19
4330,19
4331,19
4332,19
4333,19
4334,19
4335,19
4336,19
4337,19
4338,19
4339,19
4340,19
4341,19
4342,19
4343,19
4344,19
4345,19
4346,19
4347,19
4348,19
4349,19
4350,19
4351,19
4352,19
4353,19
4354,19
4355,19
4356,19
4357,19
4358,19
4359,19
4360,19
4361,19
4362,19
4363,19
4364,19
4365,19
4366,19
4367,19
4368,19
4369,19
4370,19
4371,19
4372,19
4373,19
4374,19
4375,19
4376,19
4377,19
4378,19
4379,19
4380,19
4381,19
4382,19
4383,19
4384,19
4385,19
4386,19
4387,19
4388,19
4389,19
4390,19
4391,19
4392,19
4393,19
4394,19
4395,19
4396,19
4397,19
4398,19
4399,19
4400,19
4401,19
4402,19
4403,19
4404,19
4405,19
4406,19
4407,19
4408,19
4409,19
4410,19
4411,19
4412,19
4413,20
4414,20
4415,20
4416,20
4417,20
4418,20
4419,20
4420,20
4421,20
4422,20
4423,20
4424,20
4425,20
4426,20
4427,20
4428,20
4429,20
4430,20
4431,20
4432,20
4433,20
4434,20
4435,20
4436,20
4437,20
4438,20
4439,20
4440,20
4441,20
4442,20
4443,20
4444,20
4445,20
4446,20
4447,20
4448,20
4449,20
4450,20
4451,20
4452,20
4453,20
4454,20
4455,20
4456,20
4457,20
4458,20
4459,20
4460,20
4461,20
4462,20
4463,20
4464,20
4465,20
4466,20
4467,20
4468,20
4469,20
4470,20
4471,20
4472,20
4473,20
4474,20
4475,20
4476,20
4477,20
4478,20
4479,20
4480,20
4481,20
4482,20
4483,20
4484,20
4485,20
4486,20
4487,20
4488,20
4489,20
4490,20
4491,20
4492,20
4493,20
4494,20
4495,20
4496,20
4497,20
4498,20
4499,20
4500,20
4501,20
4502,20
4503,20
4504,20
4505,20
4506,20
4507,20
4508,20
4509,20
4510,20
4511,20
4512,20
4513,20
4514,20
4515,20
4516,20
4517,20
4518,20
4519,20
4520,20
4521,20
4522,20
4523,20
4524,20
4525,20
4526,20
4527,20
4528,20
4529,20
4530,20
4531,20
4532,20
4533,20
4534,20
4535,20
4536,20
4537,20
4538,20
4539,20
4540,20
4541,20
4542,20
4543,20
4544,20
4545,20
4546,20
4547,20
4548,20
4549,20
4550,20
4551,20
4552,20
4553,20
4554,20
4555,20
4556,20
4557,20
4558,20
4559,20
4560,20
4561,20
4562,20
4563,20
4564,21
4565,21
4566,21
4567,21
4568,21
4569,21
4570,21
4571,21
4572,21
4573,21
4574,21
4575,21
4576,21
4577,21
4578,21
4579,21
4580,21
4581,21
4582,21
4583,21
4584,21
4585,21
4586,21
4587,21
4588,21
4589,21
4590,21
4591,21
4592,21
4593,21
4594,21
4595,21
4596,21
4597,21
4598,21
4599,21
4600,21
4601,21
4602,21
4603,21
4604,21
4605,21
4606,21
4607,21
4608,21
4609,21
4610,21
4611,21
4612,21
4613,21
4614,21
4615,21
4616,21
4617,21
4618,21
4619,21
4620,21
4621,21
4622,21
4623,21
4624,21
4625,21
4626,21
4627,21
4628,21
4629,21
4630,21
4631,21
4632,21
4633,21
4634,21
4635,21
4636,21
4637,21
4638,21
4639,21
4640,21
4641,21
4642,21
4643,21
4644,21
4645,21
4646,21
4647,21
4648,21
4649,21
4650,21
4651,21
4652,21
4653,21
4654,21
4655,21
4656,21
4657,21
4658,21
4659,21
4660,21
4661,21
4662,21
4663,21
4664,21
4665,21
4666,21
4667,21
4668,21
4669,21
4670,21
4671,21
4672,21
4673,21
4674,21
4675,21
4676,21
4677,21
4678,21
4679,21
4680,21
4681,21
4682,21
4683,21
4684,21
4685,21
4686,21
4687,21
4688,21
4689,21
4690,21
4691,21
4692,21
4693,21
4694,21
4695,21
4696,21
4697,21
4698,21
4699,21
4700,21
4701,21
4702,21
4703,21
4704,21
4705,21
4706,21
4707,21
4708,21
4709,21
4710,21
4711,21
4712,21
4713,21
4714,21
4715,21
4716,21
4717,21
4718,21
4719,21
4720,21
4721,21
4722,21
4723,21
4724,21
4725,21
4726,21
4727,21
4728,21
4729,21
4730,21
4731,21
4732,21
4733,21
4734,21
4735,21
4736,21
4737,21
4738,21
4739,21
4740,21
4741,21
4742,21
4743,21
4744,21
4745,21
4746,21
4747,21
4748,21
4749,21
4750,21
4751,21
4752,21
4753,21
4754,21
4755,21
4756,21
4757,21
4758,21
4759,21
4760,21
4761,21
4762,21
4763,21
4764,21
4765,21
4766,21
4767,21
4768,21
4769,21
4770,21
4771,21
4772,21
4773,21
4774,21
4775,21
4776,21
4777,21
4778,21
4779,21
4780,21
4781,21
4782,21
4783,21
4784,21
4785,21
4786,21
4787,21
4788,21
4789,21
4790,21
4791,21
4792,21
4793,21
4794,21
4795,21
4796,21
4797,21
4798,21
4799,21
4800,21
4801,21
4802,21
4803,21
4804,21
4805,21
4806,21
4807,21
4808,21
4809,21
4810,21
4811,21
4812,21
4813,21
4814,21
4815,21
4816,21
4817,21
4818,21
4819,21
4820,21
4821,21
4822,21
4823,21
4824,21
4825,21
4826,21
4827,21
4828,21
4829,21
4830,21
4831,21
4832,21
4833,21
4834,21
4835,21
4836,21
4837,21
4838,21
4839,21
4840,21
4841,21
4842,21
4843,21
4844,21
4845,21
4846,21
4847,21
4848,21
4849,21
4850,21
4851,21
4852,21
4853,21
4854,21
4855,21
4856,21
4857,21
4858,21
4859,21
4860,21
4861,21
4862,21
4863,21
4864,21
4865,21
4866,21
4867,21
4868,21
4869,21
4870,21
4871,21
4872,21
4873,21
4874,21
4875,21
4876,21
4877,21
4878,21
4879,21
4880,21
4881,21
4882,21
4883,21
4884,21
4885,21
4886,21
4887,21
4888,21
4889,21
4890,21
4891,21
4892,21
4893,21
4894,21
4895,21
4896,21
4897,21
4898,21
4899,21
4900,21
4901,21
4902,21
4903,21
4904,21
4905,21
4906,21
4907,21
4908,21
4909,21
4910,21
4911,21
4912,21
4913,21
4914,21
4915,21
4916,21
4917,21
4918,21
4919,21
4920,21
4921,21
4922,21
4923,21
4924,21
4925,21
4926,21
4927,21
4928,21
4929,21
4930,21
4931,21
4932,21
4933,21
4934,21
4935,21
4936,21
4937,21
4938,21
4939,21
4940,21
4941,21
4942,21
4943,21
4944,21
4945,21
4946,21
4947,21
4948,21
4949,21
4950,21
4951,21
4952,21
4953,21
4954,21
4955,21
4956,21
4957,21
4958,21
4959,21
4960,21
4961,21
4962,21
4963,21
4964,21
4965,21
4966,21
4967,21
4968,21
4969,21
4970,21
4971,21
4972,21
4973,21
4974,21
4975,21
4976,21
4977,21
4978,21
4979,21
4980,21
4981,21
4982,21
4983,21
4984,21
4985,21
4986,21
4987,21
4988,21
4989,21
4990,21
4991,21
4992,21
4993,21
4994,21
4995,21
4996,21
4997,21
4998,21
4999,21
5000,21
5001,21
5002,22
5003,22
5004,22
5005,22
5006,22
5007,22
5008,22
5009,22
5010,22
5011,22
5012,22
5013,22
5014,22
5015,22
5016,22
5017,22
5018,22
5019,22
5020,22
5021,22
5022,22
5023,22
5024,22
5025,22
5026,22
5027,22
5028,22
5029,22
5030,22
5031,22
5032,22
5033,22
5034,22
5035,22
5036,22
5037,22
5038,22
5039,22
5040,22
5041,22
5042,22
5043,22
5044,22
5045,22
5046,22
5047,22
5048,22
5049,22
5050,22
5051,22
5052,22
5053,22
5054,22
5055,22
5056,22
5057,22
5058,22
5059,22
5060,22
5061,22
5062,22
5063,22
5064,22
5065,22
5066,22
5067,22
5068,22
5069,22
5070,22
5071,22
5072,22
5073,22
5074,22
5075,22
5076,22
5077,22
5078,22
5079,22
5080,22
5081,22
5082,22
5083,22
5084,22
5085,22
5086,22
5087,22
5088,22
5089,22
5090,22
5091,22
5092,22
5093,22
5094,22
5095,22
5096,22
5097,22
5098,22
5099,22
5100,22
5101,22
5102,22
5103,22
5104,22
5105,22
5106,22
5107,22
5108,22
5109,22
5110,22
5111,22
5112,22
5113,22
5114,22
5115,22
5116,22
5117,22
5118,22
5119,22
5120,22
5121,22
5122,22
5123,22
5124,22
5125,22
5126,22
5127,22
5128,22
5129,22
5130,22
5131,22
5132,22
5133,22
5134,22
5135,22
5136,22
5137,22
5138,22
5139,22
5140,22
5141,22
5142,22
5143,22
5144,22
5145,22
5146,22
5147,22
5148,22
5149,22
5150,22
5151,22
5152,22
5153,22
5154,22
5155,22
5156,22
5157,22
5158,22
5159,22
5160,22
5161,22
5162,22
5163,22
5164,22
5165,22
5166,22
5167,22
5168,22
5169,22
5170,22
5171,22
5172,22
5173,22
5174,22
5175,22
5176,22
5177,22
5178,22
5179,22
5180,22
5181,22
5182,22
5183,22
5184,22
5185,22
5186,22
5187,22
5188,22
5189,22
5190,22
5191,22
5192,22
5193,22
5194,22
5195,22
5196,22
5197,22
5198,22
5199,22
5200,22
5201,22
5202,22
5203,22
5204,22
5205,22
5206,23
5207,23
5208,23
5209,23
5210,23
5211,23
5212,23
5213,23
5214,23
5215,23
5216,23
5217,23
5218,23
5219,23
5220,23
5221,23
5222,23
5223,23
5224,23
5225,23
5226,23
5227,23
5228,23
5229,23
5230,23
5231,23
5232,23
5233,23
5234,23
5235,23
5236,23
5237,23
5238,23
5239,23
5240,23
5241,23
5242,23
5243,23
5244,23
5245,23
5246,23
5247,23
5248,23
5249,23
5250,23
5251,23
5252,23
5253,23
5254,23
5255,23
5256,23
5257,23
5258,23
5259,23
5260,23
5261,23
5262,23
5263,23
5264,23
5265,23
5266,23
5267,23
5268,23
5269,23
5270,23
5271,23
5272,23
5273,23
5274,23
5275,23
5276,23
5277,23
5278,23
5279,23
5280,23
5281,23
5282,23
5283,23
5284,23
5285,23
5286,23
5287,23
5288,23
5289,23
5290,23
5291,23
5292,23
5293,23
5294,23
5295,23
5296,23
5297,23
5298,23
5299,23
5300,23
5301,23
5302,23
5303,23
5304,23
5305,23
5306,23
5307,23
5308,23
5309,23
5310,23
5311,23
5312,23
5313,23
5314,23
5315,23
5316,23
5317,23
5318,23
5319,23
5320,23
5321,23
5322,23
5323,23
5324,23
5325,23
5326,23
5327,23
5328,23
5329,23
5330,23
5331,23
5332,23
5333,23
5334,23
5335,23
5336,23
5337,23
5338,23
5339,23
5340,23
5341,23
5342,23
5343,23
5344,23
5345,23
5346,23
5347,23
5348,23
5349,24
5350,24
5351,24
5352,24
5353,24
5354,24
5355,24
5356,24
5357,24
5358,24
5359,24
5360,24
5361,24
5362,24
5363,24
5364,24
5365,24
5366,24
5367,24
5368,24
5369,24
5370,24
5371,24
5372,24
5373,24
5374,24
5375,24
5376,24
5377,24
5378,24
5379,24
5380,24
5381,24
5382,24
5383,24
5384,24
5385,24
5386,24
5387,25
5388,25
5389,25
5390,25
5391,25
5392,25
5393,25
5394,25
5395,25
5396,25
5397,25
5398,25
5399,25
5400,25
5401,25
5402,25
5403,25
5404,25
5405,25
5406,25
5407,25
5408,25
5409,25
5410,25
5411,25
5412,25
5413,25
5414,25
5415,25
5416,25
5417,25
5418,25
5419,25
5420,25
5421,25
5422,25
5423,25
5424,25
5425,25
5426,25
5427,25
5428,25
5429,25
5430,25
5431,25
5432,25
5433,25
5434,25
5435,25
5436,25
5437,25
5438,25
5439,25
5440,25
5441,25
5442,25
5443,25
5444,25
5445,25
5446,25
5447,25
5448,25
5449,25
5450,25
5451,25
5452,25
5453,25
5454,25
5455,25
5456,25
5457,25
5458,25
5459,25
5460,25
5461,25
5462,25
5463,25
5464,25
5465,25
5466,25
5467,25
5468,25
5469,25
5470,25
5471,25
5472,25
5473,25
5474,25
5475,25
5476,25
5477,25
5478,25
5479,25
5480,25
5481,25
5482,25
5483,25
5484,25
5485,25
5486,25
5487,25
5488,25
5489,25
5490,25
5491,25
5492,25
5493,25
5494,25
5495,25
5496,25
5497,25
5498,25
5499,25
5500,25
5501,25
5502,25
5503,25
5504,25
5505,25
5506,25
5507,25
5508,25
5509,25
5510,25
5511,25
5512,25
5513,25
5514,25
5515,25
5516,25
5517,25
5518,25
5519,25
5520,25
5521,25
5522,26
5523,26
5524,26
5525,26
5526,26
5527,26
5528,26
5529,26
5530,26
5531,26
5532,26
5533,26
5534,26
5535,26
5536,26
5537,26
5538,26
5539,26
5540,26
5541,26
5542,26
5543,26
5544,26
5545,26
5546,26
5547,26
5548,26
5549,26
5550,26
5551,26
5552,26
5553,26
5554,26
5555,26
5556,26
5557,26
5558,26
5559,26
5560,26
5561,26
5562,26
5563,26
5564,26
5565,26
5566,26
5567,26
5568,26
5569,26
5570,26
5571,26
5572,26
5573,26
5574,26
5575,26
5576,26
5577,26
5578,26
5579,26
5580,26
5581,26
5582,26
5583,26
5584,26
5585,26
5586,26
5587,26
5588,26
5589,26
5590,26
5591,26
5592,26
5593,26
5594,26
5595,26
5596,26
5597,26
5598,26
5599,26
5600,26
5601,26
5602,26
5603,26
5604,26
5605,26
5606,26
5607,27
5608,27
5609,27
5610,27
5611,27
5612,27
5613,27
5614,27
5615,27
5616,27
5617,27
5618,27
5619,27
5620,27
5621,27
5622,27
5623,27
5624,27
5625,27
5626,27
5627,27
5628,27
5629,27
5630,27
5631,27
5632,27
5633,27
5634,27
5635,27
5636,27
5637,27
5638,27
5639,27
5640,27
5641,27
5642,27
5643,27
5644,27
5645,27
5646,27
5647,27
5648,27
5649,27
5650,27
5651,27
5652,27
5653,27
5654,27
5655,27
5656,27
5657,27
5658,27
5659,27
5660,27
5661,27
5662,27
5663,27
5664,27
5665,27
5666,27
5667,27
5668,27
5669,27
5670,27
5671,27
5672,27
5673,27
5674,27
5675,27
5676,27
5677,27
5678,27
5679,27
5680,27
5681,27
5682,27
5683,27
5684,27
5685,27
5686,27
5687,27
5688,27
5689,27
5690,27
5691,27
5692,27
5693,27
5694,27
5695,27
5696,27
5697,27
5698,27
5699,27
5700,27
5701,27
5702,27
5703,27
5704,27
5705,27
5706,27
5707,27
5708,27
5709,27
5710,27
5711,27
5712,27
5713,27
5714,27
5715,27
5716,27
5717,27
5718,27
5719,27
5720,27
5721,27
5722,27
5723,27
5724,27
5725,27
5726,27
5727,27
5728,27
5729,27
5730,27
5731,27
5732,27
5733,27
5734,27
5735,27
5736,27
5737,27
5738,27
5739,27
5740,27
5741,27
5742,27
5743,27
5744,27
5745,27
5746,27
5747,27
5748,27
5749,27
5750,27
5751,27
5752,27
5753,27
5754,27
5755,27
5756,27
5757,27
5758,27
5759,27
5760,27
5761,27
5762,27
5763,27
5764,27
5765,27
5766,27
5767,27
5768,27
5769,28
5770,28
5771,28
5772,28
5773,28
5774,28
5775,28
5776,28
5777,28
5778,28
5779,28
5780,28
5781,28
5782,28
5783,28
5784,28
5785,28
5786,28
5787,28
5788,28
5789,28
5790,28
5791,28
5792,28
5793,28
5794,28
5795,28
5796,28
5797,28
5798,28
5799,28
5800,28
5801,28
5802,28
5803,28
5804,28
5805,28
5806,28
5807,28
5808,28
5809,28
5810,28
5811,28
5812,28
5813,28
5814,28
5815,28
5816,28
5817,28
5818,28
5819,28
5820,28
5821,28
5822,28
5823,28
5824,28
5825,28
5826,28
5827,28
5828,28
5829,28
5830,28
5831,28
5832,28
5833,28
5834,28
5835,28
5836,28
5837,28
5838,28
5839,28
5840,28
5841,28
5842,28
5843,28
5844,28
5845,28
5846,28
5847,28
5848,28
5849,28
5850,28
5851,28
5852,28
5853,28
5854,28
5855,28
5856,28
5857,28
5858,28
5859,28
5860,28
5861,28
5862,28
5863,28
5864,28
5865,28
5866,28
5867,28
5868,28
5869,28
5870,28
5871,28
5872,28
5873,28
5874,28
5875,28
5876,28
5877,28
5878,28
5879,28
5880,28
5881,28
5882,28
5883,28
5884,28
5885,28
5886,28
5887,28
5888,28
5889,28
5890,28
5891,28
5892,28
5893,28
5894,28
5895,28
5896,28
5897,28
5898,28
5899,28
5900,28
5901,28
5902,28
5903,28
5904,28
5905,29
5906,29
5907,29
5908,29
5909,29
5910,29
5911,29
5912,29
5913,29
5914,29
5915,29
5916,29
5917,29
5918,29
5919,29
5920,29
5921,29
5922,29
5923,29
5924,29
5925,29
5926,29
5927,29
5928,29
5929,29
5930,29
5931,29
5932,29
5933,29
5934,29
5935,29
5936,29
5937,29
5938,29
5939,29
5940,29
5941,29
5942,29
5943,29
5944,29
5945,29
5946,29
5947,29
5948,29
5949,29
5950,29
5951,29
5952,29
5953,29
5954,29
5955,29
5956,29
5957,29
5958,29
5959,29
5960,29
5961,29
5962,29
5963,29
5964,29
5965,29
5966,29
5967,29
5968,29
5969,29
5970,29
5971,29
5972,29
5973,29
5974,29
5975,29
5976,29
5977,29
5978,29
5979,29
5980,29
5981,29
5982,29
5983,29
5984,29
5985,29
5986,29
5987,29
5988,29
5989,29
5990,29
5991,29
5992,29
5993,29
5994,29
5995,29
5996,29
5997,29
5998,29
5999,29
6000,29
6001,29
6002,29
6003,29
6004,29
6005,29
6006,29
6007,29
6008,29
6009,29
6010,29
6011,29
6012,29
6013,29
6014,29
6015,29
6016,29
6017,29
6018,29
6019,29
6020,29
6021,29
6022,29
6023,29
6024,29
6025,29
6026,29
6027,29
6028,29
6029,29
6030,29
6031,29
6032,29
6033,29
6034,29
6035,29
6036,29
6037,29
6038,29
6039,29
6040,29
6041,29
6042,29
6043,29
6044,29
6045,29
6046,29
6047,29
6048,29
6049,29
6050,29
6051,29
6052,29
6053,29
6054,29
6055,29
6056,29
6057,29
6058,29
6059,29
6060,29
6061,29
6062,29
6063,29
6064,29
6065,29
6066,29
6067,29
6068,29
6069,29
6070,29
6071,29
6072,29
6073,29
6074,29
6075,29
6076,29
6077,29
6078,29
6079,29
6080,29
6081,29
6082,29
6083,29
6084,29
6085,29
6086,29
6087,29
6088,29
6089,29
6090,29
6091,29
6092,30
6093,30
6094,30
6095,30
6096,30
6097,30
6098,30
6099,30
6100,30
6101,30
6102,30
6103,30
6104,30
6105,30
6106,30
6107,30
6108,30
6109,30
6110,30
6111,30
6112,30
6113,31
6114,31
6115,31
6116,31
6117,31
6118,31
6119,31
6120,31
6121,31
6122,31
6123,31
6124,31
6125,31
6126,31
6127,31
6128,31
6129,31
6130,31
6131,31
6132,31
6133,31
6134,31
6135,31
6136,31
6137,31
6138,31
6139,31
6140,31
6141,31
6142,31
6143,31
6144,31
6145,31
6146,31
6147,31
6148,31
6149,31
6150,31
6151,31
6152,31
6153,31
6154,31
6155,31
6156,31
6157,31
6158,31
6159,31
6160,31
6161,31
6162,31
6163,31
6164,31
6165,31
6166,31
6167,31
6168,31
6169,31
6170,31
6171,31
6172,31
6173,31
6174,31
6175,31
6176,31
6177,31
6178,31
6179,31
6180,31
6181,31
6182,31
6183,31
6184,31
6185,31
6186,31
6187,31
6188,31
6189,31
6190,31
6191,31
6192,31
6193,31
6194,31
6195,31
6196,31
6197,31
6198,31
6199,31
6200,31
6201,31
6202,31
6203,31
6204,31
6205,31
6206,31
6207,31
6208,31
6209,31
6210,31
6211,31
6212,31
6213,31
6214,31
6215,31
6216,31
6217,31
6218,31
6219,31
6220,31
6221,31
6222,31
6223,31
6224,31
6225,31
6226,31
6227,31
6228,31
6229,31
6230,31
6231,31
6232,31
6233,31
6234,31
6235,31
6236,31
6237,31
6238,31
6239,32
6240,32
6241,32
6242,32
6243,32
6244,32
6245,32
6246,32
6247,32
6248,32
6249,32
6250,32
6251,32
6252,32
6253,32
6254,32
6255,32
6256,32
6257,32
6258,32
6259,32
6260,32
6261,32
6262,32
6263,32
6264,32
6265,32
6266,32
6267,32
6268,32
6269,32
6270,32
6271,32
6272,32
6273,32
6274,32
6275,32
6276,32
6277,32
6278,32
6279,32
6280,32
6281,32
6282,32
6283,32
6284,32
6285,32
6286,32
6287,32
6288,32
6289,32
6290,32
6291,32
6292,32
6293,32
6294,32
6295,32
6296,32
6297,32
6298,32
6299,32
6300,32
6301,32
6302,32
6303,32
6304,32
6305,32
6306,32
6307,32
6308,32
6309,32
6310,32
6311,32
6312,32
6313,32
6314,32
6315,32
6316,32
6317,32
6318,32
6319,32
6320,32
6321,32
6322,32
6323,32
6324,32
6325,32
6326,32
6327,32
6328,32
6329,32
6330,32
6331,32
6332,32
6333,32
6334,32
6335,32
6336,32
6337,32
6338,32
6339,32
6340,32
6341,32
6342,32
6343,32
6344,32
6345,32
6346,32
6347,32
6348,32
6349,32
6350,32
6351,32
6352,32
6353,32
6354,32
6355,32
6356,32
6357,32
6358,32
6359,32
6360,32
6361,32
6362,32
6363,32
6364,32
6365,32
6366,32
6367,32
6368,32
6369,32
6370,32
6371,32
6372,32
6373,32
6374,32
6375,32
6376,32
6377,32
6378,32
6379,32
6380,33
6381,33
6382,33
6383,33
6384,33
6385,33
6386,33
6387,33
6388,33
6389,33
6390,33
6391,33
6392,33
6393,33
6394,33
6395,33
6396,33
6397,33
6398,33
6399,33
6400,33
6401,33
6402,33
6403,33
6404,33
6405,33
6406,33
6407,33
6408,33
6409,33
6410,33
6411,33
6412,33
6413,33
6414,33
6415,33
6416,33
6417,33
6418,33
6419,33
6420,33
6421,33
6422,33
6423,33
6424,33
6425,33
6426,33
6427,33
6428,33
6429,33
6430,33
6431,33
6432,33
6433,33
6434,33
6435,33
6436,33
6437,33
6438,33
6439,33
6440,33
6441,33
6442,33
6443,33
6444,33
6445,33
6446,33
6447,33
6448,33
6449,33
6450,33
6451,33
6452,33
6453,33
6454,33
6455,33
6456,33
6457,33
6458,33
6459,33
6460,33
6461,33
6462,33
6463,33
6464,33
6465,33
6466,33
6467,33
6468,33
6469,33
6470,33
6471,33
6472,33
6473,33
6474,33
6475,33
6476,33
6477,33
6478,33
6479,33
6480,33
6481,33
6482,33
6483,33
6484,33
6485,33
6486,33
6487,33
6488,33
6489,33
6490,33
6491,33
6492,33
6493,33
6494,33
6495,33
6496,33
6497,33
6498,33
6499,33
6500,33
6501,33
6502,33
6503,33
6504,33
6505,33
6506,33
6507,33
6508,33
6509,33
6510,33
6511,33
6512,33
6513,33
6514,33
6515,33
6516,33
6517,33
6518,33
6519,33
6520,33
6521,33
6522,33
6523,33
6524,33
6525,33
6526,33
6527,33
6528,33
6529,33
6530,33
6531,33
6532,33
6533,33
6534,33
6535,33
6536,33
6537,33
6538,33
6539,33
6540,33
6541,33
6542,33
6543,33
6544,33
6545,33
6546,33
6547,33
6548,33
6549,33
6550,33
6551,33
6552,33
6553,34
6554,34
6555,34
6556,34
6557,34
6558,34
6559,34
6560,34
6561,34
6562,34
6563,34
6564,34
6565,34
6566,34
6567,34
6568,34
6569,34
6570,34
6571,34
6572,34
6573,34
6574,34
6575,34
6576,34
6577,34
6578,34
6579,34
6580,34
6581,34
6582,34
6583,34
6584,34
6585,34
6586,34
6587,34
6588,34
6589,34
6590,34
6591,34
6592,34
6593,34
6594,34
6595,34
6596,34
6597,34
6598,34
6599,34
6600,34
6601,34
6602,34
6603,34
6604,34
6605,34
6606,34
6607,34
6608,34
6609,34
6610,34
6611,34
6612,34
6613,34
6614,34
6615,34
6616,34
6617,34
6618,34
6619,34
6620,34
6621,34
6622,34
6623,34
6624,34
6625,34
6626,34
6627,34
6628,34
6629,34
6630,34
6631,34
6632,34
6633,34
6634,34
6635,34
6636,34
6637,34
6638,34
6639,34
6640,34
6641,34
6642,34
6643,34
6644,34
6645,34
6646,34
6647,34
6648,34
6649,34
6650,34
6651,34
6652,34
6653,34
6654,34
6655,34
6656,34
6657,34
6658,34
6659,34
6660,34
6661,34
6662,34
6663,34
6664,34
6665,34
6666,34
6667,34
6668,34
6669,34
6670,34
6671,34
6672,34
6673,34
6674,34
6675,34
6676,34
6677,34
6678,34
6679,34
6680,34
6681,34
6682,34
6683,34
6684,34
6685,34
6686,34
6687,34
6688,34
6689,34
6690,34
6691,34
6692,34
6693,34
6694,34
6695,34
6696,34
6697,34
6698,34
6699,34
6700,34
6701,34
6702,34
6703,34
6704,34
6705,34
6706,34
6707,34
6708,34
6709,34
6710,34
6711,34
6712,34
6713,34
6714,34
6715,34
6716,34
6717,34
6718,34
6719,34
6720,34
6721,34
6722,34
6723,34
6724,34
6725,34
6726,34
6727,34
6728,34
6729,34
6730,34
6731,34
6732,34
6733,34
6734,34
6735,34
6736,34
6737,34
6738,34
6739,34
6740,34
6741,34
6742,34
6743,34
6744,34
6745,34
6746,34
6747,34
6748,35
6749,35
6750,35
6751,35
6752,35
6753,35
6754,35
6755,35
6756,35
6757,35
6758,35
6759,35
6760,35
6761,35
6762,35
6763,35
6764,35
6765,35
6766,35
6767,35
6768,35
6769,35
6770,35
6771,35
6772,35
6773,35
6774,35
6775,35
6776,35
6777,35
6778,35
6779,35
6780,35
6781,35
6782,35
6783,35
6784,35
6785,35
6786,35
6787,35
6788,35
6789,35
6790,35
6791,35
6792,35
6793,35
6794,35
6795,35
6796,35
6797,35
6798,35
6799,35
6800,35
6801,35
6802,35
6803,35
6804,35
6805,35
6806,35
6807,35
6808,35
6809,35
6810,35
6811,35
6812,35
6813,35
6814,35
6815,35
6816,35
6817,35
6818,35
6819,35
6820,35
6821,35
6822,35
6823,35
6824,35
6825,35
6826,35
6827,35
6828,35
6829,35
6830,35
6831,35
6832,35
6833,35
6834,35
6835,35
6836,35
6837,35
6838,35
6839,35
6840,35
6841,35
6842,35
6843,35
6844,35
6845,35
6846,35
6847,35
6848,35
6849,35
6850,35
6851,35
6852,35
6853,35
6854,35
6855,35
6856,35
6857,35
6858,35
6859,35
6860,35
6861,35
6862,35
6863,35
6864,35
6865,35
6866,35
6867,35
6868,35
6869,35
6870,35
6871,35
6872,35
6873,36
6874,36
6875,36
6876,36
6877,36
6878,36
6879,36
6880,36
6881,36
6882,36
6883,36
6884,36
6885,36
6886,36
6887,36
6888,36
6889,36
6890,36
6891,36
6892,36
6893,36
6894,36
6895,36
6896,36
6897,36
6898,36
6899,36
6900,36
6901,36
6902,36
6903,36
6904,36
6905,36
6906,36
6907,36
6908,36
6909,36
6910,36
6911,36
6912,36
6913,36
6914,36
6915,36
6916,36
6917,36
6918,36
6919,36
6920,36
6921,36
6922,36
6923,36
6924,36
6925,36
6926,36
6927,36
6928,36
6929,36
6930,36
6931,36
6932,36
6933,36
6934,36
6935,36
6936,36
6937,36
6938,36
6939,36
6940,36
6941,36
6942,36
6943,36
6944,36
6945,36
6946,36
6947,36
6948,36
6949,36
6950,36
6951,36
6952,36
6953,36
6954,36
6955,36
6956,36
6957,36
6958,36
6959,36
6960,36
6961,36
6962,36
6963,36
6964,36
6965,36
6966,36
6967,36
6968,36
6969,36
6970,36
6971,36
6972,36
6973,36
6974,36
6975,36
6976,36
6977,36
6978,36
6979,36
6980,36
6981,36
6982,36
6983,36
6984,36
6985,36
6986,36
6987,36
6988,36
6989,36
6990,36
6991,36
6992,36
6993,36
6994,36
6995,36
6996,36
6997,36
6998,36
6999,36
7000,36
7001,36
7002,36
7003,36
7004,36
7005,36
7006,36
7007,36
7008,36
7009,36
7010,36
7011,36
7012,36
7013,36
7014,36
7015,36
7016,36
7017,36
7018,36
7019,36
7020,36
7021,36
7022,36
7023,36
7024,36
7025,36
7026,36
7027,36
7028,36
7029,36
7030,36
7031,36
7032,36
7033,36
7034,36
7035,36
7036,36
7037,36
7038,36
7039,36
7040,36
7041,36
7042,36
7043,36
7044,36
7045,36
7046,36
7047,36
7048,36
7049,36
7050,36
7051,36
7052,36
7053,36
7054,36
7055,36
7056,36
7057,36
7058,36
7059,36
7060,37
7061,37
7062,37
7063,37
7064,37
7065,37
7066,37
7067,37
7068,37
7069,37
7070,37
7071,37
7072,37
7073,37
7074,37
7075,37
7076,37
7077,37
7078,37
7079,37
7080,37
7081,37
7082,37
7083,37
7084,37
7085,37
7086,37
7087,37
7088,37
7089,37
7090,37
7091,37
7092,37
7093,37
7094,37
7095,37
7096,37
7097,37
7098,37
7099,37
7100,37
7101,37
7102,37
7103,37
7104,37
7105,37
7106,37
7107,37
7108,37
7109,37
7110,37
7111,37
7112,37
7113,37
7114,37
7115,37
7116,37
7117,37
7118,37
7119,37
7120,37
7121,37
7122,37
7123,37
7124,37
7125,37
7126,37
7127,37
7128,37
7129,37
7130,37
7131,37
7132,37
7133,37
7134,37
7135,37
7136,37
7137,37
7138,37
7139,37
7140,37
7141,37
7142,37
7143,37
7144,37
7145,37
7146,37
7147,37
7148,37
7149,37
7150,37
7151,37
7152,37
7153,37
7154,37
7155,37
7156,37
7157,37
7158,37
7159,37
7160,37
7161,37
7162,37
7163,37
7164,37
7165,37
7166,37
7167,37
7168,37
7169,37
7170,37
7171,37
7172,37
7173,37
7174,37
7175,37
7176,37
7177,37
7178,37
7179,37
7180,37
7181,37
7182,37
7183,37
7184,37
7185,37
7186,37
7187,37
7188,37
7189,37
7190,37
7191,37
7192,37
7193,37
7194,37
7195,37
7196,37
7197,37
7198,37
7199,37
7200,37
7201,37
7202,37
7203,37
7204,37
7205,37
7206,37
7207,37
7208,37
7209,37
7210,37
7211,37
7212,37
7213,37
7214,37
7215,37
7216,37
7217,37
7218,37
7219,37
7220,37
7221,37
7222,37
7223,37
7224,37
7225,37
7226,37
7227,37
7228,37
7229,37
7230,37
7231,37
7232,37
7233,37
7234,37
7235,37
7236,37
7237,37
7238,37
7239,37
7240,37
7241,37
7242,38
7243,38
7244,38
7245,38
7246,38
7247,38
7248,38
7249,38
7250,38
7251,38
7252,38
7253,38
7254,38
7255,38
7256,38
7257,38
7258,38
7259,38
7260,38
7261,38
7262,38
7263,38
7264,38
7265,38
7266,38
7267,38
7268,38
7269,38
7270,38
7271,38
7272,38
7273,38
7274,38
7275,38
7276,38
7277,38
7278,38
7279,38
7280,38
7281,38
7282,38
7283,38
7284,38
7285,38
7286,38
7287,38
7288,38
7289,38
7290,38
7291,38
7292,38
7293,38
7294,38
7295,38
7296,38
7297,38
7298,38
7299,38
7300,38
7301,38
7302,38
7303,38
7304,38
7305,38
7306,38
7307,38
7308,38
7309,38
7310,38
7311,38
7312,38
7313,38
7314,38
7315,38
7316,38
7317,38
7318,38
7319,38
7320,38
7321,38
7322,38
7323,38
7324,38
7325,38
7326,38
7327,38
7328,38
7329,38
7330,38
7331,38
7332,38
7333,38
7334,38
7335,38
7336,38
7337,38
7338,38
7339,38
7340,38
7341,38
7342,38
7343,38
7344,38
7345,38
7346,38
7347,38
7348,38
7349,38
7350,38
7351,38
7352,38
7353,38
7354,38
7355,38
7356,38
7357,38
7358,38
7359,38
7360,38
7361,38
7362,38
7363,38
7364,38
7365,38
7366,38
7367,38
7368,38
7369,38
7370,38
7371,38
7372,38
7373,38
7374,38
7375,38
7376,38
7377,38
7378,38
7379,38
7380,38
7381,38
7382,38
7383,38
7384,38
7385,38
7386,38
7387,38
7388,38
7389,38
7390,38
7391,38
7392,39
7393,39
7394,39
7395,39
7396,39
7397,39
7398,39
7399,39
7400,39
7401,39
7402,39
7403,39
7404,39
7405,39
7406,39
7407,39
7408,39
7409,39
7410,39
7411,39
7412,39
7413,39
7414,39
7415,39
7416,39
7417,39
7418,39
7419,39
7420,39
7421,39
7422,39
7423,39
7424,39
7425,39
7426,39
7427,39
7428,39
7429,39
7430,39
7431,39
7432,39
7433,39
7434,39
7435,39
7436,39
7437,39
7438,39
7439,39
7440,39
7441,39
7442,39
7443,39
7444,39
7445,39
7446,39
7447,39
7448,39
7449,39
7450,39
7451,39
7452,39
7453,39
7454,39
7455,39
7456,39
7457,39
7458,39
7459,39
7460,39
7461,39
7462,39
7463,39
7464,39
7465,39
7466,39
7467,39
7468,39
7469,39
7470,39
7471,39
7472,39
7473,39
7474,39
7475,39
7476,39
7477,39
7478,39
7479,39
7480,39
7481,39
7482,39
7483,39
7484,39
7485,39
7486,39
7487,39
7488,39
7489,39
7490,39
7491,39
7492,39
7493,39
7494,39
7495,39
7496,39
7497,39
7498,39
7499,39
7500,39
7501,39
7502,39
7503,39
7504,39
7505,39
7506,39
7507,39
7508,39
7509,39
7510,39
7511,39
7512,39
7513,39
7514,39
7515,39
7516,39
7517,39
7518,39
7519,39
7520,39
7521,39
7522,39
7523,39
7524,39
7525,39
7526,39
7527,39
7528,39
7529,39
7530,39
7531,39
7532,39
7533,39
7534,39
7535,39
7536,39
7537,39
7538,39
7539,39
7540,39
7541,39
7542,39
7543,39
7544,39
7545,39
7546,39
7547,39
7548,39
7549,39
7550,39
7551,39
7552,39
7553,39
7554,39
7555,39
7556,39
7557,39
7558,39
7559,39
7560,39
7561,39
7562,39
7563,40
7564,40
7565,40
7566,40
7567,40
7568,40
7569,40
7570,40
7571,40
7572,40
7573,40
7574,40
7575,40
7576,40
7577,40
7578,40
7579,40
7580,40
7581,40
7582,40
7583,40
7584,40
7585,40
7586,40
7587,40
7588,40
7589,40
7590,40
7591,40
7592,40
7593,40
7594,40
7595,40
7596,40
7597,40
7598,40
7599,40
7600,40
7601,40
7602,40
7603,40
7604,40
7605,40
7606,40
7607,40
7608,40
7609,40
7610,40
7611,40
7612,40
7613,40
7614,40
7615,40
7616,40
7617,40
7618,40
7619,40
7620,40
7621,40
7622,40
7623,40
7624,40
7625,40
7626,40
7627,40
7628,40
7629,40
7630,40
7631,40
7632,40
7633,40
7634,40
7635,40
7636,40
7637,40
7638,40
7639,40
7640,40
7641,40
7642,40
7643,40
7644,40
7645,40
7646,40
7647,40
7648,40
7649,40
7650,40
7651,40
7652,40
7653,40
7654,40
7655,40
7656,40
7657,40
7658,40
7659,40
7660,40
7661,40
7662,40
7663,40
7664,40
7665,40
7666,40
7667,40
7668,40
7669,40
7670,40
7671,40
7672,40
7673,40
7674,40
7675,40
7676,40
7677,40
7678,40
7679,40
7680,40
7681,40
7682,40
7683,40
7684,40
7685,40
7686,40
7687,40
7688,40
7689,40
7690,40
7691,40
7692,40
7693,40
7694,40
7695,40
7696,40
7697,40
7698,40
7699,40
7700,40
7701,40
7702,40
7703,40
7704,40
7705,40
7706,40
7707,40
7708,40
7709,40
7710,40
7711,40
7712,40
7713,40
7714,40
7715,40
7716,40
7717,40
7718,40
7719,40
7720,40
7721,40
7722,40
7723,40
7724,40
7725,40
7726,40
7727,41
7728,41
7729,41
7730,41
7731,41
7732,41
7733,41
7734,41
7735,41
7736,41
7737,41
7738,41
7739,41
7740,41
7741,41
7742,41
7743,41
7744,41
7745,41
7746,41
7747,41
7748,41
7749,41
7750,41
7751,41
7752,41
7753,41
7754,41
7755,41
7756,41
7757,41
7758,41
7759,41
7760,41
7761,41
7762,41
7763,41
7764,41
7765,41
7766,41
7767,41
7768,41
7769,41
7770,41
7771,41
7772,41
7773,41
7774,41
7775,41
7776,41
7777,41
7778,41
7779,41
7780,41
7781,41
7782,41
7783,41
7784,41
7785,41
7786,41
7787,41
7788,41
7789,41
7790,41
7791,41
7792,41
7793,41
7794,41
7795,41
7796,41
7797,41
7798,41
7799,41
7800,41
7801,41
7802,41
7803,41
7804,41
7805,41
7806,41
7807,41
7808,41
7809,41
7810,41
7811,41
7812,41
7813,41
7814,41
7815,41
7816,41
7817,41
7818,41
7819,41
7820,41
7821,41
7822,41
7823,41
7824,41
7825,41
7826,41
7827,41
7828,41
7829,41
7830,41
7831,41
7832,41
7833,41
7834,41
7835,41
7836,41
7837,41
7838,41
7839,41
7840,41
7841,41
7842,41
7843,41
7844,41
7845,41
7846,41
7847,41
7848,41
7849,41
7850,41
7851,41
7852,41
7853,41
7854,41
7855,41
7856,41
7857,41
7858,41
7859,41
7860,41
7861,41
7862,41
7863,41
7864,41
7865,41
7866,41
7867,41
7868,41
7869,41
7870,41
7871,41
7872,41
7873,41
7874,41
7875,41
7876,41
7877,41
7878,41
7879,41
7880,41
7881,41
7882,41
7883,41
7884,41
7885,41
7886,41
7887,41
7888,41
7889,41
7890,41
7891,41
7892,41
7893,41
7894,41
7895,41
7896,41
7897,41
7898,41
7899,41
7900,41
7901,41
7902,41
7903,41
7904,41
7905,41
7906,41
7907,41
7908,41
7909,41
7910,41
7911,41
7912,41
7913,41
7914,41
7915,41
7916,41
7917,41
7918,41
7919,41
7920,41
7921,41
7922,41
7923,41
7924,41
7925,42
7926,42
7927,42
7928,42
7929,42
7930,42
7931,42
7932,42
7933,42
7934,42
7935,42
7936,42
7937,42
7938,42
7939,42
7940,42
7941,42
7942,42
7943,42
7944,42
7945,42
7946,42
7947,42
7948,42
7949,42
7950,42
7951,42
7952,42
7953,42
7954,42
7955,42
7956,42
7957,42
7958,42
7959,42
7960,42
7961,42
7962,42
7963,42
7964,42
7965,42
7966,42
7967,42
7968,42
7969,42
7970,42
7971,42
7972,42
7973,42
7974,42
7975,42
7976,42
7977,42
7978,42
7979,42
7980,42
7981,42
7982,42
7983,42
7984,42
7985,42
7986,42
7987,42
7988,42
7989,42
7990,42
7991,42
7992,42
7993,42
7994,42
7995,42
7996,42
7997,42
7998,42
7999,42
8000,42
8001,42
8002,42
8003,42
8004,42
8005,42
8006,42
8007,42
8008,42
8009,42
8010,42
8011,42
8012,42
8013,42
8014,42
8015,42
8016,42
8017,42
8018,42
8019,42
8020,42
8021,42
8022,42
8023,42
8024,42
8025,42
8026,42
8027,42
8028,42
8029,42
8030,42
8031,42
8032,42
8033,42
8034,42
8035,42
8036,42
8037,42
8038,42
8039,42
8040,42
8041,42
8042,42
8043,42
8044,42
8045,42
8046,42
8047,43
8048,43
8049,43
8050,43
8051,43
8052,43
8053,43
8054,43
8055,43
8056,43
8057,43
8058,43
8059,43
8060,43
8061,43
8062,43
8063,43
8064,43
8065,43
8066,43
8067,43
8068,43
8069,43
8070,43
8071,43
8072,43
8073,43
8074,43
8075,43
8076,43
8077,43
8078,43
8079,43
8080,43
8081,43
8082,43
8083,43
8084,43
8085,43
8086,43
8087,43
8088,43
8089,43
8090,43
8091,43
8092,43
8093,43
8094,43
8095,43
8096,43
8097,43
8098,43
8099,43
8100,43
8101,43
8102,43
8103,43
8104,43
8105,43
8106,43
8107,43
8108,43
8109,43
8110,43
8111,43
8112,43
8113,43
8114,43
8115,43
8116,43
8117,43
8118,43
8119,43
8120,43
8121,43
8122,43
8123,43
8124,43
8125,43
8126,43
8127,43
8128,43
8129,43
8130,43
8131,43
8132,43
8133,43
8134,43
8135,43
8136,43
8137,43
8138,43
8139,43
8140,43
8141,43
8142,43
8143,43
8144,43
8145,43
8146,43
8147,43
8148,43
8149,43
8150,43
8151,43
8152,43
8153,43
8154,43
8155,43
8156,43
8157,43
8158,43
8159,43
8160,43
8161,43
8162,43
8163,43
8164,43
8165,43
8166,43
8167,43
8168,43
8169,43
8170,44
8171,44
8172,44
8173,44
8174,44
8175,44
8176,44
8177,44
8178,44
8179,44
8180,44
8181,44
8182,44
8183,44
8184,44
8185,44
8186,44
8187,44
8188,44
8189,44
8190,44
8191,44
8192,44
8193,44
8194,44
8195,44
8196,44
8197,44
8198,44
8199,44
8200,44
8201,44
8202,44
8203,44
8204,44
8205,44
8206,44
8207,44
8208,44
8209,44
8210,44
8211,44
8212,44
8213,44
8214,44
8215,44
8216,44
8217,44
8218,44
8219,44
8220,44
8221,44
8222,44
8223,44
8224,44
8225,44
8226,44
8227,44
8228,44
8229,44
8230,44
8231,44
8232,44
8233,44
8234,44
8235,44
8236,44
8237,44
8238,44
8239,44
8240,44
8241,44
8242,44
8243,44
8244,44
8245,44
8246,44
8247,44
8248,44
8249,44
8250,44
8251,44
8252,44
8253,44
8254,44
8255,44
8256,44
8257,44
8258,44
8259,44
8260,44
8261,44
8262,44
8263,44
8264,44
8265,44
8266,44
8267,44
8268,44
8269,44
8270,44
8271,44
8272,44
8273,44
8274,44
8275,44
8276,44
8277,44
8278,44
8279,44
8280,44
8281,44
8282,44
8283,44
8284,44
8285,44
8286,44
8287,44
8288,44
8289,44
8290,44
8291,44
8292,44
8293,44
8294,44
8295,44
8296,44
8297,44
8298,44
8299,44
8300,44
8301,44
8302,44
8303,44
8304,44
8305,44
8306,44
8307,44
8308,44
8309,44
8310,44
8311,44
8312,44
8313,44
8314,44
8315,44
8316,44
8317,44
8318,44
8319,44
8320,44
8321,44
8322,44
8323,44
8324,44
8325,44
8326,44
8327,44
8328,44
8329,44
8330,44
8331,44
8332,44
8333,44
8334,44
8335,44
8336,44
8337,44
8338,44
8339,44
8340,44
8341,44
8342,44
8343,44
8344,44
8345,44
8346,44
8347,44
8348,44
8349,44
8350,44
8351,44
8352,44
8353,44
8354,44
8355,44
8356,44
8357,44
8358,44
8359,44
8360,44
8361,44
8362,44
8363,45
8364,45
8365,45
8366,45
8367,45
8368,45
8369,45
8370,45
8371,45
8372,45
8373,45
8374,45
8375,45
8376,45
8377,45
8378,45
8379,45
8380,45
8381,45
8382,45
8383,45
8384,45
8385,45
8386,45
8387,45
8388,45
8389,45
8390,45
8391,45
8392,45
8393,45
8394,45
8395,45
8396,45
8397,45
8398,45
8399,45
8400,45
8401,45
8402,45
8403,45
8404,45
8405,45
8406,45
8407,45
8408,45
8409,45
8410,45
8411,45
8412,45
8413,45
8414,45
8415,45
8416,45
8417,45
8418,45
8419,45
8420,45
8421,45
8422,45
8423,45
8424,45
8425,45
8426,45
8427,45
8428,45
8429,45
8430,45
8431,45
8432,45
8433,45
8434,45
8435,45
8436,45
8437,45
8438,45
8439,45
8440,45
8441,45
8442,45
8443,45
8444,45
8445,45
8446,45
8447,45
8448,45
8449,45
8450,45
8451,45
8452,45
8453,45
8454,45
8455,45
8456,45
8457,45
8458,45
8459,45
8460,45
8461,45
8462,45
8463,45
8464,45
8465,45
8466,45
8467,45
8468,45
8469,45
8470,45
8471,45
8472,45
8473,45
8474,45
8475,45
8476,45
8477,45
8478,45
8479,45
8480,45
8481,45
8482,45
8483,45
8484,45
8485,46
8486,46
8487,46
8488,46
8489,46
8490,46
8491,46
8492,46
8493,46
8494,46
8495,46
8496,46
8497,46
8498,46
8499,46
8500,46
8501,46
8502,46
8503,46
8504,46
8505,46
8506,46
8507,46
8508,46
8509,46
8510,46
8511,46
8512,46
8513,46
8514,46
8515,46
8516,46
8517,46
8518,46
8519,46
8520,46
8521,46
8522,46
8523,46
8524,46
8525,46
8526,46
8527,46
8528,46
8529,46
8530,46
8531,46
8532,46
8533,46
8534,46
8535,46
8536,46
8537,46
8538,46
8539,46
8540,46
8541,46
8542,46
8543,46
8544,46
8545,46
8546,46
8547,46
8548,46
8549,46
8550,46
8551,46
8552,46
8553,46
8554,46
8555,46
8556,46
8557,46
8558,46
8559,46
8560,46
8561,46
8562,46
8563,46
8564,46
8565,46
8566,46
8567,46
8568,46
8569,46
8570,46
8571,46
8572,46
8573,46
8574,46
8575,46
8576,46
8577,46
8578,46
8579,46
8580,46
8581,46
8582,46
8583,46
8584,46
8585,46
8586,46
8587,46
8588,46
8589,46
8590,46
8591,46
8592,46
8593,46
8594,46
8595,46
8596,46
8597,46
8598,46
8599,46
8600,46
8601,46
8602,46
8603,46
8604,46
8605,46
8606,46
8607,46
8608,46
8609,46
8610,46
8611,46
8612,46
8613,46
8614,46
8615,46
8616,46
8617,46
8618,46
8619,46
8620,46
8621,46
8622,46
8623,46
8624,46
8625,46
8626,46
8627,46
8628,46
8629,46
8630,46
8631,46
8632,46
8633,46
8634,46
8635,47
8636,47
8637,47
8638,47
8639,47
8640,47
8641,47
8642,47
8643,47
8644,47
8645,47
8646,47
8647,47
8648,47
8649,47
8650,47
8651,47
8652,47
8653,47
8654,47
8655,47
8656,47
8657,47
8658,47
8659,47
8660,47
8661,47
8662,47
8663,47
8664,47
8665,47
8666,47
8667,47
8668,47
8669,47
8670,47
8671,47
8672,47
8673,47
8674,47
8675,47
8676,47
8677,47
8678,47
8679,47
8680,47
8681,47
8682,47
8683,47
8684,47
8685,47
8686,47
8687,47
8688,47
8689,47
8690,47
8691,47
8692,47
8693,47
8694,47
8695,47
8696,47
8697,47
8698,47
8699,47
8700,47
8701,47
8702,47
8703,47
8704,47
8705,47
8706,47
8707,47
8708,47
8709,47
8710,47
8711,47
8712,47
8713,47
8714,47
8715,47
8716,47
8717,47
8718,47
8719,47
8720,47
8721,47
8722,47
8723,47
8724,47
8725,47
8726,47
8727,47
8728,47
8729,47
8730,47
8731,47
8732,47
8733,47
8734,47
8735,47
8736,47
8737,47
8738,47
8739,47
8740,47
8741,47
8742,47
8743,47
8744,47
8745,47
8746,47
8747,47
8748,47
8749,47
8750,47
8751,47
8752,47
8753,47
8754,47
8755,47
8756,47
8757,47
8758,47
8759,47
8760,47
8761,47
8762,47
8763,47
8764,47
8765,47
8766,47
8767,47
8768,47
8769,47
8770,47
8771,47
8772,47
8773,47
8774,47
8775,47
8776,47
8777,47
8778,47
8779,47
8780,47
8781,47
8782,47
8783,47
8784,47
8785,47
8786,47
8787,47
8788,47
8789,47
8790,47
8791,47
8792,47
8793,47
8794,47
8795,47
8796,47
8797,47
8798,47
8799,47
8800,47
8801,47
8802,47
8803,47
8804,47
8805,47
8806,47
8807,47
8808,47
8809,47
8810,47
8811,47
8812,47
8813,47
8814,47
8815,47
8816,47
8817,47
8818,47
8819,47
8820,47
8821,47
8822,47
8823,48
8824,48
8825,48
8826,48
8827,48
8828,48
8829,48
8830,48
8831,48
8832,48
8833,48
8834,48
8835,48
8836,48
8837,48
8838,48
8839,48
8840,48
8841,48
8842,48
8843,48
8844,48
8845,48
8846,48
8847,48
8848,48
8849,48
8850,48
8851,48
8852,48
8853,48
8854,48
8855,48
8856,48
8857,48
8858,48
8859,48
8860,48
8861,48
8862,48
8863,48
8864,48
8865,48
8866,48
8867,48
8868,48
8869,48
8870,48
8871,48
8872,48
8873,48
8874,48
8875,48
8876,48
8877,48
8878,48
8879,48
8880,48
8881,48
8882,48
8883,48
8884,48
8885,48
8886,48
8887,48
8888,48
8889,48
8890,48
8891,48
8892,48
8893,48
8894,48
8895,48
8896,48
8897,48
8898,48
8899,48
8900,48
8901,48
8902,48
8903,48
8904,48
8905,48
8906,48
8907,48
8908,48
8909,48
8910,48
8911,48
8912,48
8913,48
8914,48
8915,48
8916,48
8917,48
8918,48
8919,48
8920,48
8921,48
8922,48
8923,48
8924,48
8925,48
8926,48
8927,48
8928,48
8929,48
8930,48
8931,48
8932,48
8933,48
8934,48
8935,48
8936,48
8937,48
8938,48
8939,48
8940,48
8941,48
8942,48
8943,48
8944,48
8945,48
8946,48
8947,48
8948,48
8949,48
8950,48
8951,48
8952,48
8953,48
8954,48
8955,48
8956,48
8957,48
8958,48
8959,48
8960,48
8961,48
8962,48
8963,48
8964,48
8965,48
8966,48
8967,48
8968,48
8969,48
8970,48
8971,48
8972,48
8973,48
8974,48
8975,48
8976,48
8977,48
8978,48
8979,48
8980,48
8981,48
8982,48
8983,48
8984,48
8985,48
8986,48
8987,48
8988,48
8989,48
8990,48
8991,48
8992,48
8993,48
8994,48
8995,48
8996,48
8997,48
8998,48
8999,48
9000,48
9001,48
9002,48
9003,48
9004,48
9005,48
9006,48
9007,48
9008,48
9009,48
9010,48
9011,48
9012,48
9013,48
9014,48
9015,48
9016,48
9017,48
9018,49
9019,49
9020,49
9021,49
9022,49
9023,49
9024,49
9025,49
9026,49
9027,49
9028,49
9029,49
9030,49
9031,49
9032,49
9033,49
9034,49
9035,49
9036,49
9037,49
9038,49
9039,49
9040,49
9041,49
9042,49
9043,49
9044,49
9045,49
9046,49
9047,49
9048,49
9049,49
9050,49
9051,49
9052,49
9053,49
9054,49
9055,49
9056,49
9057,49
9058,49
9059,49
9060,49
9061,49
9062,49
9063,49
9064,49
9065,49
9066,49
9067,49
9068,49
9069,49
9070,49
9071,49
9072,49
9073,49
9074,49
9075,49
9076,49
9077,49
9078,49
9079,49
9080,49
9081,49
9082,49
9083,49
9084,49
9085,49
9086,49
9087,49
9088,49
9089,49
9090,49
9091,49
9092,49
9093,49
9094,49
9095,49
9096,49
9097,49
9098,49
9099,49
9100,49
9101,49
9102,49
9103,49
9104,49
9105,49
9106,49
9107,49
9108,49
9109,49
9110,49
9111,49
9112,49
9113,49
9114,49
9115,49
9116,49
9117,49
9118,49
9119,49
9120,49
9121,49
9122,49
9123,49
9124,49
9125,49
9126,49
9127,49
9128,49
9129,49
9130,49
9131,49
9132,49
9133,49
9134,49
9135,49
9136,49
9137,49
9138,49
9139,49
9140,49
9141,49
9142,49
9143,49
9144,49
9145,49
9146,49
9147,49
9148,49
9149,49
9150,49
9151,49
9152,49
9153,49
9154,49
9155,49
9156,49
9157,49
9158,49
9159,49
9160,49
9161,49
9162,49
9163,49
9164,49
9165,49
9166,49
9167,49
9168,49
9169,49
9170,49
9171,49
9172,49
9173,49
9174,49
9175,49
9176,49
9177,49
9178,49
9179,49
9180,49
9181,49
9182,49
9183,49
9184,49
9185,49
9186,49
9187,49
9188,49
9189,49
9190,49
9191,49
9192,49
9193,49
9194,49
9195,49
9196,49
9197,49
9198,49
9199,49
9200,49
9201,49
9202,49
9203,49
9204,49
9205,49
9206,49
9207,49
9208,49
9209,49
9210,49
9211,49
9212,49
9213,49
9214,49
9215,49
9216,49
9217,49
9218,49
9219,49
9220,49
9221,50
9222,50
9223,50
9224,50
9225,50
9226,50
9227,50
9228,50
9229,50
9230,50
9231,50
9232,50
9233,50
9234,50
9235,50
9236,50
9237,50
9238,50
9239,50
9240,50
9241,50
9242,50
9243,50
9244,50
9245,50
9246,50
9247,50
9248,50
9249,50
9250,50
9251,50
9252,50
9253,50
9254,50
9255,50
9256,50
9257,50
9258,50
9259,50
9260,50
9261,50
9262,50
9263,50
9264,50
9265,50
9266,50
9267,50
9268,50
9269,50
9270,50
9271,50
9272,50
9273,50
9274,50
9275,50
9276,50
9277,50
9278,50
9279,50
9280,50
9281,50
9282,50
9283,50
9284,50
9285,50
9286,50
9287,50
9288,50
9289,50
9290,50
9291,50
9292,50
9293,50
9294,50
9295,50
9296,50
9297,50
9298,50
9299,50
9300,50
9301,50
9302,50
9303,50
9304,50
9305,50
9306,50
9307,50
9308,50
9309,50
9310,50
9311,50
9312,50
9313,50
9314,50
9315,50
9316,50
9317,50
9318,50
9319,50
9320,50
9321,50
9322,50
9323,50
9324,50
9325,50
9326,50
9327,50
9328,50
9329,50
9330,50
9331,50
9332,50
9333,50
9334,50
9335,50
9336,50
9337,50
9338,50
9339,50
9340,50
9341,50
9342,50
9343,50
9344,50
9345,50
9346,50
9347,50
9348,50
9349,50
9350,50
9351,50
9352,50
9353,50
9354,50
9355,50
9356,50
9357,50
9358,50
9359,50
9360,50
9361,50
9362,50
9363,50
9364,50
9365,50
9366,50
9367,50
9368,50
9369,50
9370,50
9371,50
9372,50
9373,50
9374,50
9375,50
9376,50
9377,50
9378,50
9379,50
9380,50
9381,50
9382,50
9383,50
9384,50
9385,50
9386,50
9387,50
9388,50
9389,50
9390,50
9391,50
9392,50
9393,50
9394,50
9395,50
9396,50
9397,50
9398,50
9399,50
9400,50
9401,50
9402,50
9403,50
9404,50
9405,50
9406,50
9407,50
9408,50
9409,50
9410,51
9411,51
9412,51
9413,51
9414,51
9415,51
9416,51
9417,51
9418,51
9419,51
9420,51
9421,51
9422,51
9423,51
9424,51
9425,51
9426,51
9427,51
9428,51
9429,51
9430,51
9431,51
9432,51
9433,51
9434,51
9435,51
9436,51
9437,51
9438,51
9439,51
9440,51
9441,51
9442,51
9443,51
9444,51
9445,51
9446,51
9447,51
9448,51
9449,51
9450,51
9451,51
9452,51
9453,51
9454,51
9455,51
9456,51
9457,51
9458,51
9459,51
9460,51
9461,51
9462,51
9463,51
9464,51
9465,51
9466,51
9467,51
9468,51
9469,51
9470,51
9471,51
9472,51
9473,51
9474,51
9475,51
9476,51
9477,51
9478,51
9479,51
9480,51
9481,51
9482,51
9483,51
9484,51
9485,51
9486,51
9487,51
9488,51
9489,51
9490,51
9491,51
9492,51
9493,51
9494,51
9495,51
9496,51
9497,51
9498,51
9499,51
9500,51
9501,51
9502,51
9503,51
9504,51
9505,51
9506,51
9507,51
9508,51
9509,51
9510,51
9511,51
9512,51
9513,51
9514,51
9515,51
9516,51
9517,51
9518,51
9519,51
9520,51
9521,51
9522,51
9523,51
9524,51
9525,51
9526,51
9527,51
9528,51
9529,51
9530,51
9531,51
9532,51
9533,51
9534,51
9535,51
9536,51
9537,51
9538,51
9539,51
9540,51
9541,51
9542,51
9543,51
9544,51
9545,51
9546,51
9547,51
9548,51
9549,51
9550,51
9551,51
9552,51
9553,51
9554,51
9555,51
9556,51
9557,51
9558,51
9559,51
9560,51
9561,51
9562,51
9563,51
9564,52
9565,52
9566,52
9567,52
9568,52
9569,52
9570,52
9571,52
9572,52
9573,52
9574,52
9575,52
9576,52
9577,52
9578,52
9579,52
9580,52
9581,52
9582,52
9583,52
9584,52
9585,52
9586,52
9587,52
9588,52
9589,52
9590,52
9591,52
9592,52
9593,52
9594,52
9595,52
9596,52
9597,52
9598,52
9599,52
9600,52
9601,52
9602,52
9603,52
9604,52
9605,52
9606,52
9607,52
9608,52
9609,52
9610,52
9611,52
9612,52
9613,52
9614,52
9615,52
9616,52
9617,52
9618,52
9619,52
9620,52
9621,52
9622,52
9623,52
9624,52
9625,52
9626,52
9627,52
9628,52
9629,52
9630,52
9631,52
9632,52
9633,52
9634,52
9635,52
9636,52
9637,52
9638,52
9639,52
9640,52
9641,52
9642,52
9643,52
9644,52
9645,52
9646,52
9647,52
9648,52
9649,52
9650,52
9651,52
9652,52
9653,52
9654,52
9655,52
9656,52
9657,52
9658,52
9659,52
9660,52
9661,52
9662,52
9663,52
9664,52
9665,52
9666,52
9667,52
9668,52
9669,52
9670,52
9671,52
9672,52
9673,52
9674,52
9675,52
9676,52
9677,52
9678,52
9679,52
9680,52
9681,52
9682,52
9683,52
9684,52
9685,52
9686,52
9687,52
9688,52
9689,52
9690,52
9691,52
9692,52
9693,52
9694,52
9695,52
9696,52
9697,52
9698,52
9699,52
9700,52
9701,52
9702,52
9703,52
9704,52
9705,52
9706,52
9707,52
9708,52
9709,52
9710,52
9711,53
9712,53
9713,53
9714,53
9715,53
9716,53
9717,53
9718,53
9719,53
9720,53
9721,53
9722,53
9723,53
9724,53
9725,53
9726,53
9727,53
9728,53
9729,53
9730,53
9731,53
9732,53
9733,53
9734,53
9735,53
9736,53
9737,53
9738,53
9739,53
9740,53
9741,53
9742,53
9743,53
9744,53
9745,53
9746,53
9747,53
9748,53
9749,53
9750,53
9751,53
9752,53
9753,53
9754,53
9755,53
9756,53
9757,53
9758,53
9759,53
9760,53
9761,53
9762,53
9763,53
9764,53
9765,53
9766,53
9767,53
9768,53
9769,53
9770,53
9771,53
9772,53
9773,53
9774,53
9775,53
9776,53
9777,53
9778,53
9779,53
9780,53
9781,53
9782,53
9783,53
9784,53
9785,53
9786,53
9787,53
9788,53
9789,53
9790,53
9791,53
9792,53
9793,53
9794,53
9795,53
9796,53
9797,53
9798,53
9799,53
9800,53
9801,53
9802,53
9803,53
9804,53
9805,53
9806,53
9807,53
9808,53
9809,53
9810,53
9811,53
9812,53
9813,53
9814,53
9815,53
9816,53
9817,53
9818,53
9819,53
9820,53
9821,53
9822,53
9823,53
9824,53
9825,53
9826,53
9827,53
9828,53
9829,53
9830,53
9831,53
9832,53
9833,53
9834,53
9835,53
9836,53
9837,53
9838,53
9839,53
9840,53
9841,53
9842,53
9843,53
9844,53
9845,53
9846,53
9847,53
9848,53
9849,53
9850,53
9851,53
9852,53
9853,53
9854,54
9855,54
9856,54
9857,54
9858,54
9859,54
9860,54
9861,54
9862,54
9863,54
9864,54
9865,54
9866,54
9867,54
9868,54
9869,54
9870,54
9871,54
9872,54
9873,54
9874,54
9875,54
9876,54
9877,54
9878,54
9879,54
9880,54
9881,54
9882,54
9883,54
9884,54
9885,54
9886,54
9887,54
9888,54
9889,54
9890,54
9891,54
9892,54
9893,54
9894,54
9895,54
9896,54
9897,54
9898,54
9899,54
9900,54
9901,54
9902,54
9903,54
9904,54
9905,54
9906,54
9907,54
9908,54
9909,54
9910,54
9911,54
9912,54
9913,54
9914,54
9915,54
9916,54
9917,54
9918,54
9919,54
9920,54
9921,54
9922,54
9923,54
9924,54
9925,54
9926,54
9927,54
9928,54
9929,54
9930,54
9931,54
9932,54
9933,54
9934,54
9935,54
9936,54
9937,54
9938,54
9939,54
9940,54
9941,54
9942,54
9943,54
9944,54
9945,54
9946,54
9947,54
9948,54
9949,54
9950,54
9951,54
9952,54
9953,54
9954,54
9955,54
9956,54
9957,54
9958,54
9959,54
9960,54
9961,54
9962,54
9963,54
9964,54
9965,54
9966,54
9967,54
9968,54
9969,54
9970,54
9971,54
9972,54
9973,54
9974,54
9975,54
9976,54
9977,54
9978,54
9979,54
9980,54
9981,54
9982,54
9983,54
9984,54
9985,54
9986,54
9987,54
9988,54
9989,54
9990,54
9991,54
9992,54
9993,54
9994,54
9995,54
9996,54
9997,54
9998,54
9999,54
10000,54
10001,54
10002,54
10003,54
10004,54
10005,54
10006,54
10007,54
10008,54
10009,54
10010,54
10011,54
10012,54
10013,54
10014,54
10015,54
10016,54
10017,54
10018,54
10019,54
10020,54
10021,54
10022,54
10023,54
10024,54
10025,54
10026,54
10027,54
10028,54
10029,54
10030,54
10031,55
10032,55
10033,55
10034,55
10035,55
10036,55
10037,55
10038,55
10039,55
10040,55
10041,55
10042,55
10043,55
10044,55
10045,55
10046,55
10047,55
10048,55
10049,55
10050,55
10051,55
10052,55
10053,55
10054,55
10055,55
10056,55
10057,55
10058,55
10059,55
10060,55
10061,55
10062,55
10063,55
10064,55
10065,55
10066,55
10067,55
10068,55
10069,55
10070,55
10071,55
10072,55
10073,55
10074,55
10075,55
10076,55
10077,55
10078,55
10079,55
10080,55
10081,55
10082,55
10083,55
10084,55
10085,55
10086,55
10087,55
10088,55
10089,55
10090,55
10091,55
10092,55
10093,55
10094,55
10095,55
10096,55
10097,55
10098,55
10099,55
10100,55
10101,55
10102,55
10103,55
10104,55
10105,55
10106,55
10107,55
10108,55
10109,55
10110,55
10111,55
10112,55
10113,55
10114,55
10115,55
10116,55
10117,55
10118,55
10119,55
10120,55
10121,55
10122,55
10123,55
10124,55
10125,55
10126,55
10127,55
10128,55
10129,55
10130,55
10131,55
10132,55
10133,55
10134,55
10135,55
10136,55
10137,55
10138,55
10139,55
10140,55
10141,55
10142,55
10143,55
10144,55
10145,55
10146,55
10147,55
10148,55
10149,55
10150,55
10151,55
10152,55
10153,55
10154,55
10155,55
10156,55
10157,55
10158,55
10159,55
10160,55
10161,55
10162,55
10163,55
10164,55
10165,55
10166,55
10167,55
10168,55
10169,55
10170,55
10171,55
10172,55
10173,55
10174,55
10175,55
10176,55
10177,55
10178,55
10179,55
10180,55
10181,55
10182,55
10183,55
10184,55
10185,55
10186,55
10187,55
10188,55
10189,55
10190,55
10191,55
10192,55
10193,55
10194,55
10195,55
10196,55
10197,55
10198,55
10199,55
10200,55
10201,55
10202,55
10203,55
10204,55
10205,55
10206,55
10207,55
10208,55
10209,55
10210,55
10211,55
10212,55
10213,55
10214,55
10215,55
10216,55
10217,55
10218,55
10219,56
10220,56
10221,56
10222,56
10223,56
10224,56
10225,56
10226,56
10227,56
10228,56
10229,56
10230,56
10231,56
10232,56
10233,56
10234,56
10235,56
10236,56
10237,56
10238,56
10239,56
10240,56
10241,56
10242,56
10243,56
10244,56
10245,56
10246,56
10247,56
10248,56
10249,56
10250,56
10251,56
10252,56
10253,56
10254,56
10255,56
10256,56
10257,56
10258,56
10259,56
10260,56
10261,56
10262,56
10263,56
10264,56
10265,56
10266,56
10267,56
10268,56
10269,56
10270,56
10271,56
10272,56
10273,56
10274,56
10275,56
10276,56
10277,56
10278,56
10279,56
10280,56
10281,56
10282,56
10283,56
10284,56
10285,56
10286,56
10287,56
10288,56
10289,56
10290,56
10291,56
10292,56
10293,56
10294,56
10295,56
10296,56
10297,56
10298,56
10299,56
10300,56
10301,56
10302,56
10303,56
10304,56
10305,56
10306,56
10307,56
10308,56
10309,56
10310,56
10311,56
10312,56
10313,56
10314,56
10315,56
10316,56
10317,56
10318,56
10319,56
10320,56
10321,56
10322,56
10323,56
10324,56
10325,56
10326,56
10327,56
10328,56
10329,56
10330,56
10331,56
10332,56
10333,56
10334,56
10335,56
10336,56
10337,56
10338,56
10339,56
10340,56
10341,56
10342,56
10343,56
10344,56
10345,56
10346,56
10347,56
10348,56
10349,56
10350,56
10351,56
10352,56
10353,56
10354,56
10355,56
10356,56
10357,56
10358,56
10359,56
10360,56
10361,56
10362,56
10363,56
10364,56
10365,56
10366,56
10367,56
10368,56
10369,56
10370,56
10371,56
10372,56
10373,56
10374,56
10375,56
10376,56
10377,56
10378,56
10379,56
10380,56
10381,56
10382,56
10383,56
10384,56
10385,56
10386,56
10387,57
10388,57
10389,57
10390,57
10391,57
10392,57
10393,57
10394,57
10395,57
10396,57
10397,57
10398,57
10399,57
10400,57
10401,57
10402,57
10403,57
10404,57
10405,57
10406,57
10407,57
10408,57
10409,57
10410,57
10411,57
10412,57
10413,57
10414,57
10415,57
10416,57
10417,57
10418,57
10419,57
10420,57
10421,57
10422,57
10423,57
10424,57
10425,57
10426,57
10427,57
10428,57
10429,57
10430,57
10431,57
10432,57
10433,57
10434,57
10435,57
10436,57
10437,57
10438,57
10439,57
10440,57
10441,57
10442,57
10443,57
10444,57
10445,57
10446,57
10447,57
10448,57
10449,57
10450,57
10451,57
10452,57
10453,57
10454,57
10455,57
10456,57
10457,57
10458,57
10459,57
10460,57
10461,57
10462,57
10463,57
10464,57
10465,57
10466,57
10467,57
10468,57
10469,57
10470,57
10471,57
10472,57
10473,57
10474,57
10475,57
10476,57
10477,57
10478,57
10479,57
10480,57
10481,57
10482,57
10483,57
10484,57
10485,57
10486,57
10487,57
10488,57
10489,57
10490,57
10491,57
10492,57
10493,57
10494,57
10495,57
10496,57
10497,57
10498,57
10499,57
10500,57
10501,57
10502,57
10503,57
10504,57
10505,57
10506,57
10507,57
10508,57
10509,57
10510,57
10511,57
10512,57
10513,57
10514,57
10515,57
10516,57
10517,57
10518,57
10519,57
10520,57
10521,57
10522,57
10523,57
10524,57
10525,57
10526,57
10527,57
10528,57
10529,57
10530,57
10531,57
10532,57
10533,57
10534,57
10535,57
10536,57
10537,57
10538,57
10539,57
10540,57
10541,57
10542,57
10543,57
10544,57
10545,57
10546,57
10547,57
10548,57
10549,57
10550,57
10551,57
10552,57
10553,57
10554,57
10555,57
10556,57
10557,57
10558,57
10559,57
10560,57
10561,57
10562,57
10563,57
10564,57
10565,57
10566,58
10567,58
10568,58
10569,58
10570,58
10571,58
10572,58
10573,58
10574,58
10575,58
10576,58
10577,58
10578,58
10579,58
10580,58
10581,58
10582,58
10583,58
10584,58
10585,58
10586,58
10587,58
10588,58
10589,58
10590,58
10591,58
10592,58
10593,58
10594,58
10595,58
10596,58
10597,58
10598,58
10599,58
10600,58
10601,58
10602,58
10603,58
10604,58
10605,58
10606,58
10607,58
10608,58
10609,58
10610,58
10611,58
10612,58
10613,58
10614,58
10615,58
10616,58
10617,58
10618,58
10619,58
10620,58
10621,58
10622,58
10623,58
10624,58
10625,58
10626,58
10627,58
10628,58
10629,58
10630,58
10631,58
10632,58
10633,58
10634,58
10635,58
10636,58
10637,58
10638,58
10639,58
10640,58
10641,58
10642,58
10643,58
10644,58
10645,58
10646,58
10647,58
10648,58
10649,58
10650,58
10651,58
10652,58
10653,58
10654,58
10655,58
10656,58
10657,58
10658,58
10659,58
10660,58
10661,58
10662,58
10663,58
10664,58
10665,58
10666,58
10667,58
10668,58
10669,58
10670,58
10671,58
10672,58
10673,58
10674,58
10675,58
10676,58
10677,58
10678,58
10679,58
10680,58
10681,58
10682,58
10683,58
10684,58
10685,58
10686,58
10687,58
10688,58
10689,58
10690,58
10691,58
10692,58
10693,58
10694,58
10695,58
10696,58
10697,58
10698,58
10699,58
10700,58
10701,58
10702,58
10703,58
10704,58
10705,58
10706,58
10707,58
10708,58
10709,58
10710,58
10711,58
10712,58
10713,58
10714,58
10715,58
10716,58
10717,58
10718,58
10719,58
10720,58
10721,58
10722,58
10723,58
10724,58
10725,58
10726,58
10727,58
10728,58
10729,58
10730,58
10731,58
10732,58
10733,58
10734,58
10735,58
10736,58
10737,58
10738,58
10739,58
10740,58
10741,58
10742,58
10743,58
10744,58
10745,58
10746,58
10747,58
10748,58
10749,59
10750,59
10751,59
10752,59
10753,59
10754,59
10755,59
10756,59
10757,59
10758,59
10759,59
10760,59
10761,59
10762,59
10763,59
10764,59
10765,59
10766,59
10767,59
10768,59
10769,59
10770,59
10771,59
10772,59
10773,59
10774,59
10775,59
10776,59
10777,59
10778,59
10779,59
10780,59
10781,59
10782,59
10783,59
10784,59
10785,59
10786,59
10787,59
10788,59
10789,59
10790,59
10791,59
10792,59
10793,59
10794,59
10795,59
10796,59
10797,59
10798,59
10799,59
10800,59
10801,59
10802,59
10803,59
10804,59
10805,59
10806,59
10807,59
10808,59
10809,59
10810,59
10811,59
10812,59
10813,59
10814,59
10815,59
10816,59
10817,59
10818,59
10819,59
10820,59
10821,59
10822,59
10823,59
10824,59
10825,59
10826,59
10827,59
10828,59
10829,59
10830,59
10831,59
10832,59
10833,59
10834,59
10835,59
10836,59
10837,59
10838,59
10839,59
10840,59
10841,59
10842,59
10843,59
10844,59
10845,59
10846,59
10847,59
10848,59
10849,59
10850,59
10851,59
10852,59
10853,59
10854,59
10855,59
10856,59
10857,59
10858,59
10859,59
10860,59
10861,59
10862,59
10863,59
10864,59
10865,59
10866,59
10867,59
10868,59
10869,59
10870,59
10871,59
10872,59
10873,59
10874,59
10875,59
10876,59
10877,59
10878,59
10879,59
10880,59
10881,59
10882,59
10883,59
10884,59
10885,59
10886,59
10887,59
10888,59
10889,60
10890,60
10891,60
10892,60
10893,60
10894,60
10895,60
10896,60
10897,60
10898,60
10899,60
10900,60
10901,60
10902,60
10903,60
10904,60
10905,60
10906,60
10907,60
10908,60
10909,60
10910,60
10911,60
10912,60
10913,60
10914,60
10915,60
10916,60
10917,60
10918,60
10919,60
10920,60
10921,60
10922,60
10923,60
10924,60
10925,60
10926,60
10927,60
10928,60
10929,60
10930,60
10931,60
10932,60
10933,60
10934,60
10935,60
10936,60
10937,60
10938,60
10939,60
10940,60
10941,60
10942,60
10943,60
10944,60
10945,60
10946,60
10947,60
10948,60
10949,60
10950,60
10951,60
10952,60
10953,60
10954,60
10955,60
10956,60
10957,60
10958,60
10959,60
10960,60
10961,60
10962,60
10963,60
10964,60
10965,60
10966,60
10967,60
10968,60
10969,60
10970,60
10971,60
10972,60
10973,60
10974,60
10975,60
10976,60
10977,60
10978,60
10979,60
10980,60
10981,60
10982,61
10983,61
10984,61
10985,61
10986,61
10987,61
10988,61
10989,61
10990,61
10991,61
10992,61
10993,61
10994,61
10995,61
10996,61
10997,61
10998,61
10999,61
11000,61
11001,61
11002,61
11003,61
11004,61
11005,61
11006,61
11007,61
11008,61
11009,61
11010,61
11011,61
11012,61
11013,61
11014,61
11015,61
11016,61
11017,61
11018,61
11019,61
11020,61
11021,61
11022,61
11023,61
11024,61
11025,61
11026,61
11027,61
11028,61
11029,61
11030,61
11031,61
11032,61
11033,61
11034,61
11035,61
11036,61
11037,61
11038,61
11039,61
11040,61
11041,61
11042,61
11043,61
11044,61
11045,61
11046,61
11047,61
11048,61
11049,61
11050,61
11051,61
11052,61
11053,61
11054,61
11055,61
11056,61
11057,61
11058,61
11059,61
11060,61
11061,61
11062,61
11063,61
11064,61
11065,61
11066,61
11067,61
11068,61
11069,61
11070,61
11071,61
11072,61
11073,61
11074,61
11075,61
11076,61
11077,61
11078,61
11079,61
11080,61
11081,61
11082,61
11083,61
11084,61
11085,61
11086,61
11087,61
11088,61
11089,61
11090,61
11091,61
11092,61
11093,61
11094,61
11095,61
11096,61
11097,61
11098,61
11099,61
11100,61
11101,61
11102,61
11103,61
11104,61
11105,61
11106,61
11107,61
11108,61
11109,61
11110,61
11111,61
11112,61
11113,61
11114,61
11115,61
11116,61
11117,61
11118,61
11119,61
11120,61
11121,61
11122,61
11123,61
11124,61
11125,61
11126,61
11127,61
11128,61
11129,61
11130,61
11131,61
11132,61
11133,61
11134,61
11135,61
11136,61
11137,61
11138,61
11139,61
11140,61
11141,61
11142,61
11143,61
11144,61
11145,61
11146,61
11147,61
11148,61
11149,61
11150,61
11151,61
11152,61
11153,61
11154,61
11155,61
11156,61
11157,61
11158,61
11159,61
11160,61
11161,61
11162,61
11163,61
11164,62
11165,62
11166,62
11167,62
11168,62
11169,62
11170,62
11171,62
11172,62
11173,62
11174,62
11175,62
11176,62
11177,62
11178,62
11179,62
11180,62
11181,62
11182,62
11183,62
11184,62
11185,62
11186,62
11187,62
11188,62
11189,62
11190,62
11191,62
11192,62
11193,62
11194,62
11195,62
11196,62
11197,62
11198,62
11199,62
11200,62
11201,62
11202,62
11203,62
11204,62
11205,62
11206,62
11207,62
11208,62
11209,62
11210,62
11211,62
11212,62
11213,62
11214,62
11215,62
11216,62
11217,62
11218,62
11219,62
11220,62
11221,62
11222,62
11223,62
11224,62
11225,62
11226,62
11227,62
11228,62
11229,62
11230,62
11231,62
11232,62
11233,62
11234,62
11235,62
11236,62
11237,62
11238,62
11239,62
11240,62
11241,62
11242,62
11243,62
11244,62
11245,62
11246,62
11247,62
11248,62
11249,62
11250,62
11251,62
11252,62
11253,62
11254,62
11255,62
11256,62
11257,62
11258,62
11259,62
11260,62
11261,62
11262,62
11263,62
11264,62
11265,62
11266,62
11267,62
11268,62
11269,62
11270,62
11271,62
11272,62
11273,62
11274,62
11275,62
11276,62
11277,62
11278,62
11279,62
11280,62
11281,63
11282,63
11283,63
11284,63
11285,63
11286,63
11287,63
11288,63
11289,63
11290,63
11291,63
11292,63
11293,63
11294,63
11295,63
11296,63
11297,63
11298,63
11299,63
11300,63
11301,63
11302,63
11303,63
11304,63
11305,63
11306,63
11307,63
11308,63
11309,63
11310,63
11311,63
11312,63
11313,63
11314,63
11315,63
11316,63
11317,63
11318,63
11319,63
11320,63
11321,63
11322,63
11323,63
11324,63
11325,63
11326,63
11327,63
11328,63
11329,63
11330,63
11331,63
11332,63
11333,63
11334,63
11335,63
11336,63
11337,63
11338,63
11339,63
11340,63
11341,63
11342,63
11343,63
11344,63
11345,63
11346,63
11347,63
11348,63
11349,63
11350,63
11351,63
11352,63
11353,63
11354,63
11355,63
11356,63
11357,63
11358,63
11359,63
11360,63
11361,63
11362,63
11363,63
11364,63
11365,63
11366,63
11367,63
11368,63
11369,63
11370,63
11371,63
11372,63
11373,63
11374,63
11375,63
11376,63
11377,63
11378,63
11379,63
11380,63
11381,63
11382,63
11383,63
11384,63
11385,63
11386,63
11387,63
11388,63
11389,63
11390,63
11391,63
11392,63
11393,63
11394,63
11395,63
11396,63
11397,63
11398,63
11399,63
11400,63
11401,63
11402,63
11403,63
11404,63
11405,63
11406,63
11407,63
11408,63
11409,63
11410,63
11411,63
11412,63
11413,63
11414,63
11415,63
11416,63
11417,63
11418,63
11419,63
11420,63
11421,63
11422,63
11423,63
11424,63
11425,63
11426,63
11427,63
11428,63
11429,63
11430,63
11431,63
11432,63
11433,63
11434,63
11435,63
11436,63
11437,63
11438,63
11439,63
11440,63
11441,63
11442,63
11443,63
11444,63
11445,63
11446,63
11447,63
11448,63
11449,63
11450,63
11451,63
11452,63
11453,63
11454,63
11455,63
11456,63
11457,63
11458,63
11459,63
11460,63
11461,63
11462,63
11463,63
11464,63
11465,63
11466,63
11467,63
11468,63
11469,63
11470,63
11471,63
11472,63
11473,63
11474,63
11475,63
11476,63
11477,63
11478,63
11479,63
11480,63
11481,64
11482,64
11483,64
11484,64
11485,64
11486,64
11487,65
11488,65
11489,65
11490,65
11491,65
11492,65
11493,65
11494,65
11495,66
11496,66
11497,66
11498,66
11499,66
11500,66
11501,66
11502,66
11503,66
11504,66
11505,66
11506,66
11507,66
11508,66
11509,66
11510,66
11511,66
11512,66
11513,66
11514,66
11515,66
11516,66
11517,66
11518,66
11519,66
11520,67
11521,67
11522,67
11523,67
11524,67
11525,67
11526,67
11527,67
11528,67
11529,67
11530,67
11531,67
11532,67
11533,67
11534,67
11535,67
11536,67
11537,67
11538,68
11539,68
11540,68
11541,69
11542,69
11543,69
11544,69
11545,69
11546,69
11547,69
11548,69
11549,69
11550,69
11551,69
11552,69
11553,69
11554,70
11555,70
11556,70
11557,71
11558,71
11559,71
11560,71
11561,71
11562,71
11563,71
11564,71
11565,71
11566,71
11567,71
11568,71
11569,71
11570,71
11571,71
11572,71
11573,71
11574,71
11575,71
11576,71
11577,71
11578,71
11579,71
11580,71
11581,71
11582,71
11583,71
11584,71
11585,71
11586,71
11587,71
11588,71
11589,72
11590,72
11591,72
11592,72
11593,72
11594,72
11595,72
11596,72
11597,72
11598,72
11599,72
11600,72
11601,72
11602,72
11603,72
11604,72
11605,72
11606,72
11607,72
11608,72
11609,72
11610,72
11611,72
11612,72
11613,72
11614,72
11615,72
11616,72
11617,73
11618,73
11619,73
11620,73
11621,73
11622,73
11623,73
11624,73
11625,73
11626,73
11627,73
11628,73
11629,73
11630,73
11631,74
11632,74
11633,74
11634,74
11635,74
11636,74
11637,74
11638,74
11639,74
11640,75
11641,75
11642,76
11643,76
11644,76
11645,76
11646,76
11647,76
11648,77
11649,77
11650,77
11651,77
11652,77
11653,77
11654,77
11655,77
11656,77
11657,77
11658,77
11659,77
11660,77
11661,77
11662,77
11663,77
11664,77
11665,77
11666,77
11667,77
11668,77
11669,77
11670,77
11671,77
11672,77
11673,77
11674,77
11675,77
11676,77
11677,77
11678,78
11679,78
11680,78
11681,78
11682,78
11683,78
11684,79
11685,79
11686,79
11687,79
11688,79
11689,79
11690,79
11691,79
11692,79
11693,79
11694,79
11695,79
11696,79
11697,79
11698,79
11699,80
11700,80
11701,80
11702,80
11703,80
11704,80
11705,80
11706,80
11707,80
11708,80
11709,80
11710,80
11711,80
11712,80
11713,80
11714,80
11715,80
11716,80
11717,80
11718,80
11719,80
11720,80
11721,80
11722,80
11723,80
11724,80
11725,80
11726,80
11727,80
11728,80
11729,81
11730,81
11731,81
11732,81
11733,81
11734,81
11735,81
11736,81
11737,81
11738,81
11739,81
11740,81
11741,81
11742,81
11743,81
11744,81
11745,81
11746,81
11747,81
11748,81
11749,81
11750,81
11751,81
11752,81
11753,81
11754,81
11755,81
11756,81
11757,81
11758,81
11759,81
11760,81
11761,81
11762,81
11763,81
11764,81
11765,81
11766,81
11767,81
11768,82
11769,82
11770,82
11771,82
11772,82
11773,82
11774,82
11775,82
11776,82
11777,82
11778,82
11779,82
11780,82
11781,82
11782,82
11783,82
11784,82
11785,83
11786,83
11787,83
11788,83
11789,83
11790,83
11791,83
11792,84
11793,84
11794,84
11795,84
11796,84
11797,84
11798,84
11799,84
11800,84
11801,84
11802,84
11803,84
11804,84
11805,84
11806,84
11807,84
11808,84
11809,84
11810,84
11811,84
11812,84
11813,84
11814,84
11815,84
11816,84
11817,85
11818,85
11819,85
11820,85
11821,85
11822,85
11823,85
11824,85
11825,85
11826,85
11827,85
11828,85
11829,85
11830,85
11831,85
11832,85
11833,85
11834,85
11835,85
11836,86
11837,86
11838,86
11839,86
11840,86
11841,86
11842,87
11843,88
11844,88
11845,88
11846,89
11847,90
11848,90
11849,91
11850,91
11851,91
11852,91
11853,91
11854,91
11855,91
11856,91
11857,91
11858,91
11859,91
11860,91
11861,91
11862,91
11863,91
11864,91
11865,91
11866,91
11867,91
11868,91
11869,91
11870,91
11871,91
11872,91
11873,91
11874,91
11875,91
11876,91
11877,91
11878,91
11879,91
11880,91
11881,91
11882,91
11883,91
11884,91
11885,91
11886,91
11887,91
11888,91
11889,92
11890,92
11891,92
11892,92
11893,92
11894,92
11895,92
11896,92
11897,93
11898,93
11899,93
11900,93
11901,93
11902,93
11903,93
11904,93
11905,93
11906,93
11907,93
11908,93
11909,93
11910,93
11911,93
11912,93
11913,94
11914,94
11915,94
11916,94
11917,95
11918,95
11919,95
11920,95
11921,95
11922,95
11923,95
11924,95
11925,95
11926,95
11927,95
11928,95
11929,95
11930,95
11931,95
11932,95
11933,95
11934,95
11935,95
11936,95
11937,95
11938,95
11939,95
11940,95
11941,95
11942,95
11943,95
11944,95
11945,95
11946,96
11947,96
11948,96
11949,96
11950,96
11951,96
11952,97
11953,97
11954,97
11955,97
11956,98
11957,98
11958,98
11959,98
11960,98
11961,98
11962,98
11963,98
11964,98
11965,98
11966,99
11967,99
11968,99
11969,99
11970,99
11971,99
11972,100
11973,100
11974,101
11975,101
11976,101
11977,101
11978,101
11979,101
11980,101
11981,102
11982,102
11983,102
11984,102
11985,102
11986,102
11987,102
11988,102
11989,102
11990,102
11991,102
11992,102
11993,102
11994,103
11995,103
11996,103
11997,104
11998,104
11999,104
12000,104
12001,104
12002,104
12003,104
12004,104
12005,104
12006,104
12007,104
12008,104
12009,104
12010,104
12011,104
12012,104
12013,104
12014,104
12015,104
12016,104
12017,104
12018,104
12019,104
12020,104
12021,104
12022,104
12023,104
12024,104
12025,104
12026,104
12027,104
12028,104
12029,105
12030,106
12031,106
12032,106
12033,106
12034,106
12035,106
12036,106
12037,106
12038,106
12039,106
12040,106
12041,106
12042,106
12043,106
12044,106
12045,106
12046,106
12047,106
12048,106
12049,106
12050,106
12051,106
12052,106
12053,107
12054,107
12055,108
12056,109
12057,109
12058,109
12059,109
12060,109
12061,109
12062,109
12063,109
12064,109
12065,109
12066,109
12067,109
12068,109
12069,109
12070,109
12071,109
12072,109
12073,109
12074,110
12075,110
12076,110
12077,110
12078,110
12079,110
12080,110
12081,110
12082,110
12083,110
12084,111
12085,111
12086,111
12087,111
12088,111
12089,111
12090,111
12091,112
12092,112
12093,112
12094,112
12095,112
12096,112
12097,112
12098,112
12099,112
12100,112
12101,112
12102,112
12103,112
12104,112
12105,112
12106,113
12107,114
12108,114
12109,114
12110,114
12111,114
12112,114
12113,114
12114,114
12115,114
12116,114
12117,114
12118,114
12119,114
12120,114
12121,114
12122,114
12123,114
12124,114
12125,115
12126,115
12127,115
12128,115
12129,115
12130,115
12131,115
12132,115
12133,115
12134,115
12135,115
12136,115
12137,115
12138,116
12139,116
12140,116
12141,116
12142,116
12143,116
12144,116
12145,116
12146,116
12147,116
12148,116
12149,116
12150,116
12151,116
12152,116
12153,116
12154,116
12155,116
12156,116
12157,116
12158,116
12159,116
12160,116
12161,116
12162,116
12163,116
12164,116
12165,117
12166,117
12167,117
12168,117
12169,117
12170,117
12171,117
12172,117
12173,117
12174,117
12175,117
12176,117
12177,117
12178,117
12179,117
12180,117
12181,117
12182,117
12183,117
12184,117
12185,117
12186,117
12187,117
12188,117
12189,117
12190,117
12191,117
12192,117
12193,117
12194,117
12195,117
12196,117
12197,117
12198,117
12199,117
12200,117
12201,117
12202,117
12203,118
12204,118
12205,118
12206,118
12207,118
12208,118
12209,118
12210,119
12211,119
12212,120
12213,120
12214,120
12215,120
12216,120
12217,121
12218,122
12219,123
12220,124
12221,125
12222,125
12223,125
12224,125
12225,125
12226,125
12227,125
12228,125
12229,125
12230,126
12231,126
12232,126
12233,126
12234,126
12235,126
12236,126
12237,126
12238,126
12239,126
12240,126
12241,126
12242,126
12243,126
12244,126
12245,127
12246,127
12247,127
12248,127
12249,127
12250,127
12251,127
12252,127
12253,127
12254,127
12255,127
12256,127
12257,127
12258,127
12259,127
12260,127
12261,127
12262,127
12263,127
12264,127
12265,127
12266,127
12267,127
12268,127
12269,127
12270,127
12271,127
12272,127
12273,128
12274,128
12275,129
12276,129
12277,129
12278,129
12279,129
12280,129
12281,129
12282,129
12283,129
12284,129
12285,129
12286,129
12287,129
12288,129
12289,129
12290,129
12291,129
12292,129
12293,129
12294,129
12295,129
12296,129
12297,129
12298,129
12299,129
12300,129
12301,129
12302,129
12303,129
12304,129
12305,129
12306,129
12307,129
12308,130
12309,130
12310,130
12311,130
12312,130
12313,130
12314,130
12315,130
12316,130
12317,130
12318,130
12319,130
12320,130
12321,130
12322,131
12323,131
12324,131
12325,131
12326,131
12327,131
12328,131
12329,131
12330,131
12331,132
12332,133
12333,133
12334,134
12335,134
12336,135
12337,135
12338,136
12339,136
12340,136
12341,136
12342,136
12343,136
12344,136
12345,136
12346,136
12347,136
12348,136
12349,136
12350,136
12351,136
12352,136
12353,136
12354,136
12355,136
12356,136
12357,136
12358,136
12359,136
12360,136
12361,136
12362,136
12363,136
12364,137
12365,137
12366,138
12367,138
12368,138
12369,138
12370,138
12371,138
12372,138
12373,138
12374,139
12375,139
12376,139
12377,139
12378,139
12379,139
12380,139
12381,139
12382,139
12383,139
12384,139
12385,139
12386,139
12387,139
12388,140
12389,141
12390,141
12391,142
12392,142
12393,142
12394,142
12395,142
12396,142
12397,142
12398,142
12399,142
12400,142
12401,143
12402,144
12403,144
12404,144
12405,144
12406,144
12407,144
12408,144
12409,145
12410,145
12411,145
12412,145
12413,145
12414,145
12415,145
12416,146
12417,146
12418,146
12419,146
12420,146
12421,146
12422,146
12423,146
12424,146
12425,146
12426,146
12427,146
12428,146
12429,146
12430,146
12431,146
12432,146
12433,146
12434,146
12435,146
12436,146
12437,146
12438,146
12439,146
12440,146
12441,146
12442,146
12443,146
12444,146
12445,146
12446,146
12447,146
12448,146
12449,146
12450,146
12451,146
12452,146
12453,146
12454,146
12455,146
12456,146
12457,146
12458,146
12459,146
12460,146
12461,146
12462,146
12463,146
12464,147
12465,147
12466,147
12467,147
12468,148
12469,149
12470,149
12471,149
12472,149
12473,149
12474,149
12475,149
12476,149
12477,149
12478,149
12479,149
12480,149
12481,149
12482,149
12483,149
12484,149
12485,149
12486,149
12487,149
12488,149
12489,149
12490,149
12491,149
12492,149
12493,149
12494,149
12495,149
12496,149
12497,149
12498,149
12499,149
12500,149
12501,149
12502,149
12503,149
12504,149
12505,149
12506,149
12507,149
12508,149
12509,149
12510,149
12511,150
12512,150
12513,150
12514,150
12515,150
12516,150
12517,150
12518,150
12519,150
12520,150
12521,150
12522,150
12523,150
12524,150
12525,150
12526,150
12527,150
12528,150
12529,150
12530,150
12531,150
12532,150
12533,150
12534,151
12535,151
12536,151
12537,151
12538,151
12539,151
12540,151
12541,151
12542,151
12543,151
12544,151
12545,151
12546,151
12547,151
12548,151
12549,151
12550,151
12551,151
12552,151
12553,151
12554,151
12555,151
12556,151
12557,151
12558,151
12559,151
12560,151
12561,151
12562,151
12563,151
12564,151
12565,151
12566,151
12567,151
12568,151
12569,151
12570,151
12571,151
12572,151
12573,151
12574,151
12575,151
12576,151
12577,151
12578,151
12579,151
12580,151
12581,151
12582,151
12583,151
12584,151
12585,151
12586,151
12587,151
12588,151
12589,151
12590,151
12591,151
12592,151
12593,151
12594,151
12595,151
12596,151
12597,151
12598,151
12599,151
12600,151
12601,151
12602,151
12603,151
12604,151
12605,151
12606,151
12607,151
12608,151
12609,151
12610,151
12611,151
12612,151
12613,151
12614,151
12615,151
12616,151
12617,151
12618,151
12619,151
12620,151
12621,151
12622,151
12623,151
12624,151
12625,151
12626,151
12627,151
12628,151
12629,151
12630,151
12631,151
12632,151
12633,151
12634,151
12635,151
12636,151
12637,151
12638,151
12639,151
12640,151
12641,151
12642,151
12643,151
12644,151
12645,151
12646,151
12647,151
12648,151
12649,151
12650,151
12651,151
12652,151
12653,151
12654,151
12655,151
12656,151
12657,151
12658,151
12659,151
12660,151
12661,151
12662,151
12663,151
12664,151
12665,151
12666,151
12667,151
12668,151
12669,151
12670,151
12671,151
12672,151
12673,151
12674,151
12675,151
12676,151
12677,151
12678,151
12679,151
12680,151
12681,151
12682,151
12683,151
12684,151
12685,151
12686,151
12687,151
12688,151
12689,151
12690,151
12691,151
12692,151
12693,151
12694,151
12695,151
12696,151
12697,151
12698,151
12699,151
12700,151
12701,152
12702,152
12703,152
12704,152
12705,152
12706,152
12707,152
12708,152
12709,152
12710,152
12711,152
12712,152
12713,152
12714,152
12715,152
12716,152
12717,152
12718,152
12719,152
12720,152
12721,152
12722,152
12723,152
12724,152
12725,152
12726,152
12727,152
12728,152
12729,152
12730,152
12731,152
12732,152
12733,152
12734,152
12735,152
12736,152
12737,152
12738,152
12739,152
12740,152
12741,152
12742,152
12743,152
12744,152
12745,152
12746,152
12747,152
12748,152
12749,152
12750,152
12751,152
12752,152
12753,152
12754,152
12755,152
12756,152
12757,152
12758,152
12759,152
12760,152
12761,152
12762,152
12763,152
12764,152
12765,152
12766,152
12767,152
12768,152
12769,152
12770,152
12771,152
12772,152
12773,152
12774,152
12775,152
12776,152
12777,152
12778,152
12779,152
12780,152
12781,152
12782,152
12783,152
12784,152
12785,152
12786,152
12787,152
12788,152
12789,152
12790,152
12791,152
12792,152
12793,152
12794,152
12795,152
12796,152
12797,152
12798,152
12799,152
12800,152
12801,152
12802,152
12803,152
12804,152
12805,152
12806,152
12807,152
12808,152
12809,152
12810,152
12811,152
12812,152
12813,152
12814,152
12815,152
12816,152
12817,152
12818,152
12819,152
12820,152
12821,152
12822,152
12823,152
12824,152
12825,152
12826,152
12827,152
12828,152
12829,152
12830,152
12831,152
12832,152
12833,152
12834,152
12835,152
12836,152
12837,152
12838,152
12839,152
12840,152
12841,152
12842,152
12843,152
12844,152
12845,152
12846,152
12847,152
12848,152
12849,152
12850,152
12851,152
12852,152
12853,152
12854,152
12855,152
12856,153
12857,153
12858,153
12859,153
12860,153
12861,153
12862,153
12863,153
12864,153
12865,153
12866,153
12867,153
12868,153
12869,153
12870,153
12871,153
12872,153
12873,153
12874,153
12875,153
12876,153
12877,153
12878,153
12879,153
12880,153
12881,153
12882,153
12883,153
12884,153
12885,153
12886,153
12887,153
12888,153
12889,153
12890,153
12891,153
12892,153
12893,153
12894,153
12895,153
12896,153
12897,153
12898,153
12899,153
12900,153
12901,153
12902,153
12903,153
12904,153
12905,153
12906,153
12907,153
12908,153
12909,153
12910,153
12911,153
12912,153
12913,153
12914,153
12915,153
12916,153
12917,153
12918,153
12919,153
12920,153
12921,153
12922,153
12923,153
12924,153
12925,153
12926,153
12927,153
12928,153
12929,153
12930,153
12931,153
12932,153
12933,153
12934,153
12935,153
12936,153
12937,153
12938,153
12939,153
12940,153
12941,153
12942,153
12943,153
12944,153
12945,153
12946,153
12947,153
12948,153
12949,153
12950,153
12951,153
12952,153
12953,153
12954,153
12955,153
12956,153
12957,153
12958,153
12959,153
12960,153
12961,153
12962,153
12963,153
12964,153
12965,153
12966,153
12967,153
12968,153
12969,153
12970,153
12971,153
12972,153
12973,153
12974,153
12975,153
12976,153
12977,153
12978,153
12979,153
12980,153
12981,153
12982,153
12983,153
12984,153
12985,153
12986,153
12987,153
12988,153
12989,153
12990,153
12991,153
12992,153
12993,153
12994,153
12995,153
12996,153
12997,153
12998,153
12999,153
13000,153
13001,153
13002,153
13003,153
13004,153
13005,153
13006,153
13007,153
13008,153
13009,153
13010,153
13011,153
13012,153
13013,153
13014,153
13015,153
13016,153
13017,153
13018,153
13019,153
13020,153
13021,153
13022,153
13023,153
13024,153
13025,153
13026,153
13027,153
13028,153
13029,153
13030,153
13031,153
13032,153
13033,153
13034,153
13035,153
13036,153
13037,153
13038,153
13039,153
13040,153
13041,153
13042,153
13043,153
13044,153
13045,153
13046,153
13047,153
13048,153
13049,153
13050,153
13051,153
13052,153
13053,153
13054,153
13055,153
13056,153
13057,153
13058,153
13059,153
13060,153
13061,153
13062,153
13063,153
13064,153
13065,153
13066,153
13067,153
13068,153
13069,153
13070,153
13071,153
13072,153
13073,153
13074,153
13075,153
13076,153
13077,153
13078,153
13079,153
13080,153
13081,153
13082,153
13083,153
13084,153
13085,153
13086,153
13087,153
13088,153
13089,153
13090,153
13091,153
13092,153
13093,153
13094,153
13095,153
13096,153
13097,153
13098,153
13099,153
13100,153
13101,153
13102,153
13103,153
13104,153
13105,153
13106,153
13107,153
13108,153
13109,153
13110,153
13111,153
13112,153
13113,153
13114,153
13115,153
13116,153
13117,153
13118,153
13119,153
13120,153
13121,153
13122,153
13123,153
13124,153
13125,153
13126,153
13127,153
13128,153
13129,153
13130,153
13131,153
13132,153
13133,153
13134,153
13135,153
13136,153
13137,153
13138,153
13139,153
13140,153
13141,153
13142,153
13143,153
13144,153
13145,153
13146,153
13147,153
13148,153
13149,153
13150,153
13151,153
13152,153
13153,153
13154,153
13155,153
13156,153
13157,153
13158,153
13159,153
13160,153
13161,153
13162,153
13163,153
13164,153
13165,153
13166,153
13167,153
13168,153
13169,153
13170,153
13171,153
13172,153
13173,153
13174,153
13175,153
13176,153
13177,153
13178,153
13179,153
13180,153
13181,153
13182,153
13183,153
13184,153
13185,153
13186,153
13187,153
13188,153
13189,153
13190,153
13191,153
13192,153
13193,153
13194,153
13195,153
13196,153
13197,153
13198,153
13199,153
13200,153
13201,153
13202,153
13203,153
13204,153
13205,153
13206,153
13207,153
13208,153
13209,153
13210,153
13211,153
13212,153
13213,153
13214,153
13215,153
13216,153
13217,153
13218,153
13219,153
13220,153
13221,153
13222,153
13223,153
13224,153
13225,153
13226,153
13227,153
13228,153
13229,153
13230,153
13231,153
13232,153
13233,153
13234,153
13235,153
13236,153
13237,153
13238,153
13239,153
13240,153
13241,153
13242,153
13243,153
13244,153
13245,153
13246,153
13247,153
13248,153
13249,153
13250,153
13251,153
13252,153
13253,153
13254,153
13255,153
13256,153
13257,153
13258,153
13259,153
13260,153
13261,153
13262,153
13263,153
13264,153
13265,153
13266,153
13267,153
13268,153
13269,153
13270,153
13271,153
13272,153
13273,153
13274,153
13275,153
13276,153
13277,153
13278,153
13279,153
13280,153
13281,153
13282,153
13283,153
13284,153
13285,153
13286,153
13287,153
13288,153
13289,153
13290,153
13291,153
13292,153
13293,153
13294,153
13295,153
13296,153
13297,153
13298,153
13299,153
13300,153
13301,153
13302,153
13303,153
13304,153
13305,153
13306,153
13307,153
13308,153
13309,153
13310,153
13311,153
13312,153
13313,153
13314,153
13315,153
13316,153
13317,153
13318,153
13319,153
13320,153
13321,153
13322,153
13323,153
13324,153
13325,153
13326,153
13327,153
13328,153
13329,153
13330,153
13331,153
13332,153
13333,153
13334,153
13335,153
13336,153
13337,153
13338,153
13339,153
13340,153
13341,153
13342,153
13343,153
13344,153
13345,153
13346,153
13347,153
13348,153
13349,153
13350,153
13351,153
13352,153
13353,153
13354,153
13355,153
13356,153
13357,153
13358,153
13359,153
13360,153
13361,153
13362,153
13363,153
13364,153
13365,153
13366,153
13367,153
13368,153
13369,153
13370,153
13371,153
13372,153
13373,153
13374,153
13375,153
13376,153
13377,153
13378,153
13379,153
13380,153
13381,153
13382,153
13383,153
13384,153
13385,153
13386,153
13387,153
13388,153
13389,153
13390,153
13391,153
13392,153
13393,153
13394,153
13395,153
13396,153
13397,153
13398,153
13399,153
13400,153
13401,153
13402,153
13403,153
13404,153
13405,153
13406,153
13407,153
13408,153
13409,153
13410,153
13411,153
13412,153
13413,153
13414,153
13415,153
13416,153
13417,153
13418,153
13419,153
13420,153
13421,153
13422,153
13423,153
13424,153
13425,153
13426,153
13427,153
13428,153
13429,153
13430,153
13431,153
13432,153
13433,153
13434,153
13435,153
13436,153
13437,153
13438,153
13439,153
13440,153
13441,153
13442,153
13443,153
13444,153
13445,153
13446,153
13447,153
13448,153
13449,153
13450,153
13451,153
13452,153
13453,153
13454,153
13455,153
13456,153
13457,153
13458,153
13459,153
13460,153
13461,153
13462,153
13463,153
13464,153
13465,153
13466,153
13467,153
13468,153
13469,153
13470,153
13471,153
13472,153
13473,153
13474,153
13475,153
13476,153
13477,153
13478,153
13479,153
13480,153
13481,153
13482,153
13483,153
13484,153
13485,153
13486,153
13487,153
13488,153
13489,153
13490,153
13491,153
13492,153
13493,153
13494,153
13495,153
13496,153
13497,153
13498,153
13499,153
13500,153
13501,153
13502,153
13503,153
13504,153
13505,153
13506,153
13507,153
13508,153
13509,153
13510,153
13511,153
13512,153
13513,153
13514,153
13515,153
13516,153
13517,153
13518,153
13519,153
13520,153
13521,153
13522,153
13523,153
13524,153
13525,153
13526,153
13527,153
13528,153
13529,153
13530,153
13531,153
13532,153
13533,153
13534,153
13535,153
13536,153
13537,153
13538,153
13539,153
13540,153
13541,153
13542,153
13543,153
13544,153
13545,153
13546,153
13547,153
13548,153
13549,153
13550,153
13551,153
13552,153
13553,153
13554,153
13555,153
13556,153
13557,153
13558,153
13559,153
13560,153
13561,153
13562,153
13563,153
13564,153
13565,153
13566,153
13567,153
13568,153
13569,153
13570,153
13571,153
13572,153
13573,153
13574,153
13575,153
13576,153
13577,153
13578,153
13579,153
13580,153
13581,153
13582,153
13583,153
13584,153
13585,153
13586,153
13587,153
13588,153
13589,153
13590,153
13591,153
13592,153
13593,153
13594,153
13595,153
13596,153
13597,153
13598,153
13599,153
13600,153
13601,153
13602,153
13603,153
13604,153
13605,153
13606,153
13607,153
13608,153
13609,153
13610,153
13611,153
13612,153
13613,153
13614,153
13615,153
13616,153
13617,153
13618,153
13619,153
13620,153
13621,153
13622,153
13623,153
13624,153
13625,153
13626,153
13627,153
13628,153
13629,153
13630,153
13631,153
13632,153
13633,153
13634,153
13635,154
13636,154
13637,154
13638,154
13639,154
13640,154
13641,154
13642,154
13643,154
13644,154
13645,154
13646,154
13647,154
13648,154
13649,154
13650,154
13651,154
13652,154
13653,154
13654,154
13655,154
13656,154
13657,154
13658,154
13659,154
13660,154
13661,154
13662,154
13663,154
13664,154
13665,154
13666,154
13667,154
13668,154
13669,154
13670,154
13671,154
13672,154
13673,154
13674,154
13675,154
13676,154
13677,154
13678,154
13679,154
13680,154
13681,154
13682,154
13683,154
13684,154
13685,154
13686,154
13687,154
13688,154
13689,154
13690,154
13691,154
13692,154
13693,154
13694,154
13695,154
13696,154
13697,154
13698,154
13699,154
13700,154
13701,154
13702,154
13703,154
13704,154
13705,154
13706,154
13707,154
13708,154
13709,154
13710,154
13711,154
13712,154
13713,154
13714,154
13715,154
13716,154
13717,154
13718,154
13719,154
13720,154
13721,154
13722,154
13723,154
13724,154
13725,154
13726,154
13727,154
13728,154
13729,154
13730,154
13731,154
13732,154
13733,154
13734,154
13735,154
13736,154
13737,154
13738,154
13739,154
13740,154
13741,154
13742,154
13743,154
13744,154
13745,154
13746,154
13747,154
13748,154
13749,154
13750,154
13751,154
13752,154
13753,154
13754,154
13755,154
13756,154
13757,154
13758,154
13759,154
13760,154
13761,154
13762,154
13763,154
13764,154
13765,154
13766,154
13767,154
13768,154
13769,154
13770,154
13771,154
13772,154
13773,154
13774,154
13775,154
13776,154
13777,154
13778,154
13779,154
13780,154
13781,154
13782,154
13783,154
13784,154
13785,154
13786,154
13787,154
13788,154
13789,154
13790,154
13791,154
13792,154
13793,154
13794,154
13795,154
13796,154
13797,154
13798,154
13799,154
13800,154
13801,154
13802,154
13803,154
13804,154
13805,154
13806,154
13807,154
13808,154
13809,154
13810,154
13811,154
13812,154
13813,154
13814,154
13815,154
13816,155
13817,155
13818,155
13819,155
13820,155
13821,155
13822,155
13823,155
13824,155
13825,155
13826,155
13827,155
13828,155
13829,155
13830,155
13831,155
13832,155
13833,155
13834,155
13835,155
13836,155
13837,155
13838,155
13839,155
13840,155
13841,155
13842,155
13843,155
13844,155
13845,155
13846,155
13847,155
13848,155
13849,155
13850,155
13851,155
13852,155
13853,155
13854,155
13855,155
13856,155
13857,155
13858,155
13859,155
13860,155
13861,155
13862,155
13863,155
13864,155
13865,155
13866,155
13867,155
13868,155
13869,155
13870,155
13871,155
13872,155
13873,155
13874,155
13875,155
13876,155
13877,155
13878,155
13879,155
13880,155
13881,155
13882,155
13883,155
13884,155
13885,155
13886,155
13887,155
13888,155
13889,155
13890,155
13891,155
13892,155
13893,155
13894,155
13895,155
13896,155
13897,155
13898,155
13899,155
13900,155
13901,155
13902,155
13903,155
13904,155
13905,155
13906,155
13907,155
13908,155
13909,155
13910,155
13911,155
13912,155
13913,155
13914,155
13915,155
13916,155
13917,155
13918,155
13919,155
13920,155
13921,155
13922,155
13923,155
13924,155
13925,155
13926,155
13927,155
13928,155
13929,155
13930,155
13931,155
13932,155
13933,155
13934,155
13935,155
13936,155
13937,155
13938,155
13939,155
13940,155
13941,155
13942,155
13943,155
13944,155
13945,155
13946,155
13947,155
13948,155
13949,155
13950,155
13951,155
13952,155
13953,155
13954,155
13955,155
13956,155
13957,155
13958,155
13959,155
13960,155
13961,155
13962,155
13963,155
13964,155
13965,155
13966,155
13967,155
13968,155
13969,155
13970,155
13971,155
13972,155
13973,155
13974,155
13975,155
13976,155
13977,155
13978,155
13979,155
13980,155
13981,155
13982,155
13983,155
13984,155
13985,155
13986,155
13987,155
13988,155
13989,155
13990,155
13991,155
13992,155
13993,155
13994,155
13995,155
13996,155
13997,155
13998,155
13999,155
14000,155
14001,155
14002,155
14003,155
14004,155
14005,155
14006,155
14007,155
14008,155
14009,155
14010,155
14011,155
14012,155
14013,155
14014,155
14015,155
14016,155
14017,155
14018,155
14019,155
14020,155
14021,155
14022,155
14023,155
14024,155
14025,155
14026,155
14027,155
14028,155
14029,155
14030,155
14031,155
14032,155
14033,155
14034,155
14035,155
14036,155
14037,155
14038,155
14039,155
14040,155
14041,155
14042,155
14043,155
14044,155
14045,155
14046,155
14047,155
14048,155
14049,155
14050,155
14051,155
14052,155
14053,155
14054,155
14055,155
14056,155
14057,155
14058,155
14059,155
14060,155
14061,155
14062,155
14063,155
14064,155
14065,155
14066,155
14067,155
14068,155
14069,155
14070,155
14071,155
14072,155
14073,155
14074,155
14075,155
14076,155
14077,155
14078,155
14079,155
14080,155
14081,155
14082,155
14083,155
14084,155
14085,155
14086,155
14087,155
14088,155
14089,155
14090,155
14091,155
14092,155
14093,155
14094,155
14095,155
14096,155
14097,155
14098,155
14099,155
14100,155
14101,155
14102,155
14103,155
14104,155
14105,155
14106,155
14107,155
14108,155
14109,155
14110,155
14111,155
14112,155
14113,155
14114,155
14115,155
14116,155
14117,155
14118,155
14119,155
14120,155
14121,155
14122,155
14123,155
14124,155
14125,155
14126,155
14127,155
14128,155
14129,155
14130,155
14131,155
14132,155
14133,155
14134,155
14135,155
14136,155
14137,155
14138,155
14139,155
14140,155
14141,155
14142,155
14143,155
14144,155
14145,155
14146,155
14147,155
14148,155
14149,155
14150,155
14151,155
14152,155
14153,155
14154,155
14155,155
14156,155
14157,155
14158,155
14159,155
14160,155
14161,155
14162,155
14163,155
14164,155
14165,155
14166,155
14167,155
14168,155
14169,155
14170,155
14171,155
14172,155
14173,155
14174,155
14175,155
14176,155
14177,155
14178,155
14179,155
14180,155
14181,155
14182,155
14183,155
14184,155
14185,155
14186,155
14187,155
14188,155
14189,155
14190,155
14191,155
14192,155
14193,155
14194,155
14195,155
14196,155
14197,155
14198,155
14199,155
14200,155
14201,155
14202,155
14203,155
14204,155
14205,155
14206,155
14207,155
14208,155
14209,155
14210,155
14211,155
14212,155
14213,155
14214,155
14215,155
14216,155
14217,155
14218,155
14219,155
14220,155
14221,155
14222,155
14223,155
14224,155
14225,155
14226,155
14227,155
14228,155
14229,155
14230,155
14231,155
14232,155
14233,155
14234,155
14235,155
14236,155
14237,155
14238,155
14239,155
14240,155
14241,155
14242,155
14243,155
14244,155
14245,155
14246,155
14247,155
14248,155
14249,155
14250,155
14251,155
14252,155
14253,155
14254,155
14255,155
14256,155
14257,155
14258,155
14259,155
14260,155
14261,155
14262,155
14263,155
14264,155
14265,155
14266,155
14267,155
14268,155
14269,155
14270,155
14271,155
14272,155
14273,155
14274,155
14275,155
14276,155
14277,155
14278,155
14279,155
14280,155
14281,155
14282,155
14283,155
14284,155
14285,155
14286,155
14287,155
14288,155
14289,155
14290,155
14291,155
14292,155
14293,155
14294,155
14295,155
14296,155
14297,155
14298,155
14299,155
14300,155
14301,155
14302,155
14303,155
14304,155
14305,155
14306,155
14307,155
14308,155
14309,155
14310,155
14311,155
14312,155
14313,155
14314,155
14315,155
14316,155
14317,155
14318,155
14319,155
14320,155
14321,155
14322,155
14323,155
14324,155
14325,155
14326,155
14327,155
14328,155
14329,155
14330,155
14331,155
14332,155
14333,155
14334,155
14335,155
14336,155
14337,155
14338,155
14339,155
14340,155
14341,155
14342,155
14343,155
14344,155
14345,155
14346,155
14347,155
14348,155
14349,155
14350,155
14351,155
14352,155
14353,155
14354,155
14355,155
14356,155
14357,155
14358,155
14359,155
14360,155
14361,155
14362,155
14363,155
14364,155
14365,155
14366,155
14367,155
14368,155
14369,155
14370,155
14371,155
14372,155
14373,155
14374,155
14375,155
14376,155
14377,155
14378,155
14379,155
14380,155
14381,155
14382,155
14383,155
14384,155
14385,155
14386,155
14387,155
14388,155
14389,155
14390,155
14391,155
14392,155
14393,155
14394,155
14395,155
14396,155
14397,155
14398,155
14399,155
14400,155
14401,155
14402,155
14403,155
14404,155
14405,155
14406,155
14407,155
14408,155
14409,155
14410,155
14411,155
14412,155
14413,155
14414,155
14415,155
14416,155
14417,155
14418,155
14419,155
14420,155
14421,155
14422,155
14423,155
14424,155
14425,155
14426,155
14427,155
14428,155
14429,155
14430,155
14431,155
14432,155
14433,155
14434,155
14435,155
14436,155
14437,155
14438,155
14439,155
14440,155
14441,155
14442,155
14443,155
14444,155
14445,155
14446,155
14447,155
14448,155
14449,155
14450,155
14451,155
14452,155
14453,155
14454,155
14455,155
14456,155
14457,155
14458,155
14459,155
14460,155
14461,155
14462,155
14463,155
14464,155
14465,155
14466,155
14467,155
14468,155
14469,155
14470,155
14471,155
14472,155
14473,155
14474,155
14475,155
14476,155
14477,155
14478,155
14479,155
14480,155
14481,155
14482,155
14483,155
14484,155
14485,155
14486,155
14487,155
14488,155
14489,155
14490,155
14491,155
14492,155
14493,155
14494,155
14495,155
14496,155
14497,155
14498,155
14499,155
14500,155
14501,155
14502,155
14503,155
14504,155
14505,155
14506,155
14507,155
14508,155
14509,155
14510,155
14511,155
14512,155
14513,155
14514,155
14515,155
14516,155
14517,155
14518,155
14519,155
14520,155
14521,155
14522,155
14523,155
14524,155
14525,155
14526,155
14527,155
14528,155
14529,155
14530,155
14531,155
14532,155
14533,155
14534,155
14535,155
14536,155
14537,155
14538,155
14539,155
14540,155
14541,155
14542,155
14543,155
14544,155
14545,155
14546,155
14547,155
14548,155
14549,155
14550,155
14551,155
14552,155
14553,155
14554,155
14555,155
14556,155
14557,155
14558,155
14559,155
14560,155
14561,155
14562,155
14563,155
14564,155
14565,155
14566,155
14567,155
14568,155
14569,155
14570,155
14571,155
14572,155
14573,155
14574,155
14575,155
14576,155
14577,155
14578,155
14579,155
14580,155
14581,155
14582,155
14583,155
14584,155
14585,155
14586,155
14587,155
14588,155
14589,155
14590,155
14591,155
14592,155
14593,155
14594,155
14595,155
14596,155
14597,155
14598,155
14599,155
14600,155
14601,155
14602,155
14603,155
14604,155
14605,155
14606,155
14607,155
14608,155
14609,155
14610,155
14611,155
14612,155
14613,155
14614,155
14615,155
14616,155
14617,155
14618,155
14619,155
14620,155
14621,155
14622,155
14623,155
14624,155
14625,155
14626,155
14627,155
14628,155
14629,155
14630,155
14631,155
14632,155
14633,155
14634,155
14635,155
14636,155
14637,155
14638,155
14639,155
14640,155
14641,155
14642,155
14643,155
14644,155
14645,155
14646,155
14647,155
14648,155
14649,155
14650,155
14651,155
14652,155
14653,155
14654,155
14655,155
14656,155
14657,155
14658,155
14659,155
14660,155
14661,155
14662,155
14663,155
14664,155
14665,155
14666,155
14667,155
14668,155
14669,155
14670,155
14671,155
14672,155
14673,155
14674,155
14675,155
14676,155
14677,155
14678,155
14679,155
14680,155
14681,155
14682,155
14683,155
14684,155
14685,155
14686,155
14687,155
14688,155
14689,155
14690,155
14691,155
14692,155
14693,155
14694,155
14695,155
14696,155
14697,155
14698,155
14699,155
14700,155
14701,155
14702,155
14703,155
14704,155
14705,155
14706,155
14707,155
14708,155
14709,155
14710,155
14711,155
14712,155
14713,155
14714,155
14715,155
14716,155
14717,155
14718,155
14719,155
14720,155
14721,155
14722,155
14723,155
14724,155
14725,155
14726,155
14727,155
14728,155
14729,155
14730,155
14731,155
14732,155
14733,155
14734,155
14735,155
14736,155
14737,155
14738,155
14739,155
14740,155
14741,155
14742,155
14743,155
14744,155
14745,155
14746,155
14747,155
14748,155
14749,155
14750,155
14751,155
14752,155
14753,155
14754,155
14755,155
14756,155
14757,155
14758,155
14759,155
14760,155
14761,155
14762,155
14763,155
14764,155
14765,155
14766,155
14767,155
14768,155
14769,155
14770,155
14771,155
14772,155
14773,155
14774,155
14775,155
14776,155
14777,155
14778,155
14779,155
14780,155
14781,155
14782,155
14783,155
14784,155
14785,155
14786,155
14787,155
14788,156
14789,156
14790,156
14791,156
14792,156
14793,156
14794,156
14795,156
14796,156
14797,156
14798,156
14799,156
14800,156
14801,156
14802,156
14803,156
14804,156
14805,156
14806,156
14807,156
14808,156
14809,156
14810,156
14811,156
14812,156
14813,156
14814,156
14815,156
14816,156
14817,156
14818,156
14819,156
14820,156
14821,156
14822,156
14823,156
14824,156
14825,156
14826,156
14827,156
14828,156
14829,156
14830,156
14831,156
14832,156
14833,156
14834,156
14835,156
14836,156
14837,156
14838,156
14839,156
14840,156
14841,156
14842,156
14843,156
14844,156
14845,156
14846,156
14847,156
14848,156
14849,156
14850,156
14851,156
14852,156
14853,156
14854,156
14855,156
14856,156
14857,156
14858,156
14859,156
14860,156
14861,156
14862,156
14863,156
14864,156
14865,156
14866,156
14867,156
14868,156
14869,156
14870,156
14871,156
14872,156
14873,156
14874,156
14875,156
14876,156
14877,156
14878,156
14879,156
14880,156
14881,156
14882,156
14883,156
14884,156
14885,156
14886,156
14887,156
14888,156
14889,156
14890,156
14891,156
14892,156
14893,156
14894,156
14895,156
14896,156
14897,156
14898,156
14899,156
14900,156
14901,156
14902,156
14903,156
14904,156
14905,156
14906,156
14907,156
14908,156
14909,156
14910,156
14911,156
14912,156
14913,156
14914,156
14915,156
14916,156
14917,156
14918,156
14919,156
14920,156
14921,156
14922,156
14923,156
14924,156
14925,156
14926,156
14927,156
14928,156
14929,156
14930,156
14931,156
14932,156
14933,156
14934,156
14935,156
14936,156
14937,156
14938,156
14939,156
14940,156
14941,156
14942,156
14943,156
14944,156
14945,156
14946,156
14947,156
14948,156
14949,156
14950,156
14951,156
14952,156
14953,156
14954,156
14955,156
14956,156
14957,156
14958,156
14959,156
14960,156
14961,156
14962,156
14963,156
14964,156
14965,156
14966,156
14967,156
14968,156
14969,156
14970,156
14971,156
14972,156
14973,156
14974,156
14975,156
14976,156
14977,156
14978,156
14979,156
14980,156
14981,156
14982,156
14983,156
14984,156
14985,156
14986,156
14987,156
14988,156
14989,156
14990,156
14991,156
14992,156
14993,156
14994,156
14995,156
14996,156
14997,156
14998,156
14999,156
15000,156
15001,156
15002,156
15003,156
15004,156
15005,156
15006,156
15007,156
15008,156
15009,156
15010,156
15011,156
15012,156
15013,156
15014,156
15015,156
15016,156
15017,156
15018,156
15019,156
15020,156
15021,156
15022,156
15023,156
15024,156
15025,156
15026,156
15027,156
15028,156
15029,156
15030,156
15031,156
15032,156
15033,156
15034,156
15035,156
15036,156
15037,156
15038,156
15039,156
15040,156
15041,156
15042,156
15043,156
15044,156
15045,156
15046,156
15047,156
15048,156
15049,156
15050,156
15051,156
15052,156
15053,156
15054,156
15055,156
15056,156
15057,156
15058,156
15059,156
15060,156
15061,156
15062,156
15063,156
15064,156
15065,156
15066,156
15067,156
15068,156
15069,156
15070,156
15071,156
15072,156
15073,156
15074,156
15075,156
15076,156
15077,156
15078,156
15079,156
15080,156
15081,156
15082,156
15083,156
15084,156
15085,156
15086,156
15087,156
15088,156
15089,156
15090,156
15091,156
15092,156
15093,156
15094,156
15095,156
15096,156
15097,156
15098,156
15099,156
15100,156
15101,156
15102,156
15103,156
15104,156
15105,156
15106,156
15107,156
15108,156
15109,156
15110,156
15111,156
15112,156
15113,156
15114,156
15115,156
15116,156
15117,156
15118,156
15119,156
15120,156
15121,156
15122,156
15123,156
15124,156
15125,156
15126,156
15127,156
15128,156
15129,156
15130,156
15131,156
15132,156
15133,156
15134,156
15135,156
15136,156
15137,156
15138,156
15139,156
15140,156
15141,156
15142,156
15143,156
15144,156
15145,156
15146,156
15147,156
15148,156
15149,156
15150,156
15151,156
15152,156
15153,156
15154,156
15155,156
15156,156
15157,156
15158,156
15159,156
15160,156
15161,156
15162,156
15163,156
15164,156
15165,156
15166,156
15167,156
15168,156
15169,156
15170,156
15171,156
15172,156
15173,156
15174,156
15175,156
15176,156
15177,156
15178,156
15179,156
15180,156
15181,156
15182,156
15183,156
15184,156
15185,156
15186,156
15187,156
15188,156
15189,156
15190,156
15191,156
15192,156
15193,156
15194,156
15195,156
15196,156
15197,156
15198,156
15199,156
15200,156
15201,156
15202,156
15203,156
15204,156
15205,156
15206,156
15207,156
15208,156
15209,156
15210,156
15211,156
15212,156
15213,156
15214,156
15215,156
15216,156
15217,156
15218,156
15219,156
15220,156
15221,156
15222,156
15223,156
15224,156
15225,156
15226,156
15227,156
15228,156
15229,156
15230,156
15231,156
15232,156
15233,156
15234,156
15235,156
15236,156
15237,156
15238,156
15239,156
15240,156
15241,156
15242,156
15243,156
15244,156
15245,156
15246,156
15247,156
15248,156
15249,156
15250,156
15251,156
15252,156
15253,156
15254,156
15255,156
15256,156
15257,156
15258,156
15259,156
15260,156
15261,156
15262,156
15263,156
15264,156
15265,156
15266,156
15267,156
15268,156
15269,156
15270,156
15271,156
15272,156
15273,156
15274,156
15275,156
15276,156
15277,156
15278,156
15279,156
15280,156
15281,156
15282,156
15283,156
15284,156
15285,156
15286,156
15287,156
15288,156
15289,156
15290,156
15291,156
15292,156
15293,156
15294,156
15295,156
15296,156
15297,156
15298,156
15299,156
15300,156
15301,156
15302,156
15303,156
15304,156
15305,156
15306,156
15307,156
15308,156
15309,156
15310,156
15311,156
15312,156
15313,156
15314,156
15315,156
15316,156
15317,156
15318,156
15319,156
15320,156
15321,156
15322,156
15323,156
15324,156
15325,156
15326,156
15327,156
15328,156
15329,156
15330,156
15331,156
15332,156
15333,156
15334,156
15335,156
15336,156
15337,156
15338,156
15339,156
15340,156
15341,156
15342,156
15343,156
15344,156
15345,156
15346,156
15347,156
15348,156
15349,156
15350,156
15351,156
15352,156
15353,156
15354,156
15355,156
15356,156
15357,156
15358,156
15359,156
15360,156
15361,156
15362,156
15363,156
15364,156
15365,156
15366,156
15367,156
15368,156
15369,156
15370,156
15371,156
15372,156
15373,156
15374,156
15375,156
15376,156
15377,156
15378,156
15379,156
15380,156
15381,156
15382,156
15383,156
15384,156
15385,156
15386,156
15387,156
15388,156
15389,156
15390,156
15391,156
15392,156
15393,156
15394,156
15395,156
15396,156
15397,156
15398,156
15399,156
15400,156
15401,156
15402,156
15403,156
15404,156
15405,156
15406,156
15407,156
15408,156
15409,156
15410,156
15411,156
15412,156
15413,156
15414,156
15415,156
15416,156
15417,156
15418,156
15419,156
15420,156
15421,156
15422,156
15423,156
15424,156
15425,156
15426,156
15427,156
15428,156
15429,156
15430,156
15431,156
15432,156
15433,156
15434,156
15435,156
15436,156
15437,156
15438,156
15439,156
15440,156
15441,156
15442,156
15443,156
15444,156
15445,156
15446,156
15447,156
15448,156
15449,156
15450,156
15451,156
15452,156
15453,156
15454,156
15455,156
15456,156
15457,156
15458,156
15459,156
15460,156
15461,156
15462,156
15463,156
15464,156
15465,156
15466,156
15467,156
15468,156
15469,156
15470,156
15471,156
15472,156
15473,156
15474,156
15475,156
15476,156
15477,156
15478,156
15479,156
15480,156
15481,156
15482,156
15483,156
15484,156
15485,156
15486,156
15487,156
15488,156
15489,156
15490,156
15491,156
15492,156
15493,156
15494,156
15495,156
15496,156
15497,156
15498,156
15499,156
15500,156
15501,156
15502,156
15503,156
15504,156
15505,156
15506,156
15507,156
15508,156
15509,156
15510,156
15511,156
15512,156
15513,156
15514,156
15515,156
15516,156
15517,156
15518,156
15519,156
15520,156
15521,156
15522,156
15523,156
15524,156
15525,156
15526,156
15527,156
15528,156
15529,156
15530,156
15531,156
15532,156
15533,156
15534,156
15535,156
15536,156
15537,156
15538,156
15539,156
15540,156
15541,156
15542,156
15543,156
15544,156
15545,156
15546,156
15547,156
15548,156
15549,156
15550,156
15551,156
15552,156
15553,156
15554,156
15555,156
15556,156
15557,156
15558,156
15559,156
15560,156
15561,156
15562,156
15563,156
15564,156
15565,156
15566,156
15567,156
15568,156
15569,156
15570,156
15571,156
15572,156
15573,156
15574,156
15575,156
15576,156
15577,156
15578,156
15579,156
15580,156
15581,156
15582,156
15583,156
15584,156
15585,156
15586,156
15587,156
15588,156
15589,156
15590,156
15591,156
15592,156
15593,156
15594,156
15595,156
15596,157
15597,157
15598,157
15599,157
15600,157
15601,157
15602,157
15603,157
15604,157
15605,157
15606,157
15607,157
15608,157
15609,157
15610,157
15611,157
15612,157
15613,157
15614,157
15615,157
15616,157
15617,157
15618,157
15619,157
15620,157
15621,157
15622,157
15623,157
15624,157
15625,157
15626,157
15627,157
15628,157
15629,157
15630,157
15631,157
15632,157
15633,157
15634,157
15635,157
15636,157
15637,157
15638,157
15639,157
15640,157
15641,157
15642,157
15643,157
15644,157
15645,157
15646,157
15647,157
15648,157
15649,157
15650,157
15651,157
15652,157
15653,157
15654,157
15655,157
15656,157
15657,157
15658,157
15659,157
15660,157
15661,157
15662,157
15663,157
15664,157
15665,157
15666,157
15667,157
15668,157
15669,157
15670,157
15671,157
15672,157
15673,157
15674,157
15675,157
15676,157
15677,157
15678,157
15679,157
15680,157
15681,157
15682,157
15683,157
15684,157
15685,157
15686,157
15687,157
15688,157
15689,157
15690,157
15691,157
15692,157
15693,157
15694,157
15695,157
15696,157
15697,157
15698,157
15699,157
15700,157
15701,157
15702,157
15703,157
15704,157
15705,157
15706,157
15707,157
15708,157
15709,157
15710,157
15711,157
15712,157
15713,157
15714,157
15715,157
15716,157
15717,157
15718,157
15719,157
15720,157
15721,157
15722,157
15723,157
15724,157
15725,157
15726,157
15727,157
15728,157
15729,157
15730,157
15731,157
15732,157
15733,157
15734,157
15735,157
15736,157
15737,157
15738,157
15739,157
15740,157
15741,157
15742,157
15743,157
15744,157
15745,157
15746,157
15747,157
15748,157
15749,157
15750,157
15751,157
15752,157
15753,157
15754,157
15755,157
15756,157
15757,157
15758,157
15759,157
15760,157
15761,157
15762,157
15763,157
15764,157
15765,157
15766,157
15767,157
15768,157
15769,157
15770,157
15771,157
15772,157
15773,157
15774,157
15775,157
15776,157
15777,157
15778,157
15779,157
15780,157
15781,157
15782,157
15783,157
15784,157
15785,157
15786,157
15787,157
15788,157
15789,157
15790,157
15791,157
15792,157
15793,157
15794,157
15795,157
15796,157
15797,157
15798,157
15799,157
15800,157
15801,157
15802,157
15803,157
15804,157
15805,157
15806,157
15807,157
15808,157
15809,157
15810,157
15811,157
15812,157
15813,157
15814,157
15815,157
15816,157
15817,157
15818,157
15819,157
15820,157
15821,157
15822,157
15823,157
15824,157
15825,157
15826,157
15827,157
15828,157
15829,157
15830,157
15831,157
15832,157
15833,157
15834,157
15835,157
15836,157
15837,157
15838,157
15839,157
15840,157
15841,157
15842,157
15843,157
15844,157
15845,157
15846,157
15847,157
15848,157
15849,157
15850,157
15851,157
15852,157
15853,157
15854,157
15855,157
15856,157
15857,157
15858,157
15859,157
15860,157
15861,157
15862,157
15863,157
15864,157
15865,157
15866,157
15867,157
15868,157
15869,157
15870,157
15871,157
15872,157
15873,157
15874,157
15875,157
15876,157
15877,157
15878,157
15879,157
15880,157
15881,157
15882,157
15883,157
15884,157
15885,157
15886,157
15887,157
15888,157
15889,157
15890,157
15891,157
15892,157
15893,157
15894,157
15895,157
15896,157
15897,157
15898,157
15899,157
15900,157
15901,157
15902,157
15903,157
15904,157
15905,157
15906,157
15907,157
15908,157
15909,157
15910,157
15911,157
15912,157
15913,157
15914,157
15915,157
15916,157
15917,157
15918,157
15919,157
15920,157
15921,157
15922,157
15923,157
15924,157
15925,157
15926,157
15927,157
15928,157
15929,157
15930,157
15931,157
15932,157
15933,157
15934,157
15935,157
15936,157
15937,157
15938,157
15939,157
15940,157
15941,157
15942,157
15943,157
15944,157
15945,157
15946,157
15947,157
15948,157
15949,157
15950,157
15951,157
15952,157
15953,157
15954,157
15955,157
15956,157
15957,157
15958,157
15959,157
15960,157
15961,157
15962,157
15963,157
15964,157
15965,157
15966,157
15967,157
15968,157
15969,157
15970,157
15971,157
15972,157
15973,157
15974,157
15975,157
15976,157
15977,157
15978,157
15979,157
15980,157
15981,157
15982,157
15983,157
15984,157
15985,157
15986,157
15987,157
15988,157
15989,157
15990,157
15991,157
15992,157
15993,157
15994,157
15995,157
15996,157
15997,157
15998,157
15999,157
16000,157
16001,157
16002,157
16003,157
16004,157
16005,157
16006,157
16007,157
16008,157
16009,157
16010,157
16011,157
16012,157
16013,157
16014,157
16015,157
16016,157
16017,157
16018,157
16019,157
16020,157
16021,157
16022,157
16023,157
16024,157
16025,157
16026,157
16027,157
16028,157
16029,157
16030,157
16031,157
16032,157
16033,157
16034,157
16035,157
16036,157
16037,157
16038,157
16039,157
16040,157
16041,157
16042,157
16043,157
16044,157
16045,157
16046,157
16047,157
16048,157
16049,157
16050,157
16051,157
16052,157
16053,157
16054,157
16055,157
16056,157
16057,157
16058,157
16059,157
16060,157
16061,157
16062,157
16063,157
16064,157
16065,157
16066,157
16067,157
16068,157
16069,157
16070,157
16071,157
16072,157
16073,157
16074,157
16075,157
16076,157
16077,157
16078,157
16079,157
16080,157
16081,157
16082,157
16083,157
16084,157
16085,157
16086,157
16087,157
16088,157
16089,157
16090,157
16091,157
16092,157
16093,157
16094,157
16095,157
16096,157
16097,157
16098,157
16099,157
16100,157
16101,157
16102,157
16103,157
16104,157
16105,157
16106,157
16107,157
16108,157
16109,157
16110,157
16111,157
16112,157
16113,157
16114,157
16115,157
16116,157
16117,157
16118,157
16119,157
16120,157
16121,157
16122,157
16123,157
16124,157
16125,157
16126,157
16127,157
16128,157
16129,157
16130,157
16131,157
16132,157
16133,157
16134,157
16135,157
16136,157
16137,157
16138,157
16139,157
16140,157
16141,157
16142,157
16143,157
16144,157
16145,157
16146,157
16147,157
16148,157
16149,157
16150,157
16151,157
16152,157
16153,157
16154,157
16155,157
16156,157
16157,157
16158,157
16159,157
16160,157
16161,157
16162,157
16163,157
16164,157
16165,157
16166,157
16167,157
16168,157
16169,157
16170,157
16171,157
16172,157
16173,157
16174,157
16175,157
16176,157
16177,157
16178,157
16179,157
16180,157
16181,157
16182,157
16183,157
16184,157
16185,157
16186,157
16187,157
16188,157
16189,157
16190,157
16191,157
16192,157
16193,157
16194,157
16195,157
16196,157
16197,157
16198,157
16199,157
16200,157
16201,157
16202,157
16203,157
16204,157
16205,157
16206,157
16207,157
16208,157
16209,157
16210,157
16211,157
16212,157
16213,157
16214,157
16215,157
16216,157
16217,157
16218,157
16219,157
16220,157
16221,157
16222,157
16223,157
16224,157
16225,157
16226,157
16227,157
16228,157
16229,157
16230,157
16231,157
16232,157
16233,157
16234,157
16235,157
16236,157
16237,157
16238,157
16239,157
16240,157
16241,157
16242,157
16243,157
16244,157
16245,157
16246,157
16247,157
16248,157
16249,157
16250,157
16251,157
16252,157
16253,157
16254,157
16255,157
16256,157
16257,157
16258,157
16259,157
16260,157
16261,157
16262,157
16263,157
16264,157
16265,157
16266,157
16267,157
16268,157
16269,157
16270,157
16271,157
16272,157
16273,157
16274,157
16275,157
16276,157
16277,157
16278,157
16279,157
16280,158
16281,158
16282,158
16283,158
16284,158
16285,158
16286,158
16287,158
16288,158
16289,158
16290,158
16291,158
16292,158
16293,158
16294,158
16295,158
16296,158
16297,158
16298,158
16299,158
16300,158
16301,158
16302,158
16303,158
16304,158
16305,158
16306,158
16307,158
16308,158
16309,158
16310,158
16311,158
16312,158
16313,158
16314,158
16315,158
16316,158
16317,158
16318,158
16319,158
16320,158
16321,158
16322,158
16323,158
16324,158
16325,158
16326,158
16327,158
16328,158
16329,158
16330,158
16331,158
16332,158
16333,158
16334,158
16335,158
16336,158
16337,158
16338,158
16339,158
16340,158
16341,158
16342,158
16343,158
16344,158
16345,158
16346,158
16347,158
16348,158
16349,158
16350,158
16351,158
16352,158
16353,158
16354,158
16355,158
16356,158
16357,158
16358,158
16359,158
16360,158
16361,158
16362,158
16363,158
16364,158
16365,158
16366,158
16367,158
16368,158
16369,158
16370,158
16371,158
16372,158
16373,158
16374,158
16375,158
16376,158
16377,158
16378,158
16379,158
16380,158
16381,158
16382,158
16383,158
16384,158
16385,158
16386,158
16387,158
16388,158
16389,158
16390,158
16391,158
16392,158
16393,158
16394,158
16395,158
16396,158
16397,158
16398,158
16399,158
16400,158
16401,158
16402,158
16403,158
16404,158
16405,158
16406,158
16407,158
16408,158
16409,158
16410,158
16411,158
16412,158
16413,158
16414,158
16415,158
16416,158
16417,158
16418,158
16419,158
16420,158
16421,158
16422,158
16423,158
16424,158
16425,158
16426,158
16427,158
16428,158
16429,158
16430,158
16431,158
16432,158
16433,158
16434,158
16435,158
16436,158
16437,158
16438,158
16439,158
16440,158
16441,158
16442,158
16443,158
16444,158
16445,158
16446,158
16447,158
16448,158
16449,158
16450,158
16451,158
16452,158
16453,158
16454,158
16455,158
16456,158
16457,158
16458,158
16459,158
16460,158
16461,158
16462,158
16463,158
16464,158
16465,158
16466,158
16467,159
16468,159
16469,159
16470,159
16471,159
16472,159
16473,159
16474,159
16475,159
16476,159
16477,159
16478,159
16479,159
16480,159
16481,159
16482,159
16483,159
16484,159
16485,159
16486,159
16487,159
16488,159
16489,159
16490,159
16491,159
16492,159
16493,159
16494,159
16495,159
16496,159
16497,159
16498,159
16499,159
16500,159
16501,159
16502,159
16503,159
16504,159
16505,159
16506,159
16507,159
16508,159
16509,159
16510,159
16511,159
16512,159
16513,159
16514,159
16515,159
16516,159
16517,159
16518,159
16519,159
16520,159
16521,159
16522,159
16523,159
16524,159
16525,159
16526,159
16527,159
16528,159
16529,159
16530,159
16531,159
16532,159
16533,159
16534,159
16535,159
16536,159
16537,159
16538,159
16539,159
16540,159
16541,159
16542,159
16543,159
16544,159
16545,159
16546,159
16547,159
16548,159
16549,159
16550,159
16551,159
16552,159
16553,159
16554,159
16555,159
16556,159
16557,159
16558,159
16559,159
16560,159
16561,159
16562,159
16563,159
16564,159
16565,159
16566,159
16567,159
16568,159
16569,159
16570,159
16571,159
16572,159
16573,159
16574,159
16575,159
16576,159
16577,159
16578,159
16579,159
16580,159
16581,159
16582,159
16583,159
16584,159
16585,159
16586,159
16587,159
16588,159
16589,159
16590,159
16591,159
16592,159
16593,159
16594,159
16595,159
16596,159
16597,159
16598,159
16599,159
16600,159
16601,159
16602,159
16603,159
16604,159
16605,159
16606,159
16607,159
16608,159
16609,159
16610,159
16611,159
16612,159
16613,159
16614,159
16615,159
16616,159
16617,159
16618,159
16619,159
16620,159
16621,159
16622,159
16623,159
16624,159
16625,159
16626,159
16627,159
16628,159
16629,159
16630,159
16631,159
16632,159
16633,159
16634,159
16635,159
16636,159
16637,159
16638,159
16639,160
16640,160
16641,160
16642,160
16643,160
16644,160
16645,160
16646,160
16647,160
16648,160
16649,160
16650,160
16651,160
16652,160
16653,160
16654,160
16655,160
16656,160
16657,160
16658,160
16659,160
16660,160
16661,160
16662,160
16663,160
16664,160
16665,160
16666,160
16667,160
16668,160
16669,160
16670,160
16671,160
16672,160
16673,160
16674,160
16675,160
16676,160
16677,160
16678,160
16679,160
16680,160
16681,160
16682,160
16683,160
16684,160
16685,160
16686,160
16687,160
16688,160
16689,160
16690,160
16691,160
16692,160
16693,160
16694,160
16695,160
16696,160
16697,160
16698,160
16699,160
16700,160
16701,160
16702,160
16703,160
16704,160
16705,160
16706,160
16707,160
16708,160
16709,160
16710,160
16711,160
16712,160
16713,160
16714,160
16715,160
16716,160
16717,161
16718,161
16719,161
16720,161
16721,161
16722,161
16723,161
16724,161
16725,161
16726,161
16727,161
16728,161
16729,161
16730,161
16731,161
16732,161
16733,161
16734,161
16735,161
16736,161
16737,161
16738,161
16739,161
16740,161
16741,161
16742,161
16743,161
16744,161
16745,161
16746,161
16747,161
16748,161
16749,161
16750,161
16751,161
16752,161
16753,161
16754,161
16755,161
16756,161
16757,161
16758,161
16759,161
16760,161
16761,161
16762,161
16763,161
16764,161
16765,161
16766,161
16767,161
16768,161
16769,161
16770,161
16771,161
16772,161
16773,161
16774,161
16775,161
16776,161
16777,161
16778,161
16779,161
16780,161
16781,161
16782,161
16783,161
16784,161
16785,161
16786,161
16787,161
16788,161
16789,161
16790,161
16791,161
16792,161
16793,161
16794,161
16795,161
16796,161
16797,161
16798,161
16799,161
16800,161
16801,161
16802,161
16803,161
16804,161
16805,161
16806,161
16807,161
16808,161
16809,161
16810,161
16811,161
16812,161
16813,161
16814,161
16815,161
16816,161
16817,161
16818,161
16819,161
16820,161
16821,161
16822,161
16823,161
16824,161
16825,161
16826,161
16827,161
16828,161
16829,161
16830,161
16831,161
16832,161
16833,161
16834,161
16835,161
16836,161
16837,161
16838,161
16839,161
16840,161
16841,161
16842,161
16843,161
16844,161
16845,161
16846,161
16847,161
16848,161
16849,161
16850,161
16851,161
16852,161
16853,161
16854,161
16855,161
16856,161
16857,161
16858,161
16859,161
16860,161
16861,161
16862,161
16863,161
16864,161
16865,161
16866,161
16867,161
16868,161
16869,161
16870,161
16871,161
16872,161
16873,161
16874,161
16875,161
16876,161
16877,161
16878,161
16879,161
16880,161
16881,161
16882,161
16883,161
16884,161
16885,161
16886,161
16887,161
16888,161
16889,161
16890,161
16891,161
16892,161
16893,161
16894,161
16895,161
16896,161
16897,161
16898,161
16899,161
16900,161
16901,161
16902,162
16903,162
16904,162
16905,162
16906,162
16907,162
16908,162
16909,162
16910,162
16911,162
16912,162
16913,162
16914,162
16915,162
16916,162
16917,162
16918,162
16919,162
16920,162
16921,162
16922,162
16923,162
16924,162
16925,162
16926,162
16927,162
16928,162
16929,162
16930,162
16931,162
16932,162
16933,162
16934,162
16935,162
16936,162
16937,162
16938,162
16939,162
16940,162
16941,162
16942,162
16943,162
16944,162
16945,162
16946,162
16947,162
16948,162
16949,162
16950,162
16951,162
16952,162
16953,162
16954,162
16955,162
16956,162
16957,162
16958,162
16959,162
16960,162
16961,162
16962,162
16963,162
16964,162
16965,162
16966,162
16967,162
16968,162
16969,162
16970,162
16971,162
16972,162
16973,162
16974,162
16975,162
16976,162
16977,162
16978,162
16979,162
16980,162
16981,162
16982,162
16983,162
16984,162
16985,162
16986,162
16987,162
16988,162
16989,162
16990,162
16991,162
16992,162
16993,162
16994,162
16995,162
16996,162
16997,162
16998,162
16999,162
17000,162
17001,162
17002,162
17003,162
17004,162
17005,162
17006,162
17007,162
17008,162
17009,162
17010,162
17011,162
17012,162
17013,162
17014,162
17015,162
17016,162
17017,162
17018,162
17019,162
17020,162
17021,162
17022,162
17023,162
17024,162
17025,162
17026,162
17027,162
17028,162
17029,162
17030,162
17031,162
17032,162
17033,162
17034,162
17035,162
17036,162
17037,162
17038,162
17039,162
17040,162
17041,162
17042,162
17043,162
17044,162
17045,162
17046,162
17047,162
17048,162
17049,162
17050,162
17051,162
17052,162
17053,162
17054,162
17055,162
17056,162
17057,162
17058,162
17059,162
17060,162
17061,162
17062,162
17063,162
17064,162
17065,162
17066,162
17067,162
17068,162
17069,162
17070,162
17071,162
17072,162
17073,162
17074,162
17075,162
17076,162
17077,162
17078,162
17079,162
17080,162
17081,162
17082,163
17083,163
17084,163
17085,163
17086,163
17087,163
17088,163
17089,163
17090,163
17091,163
17092,163
17093,163
17094,163
17095,163
17096,163
17097,163
17098,163
17099,163
17100,163
17101,163
17102,163
17103,163
17104,163
17105,163
17106,163
17107,163
17108,163
17109,163
17110,163
17111,163
17112,163
17113,163
17114,163
17115,163
17116,163
17117,163
17118,163
17119,163
17120,163
17121,163
17122,163
17123,163
17124,163
17125,163
17126,163
17127,163
17128,163
17129,163
17130,163
17131,163
17132,163
17133,163
17134,163
17135,163
17136,163
17137,163
17138,163
17139,163
17140,163
17141,163
17142,163
17143,163
17144,163
17145,163
17146,163
17147,163
17148,163
17149,163
17150,163
17151,163
17152,163
17153,163
17154,163
17155,163
17156,163
17157,163
17158,163
17159,163
17160,163
17161,163
17162,163
17163,163
17164,163
17165,163
17166,163
17167,163
17168,163
17169,163
17170,163
17171,163
17172,163
17173,163
17174,163
17175,163
17176,163
17177,163
17178,163
17179,163
17180,163
17181,163
17182,163
17183,163
17184,163
17185,163
17186,163
17187,163
17188,163
17189,163
17190,163
17191,163
17192,163
17193,163
17194,163
17195,163
17196,163
17197,163
17198,163
17199,163
17200,163
17201,163
17202,163
17203,163
17204,163
17205,163
17206,163
17207,163
17208,163
17209,163
17210,163
17211,163
17212,163
17213,163
17214,163
17215,163
17216,163
17217,163
17218,163
17219,163
17220,163
17221,163
17222,163
17223,163
17224,163
17225,163
17226,163
17227,163
17228,163
17229,163
17230,163
17231,163
17232,163
17233,163
17234,163
17235,163
17236,163
17237,163
17238,163
17239,163
17240,163
17241,163
17242,163
17243,163
17244,163
17245,163
17246,163
17247,163
17248,163
17249,163
17250,163
17251,163
17252,163
17253,163
17254,163
17255,163
17256,163
17257,163
17258,163
17259,163
17260,163
17261,163
17262,163
17263,163
17264,163
17265,163
17266,163
17267,163
17268,163
17269,163
17270,163
17271,163
17272,163
17273,163
17274,163
17275,163
17276,163
17277,163
17278,163
17279,163
17280,163
17281,163
17282,164
17283,164
17284,164
17285,164
17286,164
17287,164
17288,164
17289,164
17290,164
17291,164
17292,164
17293,164
17294,164
17295,164
17296,164
17297,164
17298,164
17299,164
17300,164
17301,164
17302,164
17303,164
17304,164
17305,164
17306,164
17307,164
17308,164
17309,164
17310,164
17311,164
17312,164
17313,164
17314,164
17315,164
17316,164
17317,164
17318,164
17319,164
17320,164
17321,164
17322,164
17323,164
17324,164
17325,164
17326,164
17327,164
17328,164
17329,164
17330,164
17331,164
17332,164
17333,164
17334,164
17335,164
17336,164
17337,164
17338,164
17339,164
17340,164
17341,164
17342,164
17343,164
17344,164
17345,164
17346,164
17347,164
17348,164
17349,164
17350,164
17351,164
17352,164
17353,164
17354,164
17355,164
17356,164
17357,164
17358,164
17359,164
17360,164
17361,164
17362,164
17363,164
17364,164
17365,164
17366,164
17367,164
17368,164
17369,164
17370,164
17371,164
17372,164
17373,164
17374,164
17375,164
17376,164
17377,164
17378,164
17379,164
17380,164
17381,164
17382,164
17383,164
17384,164
17385,164
17386,164
17387,164
17388,164
17389,164
17390,164
17391,164
17392,164
17393,164
17394,164
17395,164
17396,164
17397,164
17398,164
17399,164
17400,164
17401,164
17402,164
17403,164
17404,164
17405,164
17406,164
17407,164
17408,164
17409,164
17410,164
17411,164
17412,164
17413,164
17414,164
17415,164
17416,164
17417,164
17418,164
17419,164
17420,164
17421,164
17422,164
17423,164
17424,164
17425,164
17426,164
17427,164
17428,164
17429,164
17430,164
17431,164
17432,164
17433,164
17434,164
17435,164
17436,164
17437,164
17438,164
17439,164
17440,164
17441,164
17442,164
17443,164
17444,164
17445,164
17446,164
17447,164
17448,164
17449,164
17450,164
17451,164
17452,164
17453,164
17454,164
17455,164
17456,164
17457,164
17458,164
17459,164
17460,164
17461,164
17462,164
17463,164
17464,164
17465,164
17466,164
17467,164
17468,164
17469,164
17470,164
17471,164
17472,164
17473,164
17474,164
17475,164
17476,164
17477,164
17478,164
17479,164
17480,165
17481,165
17482,165
17483,165
17484,165
17485,165
17486,165
17487,165
17488,165
17489,165
17490,165
17491,165
17492,165
17493,165
17494,165
17495,165
17496,165
17497,165
17498,165
17499,165
17500,165
17501,165
17502,165
17503,165
17504,165
17505,165
17506,165
17507,165
17508,165
17509,165
17510,165
17511,165
17512,165
17513,165
17514,165
17515,165
17516,165
17517,165
17518,165
17519,165
17520,165
17521,165
17522,165
17523,165
17524,165
17525,165
17526,165
17527,165
17528,165
17529,165
17530,165
17531,165
17532,165
17533,165
17534,165
17535,165
17536,165
17537,165
17538,165
17539,165
17540,165
17541,165
17542,165
17543,165
17544,165
17545,165
17546,165
17547,165
17548,165
17549,165
17550,165
17551,165
17552,165
17553,165
17554,165
17555,165
17556,165
17557,165
17558,165
17559,165
17560,165
17561,165
17562,165
17563,165
17564,165
17565,165
17566,165
17567,165
17568,165
17569,165
17570,165
17571,165
17572,165
17573,165
17574,165
17575,165
17576,165
17577,165
17578,165
17579,165
17580,165
17581,165
17582,165
17583,165
17584,165
17585,165
17586,165
17587,165
17588,165
17589,165
17590,165
17591,165
17592,165
17593,165
17594,165
17595,165
17596,165
17597,165
17598,165
17599,165
17600,165
17601,165
17602,165
17603,165
17604,165
17605,165
17606,165
17607,165
17608,165
17609,165
17610,165
17611,165
17612,165
17613,165
17614,165
17615,165
17616,165
17617,165
17618,165
17619,165
17620,165
17621,165
17622,165
17623,165
17624,165
17625,165
17626,165
17627,165
17628,165
17629,165
17630,165
17631,165
17632,165
17633,165
17634,165
17635,165
17636,165
17637,165
17638,165
17639,165
17640,165
17641,165
17642,165
17643,165
17644,165
17645,165
17646,165
17647,165
17648,165
17649,165
17650,165
17651,165
17652,165
17653,165
17654,165
17655,165
17656,165
17657,165
17658,165
17659,165
17660,165
17661,165
17662,165
17663,165
17664,165
17665,165
17666,165
17667,165
17668,165
17669,165
17670,165
17671,165
17672,165
17673,165
17674,165
17675,165
17676,165
17677,166
17678,166
17679,166
17680,166
17681,166
17682,166
17683,166
17684,166
17685,166
17686,166
17687,166
17688,166
17689,166
17690,166
17691,166
17692,166
17693,166
17694,166
17695,166
17696,166
17697,166
17698,166
17699,166
17700,166
17701,166
17702,166
17703,166
17704,166
17705,166
17706,166
17707,166
17708,166
17709,166
17710,166
17711,167
17712,167
17713,167
17714,167
17715,167
17716,167
17717,167
17718,167
17719,167
17720,167
17721,167
17722,167
17723,167
17724,167
17725,167
17726,167
17727,167
17728,167
17729,167
17730,167
17731,167
17732,167
17733,167
17734,167
17735,167
17736,167
17737,167
17738,167
17739,167
17740,167
17741,167
17742,167
17743,167
17744,167
17745,167
17746,167
17747,167
17748,167
17749,167
17750,167
17751,167
17752,167
17753,167
17754,167
17755,167
17756,167
17757,167
17758,167
17759,167
17760,167
17761,167
17762,167
17763,167
17764,167
17765,167
17766,167
17767,167
17768,167
17769,167
17770,167
17771,167
17772,167
17773,167
17774,167
17775,167
17776,167
17777,167
17778,167
17779,167
17780,167
17781,167
17782,167
17783,167
17784,167
17785,167
17786,167
17787,167
17788,167
17789,167
17790,167
17791,167
17792,167
17793,167
17794,167
17795,167
17796,167
17797,167
17798,167
17799,167
17800,167
17801,167
17802,167
17803,167
17804,167
17805,167
17806,167
17807,167
17808,167
17809,167
17810,167
17811,167
17812,167
17813,167
17814,167
17815,167
17816,167
17817,167
17818,167
17819,167
17820,167
17821,167
17822,167
17823,167
17824,167
17825,167
17826,167
17827,167
17828,167
17829,167
17830,167
17831,167
17832,167
17833,167
17834,167
17835,167
17836,167
17837,167
17838,167
17839,167
17840,167
17841,167
17842,167
17843,167
17844,167
17845,167
17846,167
17847,167
17848,167
17849,167
17850,167
17851,167
17852,167
17853,167
17854,167
17855,167
17856,167
17857,167
17858,167
17859,167
17860,167
17861,167
17862,167
17863,167
17864,167
17865,167
17866,167
17867,167
17868,167
17869,167
17870,167
17871,167
17872,167
17873,167
17874,167
17875,167
17876,167
17877,167
17878,167
17879,167
17880,167
17881,167
17882,167
17883,167
17884,167
17885,168
17886,168
17887,168
17888,168
17889,168
17890,168
17891,168
17892,168
17893,168
17894,168
17895,168
17896,168
17897,168
17898,168
17899,168
17900,168
17901,168
17902,168
17903,168
17904,168
17905,168
17906,168
17907,168
17908,168
17909,168
17910,168
17911,168
17912,168
17913,168
17914,168
17915,168
17916,168
17917,168
17918,168
17919,168
17920,168
17921,168
17922,168
17923,168
17924,168
17925,168
17926,168
17927,168
17928,168
17929,168
17930,168
17931,168
17932,168
17933,168
17934,168
17935,168
17936,168
17937,168
17938,168
17939,168
17940,168
17941,168
17942,168
17943,168
17944,168
17945,168
17946,168
17947,168
17948,168
17949,168
17950,168
17951,168
17952,168
17953,168
17954,168
17955,168
17956,168
17957,168
17958,168
17959,168
17960,168
17961,168
17962,168
17963,168
17964,168
17965,168
17966,168
17967,168
17968,168
17969,168
17970,168
17971,168
17972,168
17973,168
17974,168
17975,168
17976,168
17977,168
17978,168
17979,168
17980,168
17981,168
17982,168
17983,168
17984,168
17985,168
17986,168
17987,168
17988,168
17989,168
17990,168
17991,168
17992,168
17993,168
17994,168
17995,168
17996,168
17997,168
17998,168
17999,168
18000,168
18001,168
18002,168
18003,168
18004,168
18005,168
18006,168
18007,168
18008,168
18009,168
18010,168
18011,168
18012,168
18013,168
18014,168
18015,168
18016,168
18017,168
18018,168
18019,168
18020,168
18021,168
18022,168
18023,168
18024,168
18025,168
18026,168
18027,168
18028,168
18029,168
18030,168
18031,168
18032,168
18033,168
18034,168
18035,168
18036,168
18037,168
18038,168
18039,168
18040,168
18041,168
18042,168
18043,168
18044,168
18045,168
18046,168
18047,168
18048,168
18049,168
18050,168
18051,168
18052,168
18053,168
18054,168
18055,168
18056,168
18057,168
18058,168
18059,168
18060,168
18061,168
18062,168
18063,168
18064,168
18065,168
18066,168
18067,168
18068,168
18069,168
18070,168
18071,168
18072,168
18073,168
18074,168
18075,168
18076,168
18077,168
18078,169
18079,169
18080,169
18081,169
18082,169
18083,169
18084,169
18085,169
18086,169
18087,169
18088,169
18089,169
18090,169
18091,169
18092,169
18093,169
18094,169
18095,169
18096,169
18097,169
18098,169
18099,169
18100,169
18101,169
18102,169
18103,169
18104,169
18105,169
18106,169
18107,169
18108,169
18109,169
18110,169
18111,169
18112,169
18113,169
18114,169
18115,169
18116,169
18117,169
18118,169
18119,169
18120,169
18121,169
18122,169
18123,169
18124,169
18125,169
18126,169
18127,169
18128,169
18129,169
18130,169
18131,169
18132,169
18133,169
18134,169
18135,169
18136,169
18137,169
18138,169
18139,169
18140,169
18141,169
18142,169
18143,169
18144,169
18145,169
18146,169
18147,169
18148,169
18149,169
18150,169
18151,169
18152,169
18153,169
18154,169
18155,169
18156,169
18157,169
18158,169
18159,169
18160,169
18161,169
18162,169
18163,169
18164,169
18165,169
18166,169
18167,169
18168,169
18169,169
18170,169
18171,169
18172,169
18173,169
18174,169
18175,169
18176,169
18177,169
18178,169
18179,169
18180,169
18181,169
18182,169
18183,169
18184,169
18185,169
18186,169
18187,169
18188,169
18189,169
18190,169
18191,169
18192,169
18193,169
18194,169
18195,169
18196,169
18197,169
18198,169
18199,169
18200,169
18201,169
18202,169
18203,169
18204,169
18205,169
18206,169
18207,169
18208,169
18209,169
18210,169
18211,169
18212,169
18213,169
18214,169
18215,169
18216,169
18217,169
18218,169
18219,169
18220,169
18221,169
18222,169
18223,169
18224,169
18225,169
18226,169
18227,169
18228,169
18229,169
18230,169
18231,169
18232,169
18233,169
18234,169
18235,169
18236,169
18237,169
18238,169
18239,169
18240,169
18241,169
18242,169
18243,169
18244,169
18245,169
18246,169
18247,169
18248,169
18249,169
18250,169
18251,169
18252,169
18253,169
18254,169
18255,169
18256,169
18257,169
18258,170
18259,170
18260,170
18261,170
18262,170
18263,170
18264,170
18265,170
18266,170
18267,170
18268,170
18269,170
18270,170
18271,170
18272,170
18273,170
18274,170
18275,170
18276,170
18277,170
18278,170
18279,170
18280,170
18281,170
18282,170
18283,170
18284,170
18285,170
18286,170
18287,170
18288,170
18289,170
18290,170
18291,170
18292,170
18293,170
18294,170
18295,170
18296,170
18297,170
18298,170
18299,170
18300,170
18301,170
18302,170
18303,170
18304,170
18305,170
18306,170
18307,170
18308,170
18309,170
18310,170
18311,170
18312,170
18313,170
18314,170
18315,170
18316,170
18317,170
18318,170
18319,170
18320,170
18321,170
18322,170
18323,170
18324,170
18325,170
18326,170
18327,170
18328,170
18329,170
18330,170
18331,170
18332,170
18333,170
18334,170
18335,170
18336,170
18337,170
18338,170
18339,170
18340,170
18341,170
18342,170
18343,170
18344,170
18345,170
18346,170
18347,170
18348,170
18349,170
18350,170
18351,170
18352,170
18353,170
18354,170
18355,170
18356,170
18357,170
18358,170
18359,170
18360,170
18361,170
18362,170
18363,170
18364,170
18365,170
18366,170
18367,170
18368,170
18369,170
18370,170
18371,170
18372,170
18373,170
18374,170
18375,170
18376,170
18377,170
18378,170
18379,170
18380,170
18381,170
18382,170
18383,170
18384,170
18385,170
18386,170
18387,170
18388,170
18389,170
18390,170
18391,170
18392,170
18393,170
18394,170
18395,170
18396,170
18397,170
18398,170
18399,170
18400,170
18401,170
18402,170
18403,170
18404,170
18405,170
18406,170
18407,170
18408,170
18409,170
18410,170
18411,170
18412,170
18413,170
18414,170
18415,170
18416,170
18417,170
18418,170
18419,170
18420,170
18421,170
18422,170
18423,170
18424,170
18425,170
18426,170
18427,170
18428,170
18429,170
18430,170
18431,170
18432,170
18433,170
18434,170
18435,170
18436,170
18437,170
18438,170
18439,170
18440,170
18441,170
18442,170
18443,170
18444,170
18445,170
18446,171
18447,171
18448,171
18449,171
18450,171
18451,171
18452,171
18453,171
18454,171
18455,171
18456,171
18457,171
18458,171
18459,171
18460,171
18461,171
18462,171
18463,171
18464,171
18465,171
18466,171
18467,171
18468,171
18469,171
18470,171
18471,171
18472,171
18473,171
18474,171
18475,171
18476,171
18477,171
18478,171
18479,171
18480,171
18481,171
18482,171
18483,171
18484,171
18485,171
18486,171
18487,171
18488,171
18489,171
18490,171
18491,171
18492,171
18493,171
18494,171
18495,171
18496,171
18497,171
18498,171
18499,171
18500,171
18501,171
18502,171
18503,171
18504,171
18505,171
18506,171
18507,171
18508,171
18509,171
18510,171
18511,171
18512,171
18513,171
18514,171
18515,171
18516,171
18517,171
18518,171
18519,171
18520,171
18521,171
18522,171
18523,171
18524,171
18525,171
18526,171
18527,171
18528,171
18529,171
18530,171
18531,171
18532,171
18533,171
18534,171
18535,171
18536,171
18537,171
18538,171
18539,171
18540,171
18541,171
18542,171
18543,171
18544,171
18545,171
18546,171
18547,171
18548,171
18549,171
18550,171
18551,171
18552,171
18553,171
18554,171
18555,171
18556,171
18557,171
18558,171
18559,171
18560,171
18561,171
18562,171
18563,171
18564,171
18565,171
18566,171
18567,171
18568,171
18569,171
18570,171
18571,171
18572,171
18573,171
18574,171
18575,171
18576,171
18577,171
18578,171
18579,171
18580,171
18581,171
18582,171
18583,171
18584,171
18585,171
18586,171
18587,171
18588,171
18589,171
18590,171
18591,171
18592,171
18593,171
18594,171
18595,171
18596,171
18597,171
18598,171
18599,171
18600,171
18601,171
18602,171
18603,171
18604,171
18605,171
18606,171
18607,171
18608,171
18609,171
18610,171
18611,171
18612,171
18613,171
18614,171
18615,171
18616,171
18617,171
18618,171
18619,171
18620,171
18621,171
18622,171
18623,171
18624,171
18625,171
18626,171
18627,171
18628,171
18629,171
18630,171
18631,171
18632,172
18633,172
18634,172
18635,172
18636,172
18637,172
18638,172
18639,172
18640,172
18641,172
18642,172
18643,172
18644,172
18645,172
18646,172
18647,172
18648,172
18649,172
18650,172
18651,172
18652,172
18653,172
18654,172
18655,172
18656,172
18657,172
18658,172
18659,172
18660,172
18661,172
18662,172
18663,172
18664,172
18665,172
18666,172
18667,172
18668,172
18669,172
18670,172
18671,172
18672,172
18673,172
18674,172
18675,172
18676,172
18677,172
18678,172
18679,172
18680,172
18681,172
18682,172
18683,172
18684,172
18685,172
18686,172
18687,172
18688,172
18689,172
18690,172
18691,172
18692,172
18693,172
18694,172
18695,172
18696,172
18697,172
18698,172
18699,172
18700,172
18701,172
18702,172
18703,172
18704,172
18705,172
18706,172
18707,172
18708,172
18709,172
18710,172
18711,172
18712,172
18713,172
18714,172
18715,172
18716,172
18717,172
18718,172
18719,172
18720,172
18721,172
18722,172
18723,172
18724,172
18725,172
18726,172
18727,172
18728,172
18729,172
18730,172
18731,172
18732,172
18733,172
18734,172
18735,172
18736,172
18737,172
18738,172
18739,172
18740,172
18741,172
18742,172
18743,172
18744,172
18745,172
18746,172
18747,172
18748,172
18749,172
18750,172
18751,172
18752,172
18753,172
18754,172
18755,172
18756,172
18757,172
18758,172
18759,172
18760,172
18761,172
18762,172
18763,172
18764,172
18765,172
18766,172
18767,172
18768,172
18769,172
18770,172
18771,172
18772,172
18773,172
18774,172
18775,172
18776,172
18777,172
18778,172
18779,172
18780,172
18781,172
18782,172
18783,172
18784,172
18785,172
18786,172
18787,172
18788,172
18789,172
18790,172
18791,172
18792,172
18793,172
18794,172
18795,172
18796,172
18797,172
18798,172
18799,172
18800,172
18801,172
18802,172
18803,172
18804,172
18805,172
18806,172
18807,172
18808,172
18809,172
18810,172
18811,172
18812,172
18813,172
18814,172
18815,172
18816,172
18817,172
18818,172
18819,172
18820,172
18821,173
18822,173
18823,173
18824,173
18825,173
18826,173
18827,173
18828,173
18829,173
18830,173
18831,173
18832,173
18833,173
18834,173
18835,173
18836,173
18837,173
18838,173
18839,173
18840,173
18841,173
18842,173
18843,173
18844,173
18845,173
18846,173
18847,173
18848,173
18849,173
18850,173
18851,173
18852,173
18853,173
18854,173
18855,173
18856,173
18857,173
18858,173
18859,173
18860,173
18861,173
18862,173
18863,173
18864,173
18865,173
18866,173
18867,173
18868,173
18869,173
18870,173
18871,173
18872,173
18873,173
18874,173
18875,173
18876,173
18877,173
18878,173
18879,173
18880,173
18881,173
18882,173
18883,173
18884,173
18885,173
18886,173
18887,173
18888,173
18889,173
18890,173
18891,173
18892,173
18893,173
18894,173
18895,173
18896,173
18897,173
18898,173
18899,173
18900,173
18901,173
18902,173
18903,173
18904,173
18905,173
18906,173
18907,173
18908,173
18909,173
18910,173
18911,173
18912,173
18913,173
18914,173
18915,173
18916,173
18917,173
18918,173
18919,173
18920,173
18921,173
18922,173
18923,173
18924,173
18925,173
18926,173
18927,173
18928,173
18929,173
18930,173
18931,173
18932,173
18933,173
18934,173
18935,173
18936,173
18937,173
18938,173
18939,173
18940,173
18941,173
18942,173
18943,173
18944,173
18945,173
18946,173
18947,173
18948,173
18949,173
18950,173
18951,173
18952,173
18953,173
18954,173
18955,173
18956,173
18957,173
18958,173
18959,173
18960,173
18961,173
18962,173
18963,173
18964,173
18965,173
18966,173
18967,173
18968,173
18969,173
18970,173
18971,173
18972,173
18973,173
18974,173
18975,173
18976,173
18977,173
18978,173
18979,173
18980,173
18981,173
18982,173
18983,173
18984,173
18985,173
18986,173
18987,173
18988,173
18989,173
18990,173
18991,173
18992,173
18993,173
18994,173
18995,173
18996,173
18997,173
18998,173
18999,173
19000,173
19001,173
19002,173
19003,173
19004,173
19005,173
19006,173
19007,173
19008,173
19009,173
19010,173
19011,173
19012,173
19013,173
19014,173
19015,173
19016,174
19017,174
19018,174
19019,174
19020,174
19021,174
19022,174
19023,174
19024,174
19025,174
19026,174
19027,174
19028,174
19029,174
19030,174
19031,174
19032,174
19033,174
19034,174
19035,174
19036,174
19037,174
19038,174
19039,174
19040,174
19041,174
19042,174
19043,174
19044,174
19045,174
19046,174
19047,174
19048,174
19049,174
19050,174
19051,174
19052,174
19053,174
19054,174
19055,174
19056,174
19057,174
19058,174
19059,174
19060,174
19061,174
19062,174
19063,174
19064,174
19065,174
19066,174
19067,174
19068,174
19069,174
19070,174
19071,174
19072,174
19073,174
19074,174
19075,174
19076,174
19077,174
19078,174
19079,174
19080,174
19081,174
19082,174
19083,174
19084,174
19085,174
19086,174
19087,174
19088,174
19089,174
19090,174
19091,174
19092,174
19093,174
19094,174
19095,174
19096,174
19097,174
19098,174
19099,174
19100,174
19101,174
19102,174
19103,174
19104,174
19105,174
19106,174
19107,174
19108,174
19109,174
19110,174
19111,174
19112,174
19113,174
19114,174
19115,174
19116,174
19117,174
19118,174
19119,174
19120,174
19121,174
19122,174
19123,174
19124,174
19125,174
19126,174
19127,174
19128,174
19129,174
19130,174
19131,174
19132,174
19133,174
19134,174
19135,174
19136,174
19137,174
19138,174
19139,174
19140,174
19141,174
19142,174
19143,174
19144,174
19145,174
19146,174
19147,174
19148,174
19149,174
19150,174
19151,174
19152,174
19153,174
19154,174
19155,174
19156,174
19157,174
19158,174
19159,174
19160,174
19161,174
19162,174
19163,174
19164,174
19165,174
19166,174
19167,174
19168,174
19169,174
19170,174
19171,174
19172,174
19173,174
19174,174
19175,174
19176,174
19177,174
19178,174
19179,174
19180,174
19181,174
19182,174
19183,174
19184,174
19185,174
19186,174
19187,174
19188,174
19189,174
19190,174
19191,174
19192,174
19193,174
19194,174
19195,174
19196,174
19197,174
19198,174
19199,175
19200,175
19201,175
19202,175
19203,175
19204,175
19205,175
19206,175
19207,175
19208,175
19209,175
19210,175
19211,175
19212,175
19213,175
19214,175
19215,175
19216,175
19217,175
19218,175
19219,175
19220,175
19221,175
19222,175
19223,175
19224,175
19225,175
19226,175
19227,175
19228,175
19229,175
19230,175
19231,175
19232,175
19233,175
19234,175
19235,175
19236,175
19237,175
19238,175
19239,175
19240,175
19241,175
19242,175
19243,175
19244,175
19245,175
19246,175
19247,175
19248,175
19249,175
19250,175
19251,175
19252,175
19253,175
19254,175
19255,175
19256,175
19257,175
19258,175
19259,175
19260,175
19261,175
19262,175
19263,175
19264,175
19265,175
19266,175
19267,175
19268,175
19269,175
19270,175
19271,175
19272,175
19273,175
19274,175
19275,175
19276,175
19277,175
19278,175
19279,175
19280,175
19281,175
19282,175
19283,175
19284,175
19285,175
19286,175
19287,175
19288,175
19289,175
19290,175
19291,175
19292,175
19293,175
19294,175
19295,175
19296,175
19297,175
19298,175
19299,175
19300,175
19301,175
19302,175
19303,175
19304,175
19305,175
19306,175
19307,175
19308,175
19309,175
19310,175
19311,175
19312,175
19313,175
19314,175
19315,175
19316,175
19317,175
19318,175
19319,175
19320,175
19321,175
19322,175
19323,175
19324,175
19325,175
19326,175
19327,175
19328,175
19329,175
19330,175
19331,175
19332,175
19333,175
19334,175
19335,175
19336,175
19337,175
19338,175
19339,175
19340,175
19341,175
19342,175
19343,175
19344,175
19345,175
19346,175
19347,175
19348,175
19349,175
19350,175
19351,175
19352,175
19353,175
19354,175
19355,175
19356,175
19357,175
19358,175
19359,175
19360,175
19361,175
19362,175
19363,175
19364,175
19365,175
19366,175
19367,175
19368,175
19369,175
19370,175
19371,175
19372,175
19373,175
19374,176
19375,176
19376,176
19377,176
19378,176
19379,176
19380,176
19381,176
19382,176
19383,176
19384,176
19385,176
19386,176
19387,176
19388,176
19389,176
19390,176
19391,176
19392,176
19393,176
19394,176
19395,176
19396,176
19397,176
19398,176
19399,176
19400,176
19401,176
19402,176
19403,176
19404,176
19405,176
19406,176
19407,176
19408,176
19409,176
19410,176
19411,176
19412,176
19413,176
19414,176
19415,176
19416,176
19417,176
19418,176
19419,176
19420,176
19421,176
19422,176
19423,176
19424,176
19425,176
19426,176
19427,176
19428,176
19429,176
19430,176
19431,176
19432,176
19433,176
19434,176
19435,176
19436,176
19437,176
19438,176
19439,176
19440,176
19441,176
19442,176
19443,176
19444,176
19445,176
19446,176
19447,176
19448,176
19449,176
19450,176
19451,176
19452,176
19453,176
19454,176
19455,176
19456,176
19457,176
19458,176
19459,176
19460,176
19461,176
19462,176
19463,176
19464,176
19465,176
19466,176
19467,176
19468,176
19469,176
19470,176
19471,176
19472,176
19473,176
19474,176
19475,176
19476,176
19477,176
19478,176
19479,176
19480,176
19481,176
19482,176
19483,176
19484,176
19485,176
19486,176
19487,176
19488,176
19489,176
19490,176
19491,176
19492,176
19493,176
19494,176
19495,176
19496,176
19497,176
19498,176
19499,176
19500,176
19501,176
19502,176
19503,176
19504,176
19505,176
19506,176
19507,176
19508,176
19509,176
19510,176
19511,176
19512,176
19513,176
19514,176
19515,176
19516,176
19517,176
19518,176
19519,176
19520,176
19521,176
19522,176
19523,176
19524,176
19525,176
19526,176
19527,176
19528,176
19529,176
19530,176
19531,176
19532,176
19533,176
19534,176
19535,176
19536,176
19537,176
19538,176
19539,176
19540,176
19541,176
19542,176
19543,176
19544,176
19545,176
19546,176
19547,176
19548,176
19549,176
19550,176
19551,176
19552,176
19553,176
19554,176
19555,176
19556,177
19557,177
19558,177
19559,177
19560,177
19561,177
19562,177
19563,177
19564,177
19565,177
19566,177
19567,177
19568,177
19569,177
19570,177
19571,177
19572,177
19573,177
19574,177
19575,177
19576,177
19577,177
19578,177
19579,177
19580,177
19581,177
19582,177
19583,177
19584,177
19585,177
19586,177
19587,177
19588,177
19589,177
19590,177
19591,177
19592,177
19593,177
19594,177
19595,177
19596,177
19597,177
19598,177
19599,177
19600,177
19601,177
19602,177
19603,177
19604,177
19605,177
19606,177
19607,177
19608,177
19609,177
19610,177
19611,177
19612,177
19613,177
19614,177
19615,177
19616,177
19617,177
19618,177
19619,177
19620,177
19621,177
19622,177
19623,177
19624,177
19625,177
19626,177
19627,177
19628,177
19629,177
19630,177
19631,177
19632,177
19633,177
19634,177
19635,177
19636,177
19637,177
19638,177
19639,177
19640,177
19641,177
19642,177
19643,177
19644,177
19645,177
19646,177
19647,177
19648,177
19649,177
19650,177
19651,177
19652,177
19653,177
19654,177
19655,177
19656,177
19657,177
19658,177
19659,177
19660,177
19661,177
19662,177
19663,177
19664,177
19665,177
19666,177
19667,177
19668,177
19669,177
19670,177
19671,177
19672,177
19673,177
19674,177
19675,177
19676,177
19677,177
19678,177
19679,177
19680,177
19681,177
19682,177
19683,177
19684,177
19685,177
19686,177
19687,177
19688,177
19689,177
19690,177
19691,177
19692,177
19693,177
19694,177
19695,177
19696,177
19697,177
19698,177
19699,177
19700,177
19701,177
19702,177
19703,177
19704,177
19705,177
19706,177
19707,178
19708,178
19709,178
19710,178
19711,178
19712,178
19713,178
19714,178
19715,178
19716,178
19717,178
19718,178
19719,178
19720,178
19721,178
19722,178
19723,178
19724,178
19725,178
19726,178
19727,178
19728,178
19729,178
19730,178
19731,178
19732,178
19733,178
19734,178
19735,178
19736,178
19737,178
19738,178
19739,178
19740,178
19741,178
19742,178
19743,178
19744,178
19745,178
19746,178
19747,178
19748,178
19749,178
19750,178
19751,178
19752,178
19753,178
19754,178
19755,178
19756,178
19757,178
19758,178
19759,178
19760,178
19761,178
19762,178
19763,178
19764,178
19765,178
19766,178
19767,178
19768,178
19769,178
19770,178
19771,178
19772,178
19773,178
19774,178
19775,178
19776,178
19777,178
19778,178
19779,178
19780,178
19781,178
19782,178
19783,178
19784,178
19785,178
19786,178
19787,178
19788,178
19789,178
19790,178
19791,178
19792,178
19793,178
19794,178
19795,178
19796,178
19797,178
19798,178
19799,178
19800,178
19801,178
19802,178
19803,178
19804,178
19805,178
19806,178
19807,178
19808,178
19809,178
19810,178
19811,178
19812,178
19813,178
19814,178
19815,178
19816,178
19817,178
19818,178
19819,178
19820,178
19821,178
19822,178
19823,178
19824,178
19825,178
19826,178
19827,178
19828,178
19829,178
19830,178
19831,178
19832,178
19833,178
19834,178
19835,178
19836,178
19837,178
19838,178
19839,178
19840,178
19841,178
19842,178
19843,178
19844,178
19845,178
19846,178
19847,178
19848,178
19849,178
19850,178
19851,178
19852,178
19853,178
19854,178
19855,178
19856,178
19857,178
19858,178
19859,178
19860,178
19861,178
19862,178
19863,178
19864,178
19865,178
19866,178
19867,178
19868,178
19869,178
19870,178
19871,178
19872,178
19873,178
19874,178
19875,178
19876,178
19877,178
19878,178
19879,178
19880,178
19881,178
19882,178
19883,178
19884,178
19885,178
19886,178
19887,178
19888,178
19889,178
19890,178
19891,178
19892,178
19893,178
19894,178
19895,179
19896,179
19897,179
19898,179
19899,179
19900,179
19901,179
19902,179
19903,179
19904,179
19905,179
19906,179
19907,179
19908,179
19909,179
19910,179
19911,179
19912,179
19913,179
19914,179
19915,179
19916,179
19917,179
19918,179
19919,179
19920,179
19921,179
19922,179
19923,179
19924,179
19925,179
19926,179
19927,179
19928,179
19929,179
19930,179
19931,179
19932,179
19933,179
19934,179
19935,179
19936,179
19937,179
19938,179
19939,179
19940,179
19941,179
19942,179
19943,179
19944,179
19945,179
19946,179
19947,179
19948,179
19949,179
19950,179
19951,179
19952,179
19953,179
19954,179
19955,179
19956,179
19957,179
19958,179
19959,179
19960,179
19961,179
19962,179
19963,179
19964,179
19965,179
19966,179
19967,179
19968,179
19969,179
19970,179
19971,179
19972,179
19973,179
19974,179
19975,179
19976,179
19977,179
19978,179
19979,179
19980,179
19981,179
19982,179
19983,179
19984,179
19985,179
19986,179
19987,179
19988,179
19989,179
19990,179
19991,179
19992,179
19993,179
19994,179
19995,179
19996,179
19997,179
19998,179
19999,179
20000,179
20001,179
20002,179
20003,179
20004,179
20005,179
20006,179
20007,179
20008,179
20009,179
20010,179
20011,179
20012,179
20013,179
20014,179
20015,179
20016,179
20017,179
20018,179
20019,179
20020,179
20021,179
20022,179
20023,179
20024,179
20025,179
20026,179
20027,179
20028,179
20029,179
20030,179
20031,179
20032,179
20033,179
20034,179
20035,179
20036,179
20037,179
20038,179
20039,179
20040,179
20041,179
20042,179
20043,179
20044,179
20045,179
20046,179
20047,179
20048,179
20049,179
20050,179
20051,179
20052,179
20053,179
20054,179
20055,179
20056,179
20057,179
20058,179
20059,179
20060,179
20061,179
20062,179
20063,179
20064,179
20065,179
20066,179
20067,179
20068,179
20069,179
20070,179
20071,179
20072,179
20073,179
20074,179
20075,179
20076,179
20077,179
20078,179
20079,179
20080,179
20081,179
20082,180
20083,180
20084,180
20085,180
20086,180
20087,180
20088,180
20089,180
20090,180
20091,180
20092,180
20093,180
20094,180
20095,180
20096,180
20097,180
20098,180
20099,180
20100,180
20101,180
20102,180
20103,180
20104,180
20105,180
20106,180
20107,180
20108,180
20109,180
20110,180
20111,180
20112,180
20113,180
20114,180
20115,180
20116,180
20117,180
20118,180
20119,180
20120,180
20121,180
20122,180
20123,180
20124,180
20125,180
20126,180
20127,180
20128,180
20129,180
20130,180
20131,180
20132,180
20133,180
20134,180
20135,180
20136,180
20137,180
20138,180
20139,180
20140,180
20141,180
20142,180
20143,180
20144,180
20145,180
20146,180
20147,180
20148,180
20149,180
20150,180
20151,180
20152,180
20153,180
20154,180
20155,180
20156,180
20157,180
20158,180
20159,180
20160,180
20161,180
20162,180
20163,180
20164,180
20165,180
20166,180
20167,180
20168,180
20169,180
20170,180
20171,180
20172,180
20173,180
20174,180
20175,180
20176,180
20177,180
20178,180
20179,180
20180,180
20181,180
20182,180
20183,180
20184,180
20185,180
20186,180
20187,180
20188,180
20189,180
20190,180
20191,180
20192,180
20193,180
20194,180
20195,180
20196,180
20197,180
20198,180
20199,180
20200,180
20201,180
20202,180
20203,180
20204,180
20205,180
20206,180
20207,180
20208,180
20209,180
20210,180
20211,180
20212,180
20213,180
20214,180
20215,180
20216,180
20217,180
20218,180
20219,180
20220,180
20221,180
20222,180
20223,180
20224,180
20225,180
20226,180
20227,180
20228,180
20229,180
20230,180
20231,180
20232,180
20233,180
20234,180
20235,180
20236,180
20237,180
20238,180
20239,180
20240,180
20241,180
20242,180
20243,180
20244,180
20245,180
20246,180
20247,180
20248,180
20249,180
20250,180
20251,180
20252,180
20253,180
20254,180
20255,180
20256,180
20257,180
20258,180
20259,180
20260,180
20261,180
20262,180
20263,180
20264,180
20265,180
20266,180
20267,180
20268,180
20269,180
20270,180
20271,180
20272,180
20273,180
20274,181
20275,181
20276,181
20277,181
20278,181
20279,181
20280,181
20281,181
20282,181
20283,181
20284,181
20285,181
20286,181
20287,181
20288,181
20289,181
20290,181
20291,181
20292,181
20293,181
20294,181
20295,181
20296,181
20297,181
20298,181
20299,181
20300,181
20301,181
20302,181
20303,181
20304,181
20305,181
20306,181
20307,181
20308,181
20309,181
20310,181
20311,181
20312,181
20313,181
20314,181
20315,181
20316,181
20317,181
20318,181
20319,181
20320,181
20321,181
20322,181
20323,181
20324,181
20325,181
20326,181
20327,181
20328,181
20329,181
20330,181
20331,181
20332,181
20333,181
20334,181
20335,181
20336,181
20337,181
20338,181
20339,181
20340,181
20341,181
20342,181
20343,181
20344,181
20345,181
20346,181
20347,181
20348,181
20349,181
20350,181
20351,181
20352,181
20353,181
20354,181
20355,181
20356,181
20357,181
20358,181
20359,181
20360,181
20361,181
20362,181
20363,181
20364,181
20365,181
20366,181
20367,181
20368,181
20369,181
20370,181
20371,181
20372,181
20373,181
20374,181
20375,181
20376,181
20377,181
20378,181
20379,181
20380,181
20381,181
20382,181
20383,181
20384,181
20385,181
20386,181
20387,181
20388,181
20389,181
20390,181
20391,181
20392,181
20393,181
20394,181
20395,181
20396,181
20397,181
20398,181
20399,181
20400,181
20401,181
20402,181
20403,181
20404,181
20405,181
20406,181
20407,181
20408,181
20409,181
20410,181
20411,181
20412,181
20413,181
20414,181
20415,181
20416,181
20417,181
20418,181
20419,181
20420,181
20421,182
20422,182
20423,182
20424,182
20425,182
20426,182
20427,182
20428,182
20429,182
20430,182
20431,182
20432,182
20433,182
20434,182
20435,182
20436,182
20437,182
20438,182
20439,182
20440,182
20441,182
20442,182
20443,182
20444,182
20445,182
20446,182
20447,182
20448,182
20449,182
20450,182
20451,182
20452,182
20453,182
20454,182
20455,182
20456,182
20457,182
20458,182
20459,182
20460,182
20461,182
20462,182
20463,182
20464,182
20465,182
20466,182
20467,182
20468,182
20469,182
20470,182
20471,182
20472,182
20473,182
20474,182
20475,182
20476,182
20477,182
20478,182
20479,182
20480,182
20481,182
20482,182
20483,182
20484,182
20485,182
20486,182
20487,182
20488,182
20489,182
20490,182
20491,182
20492,182
20493,182
20494,182
20495,182
20496,182
20497,182
20498,182
20499,182
20500,182
20501,182
20502,182
20503,182
20504,182
20505,182
20506,182
20507,182
20508,182
20509,182
20510,182
20511,182
20512,182
20513,182
20514,182
20515,182
20516,182
20517,182
20518,182
20519,182
20520,182
20521,182
20522,182
20523,182
20524,182
20525,182
20526,182
20527,182
20528,182
20529,182
20530,182
20531,182
20532,182
20533,182
20534,182
20535,182
20536,182
20537,182
20538,182
20539,182
20540,182
20541,182
20542,182
20543,182
20544,182
20545,182
20546,182
20547,182
20548,182
20549,182
20550,182
20551,182
20552,182
20553,182
20554,182
20555,182
20556,182
20557,182
20558,182
20559,182
20560,182
20561,182
20562,182
20563,182
20564,182
20565,182
20566,182
20567,182
20568,182
20569,182
20570,182
20571,182
20572,182
20573,182
20574,182
20575,182
20576,182
20577,182
20578,182
20579,182
20580,182
20581,182
20582,182
20583,182
20584,182
20585,182
20586,182
20587,182
20588,182
20589,182
20590,182
20591,182
20592,182
20593,182
20594,182
20595,182
20596,182
20597,182
20598,182
20599,182
20600,182
20601,182
20602,182
20603,182
20604,182
20605,182
20606,182
20607,182
20608,182
20609,182
20610,182
20611,182
20612,182
20613,182
20614,182
20615,182
20616,182
20617,182
20618,182
20619,182
20620,182
20621,182
20622,182
20623,182
20624,183
20625,183
20626,183
20627,183
20628,183
20629,183
20630,183
20631,183
20632,183
20633,183
20634,183
20635,183
20636,183
20637,183
20638,183
20639,183
20640,183
20641,183
20642,183
20643,183
20644,183
20645,183
20646,183
20647,183
20648,183
20649,183
20650,183
20651,183
20652,183
20653,183
20654,183
20655,183
20656,183
20657,183
20658,183
20659,183
20660,183
20661,183
20662,183
20663,183
20664,183
20665,183
20666,183
20667,183
20668,183
20669,183
20670,183
20671,183
20672,183
20673,183
20674,183
20675,183
20676,183
20677,183
20678,183
20679,183
20680,183
20681,183
20682,183
20683,183
20684,183
20685,183
20686,183
20687,183
20688,183
20689,183
20690,183
20691,183
20692,183
20693,183
20694,183
20695,183
20696,183
20697,183
20698,183
20699,183
20700,183
20701,183
20702,183
20703,183
20704,183
20705,183
20706,183
20707,183
20708,183
20709,183
20710,183
20711,183
20712,183
20713,183
20714,183
20715,183
20716,183
20717,183
20718,183
20719,183
20720,183
20721,183
20722,183
20723,183
20724,183
20725,183
20726,183
20727,183
20728,183
20729,183
20730,183
20731,183
20732,183
20733,183
20734,183
20735,183
20736,183
20737,183
20738,183
20739,183
20740,183
20741,183
20742,183
20743,183
20744,183
20745,183
20746,183
20747,183
20748,183
20749,183
20750,183
20751,183
20752,183
20753,183
20754,183
20755,183
20756,183
20757,183
20758,183
20759,183
20760,183
20761,183
20762,183
20763,183
20764,183
20765,183
20766,183
20767,183
20768,183
20769,183
20770,183
20771,183
20772,183
20773,183
20774,183
20775,183
20776,183
20777,183
20778,183
20779,183
20780,183
20781,183
20782,183
20783,183
20784,183
20785,183
20786,183
20787,183
20788,183
20789,183
20790,183
20791,183
20792,183
20793,183
20794,183
20795,183
20796,183
20797,183
20798,183
20799,183
20800,183
20801,183
20802,183
20803,183
20804,183
20805,183
20806,184
20807,184
20808,184
20809,184
20810,184
20811,184
20812,184
20813,184
20814,184
20815,184
20816,184
20817,184
20818,184
20819,184
20820,184
20821,184
20822,184
20823,184
20824,184
20825,184
20826,184
20827,184
20828,184
20829,184
20830,184
20831,184
20832,184
20833,184
20834,184
20835,184
20836,184
20837,184
20838,184
20839,184
20840,184
20841,184
20842,184
20843,184
20844,184
20845,184
20846,184
20847,184
20848,184
20849,184
20850,184
20851,184
20852,184
20853,184
20854,184
20855,184
20856,184
20857,184
20858,184
20859,184
20860,184
20861,184
20862,184
20863,184
20864,184
20865,184
20866,184
20867,184
20868,184
20869,184
20870,184
20871,184
20872,184
20873,184
20874,184
20875,184
20876,184
20877,184
20878,184
20879,184
20880,184
20881,184
20882,184
20883,184
20884,184
20885,184
20886,184
20887,184
20888,184
20889,184
20890,184
20891,184
20892,184
20893,184
20894,184
20895,184
20896,184
20897,184
20898,184
20899,184
20900,184
20901,184
20902,184
20903,184
20904,184
20905,184
20906,184
20907,184
20908,184
20909,184
20910,184
20911,184
20912,184
20913,184
20914,184
20915,184
20916,184
20917,184
20918,184
20919,184
20920,184
20921,184
20922,184
20923,184
20924,184
20925,184
20926,184
20927,184
20928,184
20929,184
20930,184
20931,184
20932,184
20933,184
20934,184
20935,184
20936,184
20937,184
20938,184
20939,184
20940,184
20941,184
20942,184
20943,184
20944,184
20945,184
20946,184
20947,184
20948,184
20949,184
20950,184
20951,184
20952,184
20953,184
20954,184
20955,184
20956,184
20957,184
20958,184
20959,184
20960,184
20961,184
20962,184
20963,184
20964,184
20965,184
20966,184
20967,184
20968,184
20969,184
20970,184
20971,184
20972,184
20973,184
20974,184
20975,184
20976,184
20977,184
20978,184
20979,184
20980,184
20981,184
20982,184
20983,184
20984,184
20985,184
20986,184
20987,184
20988,184
20989,184
20990,184
20991,184
20992,184
20993,184
20994,184
20995,184
20996,184
20997,184
20998,185
20999,185
21000,185
21001,185
21002,185
21003,185
21004,185
21005,185
21006,185
21007,185
21008,185
21009,185
21010,185
21011,185
21012,185
21013,185
21014,185
21015,185
21016,185
21017,185
21018,185
21019,185
21020,185
21021,185
21022,185
21023,185
21024,185
21025,185
21026,185
21027,185
21028,185
21029,185
21030,185
21031,185
21032,185
21033,185
21034,185
21035,185
21036,185
21037,185
21038,185
21039,185
21040,185
21041,185
21042,185
21043,185
21044,185
21045,185
21046,185
21047,185
21048,185
21049,185
21050,185
21051,185
21052,185
21053,185
21054,185
21055,185
21056,185
21057,185
21058,185
21059,185
21060,185
21061,185
21062,185
21063,185
21064,185
21065,185
21066,185
21067,185
21068,185
21069,185
21070,185
21071,185
21072,185
21073,185
21074,185
21075,185
21076,185
21077,185
21078,185
21079,185
21080,185
21081,185
21082,185
21083,185
21084,185
21085,185
21086,185
21087,185
21088,185
21089,185
21090,185
21091,185
21092,185
21093,185
21094,185
21095,185
21096,185
21097,185
21098,185
21099,185
21100,185
21101,185
21102,185
21103,185
21104,185
21105,185
21106,185
21107,185
21108,185
21109,185
21110,185
21111,185
21112,185
21113,185
21114,185
21115,185
21116,185
21117,185
21118,185
21119,185
21120,185
21121,185
21122,185
21123,185
21124,185
21125,185
21126,185
21127,185
21128,185
21129,185
21130,185
21131,185
21132,185
21133,185
21134,185
21135,185
21136,185
21137,185
21138,185
21139,185
21140,185
21141,185
21142,185
21143,185
21144,185
21145,185
21146,185
21147,185
21148,185
21149,185
21150,185
21151,185
21152,185
21153,185
21154,185
21155,185
21156,185
21157,185
21158,185
21159,185
21160,185
21161,185
21162,185
21163,185
21164,185
21165,185
21166,185
21167,185
21168,185
21169,185
21170,185
21171,185
21172,185
21173,185
21174,185
21175,185
21176,185
21177,185
21178,185
21179,185
21180,185
21181,185
21182,185
21183,185
21184,185
21185,185
21186,185
21187,185
21188,185
21189,185
21190,185
21191,185
21192,185
21193,185
21194,185
21195,185
21196,185
21197,185
21198,185
21199,185
21200,185
21201,185
21202,185
21203,185
21204,185
21205,185
21206,185
21207,185
21208,185
21209,185
21210,185
21211,185
21212,185
21213,185
21214,185
21215,185
21216,185
21217,185
21218,185
21219,185
21220,185
21221,185
21222,185
21223,185
21224,185
21225,185
21226,185
21227,185
21228,185
21229,185
21230,185
21231,185
21232,185
21233,185
21234,185
21235,185
21236,185
21237,185
21238,185
21239,185
21240,185
21241,185
21242,185
21243,185
21244,185
21245,185
21246,185
21247,185
21248,185
21249,185
21250,185
21251,185
21252,185
21253,185
21254,185
21255,185
21256,185
21257,185
21258,185
21259,185
21260,185
21261,185
21262,185
21263,185
21264,185
21265,185
21266,185
21267,185
21268,185
21269,185
21270,185
21271,185
21272,185
21273,185
21274,185
21275,185
21276,185
21277,185
21278,185
21279,185
21280,185
21281,185
21282,185
21283,185
21284,185
21285,185
21286,185
21287,185
21288,185
21289,185
21290,185
21291,185
21292,185
21293,185
21294,185
21295,185
21296,185
21297,185
21298,185
21299,185
21300,185
21301,185
21302,185
21303,185
21304,185
21305,185
21306,185
21307,185
21308,185
21309,185
21310,185
21311,185
21312,185
21313,185
21314,185
21315,185
21316,185
21317,185
21318,185
21319,185
21320,185
21321,185
21322,185
21323,185
21324,185
21325,185
21326,185
21327,185
21328,185
21329,185
21330,185
21331,185
21332,185
21333,185
21334,185
21335,185
21336,185
21337,185
21338,185
21339,185
21340,185
21341,185
21342,185
21343,185
21344,185
21345,185
21346,185
21347,185
21348,185
21349,185
21350,185
21351,185
21352,185
21353,185
21354,185
21355,185
21356,185
21357,185
21358,185
21359,185
21360,185
21361,185
21362,185
21363,185
21364,185
21365,185
21366,185
21367,185
21368,185
21369,185
21370,185
21371,185
21372,185
21373,185
21374,185
21375,185
21376,185
21377,185
21378,185
21379,185
21380,185
21381,185
21382,185
21383,185
21384,185
21385,185
21386,185
21387,186
21388,186
21389,186
21390,186
21391,186
21392,186
21393,186
21394,186
21395,186
21396,186
21397,186
21398,186
21399,186
21400,186
21401,186
21402,186
21403,187
21404,187
21405,187
21406,187
21407,187
21408,187
21409,187
21410,187
21411,187
21412,187
21413,187
21414,187
21415,187
21416,187
21417,187
21418,187
21419,187
21420,187
21421,187
21422,187
21423,187
21424,187
21425,187
21426,187
21427,187
21428,187
21429,187
21430,187
21431,187
21432,187
21433,187
21434,187
21435,187
21436,187
21437,187
21438,187
21439,187
21440,187
21441,187
21442,187
21443,187
21444,187
21445,187
21446,187
21447,187
21448,187
21449,187
21450,187
21451,187
21452,187
21453,187
21454,187
21455,187
21456,187
21457,187
21458,187
21459,187
21460,187
21461,187
21462,187
21463,187
21464,187
21465,187
21466,187
21467,187
21468,187
21469,187
21470,187
21471,187
21472,187
21473,187
21474,187
21475,187
21476,187
21477,187
21478,187
21479,187
21480,187
21481,187
21482,187
21483,187
21484,187
21485,187
21486,187
21487,187
21488,187
21489,187
21490,187
21491,187
21492,187
21493,187
21494,187
21495,187
21496,187
21497,187
21498,187
21499,187
21500,187
21501,187
21502,187
21503,187
21504,187
21505,187
21506,187
21507,187
21508,187
21509,187
21510,187
21511,187
21512,187
21513,187
21514,187
21515,187
21516,187
21517,187
21518,187
21519,187
21520,187
21521,187
21522,187
21523,187
21524,187
21525,187
21526,187
21527,187
21528,187
21529,187
21530,187
21531,187
21532,187
21533,187
21534,187
21535,187
21536,187
21537,187
21538,187
21539,187
21540,187
21541,187
21542,187
21543,187
21544,187
21545,187
21546,187
21547,187
21548,187
21549,187
21550,187
21551,187
21552,187
21553,187
21554,187
21555,187
21556,187
21557,187
21558,187
21559,187
21560,187
21561,187
21562,187
21563,187
21564,187
21565,187
21566,187
21567,187
21568,187
21569,187
21570,187
21571,187
21572,187
21573,187
21574,187
21575,187
21576,187
21577,187
21578,187
21579,187
21580,187
21581,187
21582,187
21583,187
21584,187
21585,187
21586,187
21587,187
21588,187
21589,187
21590,187
21591,187
21592,187
21593,187
21594,187
21595,187
21596,187
21597,187
21598,187
21599,188
21600,188
21601,188
21602,188
21603,188
21604,188
21605,188
21606,188
21607,188
21608,188
21609,188
21610,188
21611,188
21612,188
21613,188
21614,188
21615,188
21616,188
21617,188
21618,188
21619,188
21620,188
21621,188
21622,188
21623,188
21624,188
21625,188
21626,188
21627,188
21628,188
21629,188
21630,188
21631,188
21632,188
21633,188
21634,188
21635,188
21636,188
21637,188
21638,188
21639,188
21640,188
21641,188
21642,188
21643,188
21644,188
21645,188
21646,188
21647,188
21648,188
21649,188
21650,188
21651,188
21652,188
21653,188
21654,188
21655,188
21656,188
21657,188
21658,188
21659,188
21660,188
21661,188
21662,188
21663,188
21664,188
21665,188
21666,188
21667,188
21668,188
21669,188
21670,188
21671,188
21672,188
21673,188
21674,188
21675,188
21676,188
21677,188
21678,188
21679,188
21680,188
21681,188
21682,188
21683,188
21684,188
21685,188
21686,188
21687,188
21688,188
21689,188
21690,188
21691,188
21692,188
21693,188
21694,188
21695,188
21696,188
21697,188
21698,188
21699,188
21700,188
21701,188
21702,188
21703,188
21704,188
21705,188
21706,188
21707,188
21708,188
21709,188
21710,188
21711,188
21712,188
21713,188
21714,188
21715,188
21716,188
21717,188
21718,188
21719,188
21720,188
21721,188
21722,188
21723,188
21724,188
21725,188
21726,188
21727,188
21728,188
21729,188
21730,188
21731,188
21732,188
21733,188
21734,188
21735,188
21736,188
21737,188
21738,188
21739,188
21740,188
21741,188
21742,188
21743,188
21744,188
21745,188
21746,188
21747,188
21748,188
21749,188
21750,188
21751,188
21752,188
21753,188
21754,188
21755,188
21756,188
21757,188
21758,188
21759,188
21760,188
21761,188
21762,188
21763,188
21764,188
21765,188
21766,188
21767,188
21768,188
21769,188
21770,188
21771,188
21772,188
21773,188
21774,188
21775,188
21776,188
21777,188
21778,188
21779,188
21780,188
21781,188
21782,188
21783,188
21784,188
21785,188
21786,188
21787,188
21788,188
21789,188
21790,188
21791,188
21792,188
21793,188
21794,189
21795,189
21796,189
21797,189
21798,189
21799,189
21800,189
21801,189
21802,189
21803,189
21804,189
21805,189
21806,189
21807,189
21808,189
21809,189
21810,189
21811,189
21812,189
21813,189
21814,189
21815,189
21816,189
21817,189
21818,189
21819,189
21820,189
21821,189
21822,189
21823,189
21824,189
21825,189
21826,189
21827,189
21828,189
21829,189
21830,189
21831,189
21832,189
21833,189
21834,189
21835,189
21836,189
21837,189
21838,189
21839,189
21840,189
21841,189
21842,189
21843,189
21844,189
21845,189
21846,189
21847,189
21848,189
21849,189
21850,189
21851,189
21852,189
21853,189
21854,189
21855,189
21856,189
21857,189
21858,189
21859,189
21860,189
21861,189
21862,189
21863,189
21864,189
21865,189
21866,189
21867,189
21868,189
21869,189
21870,189
21871,189
21872,189
21873,189
21874,189
21875,189
21876,189
21877,189
21878,189
21879,189
21880,189
21881,189
21882,189
21883,189
21884,189
21885,189
21886,189
21887,189
21888,189
21889,189
21890,189
21891,189
21892,189
21893,189
21894,189
21895,189
21896,189
21897,189
21898,189
21899,189
21900,189
21901,189
21902,189
21903,189
21904,189
21905,189
21906,189
21907,189
21908,189
21909,189
21910,189
21911,189
21912,189
21913,189
21914,189
21915,189
21916,189
21917,189
21918,189
21919,189
21920,189
21921,189
21922,189
21923,189
21924,189
21925,189
21926,189
21927,189
21928,189
21929,189
21930,189
21931,189
21932,189
21933,189
21934,189
21935,189
21936,189
21937,189
21938,189
21939,189
21940,189
21941,189
21942,189
21943,189
21944,189
21945,189
21946,189
21947,189
21948,189
21949,189
21950,189
21951,189
21952,189
21953,190
21954,190
21955,191
21956,191
21957,192
21958,192
21959,192
21960,192
21961,192
21962,192
21963,192
21964,192
21965,192
21966,192
21967,192
21968,192
21969,192
21970,192
21971,192
21972,192
21973,192
21974,192
21975,192
21976,192
21977,192
21978,192
21979,192
21980,192
21981,192
21982,192
21983,192
21984,192
21985,192
21986,192
21987,192
21988,192
21989,192
21990,192
21991,192
21992,192
21993,192
21994,192
21995,192
21996,192
21997,192
21998,192
21999,192
22000,192
22001,192
22002,192
22003,192
22004,192
22005,192
22006,192
22007,192
22008,192
22009,192
22010,192
22011,192
22012,192
22013,192
22014,192
22015,192
22016,192
22017,192
22018,192
22019,192
22020,192
22021,192
22022,192
22023,192
22024,192
22025,192
22026,192
22027,192
22028,192
22029,192
22030,192
22031,192
22032,192
22033,192
22034,192
22035,192
22036,192
22037,192
22038,192
22039,192
22040,192
22041,192
22042,192
22043,192
22044,192
22045,192
22046,192
22047,192
22048,192
22049,192
22050,192
22051,192
22052,192
22053,192
22054,192
22055,192
22056,192
22057,192
22058,192
22059,192
22060,192
22061,192
22062,192
22063,192
22064,192
22065,192
22066,192
22067,192
22068,192
22069,192
22070,192
22071,192
22072,192
22073,192
22074,192
22075,192
22076,192
22077,192
22078,192
22079,192
22080,192
22081,192
22082,192
22083,192
22084,192
22085,192
22086,192
22087,192
22088,192
22089,192
22090,192
22091,192
22092,192
22093,192
22094,192
22095,192
22096,192
22097,192
22098,192
22099,192
22100,192
22101,192
22102,192
22103,192
22104,192
22105,192
22106,192
22107,192
22108,192
22109,192
22110,192
22111,192
22112,192
22113,192
22114,192
22115,192
22116,192
22117,192
22118,193
22119,193
22120,193
22121,193
22122,193
22123,193
22124,193
22125,193
22126,193
22127,193
22128,193
22129,193
22130,193
22131,193
22132,193
22133,193
22134,193
22135,193
22136,193
22137,193
22138,193
22139,193
22140,193
22141,193
22142,193
22143,193
22144,193
22145,193
22146,193
22147,193
22148,193
22149,193
22150,193
22151,193
22152,193
22153,193
22154,193
22155,193
22156,193
22157,193
22158,193
22159,193
22160,193
22161,193
22162,193
22163,193
22164,193
22165,193
22166,193
22167,193
22168,193
22169,193
22170,193
22171,193
22172,193
22173,193
22174,193
22175,193
22176,193
22177,193
22178,193
22179,193
22180,193
22181,193
22182,193
22183,193
22184,193
22185,193
22186,193
22187,193
22188,193
22189,193
22190,193
22191,193
22192,193
22193,193
22194,193
22195,193
22196,193
22197,193
22198,193
22199,193
22200,193
22201,193
22202,193
22203,193
22204,193
22205,193
22206,193
22207,193
22208,193
22209,193
22210,193
22211,193
22212,193
22213,193
22214,193
22215,193
22216,193
22217,193
22218,193
22219,193
22220,193
22221,193
22222,193
22223,193
22224,193
22225,193
22226,193
22227,193
22228,193
22229,193
22230,193
22231,193
22232,193
22233,193
22234,193
22235,193
22236,193
22237,193
22238,193
22239,193
22240,193
22241,193
22242,193
22243,193
22244,193
22245,193
22246,193
22247,193
22248,193
22249,193
22250,193
22251,193
22252,193
22253,193
22254,193
22255,193
22256,193
22257,193
22258,193
22259,193
22260,193
22261,193
22262,193
22263,193
22264,193
22265,193
22266,193
22267,193
22268,193
22269,193
22270,193
22271,193
22272,193
22273,193
22274,193
22275,193
22276,193
22277,193
22278,193
22279,193
22280,193
22281,193
22282,193
22283,193
22284,193
22285,193
22286,193
22287,193
22288,193
22289,193
22290,193
22291,193
22292,193
22293,193
22294,193
22295,193
22296,193
22297,193
22298,193
22299,193
22300,193
22301,193
22302,193
22303,193
22304,193
22305,193
22306,193
22307,193
22308,193
22309,193
22310,194
22311,194
22312,194
22313,194
22314,194
22315,194
22316,194
22317,194
22318,194
22319,194
22320,194
22321,194
22322,194
22323,194
22324,194
22325,194
22326,194
22327,194
22328,194
22329,194
22330,194
22331,194
22332,194
22333,194
22334,194
22335,194
22336,194
22337,194
22338,194
22339,194
22340,194
22341,194
22342,194
22343,194
22344,194
22345,194
22346,194
22347,194
22348,194
22349,194
22350,194
22351,194
22352,194
22353,194
22354,194
22355,194
22356,194
22357,194
22358,194
22359,194
22360,194
22361,194
22362,194
22363,194
22364,194
22365,194
22366,194
22367,194
22368,194
22369,194
22370,194
22371,194
22372,194
22373,194
22374,194
22375,194
22376,194
22377,194
22378,194
22379,194
22380,194
22381,194
22382,194
22383,194
22384,194
22385,194
22386,194
22387,194
22388,194
22389,194
22390,194
22391,194
22392,194
22393,194
22394,194
22395,194
22396,194
22397,194
22398,194
22399,194
22400,194
22401,194
22402,194
22403,194
22404,194
22405,194
22406,194
22407,194
22408,194
22409,194
22410,194
22411,194
22412,194
22413,194
22414,194
22415,194
22416,194
22417,194
22418,194
22419,194
22420,194
22421,194
22422,194
22423,194
22424,194
22425,194
22426,194
22427,194
22428,194
22429,194
22430,194
22431,194
22432,194
22433,194
22434,194
22435,194
22436,194
22437,194
22438,194
22439,194
22440,194
22441,194
22442,194
22443,194
22444,194
22445,194
22446,194
22447,194
22448,194
22449,194
22450,194
22451,194
22452,194
22453,194
22454,194
22455,194
22456,194
22457,194
22458,194
22459,194
22460,194
22461,194
22462,194
22463,194
22464,194
22465,194
22466,194
22467,194
22468,194
22469,194
22470,194
22471,194
22472,194
22473,194
22474,194
22475,194
22476,194
22477,194
22478,194
22479,194
22480,194
22481,194
22482,194
22483,194
22484,194
22485,194
22486,194
22487,194
22488,194
22489,194
22490,194
22491,194
22492,194
22493,194
22494,194
22495,194
22496,194
22497,194
22498,194
22499,194
22500,194
22501,194
22502,194
22503,194
22504,194
22505,194
22506,194
22507,194
22508,195
22509,195
22510,195
22511,195
22512,195
22513,195
22514,195
22515,195
22516,195
22517,195
22518,195
22519,195
22520,195
22521,195
22522,195
22523,195
22524,195
22525,195
22526,195
22527,195
22528,195
22529,195
22530,195
22531,195
22532,195
22533,195
22534,195
22535,195
22536,195
22537,195
22538,195
22539,195
22540,195
22541,195
22542,195
22543,195
22544,195
22545,195
22546,195
22547,195
22548,195
22549,195
22550,195
22551,195
22552,195
22553,195
22554,195
22555,195
22556,195
22557,195
22558,195
22559,195
22560,195
22561,195
22562,195
22563,195
22564,195
22565,195
22566,195
22567,195
22568,195
22569,195
22570,195
22571,195
22572,195
22573,195
22574,195
22575,195
22576,195
22577,195
22578,195
22579,195
22580,195
22581,195
22582,195
22583,195
22584,195
22585,195
22586,195
22587,195
22588,195
22589,195
22590,195
22591,195
22592,195
22593,195
22594,195
22595,195
22596,195
22597,195
22598,195
22599,195
22600,195
22601,195
22602,195
22603,195
22604,195
22605,195
22606,195
22607,195
22608,195
22609,195
22610,195
22611,195
22612,195
22613,195
22614,195
22615,195
22616,195
22617,195
22618,195
22619,195
22620,195
22621,195
22622,195
22623,195
22624,195
22625,195
22626,195
22627,195
22628,195
22629,195
22630,195
22631,195
22632,195
22633,195
22634,195
22635,195
22636,195
22637,195
22638,195
22639,195
22640,195
22641,195
22642,195
22643,195
22644,195
22645,195
22646,195
22647,195
22648,195
22649,195
22650,195
22651,195
22652,195
22653,195
22654,195
22655,195
22656,195
22657,195
22658,195
22659,195
22660,195
22661,195
22662,195
22663,195
22664,195
22665,195
22666,195
22667,195
22668,195
22669,195
22670,195
22671,195
22672,195
22673,195
22674,195
22675,195
22676,195
22677,195
22678,195
22679,195
22680,195
22681,195
22682,195
22683,195
22684,195
22685,195
22686,195
22687,195
22688,195
22689,195
22690,195
22691,195
22692,195
22693,196
22694,196
22695,196
22696,196
22697,196
22698,196
22699,196
22700,196
22701,196
22702,196
22703,196
22704,196
22705,196
22706,196
22707,196
22708,196
22709,196
22710,196
22711,196
22712,196
22713,196
22714,196
22715,196
22716,196
22717,196
22718,196
22719,196
22720,196
22721,196
22722,196
22723,196
22724,196
22725,196
22726,196
22727,196
22728,196
22729,196
22730,196
22731,196
22732,196
22733,196
22734,196
22735,196
22736,196
22737,196
22738,196
22739,196
22740,196
22741,196
22742,196
22743,196
22744,196
22745,196
22746,196
22747,196
22748,196
22749,196
22750,196
22751,196
22752,196
22753,196
22754,196
22755,196
22756,196
22757,196
22758,196
22759,196
22760,196
22761,196
22762,196
22763,196
22764,196
22765,196
22766,196
22767,196
22768,196
22769,196
22770,196
22771,196
22772,196
22773,196
22774,196
22775,196
22776,196
22777,196
22778,196
22779,196
22780,196
22781,196
22782,196
22783,196
22784,196
22785,196
22786,196
22787,196
22788,196
22789,196
22790,196
22791,196
22792,196
22793,196
22794,196
22795,196
22796,196
22797,196
22798,196
22799,196
22800,196
22801,196
22802,196
22803,196
22804,196
22805,196
22806,196
22807,196
22808,196
22809,196
22810,196
22811,196
22812,196
22813,196
22814,196
22815,196
22816,196
22817,196
22818,196
22819,196
22820,196
22821,196
22822,196
22823,196
22824,196
22825,196
22826,196
22827,196
22828,196
22829,196
22830,196
22831,196
22832,196
22833,196
22834,196
22835,196
22836,196
22837,196
22838,196
22839,196
22840,196
22841,196
22842,196
22843,196
22844,196
22845,196
22846,196
22847,196
22848,196
22849,196
22850,196
22851,196
22852,196
22853,196
22854,196
22855,196
22856,196
22857,196
22858,196
22859,196
22860,196
22861,196
22862,196
22863,196
22864,196
22865,196
22866,196
22867,196
22868,196
22869,196
22870,196
22871,196
22872,196
22873,196
22874,196
22875,196
22876,196
22877,197
22878,197
22879,197
22880,197
22881,197
22882,197
22883,197
22884,197
22885,197
22886,197
22887,197
22888,197
22889,197
22890,197
22891,197
22892,197
22893,197
22894,197
22895,197
22896,197
22897,197
22898,197
22899,197
22900,197
22901,197
22902,197
22903,197
22904,197
22905,197
22906,197
22907,197
22908,197
22909,197
22910,197
22911,197
22912,197
22913,197
22914,197
22915,197
22916,197
22917,197
22918,197
22919,197
22920,197
22921,197
22922,197
22923,197
22924,197
22925,197
22926,197
22927,197
22928,197
22929,197
22930,197
22931,197
22932,197
22933,197
22934,197
22935,197
22936,197
22937,197
22938,197
22939,197
22940,197
22941,197
22942,197
22943,197
22944,197
22945,197
22946,197
22947,197
22948,197
22949,197
22950,197
22951,197
22952,197
22953,197
22954,197
22955,197
22956,197
22957,197
22958,197
22959,197
22960,197
22961,197
22962,197
22963,197
22964,197
22965,197
22966,197
22967,197
22968,197
22969,197
22970,197
22971,197
22972,197
22973,197
22974,197
22975,197
22976,197
22977,197
22978,197
22979,197
22980,197
22981,197
22982,197
22983,197
22984,197
22985,197
22986,197
22987,197
22988,197
22989,197
22990,197
22991,197
22992,197
22993,197
22994,197
22995,197
22996,197
22997,197
22998,197
22999,197
23000,197
23001,197
23002,197
23003,197
23004,197
23005,197
23006,197
23007,197
23008,197
23009,197
23010,197
23011,197
23012,197
23013,197
23014,197
23015,197
23016,197
23017,197
23018,197
23019,197
23020,197
23021,197
23022,197
23023,197
23024,197
23025,197
23026,197
23027,197
23028,197
23029,197
23030,197
23031,197
23032,197
23033,197
23034,197
23035,197
23036,197
23037,197
23038,197
23039,197
23040,197
23041,197
23042,197
23043,197
23044,197
23045,197
23046,197
23047,197
23048,197
23049,197
23050,197
23051,197
23052,197
23053,197
23054,197
23055,197
23056,198
23057,198
23058,198
23059,198
23060,198
23061,198
23062,198
23063,198
23064,198
23065,198
23066,198
23067,198
23068,198
23069,198
23070,198
23071,198
23072,198
23073,198
23074,198
23075,198
23076,198
23077,198
23078,198
23079,198
23080,198
23081,198
23082,198
23083,198
23084,198
23085,198
23086,198
23087,198
23088,198
23089,198
23090,198
23091,198
23092,198
23093,198
23094,198
23095,198
23096,198
23097,198
23098,198
23099,198
23100,198
23101,198
23102,198
23103,198
23104,198
23105,198
23106,198
23107,198
23108,198
23109,198
23110,198
23111,198
23112,198
23113,198
23114,198
23115,198
23116,198
23117,198
23118,198
23119,198
23120,198
23121,198
23122,198
23123,198
23124,198
23125,198
23126,198
23127,198
23128,198
23129,198
23130,198
23131,198
23132,198
23133,198
23134,198
23135,198
23136,198
23137,198
23138,198
23139,198
23140,198
23141,198
23142,198
23143,198
23144,198
23145,198
23146,198
23147,198
23148,198
23149,198
23150,198
23151,198
23152,198
23153,198
23154,198
23155,198
23156,198
23157,198
23158,198
23159,198
23160,198
23161,198
23162,198
23163,198
23164,198
23165,198
23166,198
23167,198
23168,198
23169,198
23170,198
23171,198
23172,198
23173,198
23174,198
23175,198
23176,198
23177,198
23178,198
23179,198
23180,198
23181,198
23182,198
23183,198
23184,198
23185,198
23186,198
23187,198
23188,198
23189,198
23190,198
23191,198
23192,198
23193,198
23194,198
23195,198
23196,198
23197,198
23198,198
23199,198
23200,198
23201,198
23202,198
23203,198
23204,198
23205,198
23206,198
23207,198
23208,198
23209,198
23210,198
23211,198
23212,198
23213,198
23214,198
23215,198
23216,198
23217,198
23218,198
23219,198
23220,198
23221,198
23222,198
23223,198
23224,198
23225,198
23226,198
23227,198
23228,198
23229,198
23230,199
23231,199
23232,199
23233,199
23234,199
23235,199
23236,199
23237,199
23238,199
23239,199
23240,199
23241,199
23242,199
23243,199
23244,199
23245,199
23246,199
23247,199
23248,199
23249,199
23250,199
23251,199
23252,199
23253,199
23254,199
23255,199
23256,199
23257,199
23258,199
23259,199
23260,199
23261,199
23262,199
23263,199
23264,199
23265,199
23266,199
23267,199
23268,199
23269,199
23270,199
23271,199
23272,199
23273,199
23274,199
23275,199
23276,199
23277,199
23278,199
23279,199
23280,199
23281,199
23282,199
23283,199
23284,199
23285,199
23286,199
23287,199
23288,199
23289,199
23290,199
23291,199
23292,199
23293,199
23294,199
23295,199
23296,199
23297,199
23298,199
23299,199
23300,199
23301,199
23302,199
23303,199
23304,199
23305,199
23306,199
23307,199
23308,199
23309,199
23310,199
23311,199
23312,199
23313,199
23314,199
23315,199
23316,199
23317,199
23318,199
23319,199
23320,199
23321,199
23322,199
23323,199
23324,199
23325,199
23326,199
23327,199
23328,199
23329,199
23330,199
23331,199
23332,199
23333,199
23334,199
23335,199
23336,199
23337,199
23338,199
23339,199
23340,199
23341,199
23342,199
23343,199
23344,199
23345,199
23346,199
23347,199
23348,199
23349,199
23350,199
23351,199
23352,199
23353,199
23354,199
23355,199
23356,199
23357,199
23358,199
23359,199
23360,199
23361,199
23362,199
23363,199
23364,199
23365,199
23366,199
23367,199
23368,199
23369,199
23370,199
23371,199
23372,199
23373,199
23374,199
23375,199
23376,199
23377,199
23378,199
23379,199
23380,199
23381,199
23382,199
23383,199
23384,199
23385,199
23386,199
23387,199
23388,199
23389,199
23390,199
23391,199
23392,199
23393,199
23394,199
23395,199
23396,199
23397,199
23398,199
23399,199
23400,200
23401,200
23402,200
23403,200
23404,200
23405,200
23406,200
23407,200
23408,200
23409,200
23410,200
23411,200
23412,200
23413,200
23414,200
23415,200
23416,200
23417,200
23418,200
23419,200
23420,200
23421,200
23422,200
23423,200
23424,200
23425,200
23426,200
23427,200
23428,200
23429,200
23430,200
23431,200
23432,200
23433,200
23434,200
23435,200
23436,200
23437,200
23438,200
23439,200
23440,200
23441,200
23442,200
23443,200
23444,200
23445,200
23446,200
23447,200
23448,200
23449,200
23450,200
23451,200
23452,200
23453,200
23454,200
23455,200
23456,200
23457,200
23458,200
23459,200
23460,200
23461,200
23462,200
23463,200
23464,200
23465,200
23466,200
23467,200
23468,200
23469,200
23470,200
23471,200
23472,200
23473,200
23474,200
23475,200
23476,200
23477,200
23478,200
23479,200
23480,200
23481,200
23482,200
23483,200
23484,200
23485,200
23486,200
23487,200
23488,200
23489,200
23490,200
23491,200
23492,200
23493,200
23494,200
23495,200
23496,200
23497,200
23498,200
23499,200
23500,200
23501,200
23502,200
23503,200
23504,200
23505,200
23506,200
23507,200
23508,200
23509,200
23510,200
23511,200
23512,200
23513,200
23514,200
23515,200
23516,200
23517,200
23518,200
23519,200
23520,200
23521,200
23522,200
23523,200
23524,200
23525,200
23526,200
23527,200
23528,200
23529,200
23530,200
23531,200
23532,200
23533,200
23534,200
23535,200
23536,200
23537,200
23538,200
23539,200
23540,200
23541,200
23542,200
23543,200
23544,200
23545,200
23546,200
23547,200
23548,200
23549,200
23550,200
23551,200
23552,200
23553,200
23554,200
23555,200
23556,200
23557,200
23558,200
23559,200
23560,200
23561,200
23562,200
23563,200
23564,200
23565,200
23566,200
23567,200
23568,200
23569,200
23570,200
23571,200
23572,200
23573,200
23574,200
23575,200
23576,200
23577,200
23578,200
23579,200
23580,200
23581,200
23582,200
23583,200
23584,200
23585,201
23586,201
23587,201
23588,201
23589,201
23590,201
23591,201
23592,201
23593,201
23594,201
23595,201
23596,201
23597,201
23598,201
23599,201
23600,201
23601,201
23602,201
23603,201
23604,201
23605,201
23606,201
23607,201
23608,201
23609,201
23610,201
23611,201
23612,201
23613,201
23614,201
23615,201
23616,201
23617,201
23618,201
23619,201
23620,201
23621,201
23622,201
23623,201
23624,201
23625,201
23626,201
23627,201
23628,201
23629,201
23630,201
23631,201
23632,201
23633,201
23634,201
23635,201
23636,201
23637,201
23638,201
23639,201
23640,201
23641,201
23642,201
23643,201
23644,201
23645,201
23646,201
23647,201
23648,201
23649,201
23650,201
23651,201
23652,201
23653,201
23654,201
23655,201
23656,201
23657,201
23658,201
23659,201
23660,201
23661,201
23662,201
23663,201
23664,201
23665,201
23666,201
23667,201
23668,201
23669,201
23670,201
23671,201
23672,201
23673,201
23674,201
23675,201
23676,201
23677,201
23678,201
23679,201
23680,201
23681,201
23682,201
23683,201
23684,201
23685,201
23686,201
23687,201
23688,201
23689,201
23690,201
23691,201
23692,201
23693,201
23694,201
23695,201
23696,201
23697,201
23698,201
23699,201
23700,201
23701,201
23702,201
23703,201
23704,201
23705,201
23706,201
23707,201
23708,201
23709,201
23710,201
23711,201
23712,201
23713,201
23714,201
23715,201
23716,201
23717,201
23718,201
23719,201
23720,201
23721,201
23722,201
23723,201
23724,201
23725,201
23726,201
23727,201
23728,201
23729,201
23730,201
23731,201
23732,201
23733,201
23734,201
23735,201
23736,201
23737,201
23738,201
23739,201
23740,201
23741,201
23742,201
23743,201
23744,201
23745,201
23746,201
23747,201
23748,201
23749,201
23750,201
23751,201
23752,201
23753,201
23754,201
23755,201
23756,201
23757,201
23758,201
23759,201
23760,201
23761,201
23762,201
23763,201
23764,201
23765,201
23766,201
23767,201
23768,201
23769,201
23770,201
23771,201
23772,201
23773,201
23774,201
23775,201
23776,201
23777,201
23778,201
23779,201
23780,202
23781,202
23782,202
23783,202
23784,202
23785,202
23786,202
23787,202
23788,202
23789,202
23790,202
23791,202
23792,202
23793,202
23794,202
23795,202
23796,202
23797,202
23798,202
23799,202
23800,202
23801,202
23802,202
23803,202
23804,202
23805,202
23806,202
23807,202
23808,202
23809,202
23810,202
23811,202
23812,202
23813,202
23814,202
23815,202
23816,202
23817,202
23818,202
23819,202
23820,202
23821,202
23822,202
23823,202
23824,202
23825,202
23826,202
23827,202
23828,202
23829,202
23830,202
23831,202
23832,202
23833,202
23834,202
23835,202
23836,202
23837,202
23838,202
23839,202
23840,202
23841,202
23842,202
23843,202
23844,202
23845,202
23846,202
23847,202
23848,202
23849,202
23850,202
23851,202
23852,202
23853,202
23854,202
23855,202
23856,202
23857,202
23858,202
23859,202
23860,202
23861,202
23862,202
23863,202
23864,202
23865,202
23866,202
23867,202
23868,202
23869,202
23870,202
23871,202
23872,202
23873,202
23874,202
23875,202
23876,202
23877,202
23878,202
23879,202
23880,202
23881,202
23882,202
23883,202
23884,202
23885,202
23886,202
23887,202
23888,202
23889,202
23890,202
23891,202
23892,202
23893,202
23894,202
23895,202
23896,202
23897,202
23898,202
23899,202
23900,202
23901,202
23902,202
23903,202
23904,202
23905,202
23906,202
23907,202
23908,202
23909,202
23910,202
23911,202
23912,202
23913,202
23914,202
23915,202
23916,202
23917,202
23918,202
23919,202
23920,202
23921,202
23922,202
23923,202
23924,202
23925,202
23926,202
23927,202
23928,202
23929,202
23930,202
23931,202
23932,202
23933,202
23934,202
23935,202
23936,202
23937,202
23938,202
23939,202
23940,202
23941,202
23942,202
23943,202
23944,202
23945,202
23946,202
23947,202
23948,202
23949,202
23950,202
23951,202
23952,202
23953,202
23954,202
23955,202
23956,202
23957,202
23958,202
23959,203
23960,203
23961,203
23962,203
23963,203
23964,203
23965,203
23966,203
23967,203
23968,203
23969,203
23970,203
23971,203
23972,203
23973,203
23974,203
23975,203
23976,203
23977,203
23978,203
23979,203
23980,203
23981,203
23982,203
23983,203
23984,203
23985,203
23986,203
23987,203
23988,203
23989,203
23990,203
23991,203
23992,203
23993,203
23994,203
23995,203
23996,203
23997,203
23998,203
23999,203
24000,203
24001,203
24002,203
24003,203
24004,203
24005,203
24006,203
24007,203
24008,203
24009,203
24010,203
24011,203
24012,203
24013,203
24014,203
24015,203
24016,203
24017,203
24018,203
24019,203
24020,203
24021,203
24022,203
24023,203
24024,203
24025,203
24026,203
24027,203
24028,203
24029,203
24030,203
24031,203
24032,203
24033,203
24034,203
24035,203
24036,203
24037,203
24038,203
24039,203
24040,203
24041,203
24042,203
24043,203
24044,203
24045,203
24046,203
24047,203
24048,203
24049,203
24050,203
24051,203
24052,203
24053,203
24054,203
24055,203
24056,203
24057,203
24058,203
24059,203
24060,203
24061,203
24062,203
24063,203
24064,203
24065,203
24066,203
24067,203
24068,203
24069,203
24070,203
24071,203
24072,203
24073,203
24074,203
24075,203
24076,203
24077,203
24078,203
24079,203
24080,203
24081,203
24082,203
24083,203
24084,203
24085,203
24086,203
24087,203
24088,203
24089,203
24090,203
24091,203
24092,203
24093,203
24094,203
24095,203
24096,203
24097,203
24098,203
24099,203
24100,203
24101,203
24102,203
24103,203
24104,203
24105,203
24106,203
24107,203
24108,203
24109,203
24110,203
24111,203
24112,203
24113,203
24114,203
24115,203
24116,203
24117,203
24118,203
24119,203
24120,203
24121,203
24122,203
24123,203
24124,203
24125,203
24126,203
24127,203
24128,203
24129,203
24130,203
24131,203
24132,203
24133,203
24134,203
24135,203
24136,203
24137,203
24138,203
24139,203
24140,203
24141,203
24142,203
24143,203
24144,204
24145,204
24146,204
24147,204
24148,204
24149,204
24150,204
24151,204
24152,204
24153,204
24154,204
24155,204
24156,204
24157,204
24158,204
24159,204
24160,204
24161,204
24162,204
24163,204
24164,204
24165,204
24166,204
24167,204
24168,204
24169,204
24170,204
24171,204
24172,204
24173,204
24174,204
24175,204
24176,204
24177,204
24178,204
24179,204
24180,204
24181,204
24182,204
24183,204
24184,204
24185,204
24186,204
24187,204
24188,204
24189,204
24190,204
24191,204
24192,204
24193,204
24194,204
24195,204
24196,204
24197,204
24198,204
24199,204
24200,204
24201,204
24202,204
24203,204
24204,204
24205,204
24206,204
24207,204
24208,204
24209,204
24210,204
24211,204
24212,204
24213,204
24214,204
24215,204
24216,204
24217,204
24218,204
24219,204
24220,204
24221,204
24222,204
24223,204
24224,204
24225,204
24226,204
24227,204
24228,204
24229,204
24230,204
24231,204
24232,204
24233,204
24234,204
24235,204
24236,204
24237,204
24238,204
24239,204
24240,204
24241,204
24242,204
24243,204
24244,204
24245,204
24246,204
24247,204
24248,204
24249,204
24250,204
24251,204
24252,204
24253,204
24254,204
24255,204
24256,204
24257,204
24258,204
24259,204
24260,204
24261,204
24262,204
24263,204
24264,204
24265,204
24266,204
24267,204
24268,204
24269,204
24270,204
24271,204
24272,204
24273,204
24274,204
24275,204
24276,204
24277,204
24278,204
24279,204
24280,204
24281,204
24282,204
24283,204
24284,204
24285,204
24286,204
24287,204
24288,204
24289,204
24290,204
24291,204
24292,204
24293,204
24294,204
24295,204
24296,204
24297,204
24298,204
24299,204
24300,204
24301,204
24302,204
24303,204
24304,204
24305,204
24306,204
24307,204
24308,204
24309,204
24310,204
24311,204
24312,204
24313,204
24314,204
24315,204
24316,204
24317,204
24318,204
24319,204
24320,204
24321,204
24322,204
24323,204
24324,204
24325,204
24326,204
24327,204
24328,204
24329,204
24330,204
24331,204
24332,204
24333,205
24334,205
24335,205
24336,205
24337,205
24338,205
24339,205
24340,205
24341,205
24342,205
24343,205
24344,205
24345,205
24346,205
24347,205
24348,205
24349,205
24350,205
24351,205
24352,205
24353,205
24354,205
24355,205
24356,205
24357,205
24358,205
24359,205
24360,205
24361,205
24362,205
24363,205
24364,205
24365,205
24366,205
24367,205
24368,205
24369,205
24370,205
24371,205
24372,205
24373,205
24374,205
24375,205
24376,205
24377,205
24378,205
24379,205
24380,205
24381,205
24382,205
24383,205
24384,205
24385,205
24386,205
24387,205
24388,205
24389,205
24390,205
24391,205
24392,205
24393,205
24394,205
24395,205
24396,205
24397,205
24398,205
24399,205
24400,205
24401,205
24402,205
24403,205
24404,205
24405,205
24406,205
24407,205
24408,205
24409,205
24410,205
24411,205
24412,205
24413,205
24414,205
24415,205
24416,205
24417,205
24418,205
24419,205
24420,205
24421,205
24422,205
24423,205
24424,205
24425,205
24426,205
24427,205
24428,205
24429,205
24430,205
24431,205
24432,205
24433,205
24434,205
24435,205
24436,205
24437,205
24438,205
24439,205
24440,205
24441,205
24442,205
24443,205
24444,205
24445,205
24446,205
24447,205
24448,205
24449,205
24450,205
24451,205
24452,205
24453,205
24454,205
24455,205
24456,205
24457,205
24458,205
24459,205
24460,205
24461,205
24462,205
24463,205
24464,205
24465,205
24466,205
24467,205
24468,205
24469,205
24470,205
24471,205
24472,205
24473,205
24474,205
24475,205
24476,205
24477,205
24478,205
24479,205
24480,205
24481,205
24482,205
24483,205
24484,205
24485,205
24486,205
24487,205
24488,205
24489,205
24490,205
24491,205
24492,205
24493,205
24494,205
24495,205
24496,205
24497,205
24498,205
24499,205
24500,205
24501,205
24502,205
24503,205
24504,205
24505,205
24506,205
24507,205
24508,205
24509,205
24510,205
24511,205
24512,205
24513,205
24514,205
24515,205
24516,205
24517,205
24518,205
24519,205
24520,205
24521,205
24522,206
24523,206
24524,206
24525,206
24526,207
24527,207
24528,207
24529,207
24530,207
24531,207
24532,207
24533,207
24534,207
24535,207
24536,207
24537,207
24538,207
24539,207
24540,207
24541,207
24542,207
24543,207
24544,207
24545,207
24546,207
24547,207
24548,207
24549,207
24550,207
24551,207
24552,207
24553,207
24554,207
24555,207
24556,207
24557,207
24558,207
24559,207
24560,207
24561,207
24562,207
24563,207
24564,207
24565,207
24566,207
24567,207
24568,207
24569,207
24570,207
24571,207
24572,207
24573,207
24574,207
24575,207
24576,207
24577,207
24578,207
24579,207
24580,207
24581,207
24582,207
24583,207
24584,207
24585,207
24586,207
24587,207
24588,207
24589,207
24590,207
24591,207
24592,207
24593,207
24594,207
24595,207
24596,207
24597,207
24598,207
24599,207
24600,207
24601,207
24602,207
24603,207
24604,207
24605,207
24606,207
24607,207
24608,207
24609,207
24610,207
24611,207
24612,207
24613,207
24614,207
24615,207
24616,207
24617,207
24618,207
24619,207
24620,207
24621,207
24622,207
24623,207
24624,207
24625,207
24626,207
24627,207
24628,207
24629,207
24630,207
24631,207
24632,207
24633,207
24634,207
24635,207
24636,207
24637,207
24638,207
24639,207
24640,207
24641,207
24642,207
24643,207
24644,207
24645,207
24646,207
24647,207
24648,207
24649,207
24650,207
24651,207
24652,207
24653,207
24654,207
24655,207
24656,207
24657,207
24658,207
24659,207
24660,207
24661,207
24662,207
24663,207
24664,207
24665,207
24666,207
24667,207
24668,207
24669,207
24670,207
24671,207
24672,207
24673,207
24674,207
24675,207
24676,207
24677,207
24678,207
24679,207
24680,207
24681,207
24682,207
24683,207
24684,207
24685,207
24686,207
24687,207
24688,207
24689,207
24690,207
24691,207
24692,207
24693,207
24694,207
24695,207
24696,207
24697,207
24698,207
24699,207
24700,207
24701,207
24702,207
24703,207
24704,207
24705,207
24706,207
24707,207
24708,207
24709,207
24710,207
24711,207
24712,207
24713,207
24714,207
24715,208
24716,208
24717,208
24718,208
24719,208
24720,208
24721,208
24722,208
24723,208
24724,208
24725,208
24726,208
24727,208
24728,208
24729,208
24730,208
24731,208
24732,208
24733,208
24734,208
24735,208
24736,208
24737,208
24738,208
24739,208
24740,208
24741,208
24742,208
24743,208
24744,208
24745,208
24746,208
24747,208
24748,208
24749,208
24750,208
24751,208
24752,208
24753,208
24754,208
24755,208
24756,208
24757,208
24758,208
24759,208
24760,208
24761,208
24762,208
24763,208
24764,208
24765,208
24766,208
24767,208
24768,208
24769,208
24770,208
24771,208
24772,208
24773,208
24774,208
24775,208
24776,208
24777,208
24778,208
24779,208
24780,208
24781,208
24782,208
24783,208
24784,208
24785,208
24786,208
24787,208
24788,208
24789,208
24790,208
24791,208
24792,208
24793,208
24794,208
24795,208
24796,208
24797,208
24798,208
24799,208
24800,208
24801,208
24802,208
24803,208
24804,208
24805,208
24806,208
24807,208
24808,208
24809,208
24810,208
24811,208
24812,208
24813,208
24814,208
24815,208
24816,208
24817,208
24818,208
24819,208
24820,208
24821,208
24822,208
24823,208
24824,208
24825,208
24826,208
24827,208
24828,208
24829,208
24830,208
24831,208
24832,208
24833,208
24834,208
24835,208
24836,208
24837,208
24838,208
24839,208
24840,208
24841,208
24842,208
24843,208
24844,208
24845,208
24846,208
24847,208
24848,208
24849,208
24850,208
24851,208
24852,208
24853,208
24854,208
24855,208
24856,208
24857,208
24858,208
24859,208
24860,208
24861,208
24862,208
24863,208
24864,208
24865,208
24866,209
24867,209
24868,209
24869,209
24870,209
24871,209
24872,209
24873,209
24874,209
24875,209
24876,209
24877,209
24878,209
24879,209
24880,209
24881,209
24882,209
24883,209
24884,209
24885,209
24886,209
24887,209
24888,209
24889,209
24890,209
24891,209
24892,209
24893,209
24894,209
24895,209
24896,209
24897,209
24898,209
24899,209
24900,209
24901,209
24902,209
24903,209
24904,209
24905,209
24906,209
24907,209
24908,209
24909,209
24910,209
24911,209
24912,209
24913,209
24914,209
24915,209
24916,209
24917,209
24918,209
24919,209
24920,209
24921,209
24922,209
24923,209
24924,209
24925,209
24926,209
24927,209
24928,209
24929,209
24930,209
24931,209
24932,209
24933,209
24934,209
24935,209
24936,209
24937,209
24938,209
24939,209
24940,209
24941,209
24942,209
24943,209
24944,209
24945,209
24946,209
24947,209
24948,209
24949,209
24950,209
24951,209
24952,209
24953,209
24954,209
24955,209
24956,209
24957,209
24958,209
24959,209
24960,209
24961,209
24962,209
24963,209
24964,209
24965,209
24966,209
24967,209
24968,209
24969,209
24970,209
24971,209
24972,209
24973,209
24974,209
24975,209
24976,209
24977,209
24978,209
24979,209
24980,209
24981,209
24982,209
24983,209
24984,209
24985,209
24986,209
24987,209
24988,209
24989,209
24990,209
24991,209
24992,209
24993,209
24994,209
24995,209
24996,209
24997,209
24998,209
24999,209
25000,209
25001,209
25002,209
25003,209
25004,209
25005,209
25006,209
25007,209
25008,209
25009,209
25010,209
25011,209
25012,209
25013,209
25014,209
25015,209
25016,209
25017,209
25018,209
25019,209
25020,209
25021,209
25022,209
25023,209
25024,209
25025,209
25026,209
25027,209
25028,209
25029,209
25030,209
25031,209
25032,209
25033,209
25034,209
25035,209
25036,209
25037,209
25038,209
25039,209
25040,209
25041,209
25042,209
25043,209
25044,209
25045,209
25046,209
25047,209
25048,210
25049,210
25050,210
25051,210
25052,210
25053,210
25054,210
25055,210
25056,210
25057,210
25058,210
25059,210
25060,210
25061,210
25062,210
25063,210
25064,210
25065,210
25066,210
25067,210
25068,210
25069,210
25070,210
25071,210
25072,210
25073,210
25074,210
25075,210
25076,210
25077,210
25078,210
25079,210
25080,210
25081,210
25082,210
25083,210
25084,210
25085,210
25086,210
25087,210
25088,210
25089,210
25090,210
25091,210
25092,210
25093,210
25094,210
25095,210
25096,210
25097,210
25098,210
25099,210
25100,210
25101,210
25102,210
25103,210
25104,210
25105,210
25106,210
25107,210
25108,210
25109,210
25110,210
25111,210
25112,210
25113,210
25114,210
25115,210
25116,210
25117,210
25118,210
25119,210
25120,210
25121,210
25122,210
25123,210
25124,210
25125,210
25126,210
25127,210
25128,210
25129,210
25130,210
25131,210
25132,210
25133,210
25134,210
25135,210
25136,210
25137,210
25138,210
25139,210
25140,210
25141,210
25142,210
25143,210
25144,210
25145,210
25146,210
25147,210
25148,210
25149,210
25150,210
25151,210
25152,210
25153,210
25154,210
25155,210
25156,210
25157,210
25158,210
25159,210
25160,210
25161,210
25162,210
25163,210
25164,210
25165,210
25166,210
25167,210
25168,210
25169,210
25170,210
25171,210
25172,210
25173,210
25174,210
25175,210
25176,210
25177,210
25178,210
25179,210
25180,210
25181,210
25182,210
25183,210
25184,210
25185,210
25186,210
25187,210
25188,210
25189,210
25190,210
25191,210
25192,210
25193,210
25194,210
25195,210
25196,210
25197,210
25198,210
25199,210
25200,210
25201,210
25202,210
25203,210
25204,210
25205,210
25206,210
25207,210
25208,210
25209,210
25210,210
25211,210
25212,210
25213,210
25214,210
25215,210
25216,210
25217,210
25218,210
25219,210
25220,210
25221,210
25222,210
25223,210
25224,210
25225,210
25226,210
25227,211
25228,211
25229,211
25230,211
25231,211
25232,211
25233,211
25234,211
25235,211
25236,211
25237,211
25238,211
25239,211
25240,211
25241,211
25242,211
25243,211
25244,211
25245,211
25246,211
25247,211
25248,211
25249,211
25250,211
25251,211
25252,211
25253,211
25254,211
25255,211
25256,211
25257,211
25258,211
25259,211
25260,211
25261,211
25262,211
25263,211
25264,211
25265,211
25266,211
25267,211
25268,211
25269,211
25270,211
25271,211
25272,211
25273,211
25274,211
25275,211
25276,211
25277,211
25278,211
25279,211
25280,211
25281,211
25282,211
25283,211
25284,211
25285,211
25286,211
25287,211
25288,211
25289,211
25290,211
25291,211
25292,211
25293,211
25294,211
25295,211
25296,211
25297,211
25298,211
25299,211
25300,211
25301,211
25302,211
25303,211
25304,211
25305,211
25306,211
25307,211
25308,211
25309,211
25310,211
25311,211
25312,211
25313,211
25314,211
25315,211
25316,211
25317,211
25318,211
25319,211
25320,211
25321,211
25322,211
25323,211
25324,211
25325,211
25326,211
25327,211
25328,211
25329,211
25330,211
25331,211
25332,211
25333,211
25334,211
25335,211
25336,211
25337,211
25338,211
25339,211
25340,211
25341,211
25342,211
25343,211
25344,211
25345,211
25346,211
25347,211
25348,211
25349,211
25350,211
25351,211
25352,211
25353,211
25354,211
25355,211
25356,211
25357,211
25358,211
25359,211
25360,211
25361,211
25362,211
25363,211
25364,211
25365,211
25366,211
25367,211
25368,211
25369,211
25370,211
25371,211
25372,211
25373,211
25374,211
25375,211
25376,211
25377,211
25378,211
25379,211
25380,211
25381,211
25382,211
25383,211
25384,211
25385,211
25386,211
25387,211
25388,211
25389,211
25390,211
25391,211
25392,211
25393,211
25394,211
25395,211
25396,211
25397,211
25398,211
25399,211
25400,211
25401,211
25402,211
25403,211
25404,211
25405,211
25406,211
25407,211
25408,211
25409,211
25410,211
25411,211
25412,211
25413,211
25414,211
25415,211
25416,211
25417,212
25418,212
25419,212
25420,212
25421,212
25422,212
25423,212
25424,212
25425,212
25426,212
25427,212
25428,212
25429,212
25430,212
25431,212
25432,212
25433,212
25434,212
25435,212
25436,212
25437,212
25438,212
25439,212
25440,212
25441,212
25442,212
25443,212
25444,212
25445,212
25446,212
25447,212
25448,212
25449,212
25450,212
25451,212
25452,212
25453,212
25454,212
25455,212
25456,212
25457,212
25458,212
25459,212
25460,212
25461,212
25462,212
25463,212
25464,212
25465,212
25466,212
25467,212
25468,212
25469,212
25470,212
25471,212
25472,212
25473,212
25474,212
25475,212
25476,212
25477,212
25478,212
25479,212
25480,212
25481,212
25482,212
25483,212
25484,212
25485,212
25486,212
25487,212
25488,212
25489,212
25490,212
25491,212
25492,212
25493,212
25494,212
25495,212
25496,212
25497,212
25498,212
25499,212
25500,212
25501,212
25502,212
25503,212
25504,212
25505,212
25506,212
25507,212
25508,212
25509,212
25510,212
25511,212
25512,212
25513,212
25514,212
25515,212
25516,212
25517,212
25518,212
25519,212
25520,212
25521,212
25522,212
25523,212
25524,212
25525,212
25526,212
25527,212
25528,212
25529,212
25530,212
25531,212
25532,212
25533,212
25534,212
25535,212
25536,212
25537,212
25538,212
25539,212
25540,212
25541,212
25542,212
25543,212
25544,212
25545,212
25546,212
25547,212
25548,212
25549,212
25550,212
25551,212
25552,212
25553,212
25554,212
25555,212
25556,212
25557,212
25558,212
25559,212
25560,212
25561,212
25562,212
25563,212
25564,212
25565,212
25566,212
25567,212
25568,212
25569,212
25570,212
25571,212
25572,212
25573,212
25574,212
25575,212
25576,212
25577,212
25578,212
25579,212
25580,212
25581,212
25582,212
25583,212
25584,212
25585,212
25586,212
25587,212
25588,212
25589,212
25590,212
25591,212
25592,212
25593,212
25594,212
25595,212
25596,212
25597,212
25598,212
25599,212
25600,212
25601,212
25602,212
25603,212
25604,212
25605,212
25606,212
25607,212
25608,213
25609,213
25610,213
25611,213
25612,213
25613,213
25614,213
25615,213
25616,213
25617,213
25618,213
25619,213
25620,213
25621,213
25622,213
25623,213
25624,213
25625,213
25626,213
25627,213
25628,213
25629,213
25630,213
25631,213
25632,213
25633,213
25634,213
25635,213
25636,213
25637,213
25638,213
25639,213
25640,213
25641,213
25642,213
25643,213
25644,213
25645,213
25646,213
25647,213
25648,213
25649,213
25650,213
25651,213
25652,213
25653,213
25654,213
25655,213
25656,213
25657,213
25658,213
25659,213
25660,213
25661,213
25662,213
25663,213
25664,213
25665,213
25666,213
25667,213
25668,213
25669,213
25670,213
25671,213
25672,213
25673,213
25674,213
25675,213
25676,213
25677,213
25678,213
25679,213
25680,213
25681,213
25682,213
25683,213
25684,213
25685,213
25686,213
25687,213
25688,213
25689,213
25690,213
25691,213
25692,213
25693,213
25694,213
25695,213
25696,213
25697,213
25698,213
25699,213
25700,213
25701,213
25702,213
25703,213
25704,213
25705,213
25706,213
25707,213
25708,213
25709,213
25710,213
25711,213
25712,213
25713,213
25714,213
25715,213
25716,213
25717,213
25718,213
25719,213
25720,213
25721,213
25722,213
25723,213
25724,213
25725,213
25726,213
25727,213
25728,213
25729,213
25730,213
25731,213
25732,213
25733,213
25734,213
25735,213
25736,213
25737,213
25738,213
25739,213
25740,213
25741,213
25742,213
25743,213
25744,213
25745,213
25746,213
25747,213
25748,213
25749,213
25750,213
25751,213
25752,213
25753,213
25754,213
25755,213
25756,213
25757,213
25758,213
25759,213
25760,213
25761,213
25762,213
25763,213
25764,213
25765,213
25766,213
25767,213
25768,213
25769,213
25770,213
25771,213
25772,213
