domain,operator,family,criterion,raw_value,normalized_value,unit,sample_count,reference_tier,runtime_protocol,candidate_pool
WBC,Tenengrad,gradient,absolute_peak_localization_error,0.024366585186047413,0.0,slices,25773,REF-B_fixed_ten_diagnostic,not_applicable,frozen_32
WBC,Tenengrad,gradient,range_around_global_maximum,1.3655763783804757,0.013015870148404428,slices,25773,not_reference_dependent,not_applicable,frozen_32
WBC,Tenengrad,gradient,false_maxima_count,0.3496294571838746,0.4635576108903797,dimensionless,25773,not_reference_dependent,not_applicable,frozen_32
WBC,Tenengrad,gradient,fwhm,4.553369805610522,0.04251579097874631,slices,25773,not_reference_dependent,not_applicable,frozen_32
WBC,Tenengrad,gradient,noise_level,0.04908831987538122,0.11048968781309357,dimensionless,25773,not_reference_dependent,not_applicable,frozen_32
WBC,Tenengrad,gradient,steep_to_gradual_slope_ratio,0.7121105959655512,0.06807178859993661,dimensionless,25773,not_reference_dependent,not_applicable,frozen_32
WBC,Tenengrad,gradient,execution_time_per_slice,8.0603e-05,0.006550080529204607,seconds/slice,25773,not_reference_dependent,r07b_corrected_native_kernel,frozen_32
WBC,Tenengrad,gradient,steep_slope_width,7.736817599813759,0.8702560236271986,slices,25773,not_reference_dependent,not_applicable,frozen_32
WBC,Tenengrad,gradient,curvature_at_peak,0.2955417024122474,0.02067212363025103,dimensionless,25773,not_reference_dependent,not_applicable,frozen_32
WBC,Tenengrad,gradient,rrmse_under_additive_noise,0.10492427442965269,0.11293156717926686,dimensionless,25773,not_reference_dependent,not_applicable,frozen_32
WBC,Brenner Gradient,gradient,absolute_peak_localization_error,0.07961820509835875,0.01129083412622899,slices,25773,REF-B_fixed_ten_diagnostic,not_applicable,frozen_32
WBC,Brenner Gradient,gradient,range_around_global_maximum,1.3567299111473248,0.010956454191543775,slices,25773,not_reference_dependent,not_applicable,frozen_32
WBC,Brenner Gradient,gradient,false_maxima_count,0.35063826485081284,0.46525109099198847,dimensionless,25773,not_reference_dependent,not_applicable,frozen_32
WBC,Brenner Gradient,gradient,fwhm,4.5066154502774225,0.032380968401221386,slices,25773,not_reference_dependent,not_applicable,frozen_32
WBC,Brenner Gradient,gradient,noise_level,0.04864058597428688,0.10921740757298054,dimensionless,25773,not_reference_dependent,not_applicable,frozen_32
WBC,Brenner Gradient,gradient,steep_to_gradual_slope_ratio,0.7310385934621579,0.061083238714310956,dimensionless,25773,not_reference_dependent,not_applicable,frozen_32
WBC,Brenner Gradient,gradient,execution_time_per_slice,4.2661e-05,0.00263058969319153,seconds/slice,25773,not_reference_dependent,r07b_corrected_native_kernel,frozen_32
WBC,Brenner Gradient,gradient,steep_slope_width,7.764210608000621,0.8746549693756114,slices,25773,not_reference_dependent,not_applicable,frozen_32
WBC,Brenner Gradient,gradient,curvature_at_peak,0.3033744559390114,0.017770504937126584,dimensionless,25773,not_reference_dependent,not_applicable,frozen_32
WBC,Brenner Gradient,gradient,rrmse_under_additive_noise,0.1032533466631154,0.11106778074999918,dimensionless,25773,not_reference_dependent,not_applicable,frozen_32
WBC,Variance of Laplacian,laplacian,absolute_peak_localization_error,0.7652582159624414,0.15140342530922934,slices,25773,REF-B_fixed_ten_diagnostic,not_applicable,frozen_32
WBC,Variance of Laplacian,laplacian,range_around_global_maximum,1.3158732006363247,0.0014452041802530799,slices,25773,not_reference_dependent,not_applicable,frozen_32
WBC,Variance of Laplacian,laplacian,false_maxima_count,0.1809645753307725,0.18042076467139972,dimensionless,25773,not_reference_dependent,not_applicable,frozen_32
WBC,Variance of Laplacian,laplacian,fwhm,4.3572343149807935,0.0,slices,25773,not_reference_dependent,not_applicable,frozen_32
WBC,Variance of Laplacian,laplacian,noise_level,0.051955034803791794,0.11863574230782642,dimensionless,25773,not_reference_dependent,not_applicable,frozen_32
WBC,Variance of Laplacian,laplacian,steep_to_gradual_slope_ratio,0.8375985995607935,0.027633853358824408,dimensionless,25773,not_reference_dependent,not_applicable,frozen_32
WBC,Variance of Laplacian,laplacian,execution_time_per_slice,6.782399999999999e-05,0.005229982131824101,seconds/slice,25773,not_reference_dependent,r07b_corrected_native_kernel,frozen_32
WBC,Variance of Laplacian,laplacian,steep_slope_width,8.404376673262718,0.9774569607397209,slices,25773,not_reference_dependent,not_applicable,frozen_32
WBC,Variance of Laplacian,laplacian,curvature_at_peak,0.35213599441075316,0.0026100710772087882,dimensionless,25773,not_reference_dependent,not_applicable,frozen_32
WBC,Variance of Laplacian,laplacian,rrmse_under_additive_noise,0.09103817164534388,0.09744272891641105,dimensionless,25773,not_reference_dependent,not_applicable,frozen_32
WBC,Sum Modified Laplacian,laplacian,absolute_peak_localization_error,0.7979280642532883,0.15807960672375518,slices,25773,REF-B_fixed_ten_diagnostic,not_applicable,frozen_32
WBC,Sum Modified Laplacian,laplacian,range_around_global_maximum,1.3228572537151282,0.0030710588830378206,slices,25773,not_reference_dependent,not_applicable,frozen_32
WBC,Sum Modified Laplacian,laplacian,false_maxima_count,0.18158538004888838,0.18146290627238978,dimensionless,25773,not_reference_dependent,not_applicable,frozen_32
WBC,Sum Modified Laplacian,laplacian,fwhm,4.42296201451131,0.01424762609653745,slices,25773,not_reference_dependent,not_applicable,frozen_32
WBC,Sum Modified Laplacian,laplacian,noise_level,0.051331014390503554,0.11686252647736708,dimensionless,25773,not_reference_dependent,not_applicable,frozen_32
WBC,Sum Modified Laplacian,laplacian,steep_to_gradual_slope_ratio,0.8290526165231099,0.029999305373871184,dimensionless,25773,not_reference_dependent,not_applicable,frozen_32
WBC,Sum Modified Laplacian,laplacian,execution_time_per_slice,0.000136655,0.012340373617080973,seconds/slice,25773,not_reference_dependent,r07b_corrected_native_kernel,frozen_32
WBC,Sum Modified Laplacian,laplacian,steep_slope_width,8.395957009273271,0.9761048768482116,slices,25773,not_reference_dependent,not_applicable,frozen_32
WBC,Sum Modified Laplacian,laplacian,curvature_at_peak,0.3489472701844192,0.0034719979023436413,dimensionless,25773,not_reference_dependent,not_applicable,frozen_32
WBC,Sum Modified Laplacian,laplacian,rrmse_under_additive_noise,0.09273634143579212,0.09933690164692277,dimensionless,25773,not_reference_dependent,not_applicable,frozen_32
WBC,Normalized Variance,statistical,absolute_peak_localization_error,2.265161215225236,0.45791309863621954,slices,25773,REF-B_fixed_ten_diagnostic,not_applicable,frozen_32
WBC,Normalized Variance,statistical,range_around_global_maximum,2.5517401932254686,0.2891492263641373,slices,25773,not_reference_dependent,not_applicable,frozen_32
WBC,Normalized Variance,statistical,false_maxima_count,0.09878555077018586,0.04246727024034392,dimensionless,25773,not_reference_dependent,not_applicable,frozen_32
WBC,Normalized Variance,statistical,fwhm,5.454079851006868,0.23776041447639565,slices,25773,not_reference_dependent,not_applicable,frozen_32
WBC,Normalized Variance,statistical,noise_level,0.01020539346063386,0.0,dimensionless,25773,not_reference_dependent,not_applicable,frozen_32
WBC,Normalized Variance,statistical,steep_to_gradual_slope_ratio,0.23940924995460267,0.6009998856989517,dimensionless,25773,not_reference_dependent,not_applicable,frozen_32
WBC,Normalized Variance,statistical,execution_time_per_slice,6.6886e-05,0.00513308469878999,seconds/slice,25773,not_reference_dependent,r07b_corrected_native_kernel,frozen_32
WBC,Normalized Variance,statistical,steep_slope_width,8.450238621813526,0.9848217679275731,slices,25773,not_reference_dependent,not_applicable,frozen_32
WBC,Normalized Variance,statistical,curvature_at_peak,0.053284812639325,0.5316211598251165,dimensionless,25773,not_reference_dependent,not_applicable,frozen_32
WBC,Normalized Variance,statistical,rrmse_under_additive_noise,0.3396867939693199,0.37479040200218827,dimensionless,25773,not_reference_dependent,not_applicable,frozen_32
WBC,Energy of Gradient,gradient,absolute_peak_localization_error,0.024366585186047413,0.0,slices,25773,REF-B_fixed_ten_diagnostic,not_applicable,frozen_32
WBC,Energy of Gradient,gradient,range_around_global_maximum,1.3655763783804757,0.013015870148404428,slices,25773,not_reference_dependent,not_applicable,frozen_32
WBC,Energy of Gradient,gradient,false_maxima_count,0.3496294571838746,0.4635576108903797,dimensionless,25773,not_reference_dependent,not_applicable,frozen_32
WBC,Energy of Gradient,gradient,fwhm,4.553369805610522,0.04251579097874631,slices,25773,not_reference_dependent,not_applicable,frozen_32
WBC,Energy of Gradient,gradient,noise_level,0.04908831987538122,0.11048968781309357,dimensionless,25773,not_reference_dependent,not_applicable,frozen_32
WBC,Energy of Gradient,gradient,steep_to_gradual_slope_ratio,0.7121105959655512,0.06807178859993661,dimensionless,25773,not_reference_dependent,not_applicable,frozen_32
WBC,Energy of Gradient,gradient,execution_time_per_slice,7.9121e-05,0.006396986717097408,seconds/slice,25773,not_reference_dependent,r07b_corrected_native_kernel,frozen_32
WBC,Energy of Gradient,gradient,steep_slope_width,7.736817599813759,0.8702560236271986,slices,25773,not_reference_dependent,not_applicable,frozen_32
WBC,Energy of Gradient,gradient,curvature_at_peak,0.2955417024122474,0.02067212363025103,dimensionless,25773,not_reference_dependent,not_applicable,frozen_32
WBC,Energy of Gradient,gradient,rrmse_under_additive_noise,0.10492427442965269,0.11293156717926686,dimensionless,25773,not_reference_dependent,not_applicable,frozen_32
WBC,Histogram Entropy,entropy,absolute_peak_localization_error,1.9917743374849648,0.4020456707897241,slices,25773,REF-B_fixed_ten_diagnostic,not_applicable,frozen_32
WBC,Histogram Entropy,entropy,range_around_global_maximum,1.9856438908935707,0.1573646701773085,slices,25773,not_reference_dependent,not_applicable,frozen_32
WBC,Histogram Entropy,entropy,false_maxima_count,0.575641174872929,0.842962287500814,dimensionless,25773,not_reference_dependent,not_applicable,frozen_32
WBC,Histogram Entropy,entropy,fwhm,6.334419741590036,0.4285894513738783,slices,25773,not_reference_dependent,not_applicable,frozen_32
WBC,Histogram Entropy,entropy,noise_level,0.08974214002162732,0.22601154561916506,dimensionless,25773,not_reference_dependent,not_applicable,frozen_32
WBC,Histogram Entropy,entropy,steep_to_gradual_slope_ratio,0.5000931589177301,0.18250270384419823,dimensionless,25773,not_reference_dependent,not_applicable,frozen_32
WBC,Histogram Entropy,entropy,execution_time_per_slice,0.000168245,0.015603689085681815,seconds/slice,25773,not_reference_dependent,r07b_corrected_native_kernel,frozen_32
WBC,Histogram Entropy,entropy,steep_slope_width,5.693167268071237,0.5420734860710434,slices,25773,not_reference_dependent,not_applicable,frozen_32
WBC,Histogram Entropy,entropy,curvature_at_peak,0.1401544853113533,0.14527072805891492,dimensionless,25773,not_reference_dependent,not_applicable,frozen_32
WBC,Histogram Entropy,entropy,rrmse_under_additive_noise,0.4457058662292399,0.49304620699792095,dimensionless,25773,not_reference_dependent,not_applicable,frozen_32
WBC,GLCM Contrast,texture,absolute_peak_localization_error,0.24576106778411516,0.04524262607040914,slices,25773,REF-B_fixed_ten_diagnostic,not_applicable,frozen_32
WBC,GLCM Contrast,texture,range_around_global_maximum,1.3623559539052497,0.012266170479898121,slices,25773,not_reference_dependent,not_applicable,frozen_32
WBC,GLCM Contrast,texture,false_maxima_count,0.35145307104333995,0.46661890184328797,dimensionless,25773,not_reference_dependent,not_applicable,frozen_32
WBC,GLCM Contrast,texture,fwhm,4.614713071819346,0.055813014626105086,slices,25773,not_reference_dependent,not_applicable,frozen_32
WBC,GLCM Contrast,texture,noise_level,0.061367806806808,0.14538306654406588,dimensionless,25773,not_reference_dependent,not_applicable,frozen_32
WBC,GLCM Contrast,texture,steep_to_gradual_slope_ratio,0.7708479528317935,0.047504910158329236,dimensionless,25773,not_reference_dependent,not_applicable,frozen_32
WBC,GLCM Contrast,texture,execution_time_per_slice,0.009697535,1.0,seconds/slice,25773,not_reference_dependent,r07b_corrected_native_kernel,frozen_32
WBC,GLCM Contrast,texture,steep_slope_width,7.629224382105304,0.8529780115020591,slices,25773,not_reference_dependent,not_applicable,frozen_32
WBC,GLCM Contrast,texture,curvature_at_peak,0.32193305126139243,0.011459127013801864,dimensionless,25773,not_reference_dependent,not_applicable,frozen_32
WBC,GLCM Contrast,texture,rrmse_under_additive_noise,0.014798200414115677,0.012403131996557824,dimensionless,25773,not_reference_dependent,not_applicable,frozen_32
WBC,Variance of Gradient,gradient,absolute_peak_localization_error,0.11050323982462266,0.017602283539486206,slices,25773,REF-B_fixed_ten_diagnostic,not_applicable,frozen_32
WBC,Variance of Gradient,gradient,range_around_global_maximum,1.4349513056299228,0.029166026862732716,slices,25773,not_reference_dependent,not_applicable,frozen_32
WBC,Variance of Gradient,gradient,false_maxima_count,0.27420168393279787,0.3369374063700905,dimensionless,25773,not_reference_dependent,not_applicable,frozen_32
WBC,Variance of Gradient,gradient,fwhm,4.81527179606565,0.09928761869517318,slices,25773,not_reference_dependent,not_applicable,frozen_32
WBC,Variance of Gradient,gradient,noise_level,0.04362881397986818,0.0949759608992625,dimensionless,25773,not_reference_dependent,not_applicable,frozen_32
WBC,Variance of Gradient,gradient,steep_to_gradual_slope_ratio,0.6849858002584273,0.07876006342380856,dimensionless,25773,not_reference_dependent,not_applicable,frozen_32
WBC,Variance of Gradient,gradient,execution_time_per_slice,0.000115684,0.010174023864246902,seconds/slice,25773,not_reference_dependent,r07b_corrected_native_kernel,frozen_32
WBC,Variance of Gradient,gradient,steep_slope_width,8.064020486555698,0.9228003713557601,slices,25773,not_reference_dependent,not_applicable,frozen_32
WBC,Variance of Gradient,gradient,curvature_at_peak,0.26785824005007,0.03228715228022617,dimensionless,25773,not_reference_dependent,not_applicable,frozen_32
WBC,Variance of Gradient,gradient,rrmse_under_additive_noise,0.08506795120790041,0.09078342499323612,dimensionless,25773,not_reference_dependent,not_applicable,frozen_32
WBC,Fourier Transform Sharpness Index,frequency,absolute_peak_localization_error,0.07923020214953634,0.01121154456073581,slices,25773,REF-B_fixed_ten_diagnostic,not_applicable,frozen_32
WBC,Fourier Transform Sharpness Index,frequency,range_around_global_maximum,1.5490241725837117,0.05572165367488329,slices,25773,not_reference_dependent,not_applicable,frozen_32
WBC,Fourier Transform Sharpness Index,frequency,false_maxima_count,0.25274512086291856,0.30091838728587245,dimensionless,25773,not_reference_dependent,not_applicable,frozen_32
WBC,Fourier Transform Sharpness Index,frequency,fwhm,5.388313351181469,0.2235043777387151,slices,25773,not_reference_dependent,not_applicable,frozen_32
WBC,Fourier Transform Sharpness Index,frequency,noise_level,0.037372615681915765,0.07719835358996807,dimensionless,25773,not_reference_dependent,not_applicable,frozen_32
WBC,Fourier Transform Sharpness Index,frequency,steep_to_gradual_slope_ratio,0.5306266844562975,0.1603866771337117,dimensionless,25773,not_reference_dependent,not_applicable,frozen_32
WBC,Fourier Transform Sharpness Index,frequency,execution_time_per_slice,0.000532301,0.053211462945667504,seconds/slice,25773,not_reference_dependent,r07b_corrected_native_kernel,frozen_32
WBC,Fourier Transform Sharpness Index,frequency,steep_slope_width,8.145229503744229,0.9358414385674142,slices,25773,not_reference_dependent,not_applicable,frozen_32
WBC,Fourier Transform Sharpness Index,frequency,curvature_at_peak,0.21110388722832524,0.0656237746210036,dimensionless,25773,not_reference_dependent,not_applicable,frozen_32
WBC,Fourier Transform Sharpness Index,frequency,rrmse_under_additive_noise,0.12051700448379567,0.13032401181520167,dimensionless,25773,not_reference_dependent,not_applicable,frozen_32
WBC,Fourier High Frequency Energy Ratio,frequency,absolute_peak_localization_error,0.4592014899313235,0.08885981604820807,slices,25773,REF-B_fixed_ten_diagnostic,not_applicable,frozen_32
WBC,Fourier High Frequency Energy Ratio,frequency,range_around_global_maximum,1.3096651534551662,0.0,slices,25773,not_reference_dependent,not_applicable,frozen_32
WBC,Fourier High Frequency Energy Ratio,frequency,false_maxima_count,0.2065339696581694,0.22334397186217675,dimensionless,25773,not_reference_dependent,not_applicable,frozen_32
WBC,Fourier High Frequency Energy Ratio,frequency,fwhm,4.397470220773678,0.00872183486547185,slices,25773,not_reference_dependent,not_applicable,frozen_32
WBC,Fourier High Frequency Energy Ratio,frequency,noise_level,0.05063726867477204,0.11489117929183802,dimensionless,25773,not_reference_dependent,not_applicable,frozen_32
WBC,Fourier High Frequency Energy Ratio,frequency,steep_to_gradual_slope_ratio,0.8145360953641403,0.034131114738271975,dimensionless,25773,not_reference_dependent,not_applicable,frozen_32
WBC,Fourier High Frequency Energy Ratio,frequency,execution_time_per_slice,0.000599362,0.06013900959460201,seconds/slice,25773,not_reference_dependent,r07b_corrected_native_kernel,frozen_32
WBC,Fourier High Frequency Energy Ratio,frequency,steep_slope_width,8.32995770767858,0.9655062837631548,slices,25773,not_reference_dependent,not_applicable,frozen_32
WBC,Fourier High Frequency Energy Ratio,frequency,curvature_at_peak,0.33874476676118725,0.006338801958068921,dimensionless,25773,not_reference_dependent,not_applicable,frozen_32
WBC,Fourier High Frequency Energy Ratio,frequency,rrmse_under_additive_noise,0.13057532806440517,0.1415432681865122,dimensionless,25773,not_reference_dependent,not_applicable,frozen_32
WBC,Roberts Focus Measure,gradient,absolute_peak_localization_error,0.10053156403988671,0.015564541706311453,slices,25773,REF-B_fixed_ten_diagnostic,not_applicable,frozen_32
WBC,Roberts Focus Measure,gradient,range_around_global_maximum,1.345827028285415,0.008418314349974278,slices,25773,not_reference_dependent,not_applicable,frozen_32
WBC,Roberts Focus Measure,gradient,false_maxima_count,0.3280176929344663,0.42727805640591415,dimensionless,25773,not_reference_dependent,not_applicable,frozen_32
WBC,Roberts Focus Measure,gradient,fwhm,4.463702324137664,0.023078799296870574,slices,25773,not_reference_dependent,not_applicable,frozen_32
WBC,Roberts Focus Measure,gradient,noise_level,0.04998750555326666,0.11304481300546815,dimensionless,25773,not_reference_dependent,not_applicable,frozen_32
WBC,Roberts Focus Measure,gradient,steep_to_gradual_slope_ratio,0.7386049412922135,0.058389819579326194,dimensionless,25773,not_reference_dependent,not_applicable,frozen_32
WBC,Roberts Focus Measure,gradient,execution_time_per_slice,8.2051e-05,0.00669966206761974,seconds/slice,25773,not_reference_dependent,r07b_corrected_native_kernel,frozen_32
WBC,Roberts Focus Measure,gradient,steep_slope_width,7.8689714041826715,0.8914781330026854,slices,25773,not_reference_dependent,not_applicable,frozen_32
WBC,Roberts Focus Measure,gradient,curvature_at_peak,0.3088146012285845,0.01584183761336152,dimensionless,25773,not_reference_dependent,not_applicable,frozen_32
WBC,Roberts Focus Measure,gradient,rrmse_under_additive_noise,0.09900116624804563,0.10632481321356976,dimensionless,25773,not_reference_dependent,not_applicable,frozen_32
WBC,Wavelet W1,wavelet,absolute_peak_localization_error,0.17138090249485896,0.030042816365366317,slices,25773,REF-B_fixed_ten_diagnostic,not_applicable,frozen_32
WBC,Wavelet W1,wavelet,range_around_global_maximum,1.3283280952935241,0.004344645066885846,slices,25773,not_reference_dependent,not_applicable,frozen_32
WBC,Wavelet W1,wavelet,false_maxima_count,0.4457377876071858,0.6248941574936494,dimensionless,25773,not_reference_dependent,not_applicable,frozen_32
WBC,Wavelet W1,wavelet,fwhm,4.91483335273348,0.1208693238685585,slices,25773,not_reference_dependent,not_applicable,frozen_32
WBC,Wavelet W1,wavelet,noise_level,0.05998655364037715,0.14145809882116558,dimensionless,25773,not_reference_dependent,not_applicable,frozen_32
WBC,Wavelet W1,wavelet,steep_to_gradual_slope_ratio,0.701353194763832,0.07221172139742449,dimensionless,25773,not_reference_dependent,not_applicable,frozen_32
WBC,Wavelet W1,wavelet,execution_time_per_slice,0.00025380000000000004,0.024441706018766496,seconds/slice,25773,not_reference_dependent,r07b_corrected_native_kernel,frozen_32
WBC,Wavelet W1,wavelet,steep_slope_width,7.423156015985722,0.8198862255674703,slices,25773,not_reference_dependent,not_applicable,frozen_32
WBC,Wavelet W1,wavelet,curvature_at_peak,0.3150329910228184,0.013718848633059836,dimensionless,25773,not_reference_dependent,not_applicable,frozen_32
WBC,Wavelet W1,wavelet,rrmse_under_additive_noise,0.1266835252103095,0.13720227302794807,dimensionless,25773,not_reference_dependent,not_applicable,frozen_32
WBC,Wavelet W2,wavelet,absolute_peak_localization_error,0.17138090249485896,0.030042816365366317,slices,25773,REF-B_fixed_ten_diagnostic,not_applicable,frozen_32
WBC,Wavelet W2,wavelet,range_around_global_maximum,1.3283280952935241,0.004344645066885846,slices,25773,not_reference_dependent,not_applicable,frozen_32
WBC,Wavelet W2,wavelet,false_maxima_count,0.4457377876071858,0.6248941574936494,dimensionless,25773,not_reference_dependent,not_applicable,frozen_32
WBC,Wavelet W2,wavelet,fwhm,4.91483335273348,0.1208693238685585,slices,25773,not_reference_dependent,not_applicable,frozen_32
WBC,Wavelet W2,wavelet,noise_level,0.05998655364037715,0.14145809882116558,dimensionless,25773,not_reference_dependent,not_applicable,frozen_32
WBC,Wavelet W2,wavelet,steep_to_gradual_slope_ratio,0.701353194763832,0.07221172139742449,dimensionless,25773,not_reference_dependent,not_applicable,frozen_32
WBC,Wavelet W2,wavelet,execution_time_per_slice,0.000344524,0.03381369185521293,seconds/slice,25773,not_reference_dependent,r07b_corrected_native_kernel,frozen_32
WBC,Wavelet W2,wavelet,steep_slope_width,7.423156015985722,0.8198862255674703,slices,25773,not_reference_dependent,not_applicable,frozen_32
WBC,Wavelet W2,wavelet,curvature_at_peak,0.3150329910228184,0.013718848633059836,dimensionless,25773,not_reference_dependent,not_applicable,frozen_32
WBC,Wavelet W2,wavelet,rrmse_under_additive_noise,0.1266835252103095,0.13720227302794807,dimensionless,25773,not_reference_dependent,not_applicable,frozen_32
WBC,Wavelet W3,wavelet,absolute_peak_localization_error,0.17138090249485896,0.030042816365366317,slices,25773,REF-B_fixed_ten_diagnostic,not_applicable,frozen_32
WBC,Wavelet W3,wavelet,range_around_global_maximum,1.3283280952935241,0.004344645066885846,slices,25773,not_reference_dependent,not_applicable,frozen_32
WBC,Wavelet W3,wavelet,false_maxima_count,0.4457377876071858,0.6248941574936494,dimensionless,25773,not_reference_dependent,not_applicable,frozen_32
WBC,Wavelet W3,wavelet,fwhm,4.91483335273348,0.1208693238685585,slices,25773,not_reference_dependent,not_applicable,frozen_32
WBC,Wavelet W3,wavelet,noise_level,0.05998655364037715,0.14145809882116558,dimensionless,25773,not_reference_dependent,not_applicable,frozen_32
WBC,Wavelet W3,wavelet,steep_to_gradual_slope_ratio,0.701353194763832,0.07221172139742449,dimensionless,25773,not_reference_dependent,not_applicable,frozen_32
WBC,Wavelet W3,wavelet,execution_time_per_slice,0.000356071,0.035006521982339674,seconds/slice,25773,not_reference_dependent,r07b_corrected_native_kernel,frozen_32
WBC,Wavelet W3,wavelet,steep_slope_width,7.423156015985722,0.8198862255674703,slices,25773,not_reference_dependent,not_applicable,frozen_32
WBC,Wavelet W3,wavelet,curvature_at_peak,0.3150329910228184,0.013718848633059836,dimensionless,25773,not_reference_dependent,not_applicable,frozen_32
WBC,Wavelet W3,wavelet,rrmse_under_additive_noise,0.1266835252103095,0.13720227302794807,dimensionless,25773,not_reference_dependent,not_applicable,frozen_32
WBC,Wavelet Detail Energy (db1),wavelet,absolute_peak_localization_error,0.17138090249485896,0.030042816365366317,slices,25773,REF-B_fixed_ten_diagnostic,not_applicable,frozen_32
WBC,Wavelet Detail Energy (db1),wavelet,range_around_global_maximum,1.3283668955884065,0.004353677593012452,slices,25773,not_reference_dependent,not_applicable,frozen_32
WBC,Wavelet Detail Energy (db1),wavelet,false_maxima_count,0.4457377876071858,0.6248941574936494,dimensionless,25773,not_reference_dependent,not_applicable,frozen_32
WBC,Wavelet Detail Energy (db1),wavelet,fwhm,4.9147945524385985,0.1208609132274154,slices,25773,not_reference_dependent,not_applicable,frozen_32
WBC,Wavelet Detail Energy (db1),wavelet,noise_level,0.059986545658552194,0.14145807614001915,dimensionless,25773,not_reference_dependent,not_applicable,frozen_32
WBC,Wavelet Detail Energy (db1),wavelet,steep_to_gradual_slope_ratio,0.7013531607975519,0.07221173466967594,dimensionless,25773,not_reference_dependent,not_applicable,frozen_32
WBC,Wavelet Detail Energy (db1),wavelet,execution_time_per_slice,0.000252801,0.02433850715352014,seconds/slice,25773,not_reference_dependent,r07b_corrected_native_kernel,frozen_32
WBC,Wavelet Detail Energy (db1),wavelet,steep_slope_width,7.423156015985722,0.8198862255674703,slices,25773,not_reference_dependent,not_applicable,frozen_32
WBC,Wavelet Detail Energy (db1),wavelet,curvature_at_peak,0.3150329751103948,0.013718853958407206,dimensionless,25773,not_reference_dependent,not_applicable,frozen_32
WBC,Wavelet Detail Energy (db1),wavelet,rrmse_under_additive_noise,0.12668353925400103,0.13720228869256398,dimensionless,25773,not_reference_dependent,not_applicable,frozen_32
WBC,Curvelet Transform Sharpness Index,wavelet_alias,absolute_peak_localization_error,0.17138090249485896,0.030042816365366317,slices,25773,REF-B_fixed_ten_diagnostic,not_applicable,frozen_32
WBC,Curvelet Transform Sharpness Index,wavelet_alias,range_around_global_maximum,1.3283668955884065,0.004353677593012452,slices,25773,not_reference_dependent,not_applicable,frozen_32
WBC,Curvelet Transform Sharpness Index,wavelet_alias,false_maxima_count,0.4457377876071858,0.6248941574936494,dimensionless,25773,not_reference_dependent,not_applicable,frozen_32
WBC,Curvelet Transform Sharpness Index,wavelet_alias,fwhm,4.9147945524385985,0.1208609132274154,slices,25773,not_reference_dependent,not_applicable,frozen_32
WBC,Curvelet Transform Sharpness Index,wavelet_alias,noise_level,0.059986545658552194,0.14145807614001915,dimensionless,25773,not_reference_dependent,not_applicable,frozen_32
WBC,Curvelet Transform Sharpness Index,wavelet_alias,steep_to_gradual_slope_ratio,0.7013531607975519,0.07221173466967594,dimensionless,25773,not_reference_dependent,not_applicable,frozen_32
WBC,Curvelet Transform Sharpness Index,wavelet_alias,execution_time_per_slice,0.000261086,0.025194365610543185,seconds/slice,25773,not_reference_dependent,r07b_corrected_native_kernel,frozen_32
WBC,Curvelet Transform Sharpness Index,wavelet_alias,steep_slope_width,7.423156015985722,0.8198862255674703,slices,25773,not_reference_dependent,not_applicable,frozen_32
WBC,Curvelet Transform Sharpness Index,wavelet_alias,curvature_at_peak,0.3150329751103948,0.013718853958407206,dimensionless,25773,not_reference_dependent,not_applicable,frozen_32
WBC,Curvelet Transform Sharpness Index,wavelet_alias,rrmse_under_additive_noise,0.12668353925400103,0.13720228869256398,dimensionless,25773,not_reference_dependent,not_applicable,frozen_32
WBC,DCT Focus Measure,frequency,absolute_peak_localization_error,0.594459317890816,0.116500158579131,slices,25773,REF-B_fixed_ten_diagnostic,not_applicable,frozen_32
WBC,DCT Focus Measure,frequency,range_around_global_maximum,1.6668606681410778,0.08315343552131226,slices,25773,not_reference_dependent,not_applicable,frozen_32
WBC,DCT Focus Measure,frequency,false_maxima_count,0.2781981143056687,0.34364619292646387,dimensionless,25773,not_reference_dependent,not_applicable,frozen_32
WBC,DCT Focus Measure,frequency,fwhm,5.448609009428472,0.23657451407520802,slices,25773,not_reference_dependent,not_applicable,frozen_32
WBC,DCT Focus Measure,frequency,noise_level,0.03182125634910844,0.06142361603349782,dimensionless,25773,not_reference_dependent,not_applicable,frozen_32
WBC,DCT Focus Measure,frequency,steep_to_gradual_slope_ratio,0.5131894077195415,0.17269452282629386,dimensionless,25773,not_reference_dependent,not_applicable,frozen_32
WBC,DCT Focus Measure,frequency,execution_time_per_slice,0.00024223,0.023246499941789227,seconds/slice,25773,not_reference_dependent,r07b_corrected_native_kernel,frozen_32
WBC,DCT Focus Measure,frequency,steep_slope_width,7.810111356846312,0.8820260073648071,slices,25773,not_reference_dependent,not_applicable,frozen_32
WBC,DCT Focus Measure,frequency,curvature_at_peak,0.18268169726741518,0.09010256369785644,dimensionless,25773,not_reference_dependent,not_applicable,frozen_32
WBC,DCT Focus Measure,frequency,rrmse_under_additive_noise,0.1626832487602615,0.17735708854629528,dimensionless,25773,not_reference_dependent,not_applicable,frozen_32
WBC,Intensity Skewness Index,statistical,absolute_peak_localization_error,2.8904279672525512,0.5856882334284809,slices,25773,REF-B_fixed_ten_diagnostic,not_applicable,frozen_32
WBC,Intensity Skewness Index,statistical,range_around_global_maximum,2.3228960540100103,0.23587538726955767,slices,25773,not_reference_dependent,not_applicable,frozen_32
WBC,Intensity Skewness Index,statistical,false_maxima_count,0.21871726225119312,0.2437960007816062,dimensionless,25773,not_reference_dependent,not_applicable,frozen_32
WBC,Intensity Skewness Index,statistical,fwhm,5.6295347844643615,0.2757933337258299,slices,25773,not_reference_dependent,not_applicable,frozen_32
WBC,Intensity Skewness Index,statistical,noise_level,0.021082285445809746,0.03090776622623279,dimensionless,25773,not_reference_dependent,not_applicable,frozen_32
WBC,Intensity Skewness Index,statistical,steep_to_gradual_slope_ratio,0.3229598022234587,0.3933029537578902,dimensionless,25773,not_reference_dependent,not_applicable,frozen_32
WBC,Intensity Skewness Index,statistical,execution_time_per_slice,0.000349081,0.03428443983211745,seconds/slice,25773,not_reference_dependent,r07b_corrected_native_kernel,frozen_32
WBC,Intensity Skewness Index,statistical,steep_slope_width,7.379699685717611,0.8129077280629061,slices,25773,not_reference_dependent,not_applicable,frozen_32
WBC,Intensity Skewness Index,statistical,curvature_at_peak,0.03042394898996045,1.0,dimensionless,25773,not_reference_dependent,not_applicable,frozen_32
WBC,Intensity Skewness Index,statistical,rrmse_under_additive_noise,0.0036785048740968066,0.0,dimensionless,25773,not_reference_dependent,not_applicable,frozen_32
WBC,Squared Gradient,gradient,absolute_peak_localization_error,0.024366585186047413,0.0,slices,25773,REF-B_fixed_ten_diagnostic,not_applicable,frozen_32
WBC,Squared Gradient,gradient,range_around_global_maximum,1.3655763783804757,0.013015870148404428,slices,25773,not_reference_dependent,not_applicable,frozen_32
WBC,Squared Gradient,gradient,false_maxima_count,0.3496294571838746,0.4635576108903797,dimensionless,25773,not_reference_dependent,not_applicable,frozen_32
WBC,Squared Gradient,gradient,fwhm,4.553369805610522,0.04251579097874631,slices,25773,not_reference_dependent,not_applicable,frozen_32
WBC,Squared Gradient,gradient,noise_level,0.04908831987538122,0.11048968781309357,dimensionless,25773,not_reference_dependent,not_applicable,frozen_32
WBC,Squared Gradient,gradient,steep_to_gradual_slope_ratio,0.7121105959655512,0.06807178859993661,dimensionless,25773,not_reference_dependent,not_applicable,frozen_32
WBC,Squared Gradient,gradient,execution_time_per_slice,7.912900000000001e-05,0.006397813134436718,seconds/slice,25773,not_reference_dependent,r07b_corrected_native_kernel,frozen_32
WBC,Squared Gradient,gradient,steep_slope_width,7.736817599813759,0.8702560236271986,slices,25773,not_reference_dependent,not_applicable,frozen_32
WBC,Squared Gradient,gradient,curvature_at_peak,0.2955417024122474,0.02067212363025103,dimensionless,25773,not_reference_dependent,not_applicable,frozen_32
WBC,Squared Gradient,gradient,rrmse_under_additive_noise,0.10492427442965269,0.11293156717926686,dimensionless,25773,not_reference_dependent,not_applicable,frozen_32
WBC,Gradient Squared Energy,gradient,absolute_peak_localization_error,0.024366585186047413,0.0,slices,25773,REF-B_fixed_ten_diagnostic,not_applicable,frozen_32
WBC,Gradient Squared Energy,gradient,range_around_global_maximum,1.3655763783804757,0.013015870148404428,slices,25773,not_reference_dependent,not_applicable,frozen_32
WBC,Gradient Squared Energy,gradient,false_maxima_count,0.3496294571838746,0.4635576108903797,dimensionless,25773,not_reference_dependent,not_applicable,frozen_32
WBC,Gradient Squared Energy,gradient,fwhm,4.553369805610522,0.04251579097874631,slices,25773,not_reference_dependent,not_applicable,frozen_32
WBC,Gradient Squared Energy,gradient,noise_level,0.04908831987538122,0.11048968781309357,dimensionless,25773,not_reference_dependent,not_applicable,frozen_32
WBC,Gradient Squared Energy,gradient,steep_to_gradual_slope_ratio,0.7121105959655512,0.06807178859993661,dimensionless,25773,not_reference_dependent,not_applicable,frozen_32
WBC,Gradient Squared Energy,gradient,execution_time_per_slice,7.6265e-05,0.006101955726963694,seconds/slice,25773,not_reference_dependent,r07b_corrected_native_kernel,frozen_32
WBC,Gradient Squared Energy,gradient,steep_slope_width,7.736817599813759,0.8702560236271986,slices,25773,not_reference_dependent,not_applicable,frozen_32
WBC,Gradient Squared Energy,gradient,curvature_at_peak,0.2955417024122474,0.02067212363025103,dimensionless,25773,not_reference_dependent,not_applicable,frozen_32
WBC,Gradient Squared Energy,gradient,rrmse_under_additive_noise,0.10492427442965269,0.11293156717926686,dimensionless,25773,not_reference_dependent,not_applicable,frozen_32
WBC,Mean Intensity,statistical,absolute_peak_localization_error,4.9178597757342954,1.0,slices,25773,REF-B_fixed_ten_diagnostic,not_applicable,frozen_32
WBC,Mean Intensity,statistical,range_around_global_maximum,1.6948356807511737,0.08966588685857776,slices,25773,not_reference_dependent,not_applicable,frozen_32
WBC,Mean Intensity,statistical,false_maxima_count,0.07348775850696465,0.0,dimensionless,25773,not_reference_dependent,not_applicable,frozen_32
WBC,Mean Intensity,statistical,fwhm,4.846001629612385,0.10594884648056721,slices,25773,not_reference_dependent,not_applicable,frozen_32
WBC,Mean Intensity,statistical,noise_level,0.020221329066433025,0.02846127337321682,dimensionless,25773,not_reference_dependent,not_applicable,frozen_32
WBC,Mean Intensity,statistical,steep_to_gradual_slope_ratio,0.7673686572979944,0.04863545734168524,dimensionless,25773,not_reference_dependent,not_applicable,frozen_32
WBC,Mean Intensity,statistical,execution_time_per_slice,1.9817e-05,0.0002707549807914786,seconds/slice,25773,not_reference_dependent,r07b_corrected_native_kernel,frozen_32
WBC,Mean Intensity,statistical,steep_slope_width,7.284056958832887,0.7975488027515217,slices,25773,not_reference_dependent,not_applicable,frozen_32
WBC,Mean Intensity,statistical,curvature_at_peak,0.07202906898485403,0.36941003665030075,dimensionless,25773,not_reference_dependent,not_applicable,frozen_32
WBC,Mean Intensity,statistical,rrmse_under_additive_noise,0.7986001175163517,0.8866715507663768,dimensionless,25773,not_reference_dependent,not_applicable,frozen_32
WBC,Intensity Variance,statistical,absolute_peak_localization_error,2.26419120785318,0.4577148747224866,slices,25773,REF-B_fixed_ten_diagnostic,not_applicable,frozen_32
WBC,Intensity Variance,statistical,range_around_global_maximum,2.5726535521669964,0.29401775794636487,slices,25773,not_reference_dependent,not_applicable,frozen_32
WBC,Intensity Variance,statistical,false_maxima_count,0.1009971675784736,0.046179899693870916,dimensionless,25773,not_reference_dependent,not_applicable,frozen_32
WBC,Intensity Variance,statistical,fwhm,5.4850812866177785,0.24448051674979196,slices,25773,not_reference_dependent,not_applicable,frozen_32
WBC,Intensity Variance,statistical,noise_level,0.010417184982193349,0.0006018265921901574,dimensionless,25773,not_reference_dependent,not_applicable,frozen_32
WBC,Intensity Variance,statistical,steep_to_gradual_slope_ratio,0.2338108031100732,0.6202233746420083,dimensionless,25773,not_reference_dependent,not_applicable,frozen_32
WBC,Intensity Variance,statistical,execution_time_per_slice,4.5372999999999994e-05,0.0029107451712176604,seconds/slice,25773,not_reference_dependent,r07b_corrected_native_kernel,frozen_32
WBC,Intensity Variance,statistical,steep_slope_width,8.442439762542195,0.9835693768575575,slices,25773,not_reference_dependent,not_applicable,frozen_32
WBC,Intensity Variance,statistical,curvature_at_peak,0.05212431459972523,0.5454990763705313,dimensionless,25773,not_reference_dependent,not_applicable,frozen_32
WBC,Intensity Variance,statistical,rrmse_under_additive_noise,0.26391622627930134,0.290274387230814,dimensionless,25773,not_reference_dependent,not_applicable,frozen_32
WBC,Intensity Range Index,statistical,absolute_peak_localization_error,1.2279905327280487,0.24596416111639707,slices,25773,REF-B_fixed_ten_diagnostic,not_applicable,frozen_32
WBC,Intensity Range Index,statistical,range_around_global_maximum,1.4860512939898343,0.041061863771440964,slices,25773,not_reference_dependent,not_applicable,frozen_32
WBC,Intensity Range Index,statistical,false_maxima_count,0.6691886858340124,1.0,dimensionless,25773,not_reference_dependent,not_applicable,frozen_32
WBC,Intensity Range Index,statistical,fwhm,6.32894890001164,0.4274035509726907,slices,25773,not_reference_dependent,not_applicable,frozen_32
WBC,Intensity Range Index,statistical,noise_level,0.1327716562082026,0.3482841791007839,dimensionless,25773,not_reference_dependent,not_applicable,frozen_32
WBC,Intensity Range Index,statistical,steep_to_gradual_slope_ratio,0.9522736697596235,0.0,dimensionless,25773,not_reference_dependent,not_applicable,frozen_32
WBC,Intensity Range Index,statistical,execution_time_per_slice,2.389e-05,0.0006915047086677441,seconds/slice,25773,not_reference_dependent,r07b_corrected_native_kernel,frozen_32
WBC,Intensity Range Index,statistical,steep_slope_width,5.735692391262174,0.548902444343367,slices,25773,not_reference_dependent,not_applicable,frozen_32
WBC,Intensity Range Index,statistical,curvature_at_peak,0.3621575855226902,0.0,dimensionless,25773,not_reference_dependent,not_applicable,frozen_32
WBC,Intensity Range Index,statistical,rrmse_under_additive_noise,0.8858103527670221,0.9839476007600163,dimensionless,25773,not_reference_dependent,not_applicable,frozen_32
WBC,Maximal Intensity,statistical,absolute_peak_localization_error,1.2203856749311295,0.24441008563273073,slices,25773,REF-B_fixed_ten_diagnostic,not_applicable,frozen_32
WBC,Maximal Intensity,statistical,range_around_global_maximum,5.605284600162961,1.0,slices,25773,not_reference_dependent,not_applicable,frozen_32
WBC,Maximal Intensity,statistical,false_maxima_count,0.34039498700190124,0.448055754575653,dimensionless,25773,not_reference_dependent,not_applicable,frozen_32
WBC,Maximal Intensity,statistical,fwhm,8.970472975594614,1.0,slices,25773,not_reference_dependent,not_applicable,frozen_32
WBC,Maximal Intensity,statistical,noise_level,0.36211992217685623,1.0,dimensionless,25773,not_reference_dependent,not_applicable,frozen_32
WBC,Maximal Intensity,statistical,steep_to_gradual_slope_ratio,0.15992755852960022,1.0,dimensionless,25773,not_reference_dependent,not_applicable,frozen_32
WBC,Maximal Intensity,statistical,execution_time_per_slice,1.7196e-05,0.0,seconds/slice,25773,not_reference_dependent,r07b_corrected_native_kernel,frozen_32
WBC,Maximal Intensity,statistical,steep_slope_width,2.3175804136111435,0.0,slices,25773,not_reference_dependent,not_applicable,frozen_32
WBC,Maximal Intensity,statistical,curvature_at_peak,0.05745451622172632,0.4863833856437738,dimensionless,25773,not_reference_dependent,not_applicable,frozen_32
WBC,Maximal Intensity,statistical,rrmse_under_additive_noise,0.9002017010397799,1.0,dimensionless,25773,not_reference_dependent,not_applicable,frozen_32
WBC,Laplacian Energy,laplacian,absolute_peak_localization_error,0.7652582159624414,0.15140342530922934,slices,25773,REF-B_fixed_ten_diagnostic,not_applicable,frozen_32
WBC,Laplacian Energy,laplacian,range_around_global_maximum,1.3158732006363247,0.0014452041802530799,slices,25773,not_reference_dependent,not_applicable,frozen_32
WBC,Laplacian Energy,laplacian,false_maxima_count,0.1809645753307725,0.18042076467139972,dimensionless,25773,not_reference_dependent,not_applicable,frozen_32
WBC,Laplacian Energy,laplacian,fwhm,4.3572343149807935,0.0,slices,25773,not_reference_dependent,not_applicable,frozen_32
WBC,Laplacian Energy,laplacian,noise_level,0.05195512037043407,0.11863598545391814,dimensionless,25773,not_reference_dependent,not_applicable,frozen_32
WBC,Laplacian Energy,laplacian,steep_to_gradual_slope_ratio,0.8375990072614047,0.02763374166236196,dimensionless,25773,not_reference_dependent,not_applicable,frozen_32
WBC,Laplacian Energy,laplacian,execution_time_per_slice,0.000310387,0.030287265766209225,seconds/slice,25773,not_reference_dependent,r07b_corrected_native_kernel,frozen_32
WBC,Laplacian Energy,laplacian,steep_slope_width,8.404376673262718,0.9774569607397209,slices,25773,not_reference_dependent,not_applicable,frozen_32
WBC,Laplacian Energy,laplacian,curvature_at_peak,0.3521362599637652,0.002609999947058621,dimensionless,25773,not_reference_dependent,not_applicable,frozen_32
WBC,Laplacian Energy,laplacian,rrmse_under_additive_noise,0.09103830383927262,0.09744287636817729,dimensionless,25773,not_reference_dependent,not_applicable,frozen_32
WBC,Mean Absolute Laplacian,laplacian,absolute_peak_localization_error,0.7656074186163815,0.15147478591817318,slices,25773,REF-B_fixed_ten_diagnostic,not_applicable,frozen_32
WBC,Mean Absolute Laplacian,laplacian,range_around_global_maximum,1.4682419586388857,0.03691593427933994,slices,25773,not_reference_dependent,not_applicable,frozen_32
WBC,Mean Absolute Laplacian,laplacian,false_maxima_count,0.2525123190936251,0.3005275841855012,dimensionless,25773,not_reference_dependent,not_applicable,frozen_32
WBC,Mean Absolute Laplacian,laplacian,fwhm,5.259612773057075,0.19560628106680575,slices,25773,not_reference_dependent,not_applicable,frozen_32
WBC,Mean Absolute Laplacian,laplacian,noise_level,0.04262238450698908,0.09211609183801477,dimensionless,25773,not_reference_dependent,not_applicable,frozen_32
WBC,Mean Absolute Laplacian,laplacian,steep_to_gradual_slope_ratio,0.6214763885478655,0.10743497191909972,dimensionless,25773,not_reference_dependent,not_applicable,frozen_32
WBC,Mean Absolute Laplacian,laplacian,execution_time_per_slice,0.000320421,0.031323799714038945,seconds/slice,25773,not_reference_dependent,r07b_corrected_native_kernel,frozen_32
WBC,Mean Absolute Laplacian,laplacian,steep_slope_width,8.159352811081364,0.9381094502563974,slices,25773,not_reference_dependent,not_applicable,frozen_32
WBC,Mean Absolute Laplacian,laplacian,curvature_at_peak,0.26685307471441716,0.03275422439703964,dimensionless,25773,not_reference_dependent,not_applicable,frozen_32
WBC,Mean Absolute Laplacian,laplacian,rrmse_under_additive_noise,0.0799961833955224,0.08512627319385233,dimensionless,25773,not_reference_dependent,not_applicable,frozen_32
WBC,Spatial Frequency,gradient,absolute_peak_localization_error,0.12831257517557135,0.021241674595623223,slices,25773,REF-B_fixed_ten_diagnostic,not_applicable,frozen_32
WBC,Spatial Frequency,gradient,range_around_global_maximum,1.428704458153882,0.027711790156353028,slices,25773,not_reference_dependent,not_applicable,frozen_32
WBC,Spatial Frequency,gradient,false_maxima_count,0.3199084313040779,0.41366508174298183,dimensionless,25773,not_reference_dependent,not_applicable,frozen_32
WBC,Spatial Frequency,gradient,fwhm,4.925503433826097,0.12318225018293147,slices,25773,not_reference_dependent,not_applicable,frozen_32
WBC,Spatial Frequency,gradient,noise_level,0.04744921866445069,0.10583201932492418,dimensionless,25773,not_reference_dependent,not_applicable,frozen_32
WBC,Spatial Frequency,gradient,steep_to_gradual_slope_ratio,0.5984807753962746,0.11931836078829418,dimensionless,25773,not_reference_dependent,not_applicable,frozen_32
WBC,Spatial Frequency,gradient,execution_time_per_slice,0.000100935,0.00865042019706128,seconds/slice,25773,not_reference_dependent,r07b_corrected_native_kernel,frozen_32
WBC,Spatial Frequency,gradient,steep_slope_width,7.910177317347612,0.8980952440293346,slices,25773,not_reference_dependent,not_applicable,frozen_32
WBC,Spatial Frequency,gradient,curvature_at_peak,0.2567590149339218,0.03764740923365588,dimensionless,25773,not_reference_dependent,not_applicable,frozen_32
WBC,Spatial Frequency,gradient,rrmse_under_additive_noise,0.09246524637814765,0.09903451676853489,dimensionless,25773,not_reference_dependent,not_applicable,frozen_32
WBC,Modified Tenengrad,gradient,absolute_peak_localization_error,0.03670507895860008,0.0025214081826831587,slices,25773,REF-B_fixed_ten_diagnostic,not_applicable,frozen_32
WBC,Modified Tenengrad,gradient,range_around_global_maximum,1.3768284638963255,0.015635302725113123,slices,25773,not_reference_dependent,not_applicable,frozen_32
WBC,Modified Tenengrad,gradient,false_maxima_count,0.33771776665502656,0.4435615189213834,dimensionless,25773,not_reference_dependent,not_applicable,frozen_32
WBC,Modified Tenengrad,gradient,fwhm,4.581422418810383,0.048596684525261384,slices,25773,not_reference_dependent,not_applicable,frozen_32
WBC,Modified Tenengrad,gradient,noise_level,0.048385534147602556,0.10849265253767482,dimensionless,25773,not_reference_dependent,not_applicable,frozen_32
WBC,Modified Tenengrad,gradient,steep_to_gradual_slope_ratio,0.7076366118575915,0.0697782907804045,dimensionless,25773,not_reference_dependent,not_applicable,frozen_32
WBC,Modified Tenengrad,gradient,execution_time_per_slice,0.000785728,0.07939102132683576,seconds/slice,25773,not_reference_dependent,r07b_corrected_native_kernel,frozen_32
WBC,Modified Tenengrad,gradient,steep_slope_width,7.788033989058317,0.8784806814004348,slices,25773,not_reference_dependent,not_applicable,frozen_32
WBC,Modified Tenengrad,gradient,curvature_at_peak,0.29148753193349014,0.022235224173511724,dimensionless,25773,not_reference_dependent,not_applicable,frozen_32
WBC,Modified Tenengrad,gradient,rrmse_under_additive_noise,0.10010193394393882,0.10755263163544779,dimensionless,25773,not_reference_dependent,not_applicable,frozen_32
WBC,Absolute Central Moment 2,statistical,absolute_peak_localization_error,2.26419120785318,0.4577148747224866,slices,25773,REF-B_fixed_ten_diagnostic,not_applicable,frozen_32
WBC,Absolute Central Moment 2,statistical,range_around_global_maximum,2.5726535521669964,0.29401775794636487,slices,25773,not_reference_dependent,not_applicable,frozen_32
WBC,Absolute Central Moment 2,statistical,false_maxima_count,0.1009971675784736,0.046179899693870916,dimensionless,25773,not_reference_dependent,not_applicable,frozen_32
WBC,Absolute Central Moment 2,statistical,fwhm,5.4850812866177785,0.24448051674979196,slices,25773,not_reference_dependent,not_applicable,frozen_32
WBC,Absolute Central Moment 2,statistical,noise_level,0.010417184982193349,0.0006018265921901574,dimensionless,25773,not_reference_dependent,not_applicable,frozen_32
WBC,Absolute Central Moment 2,statistical,steep_to_gradual_slope_ratio,0.2338108031100732,0.6202233746420083,dimensionless,25773,not_reference_dependent,not_applicable,frozen_32
WBC,Absolute Central Moment 2,statistical,execution_time_per_slice,5.7038e-05,0.004115764954099232,seconds/slice,25773,not_reference_dependent,r07b_corrected_native_kernel,frozen_32
WBC,Absolute Central Moment 2,statistical,steep_slope_width,8.442439762542195,0.9835693768575575,slices,25773,not_reference_dependent,not_applicable,frozen_32
WBC,Absolute Central Moment 2,statistical,curvature_at_peak,0.05212431459972523,0.5454990763705313,dimensionless,25773,not_reference_dependent,not_applicable,frozen_32
WBC,Absolute Central Moment 2,statistical,rrmse_under_additive_noise,0.26391622627930134,0.290274387230814,dimensionless,25773,not_reference_dependent,not_applicable,frozen_32
WBC,Absolute Central Moment 4,statistical,absolute_peak_localization_error,2.092073099755558,0.4225420234697114,slices,25773,REF-B_fixed_ten_diagnostic,not_applicable,frozen_32
WBC,Absolute Central Moment 4,statistical,range_around_global_maximum,2.321654444573779,0.2355863464335071,slices,25773,not_reference_dependent,not_applicable,frozen_32
WBC,Absolute Central Moment 4,statistical,false_maxima_count,0.11380126488961316,0.06767407021429037,dimensionless,25773,not_reference_dependent,not_applicable,frozen_32
WBC,Absolute Central Moment 4,statistical,fwhm,5.285958173282117,0.2013171064030211,slices,25773,not_reference_dependent,not_applicable,frozen_32
WBC,Absolute Central Moment 4,statistical,noise_level,0.012171344184405826,0.00558644376219339,dimensionless,25773,not_reference_dependent,not_applicable,frozen_32
WBC,Absolute Central Moment 4,statistical,steep_to_gradual_slope_ratio,0.30341943468782107,0.4316304999435145,dimensionless,25773,not_reference_dependent,not_applicable,frozen_32
WBC,Absolute Central Moment 4,statistical,execution_time_per_slice,0.000506624,0.050558973192984254,seconds/slice,25773,not_reference_dependent,r07b_corrected_native_kernel,frozen_32
WBC,Absolute Central Moment 4,statistical,steep_slope_width,8.544756140146665,1.0,slices,25773,not_reference_dependent,not_applicable,frozen_32
WBC,Absolute Central Moment 4,statistical,curvature_at_peak,0.07126017539383943,0.37438551926915997,dimensionless,25773,not_reference_dependent,not_applicable,frozen_32
WBC,Absolute Central Moment 4,statistical,rrmse_under_additive_noise,0.3273164134393715,0.36099223081949616,dimensionless,25773,not_reference_dependent,not_applicable,frozen_32
WBC,Image Power,statistical,absolute_peak_localization_error,2.2911574127963372,0.4632254995242627,slices,25773,REF-B_fixed_ten_diagnostic,not_applicable,frozen_32
WBC,Image Power,statistical,range_around_global_maximum,1.985178287354984,0.15725627986378954,slices,25773,not_reference_dependent,not_applicable,frozen_32
WBC,Image Power,statistical,false_maxima_count,0.3218872463430722,0.41698690809613753,dimensionless,25773,not_reference_dependent,not_applicable,frozen_32
WBC,Image Power,statistical,fwhm,5.882163504442634,0.33055501820903815,slices,25773,not_reference_dependent,not_applicable,frozen_32
WBC,Image Power,statistical,noise_level,0.044904874200674294,0.09860201244496354,dimensionless,25773,not_reference_dependent,not_applicable,frozen_32
WBC,Image Power,statistical,steep_to_gradual_slope_ratio,0.832392962807353,0.029068945117226082,dimensionless,25773,not_reference_dependent,not_applicable,frozen_32
WBC,Image Power,statistical,execution_time_per_slice,2.7411999999999998e-05,0.0010553349422990248,seconds/slice,25773,not_reference_dependent,r07b_corrected_native_kernel,frozen_32
WBC,Image Power,statistical,steep_slope_width,7.110852442478563,0.7697345055547592,slices,25773,not_reference_dependent,not_applicable,frozen_32
WBC,Image Power,statistical,curvature_at_peak,0.1302006474395108,0.16338805321343577,dimensionless,25773,not_reference_dependent,not_applicable,frozen_32
WBC,Image Power,statistical,rrmse_under_additive_noise,0.47643599808965675,0.5273232139865252,dimensionless,25773,not_reference_dependent,not_applicable,frozen_32
TBI,Tenengrad,gradient,absolute_peak_localization_error,0.0,0.0,slices,30,REF-B_fixed_ten_diagnostic,not_applicable,frozen_32
TBI,Tenengrad,gradient,range_around_global_maximum,1.0333333333333334,0.0,slices,30,not_reference_dependent,not_applicable,frozen_32
TBI,Tenengrad,gradient,false_maxima_count,0.4,0.2340425531914894,dimensionless,30,not_reference_dependent,not_applicable,frozen_32
TBI,Tenengrad,gradient,fwhm,1.4333333333333333,0.0,slices,30,not_reference_dependent,not_applicable,frozen_32
TBI,Tenengrad,gradient,noise_level,0.34008735023149955,0.6347692012256685,dimensionless,30,not_reference_dependent,not_applicable,frozen_32
TBI,Tenengrad,gradient,steep_to_gradual_slope_ratio,8.262597980658708,0.03712744333700284,dimensionless,30,not_reference_dependent,not_applicable,frozen_32
TBI,Tenengrad,gradient,execution_time_per_slice,0.024175436,0.012309258800404774,seconds/slice,30,not_reference_dependent,r07b_corrected_native_kernel,frozen_32
TBI,Tenengrad,gradient,steep_slope_width,6.966666666666667,0.7098765432098765,slices,30,not_reference_dependent,not_applicable,frozen_32
TBI,Tenengrad,gradient,curvature_at_peak,1.3272020336431105,0.009792231704342636,dimensionless,30,not_reference_dependent,not_applicable,frozen_32
TBI,Tenengrad,gradient,rrmse_under_additive_noise,1.384081889607209,0.9542058220174608,dimensionless,30,not_reference_dependent,not_applicable,frozen_32
TBI,Brenner Gradient,gradient,absolute_peak_localization_error,0.0,0.0,slices,30,REF-B_fixed_ten_diagnostic,not_applicable,frozen_32
TBI,Brenner Gradient,gradient,range_around_global_maximum,1.0666666666666667,0.03225806451612891,slices,30,not_reference_dependent,not_applicable,frozen_32
TBI,Brenner Gradient,gradient,false_maxima_count,0.5,0.2978723404255319,dimensionless,30,not_reference_dependent,not_applicable,frozen_32
TBI,Brenner Gradient,gradient,fwhm,1.6,0.02118644067796611,slices,30,not_reference_dependent,not_applicable,frozen_32
TBI,Brenner Gradient,gradient,noise_level,0.3243483310374589,0.5966700294787375,dimensionless,30,not_reference_dependent,not_applicable,frozen_32
TBI,Brenner Gradient,gradient,steep_to_gradual_slope_ratio,6.994079066750081,0.05900264984635148,dimensionless,30,not_reference_dependent,not_applicable,frozen_32
TBI,Brenner Gradient,gradient,execution_time_per_slice,0.013875011000000001,0.005401884780030249,seconds/slice,30,not_reference_dependent,r07b_corrected_native_kernel,frozen_32
TBI,Brenner Gradient,gradient,steep_slope_width,6.533333333333333,0.6296296296296295,slices,30,not_reference_dependent,not_applicable,frozen_32
TBI,Brenner Gradient,gradient,curvature_at_peak,1.2701260024603076,0.0225508450573043,dimensionless,30,not_reference_dependent,not_applicable,frozen_32
TBI,Brenner Gradient,gradient,rrmse_under_additive_noise,1.4501808597282422,1.0,dimensionless,30,not_reference_dependent,not_applicable,frozen_32
TBI,Variance of Laplacian,laplacian,absolute_peak_localization_error,1.9333333333333333,0.5686274509803921,slices,30,REF-B_fixed_ten_diagnostic,not_applicable,frozen_32
TBI,Variance of Laplacian,laplacian,range_around_global_maximum,1.1666666666666667,0.1290322580645161,slices,30,not_reference_dependent,not_applicable,frozen_32
TBI,Variance of Laplacian,laplacian,false_maxima_count,1.5666666666666667,0.9787234042553191,dimensionless,30,not_reference_dependent,not_applicable,frozen_32
TBI,Variance of Laplacian,laplacian,fwhm,6.933333333333334,0.6991525423728813,slices,30,not_reference_dependent,not_applicable,frozen_32
TBI,Variance of Laplacian,laplacian,noise_level,0.475136405325979,0.9616801148519458,dimensionless,30,not_reference_dependent,not_applicable,frozen_32
TBI,Variance of Laplacian,laplacian,steep_to_gradual_slope_ratio,1.8982525886546793,0.44150355515208595,dimensionless,30,not_reference_dependent,not_applicable,frozen_32
TBI,Variance of Laplacian,laplacian,execution_time_per_slice,0.015629081,0.00657814862816451,seconds/slice,30,not_reference_dependent,r07b_corrected_native_kernel,frozen_32
TBI,Variance of Laplacian,laplacian,steep_slope_width,3.4,0.0493827160493827,slices,30,not_reference_dependent,not_applicable,frozen_32
TBI,Variance of Laplacian,laplacian,curvature_at_peak,0.7169258530169412,0.25147667396372125,dimensionless,30,not_reference_dependent,not_applicable,frozen_32
TBI,Variance of Laplacian,laplacian,rrmse_under_additive_noise,0.8567249939155224,0.5888464904362907,dimensionless,30,not_reference_dependent,not_applicable,frozen_32
TBI,Sum Modified Laplacian,laplacian,absolute_peak_localization_error,1.9333333333333333,0.5686274509803921,slices,30,REF-B_fixed_ten_diagnostic,not_applicable,frozen_32
TBI,Sum Modified Laplacian,laplacian,range_around_global_maximum,1.1666666666666667,0.1290322580645161,slices,30,not_reference_dependent,not_applicable,frozen_32
TBI,Sum Modified Laplacian,laplacian,false_maxima_count,1.5333333333333334,0.9574468085106383,dimensionless,30,not_reference_dependent,not_applicable,frozen_32
TBI,Sum Modified Laplacian,laplacian,fwhm,7.0,0.7076271186440677,slices,30,not_reference_dependent,not_applicable,frozen_32
TBI,Sum Modified Laplacian,laplacian,noise_level,0.4637007938020078,0.9339981276765359,dimensionless,30,not_reference_dependent,not_applicable,frozen_32
TBI,Sum Modified Laplacian,laplacian,steep_to_gradual_slope_ratio,1.8988350969571075,0.44134250421977994,dimensionless,30,not_reference_dependent,not_applicable,frozen_32
TBI,Sum Modified Laplacian,laplacian,execution_time_per_slice,0.036732090999999994,0.020729640729286913,seconds/slice,30,not_reference_dependent,r07b_corrected_native_kernel,frozen_32
TBI,Sum Modified Laplacian,laplacian,steep_slope_width,3.466666666666667,0.06172839506172842,slices,30,not_reference_dependent,not_applicable,frozen_32
TBI,Sum Modified Laplacian,laplacian,curvature_at_peak,0.7109363071159053,0.2559048259362029,dimensionless,30,not_reference_dependent,not_applicable,frozen_32
TBI,Sum Modified Laplacian,laplacian,rrmse_under_additive_noise,0.8635623907694069,0.5935835229178967,dimensionless,30,not_reference_dependent,not_applicable,frozen_32
TBI,Normalized Variance,statistical,absolute_peak_localization_error,0.03333333333333333,0.00980392156862745,slices,30,REF-B_fixed_ten_diagnostic,not_applicable,frozen_32
TBI,Normalized Variance,statistical,range_around_global_maximum,1.0333333333333334,0.0,slices,30,not_reference_dependent,not_applicable,frozen_32
TBI,Normalized Variance,statistical,false_maxima_count,0.03333333333333333,0.0,dimensionless,30,not_reference_dependent,not_applicable,frozen_32
TBI,Normalized Variance,statistical,fwhm,3.033333333333333,0.20338983050847453,slices,30,not_reference_dependent,not_applicable,frozen_32
TBI,Normalized Variance,statistical,noise_level,0.12108627082604508,0.10463707328525905,dimensionless,30,not_reference_dependent,not_applicable,frozen_32
TBI,Normalized Variance,statistical,steep_to_gradual_slope_ratio,2.8675854410437513,0.2640417319156095,dimensionless,30,not_reference_dependent,not_applicable,frozen_32
TBI,Normalized Variance,statistical,execution_time_per_slice,0.016117636999999997,0.006905769966303283,seconds/slice,30,not_reference_dependent,r07b_corrected_native_kernel,frozen_32
TBI,Normalized Variance,statistical,steep_slope_width,8.533333333333333,1.0,slices,30,not_reference_dependent,not_applicable,frozen_32
TBI,Normalized Variance,statistical,curvature_at_peak,0.7495617391246906,0.2285918638908921,dimensionless,30,not_reference_dependent,not_applicable,frozen_32
TBI,Normalized Variance,statistical,rrmse_under_additive_noise,0.5302936977163134,0.36269088090341606,dimensionless,30,not_reference_dependent,not_applicable,frozen_32
TBI,Energy of Gradient,gradient,absolute_peak_localization_error,0.0,0.0,slices,30,REF-B_fixed_ten_diagnostic,not_applicable,frozen_32
TBI,Energy of Gradient,gradient,range_around_global_maximum,1.0333333333333334,0.0,slices,30,not_reference_dependent,not_applicable,frozen_32
TBI,Energy of Gradient,gradient,false_maxima_count,0.4,0.2340425531914894,dimensionless,30,not_reference_dependent,not_applicable,frozen_32
TBI,Energy of Gradient,gradient,fwhm,1.4333333333333333,0.0,slices,30,not_reference_dependent,not_applicable,frozen_32
TBI,Energy of Gradient,gradient,noise_level,0.34008735023149955,0.6347692012256685,dimensionless,30,not_reference_dependent,not_applicable,frozen_32
TBI,Energy of Gradient,gradient,steep_to_gradual_slope_ratio,8.262597980658708,0.03712744333700284,dimensionless,30,not_reference_dependent,not_applicable,frozen_32
TBI,Energy of Gradient,gradient,execution_time_per_slice,0.023999134000000002,0.012191032236496967,seconds/slice,30,not_reference_dependent,r07b_corrected_native_kernel,frozen_32
TBI,Energy of Gradient,gradient,steep_slope_width,6.966666666666667,0.7098765432098765,slices,30,not_reference_dependent,not_applicable,frozen_32
TBI,Energy of Gradient,gradient,curvature_at_peak,1.3272020336431105,0.009792231704342636,dimensionless,30,not_reference_dependent,not_applicable,frozen_32
TBI,Energy of Gradient,gradient,rrmse_under_additive_noise,1.384081889607209,0.9542058220174608,dimensionless,30,not_reference_dependent,not_applicable,frozen_32
TBI,Histogram Entropy,entropy,absolute_peak_localization_error,0.1,0.029411764705882356,slices,30,REF-B_fixed_ten_diagnostic,not_applicable,frozen_32
TBI,Histogram Entropy,entropy,range_around_global_maximum,1.1,0.06451612903225805,slices,30,not_reference_dependent,not_applicable,frozen_32
TBI,Histogram Entropy,entropy,false_maxima_count,0.16666666666666666,0.0851063829787234,dimensionless,30,not_reference_dependent,not_applicable,frozen_32
TBI,Histogram Entropy,entropy,fwhm,4.133333333333334,0.3432203389830509,slices,30,not_reference_dependent,not_applicable,frozen_32
TBI,Histogram Entropy,entropy,noise_level,0.07786000554699515,0.0,dimensionless,30,not_reference_dependent,not_applicable,frozen_32
TBI,Histogram Entropy,entropy,steep_to_gradual_slope_ratio,1.641761014646588,0.5235220014300355,dimensionless,30,not_reference_dependent,not_applicable,frozen_32
TBI,Histogram Entropy,entropy,execution_time_per_slice,0.055415889,0.03325883063233708,seconds/slice,30,not_reference_dependent,r07b_corrected_native_kernel,frozen_32
TBI,Histogram Entropy,entropy,steep_slope_width,8.0,0.9012345679012346,slices,30,not_reference_dependent,not_applicable,frozen_32
TBI,Histogram Entropy,entropy,curvature_at_peak,0.588588700287855,0.36608067854712933,dimensionless,30,not_reference_dependent,not_applicable,frozen_32
TBI,Histogram Entropy,entropy,rrmse_under_additive_noise,0.6164849953997145,0.4224052700903014,dimensionless,30,not_reference_dependent,not_applicable,frozen_32
TBI,GLCM Contrast,texture,absolute_peak_localization_error,3.2666666666666666,0.9607843137254902,slices,30,REF-B_fixed_ten_diagnostic,not_applicable,frozen_32
TBI,GLCM Contrast,texture,range_around_global_maximum,1.1333333333333333,0.09677419354838696,slices,30,not_reference_dependent,not_applicable,frozen_32
TBI,GLCM Contrast,texture,false_maxima_count,1.6,1.0,dimensionless,30,not_reference_dependent,not_applicable,frozen_32
TBI,GLCM Contrast,texture,fwhm,8.933333333333334,0.9533898305084745,slices,30,not_reference_dependent,not_applicable,frozen_32
TBI,GLCM Contrast,texture,noise_level,0.36096382507875663,0.685304523082147,dimensionless,30,not_reference_dependent,not_applicable,frozen_32
TBI,GLCM Contrast,texture,steep_to_gradual_slope_ratio,1.5659491363615117,0.552908784096851,dimensionless,30,not_reference_dependent,not_applicable,frozen_32
TBI,GLCM Contrast,texture,execution_time_per_slice,1.4970411549999998,1.0,seconds/slice,30,not_reference_dependent,r07b_corrected_native_kernel,frozen_32
TBI,GLCM Contrast,texture,steep_slope_width,3.3,0.030864197530864168,slices,30,not_reference_dependent,not_applicable,frozen_32
TBI,GLCM Contrast,texture,curvature_at_peak,0.43639593943918586,0.5893530214778061,dimensionless,30,not_reference_dependent,not_applicable,frozen_32
TBI,GLCM Contrast,texture,rrmse_under_additive_noise,0.08603989445878443,0.0549063919992308,dimensionless,30,not_reference_dependent,not_applicable,frozen_32
TBI,Variance of Gradient,gradient,absolute_peak_localization_error,0.0,0.0,slices,30,REF-B_fixed_ten_diagnostic,not_applicable,frozen_32
TBI,Variance of Gradient,gradient,range_around_global_maximum,1.0333333333333334,0.0,slices,30,not_reference_dependent,not_applicable,frozen_32
TBI,Variance of Gradient,gradient,false_maxima_count,0.4,0.2340425531914894,dimensionless,30,not_reference_dependent,not_applicable,frozen_32
TBI,Variance of Gradient,gradient,fwhm,1.4333333333333333,0.0,slices,30,not_reference_dependent,not_applicable,frozen_32
TBI,Variance of Gradient,gradient,noise_level,0.3684628140613721,0.7034571961079978,dimensionless,30,not_reference_dependent,not_applicable,frozen_32
TBI,Variance of Gradient,gradient,steep_to_gradual_slope_ratio,11.937217757241685,0.0,dimensionless,30,not_reference_dependent,not_applicable,frozen_32
TBI,Variance of Gradient,gradient,execution_time_per_slice,0.036999977,0.020909282714624614,seconds/slice,30,not_reference_dependent,r07b_corrected_native_kernel,frozen_32
TBI,Variance of Gradient,gradient,steep_slope_width,7.166666666666667,0.7469135802469135,slices,30,not_reference_dependent,not_applicable,frozen_32
TBI,Variance of Gradient,gradient,curvature_at_peak,1.3746115079361985,0.0,dimensionless,30,not_reference_dependent,not_applicable,frozen_32
TBI,Variance of Gradient,gradient,rrmse_under_additive_noise,1.2660970303532233,0.8724644630518305,dimensionless,30,not_reference_dependent,not_applicable,frozen_32
TBI,Fourier Transform Sharpness Index,frequency,absolute_peak_localization_error,0.0,0.0,slices,30,REF-B_fixed_ten_diagnostic,not_applicable,frozen_32
TBI,Fourier Transform Sharpness Index,frequency,range_around_global_maximum,1.0666666666666667,0.03225806451612891,slices,30,not_reference_dependent,not_applicable,frozen_32
TBI,Fourier Transform Sharpness Index,frequency,false_maxima_count,0.13333333333333333,0.06382978723404256,dimensionless,30,not_reference_dependent,not_applicable,frozen_32
TBI,Fourier Transform Sharpness Index,frequency,fwhm,1.9666666666666666,0.06779661016949151,slices,30,not_reference_dependent,not_applicable,frozen_32
TBI,Fourier Transform Sharpness Index,frequency,noise_level,0.21520242850358745,0.3324624295740189,dimensionless,30,not_reference_dependent,not_applicable,frozen_32
TBI,Fourier Transform Sharpness Index,frequency,steep_to_gradual_slope_ratio,4.868496966943349,0.12121187863561977,dimensionless,30,not_reference_dependent,not_applicable,frozen_32
TBI,Fourier Transform Sharpness Index,frequency,execution_time_per_slice,0.20908159,0.13630569237930765,seconds/slice,30,not_reference_dependent,r07b_corrected_native_kernel,frozen_32
TBI,Fourier Transform Sharpness Index,frequency,steep_slope_width,8.1,0.9197530864197531,slices,30,not_reference_dependent,not_applicable,frozen_32
TBI,Fourier Transform Sharpness Index,frequency,curvature_at_peak,1.0584632155110052,0.08187826866819281,dimensionless,30,not_reference_dependent,not_applicable,frozen_32
TBI,Fourier Transform Sharpness Index,frequency,rrmse_under_additive_noise,0.9751412435247615,0.6708867219361262,dimensionless,30,not_reference_dependent,not_applicable,frozen_32
TBI,Fourier High Frequency Energy Ratio,frequency,absolute_peak_localization_error,0.6333333333333333,0.18627450980392157,slices,30,REF-B_fixed_ten_diagnostic,not_applicable,frozen_32
TBI,Fourier High Frequency Energy Ratio,frequency,range_around_global_maximum,1.1,0.06451612903225805,slices,30,not_reference_dependent,not_applicable,frozen_32
TBI,Fourier High Frequency Energy Ratio,frequency,false_maxima_count,0.9,0.5531914893617021,dimensionless,30,not_reference_dependent,not_applicable,frozen_32
TBI,Fourier High Frequency Energy Ratio,frequency,fwhm,5.633333333333334,0.5338983050847458,slices,30,not_reference_dependent,not_applicable,frozen_32
TBI,Fourier High Frequency Energy Ratio,frequency,noise_level,0.30929817956560895,0.5602383879212731,dimensionless,30,not_reference_dependent,not_applicable,frozen_32
TBI,Fourier High Frequency Energy Ratio,frequency,steep_to_gradual_slope_ratio,2.2580678521333883,0.35784873527613,dimensionless,30,not_reference_dependent,not_applicable,frozen_32
TBI,Fourier High Frequency Energy Ratio,frequency,execution_time_per_slice,0.221358443,0.14453844155850723,seconds/slice,30,not_reference_dependent,r07b_corrected_native_kernel,frozen_32
TBI,Fourier High Frequency Energy Ratio,frequency,steep_slope_width,5.5,0.4382716049382716,slices,30,not_reference_dependent,not_applicable,frozen_32
TBI,Fourier High Frequency Energy Ratio,frequency,curvature_at_peak,0.738637706379735,0.2360268072548695,dimensionless,30,not_reference_dependent,not_applicable,frozen_32
TBI,Fourier High Frequency Energy Ratio,frequency,rrmse_under_additive_noise,0.8436423496559777,0.5797826738804985,dimensionless,30,not_reference_dependent,not_applicable,frozen_32
TBI,Roberts Focus Measure,gradient,absolute_peak_localization_error,0.03333333333333333,0.00980392156862745,slices,30,REF-B_fixed_ten_diagnostic,not_applicable,frozen_32
TBI,Roberts Focus Measure,gradient,range_around_global_maximum,1.0333333333333334,0.0,slices,30,not_reference_dependent,not_applicable,frozen_32
TBI,Roberts Focus Measure,gradient,false_maxima_count,0.7,0.425531914893617,dimensionless,30,not_reference_dependent,not_applicable,frozen_32
TBI,Roberts Focus Measure,gradient,fwhm,1.8666666666666667,0.05508474576271186,slices,30,not_reference_dependent,not_applicable,frozen_32
TBI,Roberts Focus Measure,gradient,noise_level,0.3169567662812843,0.5787773964212284,dimensionless,30,not_reference_dependent,not_applicable,frozen_32
TBI,Roberts Focus Measure,gradient,steep_to_gradual_slope_ratio,5.4265004149984755,0.1001632157297712,dimensionless,30,not_reference_dependent,not_applicable,frozen_32
TBI,Roberts Focus Measure,gradient,execution_time_per_slice,0.026939454,0.0141627848563731,seconds/slice,30,not_reference_dependent,r07b_corrected_native_kernel,frozen_32
TBI,Roberts Focus Measure,gradient,steep_slope_width,5.9,0.5123456790123457,slices,30,not_reference_dependent,not_applicable,frozen_32
TBI,Roberts Focus Measure,gradient,curvature_at_peak,1.2206069596500926,0.034586871903702916,dimensionless,30,not_reference_dependent,not_applicable,frozen_32
TBI,Roberts Focus Measure,gradient,rrmse_under_additive_noise,1.4035374189591274,0.9676848516037745,dimensionless,30,not_reference_dependent,not_applicable,frozen_32
TBI,Wavelet W1,wavelet,absolute_peak_localization_error,0.1,0.029411764705882356,slices,30,REF-B_fixed_ten_diagnostic,not_applicable,frozen_32
TBI,Wavelet W1,wavelet,range_around_global_maximum,1.0333333333333334,0.0,slices,30,not_reference_dependent,not_applicable,frozen_32
TBI,Wavelet W1,wavelet,false_maxima_count,0.9,0.5531914893617021,dimensionless,30,not_reference_dependent,not_applicable,frozen_32
TBI,Wavelet W1,wavelet,fwhm,2.2333333333333334,0.10169491525423728,slices,30,not_reference_dependent,not_applicable,frozen_32
TBI,Wavelet W1,wavelet,noise_level,0.3217953445600058,0.5904900592358072,dimensionless,30,not_reference_dependent,not_applicable,frozen_32
TBI,Wavelet W1,wavelet,steep_to_gradual_slope_ratio,3.965997196671518,0.16779216649409237,dimensionless,30,not_reference_dependent,not_applicable,frozen_32
TBI,Wavelet W1,wavelet,execution_time_per_slice,0.132830732,0.08517254053552772,seconds/slice,30,not_reference_dependent,r07b_corrected_native_kernel,frozen_32
TBI,Wavelet W1,wavelet,steep_slope_width,5.433333333333334,0.42592592592592593,slices,30,not_reference_dependent,not_applicable,frozen_32
TBI,Wavelet W1,wavelet,curvature_at_peak,1.1299776637557373,0.05934720373430706,dimensionless,30,not_reference_dependent,not_applicable,frozen_32
TBI,Wavelet W1,wavelet,rrmse_under_additive_noise,1.3151675582255584,0.9064611271899878,dimensionless,30,not_reference_dependent,not_applicable,frozen_32
TBI,Wavelet W2,wavelet,absolute_peak_localization_error,0.1,0.029411764705882356,slices,30,REF-B_fixed_ten_diagnostic,not_applicable,frozen_32
TBI,Wavelet W2,wavelet,range_around_global_maximum,1.0333333333333334,0.0,slices,30,not_reference_dependent,not_applicable,frozen_32
TBI,Wavelet W2,wavelet,false_maxima_count,0.9,0.5531914893617021,dimensionless,30,not_reference_dependent,not_applicable,frozen_32
TBI,Wavelet W2,wavelet,fwhm,2.2333333333333334,0.10169491525423728,slices,30,not_reference_dependent,not_applicable,frozen_32
TBI,Wavelet W2,wavelet,noise_level,0.3217953445600058,0.5904900592358072,dimensionless,30,not_reference_dependent,not_applicable,frozen_32
TBI,Wavelet W2,wavelet,steep_to_gradual_slope_ratio,3.965997196671518,0.16779216649409237,dimensionless,30,not_reference_dependent,not_applicable,frozen_32
TBI,Wavelet W2,wavelet,execution_time_per_slice,0.146462638,0.09431397628721637,seconds/slice,30,not_reference_dependent,r07b_corrected_native_kernel,frozen_32
TBI,Wavelet W2,wavelet,steep_slope_width,5.433333333333334,0.42592592592592593,slices,30,not_reference_dependent,not_applicable,frozen_32
TBI,Wavelet W2,wavelet,curvature_at_peak,1.1299776637557373,0.05934720373430706,dimensionless,30,not_reference_dependent,not_applicable,frozen_32
TBI,Wavelet W2,wavelet,rrmse_under_additive_noise,1.3151675582255584,0.9064611271899878,dimensionless,30,not_reference_dependent,not_applicable,frozen_32
TBI,Wavelet W3,wavelet,absolute_peak_localization_error,0.1,0.029411764705882356,slices,30,REF-B_fixed_ten_diagnostic,not_applicable,frozen_32
TBI,Wavelet W3,wavelet,range_around_global_maximum,1.0333333333333334,0.0,slices,30,not_reference_dependent,not_applicable,frozen_32
TBI,Wavelet W3,wavelet,false_maxima_count,0.9,0.5531914893617021,dimensionless,30,not_reference_dependent,not_applicable,frozen_32
TBI,Wavelet W3,wavelet,fwhm,2.2333333333333334,0.10169491525423728,slices,30,not_reference_dependent,not_applicable,frozen_32
TBI,Wavelet W3,wavelet,noise_level,0.3217953445600058,0.5904900592358072,dimensionless,30,not_reference_dependent,not_applicable,frozen_32
TBI,Wavelet W3,wavelet,steep_to_gradual_slope_ratio,3.965997196671518,0.16779216649409237,dimensionless,30,not_reference_dependent,not_applicable,frozen_32
TBI,Wavelet W3,wavelet,execution_time_per_slice,0.10101218099999999,0.06383530129118956,seconds/slice,30,not_reference_dependent,r07b_corrected_native_kernel,frozen_32
TBI,Wavelet W3,wavelet,steep_slope_width,5.433333333333334,0.42592592592592593,slices,30,not_reference_dependent,not_applicable,frozen_32
TBI,Wavelet W3,wavelet,curvature_at_peak,1.1299776637557373,0.05934720373430706,dimensionless,30,not_reference_dependent,not_applicable,frozen_32
TBI,Wavelet W3,wavelet,rrmse_under_additive_noise,1.3151675582255584,0.9064611271899878,dimensionless,30,not_reference_dependent,not_applicable,frozen_32
TBI,Wavelet Detail Energy (db1),wavelet,absolute_peak_localization_error,0.1,0.029411764705882356,slices,30,REF-B_fixed_ten_diagnostic,not_applicable,frozen_32
TBI,Wavelet Detail Energy (db1),wavelet,range_around_global_maximum,1.0333333333333334,0.0,slices,30,not_reference_dependent,not_applicable,frozen_32
TBI,Wavelet Detail Energy (db1),wavelet,false_maxima_count,0.9,0.5531914893617021,dimensionless,30,not_reference_dependent,not_applicable,frozen_32
TBI,Wavelet Detail Energy (db1),wavelet,fwhm,2.2333333333333334,0.10169491525423728,slices,30,not_reference_dependent,not_applicable,frozen_32
TBI,Wavelet Detail Energy (db1),wavelet,noise_level,0.3217956289188377,0.590490747578317,dimensionless,30,not_reference_dependent,not_applicable,frozen_32
TBI,Wavelet Detail Energy (db1),wavelet,steep_to_gradual_slope_ratio,3.9660162588417305,0.16779095876973638,dimensionless,30,not_reference_dependent,not_applicable,frozen_32
TBI,Wavelet Detail Energy (db1),wavelet,execution_time_per_slice,0.135828973,0.08718313446638219,seconds/slice,30,not_reference_dependent,r07b_corrected_native_kernel,frozen_32
TBI,Wavelet Detail Energy (db1),wavelet,steep_slope_width,5.433333333333334,0.42592592592592593,slices,30,not_reference_dependent,not_applicable,frozen_32
TBI,Wavelet Detail Energy (db1),wavelet,curvature_at_peak,1.1299774737703898,0.05934725980217195,dimensionless,30,not_reference_dependent,not_applicable,frozen_32
TBI,Wavelet Detail Energy (db1),wavelet,rrmse_under_additive_noise,1.3151533373663338,0.9064512748041306,dimensionless,30,not_reference_dependent,not_applicable,frozen_32
TBI,Curvelet Transform Sharpness Index,wavelet_alias,absolute_peak_localization_error,0.1,0.029411764705882356,slices,30,REF-B_fixed_ten_diagnostic,not_applicable,frozen_32
TBI,Curvelet Transform Sharpness Index,wavelet_alias,range_around_global_maximum,1.0333333333333334,0.0,slices,30,not_reference_dependent,not_applicable,frozen_32
TBI,Curvelet Transform Sharpness Index,wavelet_alias,false_maxima_count,0.9,0.5531914893617021,dimensionless,30,not_reference_dependent,not_applicable,frozen_32
TBI,Curvelet Transform Sharpness Index,wavelet_alias,fwhm,2.2333333333333334,0.10169491525423728,slices,30,not_reference_dependent,not_applicable,frozen_32
TBI,Curvelet Transform Sharpness Index,wavelet_alias,noise_level,0.3217956289188377,0.590490747578317,dimensionless,30,not_reference_dependent,not_applicable,frozen_32
TBI,Curvelet Transform Sharpness Index,wavelet_alias,steep_to_gradual_slope_ratio,3.9660162588417305,0.16779095876973638,dimensionless,30,not_reference_dependent,not_applicable,frozen_32
TBI,Curvelet Transform Sharpness Index,wavelet_alias,execution_time_per_slice,0.133608155,0.08569387353227705,seconds/slice,30,not_reference_dependent,r07b_corrected_native_kernel,frozen_32
TBI,Curvelet Transform Sharpness Index,wavelet_alias,steep_slope_width,5.433333333333334,0.42592592592592593,slices,30,not_reference_dependent,not_applicable,frozen_32
TBI,Curvelet Transform Sharpness Index,wavelet_alias,curvature_at_peak,1.1299774737703898,0.05934725980217195,dimensionless,30,not_reference_dependent,not_applicable,frozen_32
TBI,Curvelet Transform Sharpness Index,wavelet_alias,rrmse_under_additive_noise,1.3151533373663338,0.9064512748041306,dimensionless,30,not_reference_dependent,not_applicable,frozen_32
TBI,DCT Focus Measure,frequency,absolute_peak_localization_error,0.03333333333333333,0.00980392156862745,slices,30,REF-B_fixed_ten_diagnostic,not_applicable,frozen_32
TBI,DCT Focus Measure,frequency,range_around_global_maximum,1.0333333333333334,0.0,slices,30,not_reference_dependent,not_applicable,frozen_32
TBI,DCT Focus Measure,frequency,false_maxima_count,0.13333333333333333,0.06382978723404256,dimensionless,30,not_reference_dependent,not_applicable,frozen_32
TBI,DCT Focus Measure,frequency,fwhm,1.9333333333333333,0.0635593220338983,slices,30,not_reference_dependent,not_applicable,frozen_32
TBI,DCT Focus Measure,frequency,noise_level,0.24201154913877362,0.39735880455594247,dimensionless,30,not_reference_dependent,not_applicable,frozen_32
TBI,DCT Focus Measure,frequency,steep_to_gradual_slope_ratio,6.030234419359922,0.08177693120733757,dimensionless,30,not_reference_dependent,not_applicable,frozen_32
TBI,DCT Focus Measure,frequency,execution_time_per_slice,0.07025821,0.04321195999131588,seconds/slice,30,not_reference_dependent,r07b_corrected_native_kernel,frozen_32
TBI,DCT Focus Measure,frequency,steep_slope_width,7.966666666666667,0.8950617283950618,slices,30,not_reference_dependent,not_applicable,frozen_32
TBI,DCT Focus Measure,frequency,curvature_at_peak,1.1140999829592166,0.06409975265180545,dimensionless,30,not_reference_dependent,not_applicable,frozen_32
TBI,DCT Focus Measure,frequency,rrmse_under_additive_noise,1.032511845344588,0.7106337792033092,dimensionless,30,not_reference_dependent,not_applicable,frozen_32
TBI,Intensity Skewness Index,statistical,absolute_peak_localization_error,3.3666666666666667,0.9901960784313726,slices,30,REF-B_fixed_ten_diagnostic,not_applicable,frozen_32
TBI,Intensity Skewness Index,statistical,range_around_global_maximum,2.066666666666667,1.0,slices,30,not_reference_dependent,not_applicable,frozen_32
TBI,Intensity Skewness Index,statistical,false_maxima_count,0.36666666666666664,0.2127659574468085,dimensionless,30,not_reference_dependent,not_applicable,frozen_32
TBI,Intensity Skewness Index,statistical,fwhm,8.933333333333334,0.9533898305084745,slices,30,not_reference_dependent,not_applicable,frozen_32
TBI,Intensity Skewness Index,statistical,noise_level,0.2528819196817776,0.4236725226577351,dimensionless,30,not_reference_dependent,not_applicable,frozen_32
TBI,Intensity Skewness Index,statistical,steep_to_gradual_slope_ratio,0.919771990089634,1.0,dimensionless,30,not_reference_dependent,not_applicable,frozen_32
TBI,Intensity Skewness Index,statistical,execution_time_per_slice,0.058240034999999996,0.03515267799398911,seconds/slice,30,not_reference_dependent,r07b_corrected_native_kernel,frozen_32
TBI,Intensity Skewness Index,statistical,steep_slope_width,4.866666666666666,0.3209876543209876,slices,30,not_reference_dependent,not_applicable,frozen_32
TBI,Intensity Skewness Index,statistical,curvature_at_peak,0.2957470738905368,1.0,dimensionless,30,not_reference_dependent,not_applicable,frozen_32
TBI,Intensity Skewness Index,statistical,rrmse_under_additive_noise,0.006788423549213976,0.0,dimensionless,30,not_reference_dependent,not_applicable,frozen_32
TBI,Squared Gradient,gradient,absolute_peak_localization_error,0.0,0.0,slices,30,REF-B_fixed_ten_diagnostic,not_applicable,frozen_32
TBI,Squared Gradient,gradient,range_around_global_maximum,1.0333333333333334,0.0,slices,30,not_reference_dependent,not_applicable,frozen_32
TBI,Squared Gradient,gradient,false_maxima_count,0.4,0.2340425531914894,dimensionless,30,not_reference_dependent,not_applicable,frozen_32
TBI,Squared Gradient,gradient,fwhm,1.4333333333333333,0.0,slices,30,not_reference_dependent,not_applicable,frozen_32
TBI,Squared Gradient,gradient,noise_level,0.34008735023149955,0.6347692012256685,dimensionless,30,not_reference_dependent,not_applicable,frozen_32
TBI,Squared Gradient,gradient,steep_to_gradual_slope_ratio,8.262597980658708,0.03712744333700284,dimensionless,30,not_reference_dependent,not_applicable,frozen_32
TBI,Squared Gradient,gradient,execution_time_per_slice,0.024517333000000002,0.012538531908596329,seconds/slice,30,not_reference_dependent,r07b_corrected_native_kernel,frozen_32
TBI,Squared Gradient,gradient,steep_slope_width,6.966666666666667,0.7098765432098765,slices,30,not_reference_dependent,not_applicable,frozen_32
TBI,Squared Gradient,gradient,curvature_at_peak,1.3272020336431105,0.009792231704342636,dimensionless,30,not_reference_dependent,not_applicable,frozen_32
TBI,Squared Gradient,gradient,rrmse_under_additive_noise,1.384081889607209,0.9542058220174608,dimensionless,30,not_reference_dependent,not_applicable,frozen_32
TBI,Gradient Squared Energy,gradient,absolute_peak_localization_error,0.0,0.0,slices,30,REF-B_fixed_ten_diagnostic,not_applicable,frozen_32
TBI,Gradient Squared Energy,gradient,range_around_global_maximum,1.0333333333333334,0.0,slices,30,not_reference_dependent,not_applicable,frozen_32
TBI,Gradient Squared Energy,gradient,false_maxima_count,0.4,0.2340425531914894,dimensionless,30,not_reference_dependent,not_applicable,frozen_32
TBI,Gradient Squared Energy,gradient,fwhm,1.4333333333333333,0.0,slices,30,not_reference_dependent,not_applicable,frozen_32
TBI,Gradient Squared Energy,gradient,noise_level,0.34008735023149955,0.6347692012256685,dimensionless,30,not_reference_dependent,not_applicable,frozen_32
TBI,Gradient Squared Energy,gradient,steep_to_gradual_slope_ratio,8.262597980658708,0.03712744333700284,dimensionless,30,not_reference_dependent,not_applicable,frozen_32
TBI,Gradient Squared Energy,gradient,execution_time_per_slice,0.023745488000000002,0.012020939469376006,seconds/slice,30,not_reference_dependent,r07b_corrected_native_kernel,frozen_32
TBI,Gradient Squared Energy,gradient,steep_slope_width,6.966666666666667,0.7098765432098765,slices,30,not_reference_dependent,not_applicable,frozen_32
TBI,Gradient Squared Energy,gradient,curvature_at_peak,1.3272020336431105,0.009792231704342636,dimensionless,30,not_reference_dependent,not_applicable,frozen_32
TBI,Gradient Squared Energy,gradient,rrmse_under_additive_noise,1.384081889607209,0.9542058220174608,dimensionless,30,not_reference_dependent,not_applicable,frozen_32
TBI,Mean Intensity,statistical,absolute_peak_localization_error,3.4,1.0,slices,30,REF-B_fixed_ten_diagnostic,not_applicable,frozen_32
TBI,Mean Intensity,statistical,range_around_global_maximum,1.1666666666666667,0.1290322580645161,slices,30,not_reference_dependent,not_applicable,frozen_32
TBI,Mean Intensity,statistical,false_maxima_count,1.2333333333333334,0.7659574468085106,dimensionless,30,not_reference_dependent,not_applicable,frozen_32
TBI,Mean Intensity,statistical,fwhm,9.3,1.0,slices,30,not_reference_dependent,not_applicable,frozen_32
TBI,Mean Intensity,statistical,noise_level,0.36070448012342504,0.6846767312310119,dimensionless,30,not_reference_dependent,not_applicable,frozen_32
TBI,Mean Intensity,statistical,steep_to_gradual_slope_ratio,1.8686679412096585,0.4498151169298652,dimensionless,30,not_reference_dependent,not_applicable,frozen_32
TBI,Mean Intensity,statistical,execution_time_per_slice,0.006403091,0.0003912812282042991,seconds/slice,30,not_reference_dependent,r07b_corrected_native_kernel,frozen_32
TBI,Mean Intensity,statistical,steep_slope_width,3.6333333333333333,0.09259259259259259,slices,30,not_reference_dependent,not_applicable,frozen_32
TBI,Mean Intensity,statistical,curvature_at_peak,0.5684739800089507,0.38873364290384016,dimensionless,30,not_reference_dependent,not_applicable,frozen_32
TBI,Mean Intensity,statistical,rrmse_under_additive_noise,0.7089811229763926,0.48648772283027514,dimensionless,30,not_reference_dependent,not_applicable,frozen_32
TBI,Intensity Variance,statistical,absolute_peak_localization_error,0.03333333333333333,0.00980392156862745,slices,30,REF-B_fixed_ten_diagnostic,not_applicable,frozen_32
TBI,Intensity Variance,statistical,range_around_global_maximum,1.0333333333333334,0.0,slices,30,not_reference_dependent,not_applicable,frozen_32
TBI,Intensity Variance,statistical,false_maxima_count,0.03333333333333333,0.0,dimensionless,30,not_reference_dependent,not_applicable,frozen_32
TBI,Intensity Variance,statistical,fwhm,3.066666666666667,0.2076271186440678,slices,30,not_reference_dependent,not_applicable,frozen_32
TBI,Intensity Variance,statistical,noise_level,0.12138438633644874,0.10535871634898908,dimensionless,30,not_reference_dependent,not_applicable,frozen_32
TBI,Intensity Variance,statistical,steep_to_gradual_slope_ratio,2.9094271767787316,0.2590438244746048,dimensionless,30,not_reference_dependent,not_applicable,frozen_32
TBI,Intensity Variance,statistical,execution_time_per_slice,0.021625823,0.010599510843576859,seconds/slice,30,not_reference_dependent,r07b_corrected_native_kernel,frozen_32
TBI,Intensity Variance,statistical,steep_slope_width,8.533333333333333,1.0,slices,30,not_reference_dependent,not_applicable,frozen_32
TBI,Intensity Variance,statistical,curvature_at_peak,0.7524688759220434,0.22664962309286782,dimensionless,30,not_reference_dependent,not_applicable,frozen_32
TBI,Intensity Variance,statistical,rrmse_under_additive_noise,0.5781467170067568,0.3958440401489506,dimensionless,30,not_reference_dependent,not_applicable,frozen_32
TBI,Intensity Range Index,statistical,absolute_peak_localization_error,1.1666666666666667,0.34313725490196084,slices,30,REF-B_fixed_ten_diagnostic,not_applicable,frozen_32
TBI,Intensity Range Index,statistical,range_around_global_maximum,1.1333333333333333,0.09677419354838696,slices,30,not_reference_dependent,not_applicable,frozen_32
TBI,Intensity Range Index,statistical,false_maxima_count,1.1,0.6808510638297872,dimensionless,30,not_reference_dependent,not_applicable,frozen_32
TBI,Intensity Range Index,statistical,fwhm,4.333333333333333,0.3686440677966101,slices,30,not_reference_dependent,not_applicable,frozen_32
TBI,Intensity Range Index,statistical,noise_level,0.36572365829997816,0.6968265690969794,dimensionless,30,not_reference_dependent,not_applicable,frozen_32
TBI,Intensity Range Index,statistical,steep_to_gradual_slope_ratio,2.4320862183698697,0.32627096164443126,dimensionless,30,not_reference_dependent,not_applicable,frozen_32
TBI,Intensity Range Index,statistical,execution_time_per_slice,0.008012532999999999,0.0014705588170513231,seconds/slice,30,not_reference_dependent,r07b_corrected_native_kernel,frozen_32
TBI,Intensity Range Index,statistical,steep_slope_width,4.166666666666667,0.19135802469135807,slices,30,not_reference_dependent,not_applicable,frozen_32
TBI,Intensity Range Index,statistical,curvature_at_peak,0.9079216509076119,0.14090732474027282,dimensionless,30,not_reference_dependent,not_applicable,frozen_32
TBI,Intensity Range Index,statistical,rrmse_under_additive_noise,1.224607226700102,0.8437198177196478,dimensionless,30,not_reference_dependent,not_applicable,frozen_32
TBI,Maximal Intensity,statistical,absolute_peak_localization_error,1.7,0.5,slices,30,REF-B_fixed_ten_diagnostic,not_applicable,frozen_32
TBI,Maximal Intensity,statistical,range_around_global_maximum,1.4333333333333333,0.38709677419354827,slices,30,not_reference_dependent,not_applicable,frozen_32
TBI,Maximal Intensity,statistical,false_maxima_count,1.0,0.6170212765957447,dimensionless,30,not_reference_dependent,not_applicable,frozen_32
TBI,Maximal Intensity,statistical,fwhm,5.366666666666666,0.4999999999999999,slices,30,not_reference_dependent,not_applicable,frozen_32
TBI,Maximal Intensity,statistical,noise_level,0.399988160250912,0.7797700567792346,dimensionless,30,not_reference_dependent,not_applicable,frozen_32
TBI,Maximal Intensity,statistical,steep_to_gradual_slope_ratio,2.5983279837354205,0.30005477143267806,dimensionless,30,not_reference_dependent,not_applicable,frozen_32
TBI,Maximal Intensity,statistical,execution_time_per_slice,0.005819604,0.0,seconds/slice,30,not_reference_dependent,r07b_corrected_native_kernel,frozen_32
TBI,Maximal Intensity,statistical,steep_slope_width,3.6666666666666665,0.0987654320987654,slices,30,not_reference_dependent,not_applicable,frozen_32
TBI,Maximal Intensity,statistical,curvature_at_peak,0.9328324228323004,0.12982403375183157,dimensionless,30,not_reference_dependent,not_applicable,frozen_32
TBI,Maximal Intensity,statistical,rrmse_under_additive_noise,1.2935167389657471,0.891461173804389,dimensionless,30,not_reference_dependent,not_applicable,frozen_32
TBI,Laplacian Energy,laplacian,absolute_peak_localization_error,1.9333333333333333,0.5686274509803921,slices,30,REF-B_fixed_ten_diagnostic,not_applicable,frozen_32
TBI,Laplacian Energy,laplacian,range_around_global_maximum,1.1666666666666667,0.1290322580645161,slices,30,not_reference_dependent,not_applicable,frozen_32
TBI,Laplacian Energy,laplacian,false_maxima_count,1.5666666666666667,0.9787234042553191,dimensionless,30,not_reference_dependent,not_applicable,frozen_32
TBI,Laplacian Energy,laplacian,fwhm,6.933333333333334,0.6991525423728813,slices,30,not_reference_dependent,not_applicable,frozen_32
TBI,Laplacian Energy,laplacian,noise_level,0.475123168872584,0.961648073597977,dimensionless,30,not_reference_dependent,not_applicable,frozen_32
TBI,Laplacian Energy,laplacian,steep_to_gradual_slope_ratio,1.8982376396632865,0.44150768952536495,dimensionless,30,not_reference_dependent,not_applicable,frozen_32
TBI,Laplacian Energy,laplacian,execution_time_per_slice,0.166474072,0.10773346716473253,seconds/slice,30,not_reference_dependent,r07b_corrected_native_kernel,frozen_32
TBI,Laplacian Energy,laplacian,steep_slope_width,3.4,0.0493827160493827,slices,30,not_reference_dependent,not_applicable,frozen_32
TBI,Laplacian Energy,laplacian,curvature_at_peak,0.7169160607696596,0.2514838531194827,dimensionless,30,not_reference_dependent,not_applicable,frozen_32
TBI,Laplacian Energy,laplacian,rrmse_under_additive_noise,0.8567131864697975,0.5888383100929351,dimensionless,30,not_reference_dependent,not_applicable,frozen_32
TBI,Mean Absolute Laplacian,laplacian,absolute_peak_localization_error,2.5,0.7352941176470589,slices,30,REF-B_fixed_ten_diagnostic,not_applicable,frozen_32
TBI,Mean Absolute Laplacian,laplacian,range_around_global_maximum,1.2333333333333334,0.19354838709677413,slices,30,not_reference_dependent,not_applicable,frozen_32
TBI,Mean Absolute Laplacian,laplacian,false_maxima_count,1.4,0.8723404255319148,dimensionless,30,not_reference_dependent,not_applicable,frozen_32
TBI,Mean Absolute Laplacian,laplacian,fwhm,7.766666666666667,0.8050847457627118,slices,30,not_reference_dependent,not_applicable,frozen_32
TBI,Mean Absolute Laplacian,laplacian,noise_level,0.49096660268209974,1.0,dimensionless,30,not_reference_dependent,not_applicable,frozen_32
TBI,Mean Absolute Laplacian,laplacian,steep_to_gradual_slope_ratio,1.8460523746704065,0.45634843336204345,dimensionless,30,not_reference_dependent,not_applicable,frozen_32
TBI,Mean Absolute Laplacian,laplacian,execution_time_per_slice,0.167340068,0.1083141964329082,seconds/slice,30,not_reference_dependent,r07b_corrected_native_kernel,frozen_32
TBI,Mean Absolute Laplacian,laplacian,steep_slope_width,3.1333333333333333,0.0,slices,30,not_reference_dependent,not_applicable,frozen_32
TBI,Mean Absolute Laplacian,laplacian,curvature_at_peak,0.6115189961845041,0.34207459342389807,dimensionless,30,not_reference_dependent,not_applicable,frozen_32
TBI,Mean Absolute Laplacian,laplacian,rrmse_under_additive_noise,0.7942851572197571,0.5455874050131628,dimensionless,30,not_reference_dependent,not_applicable,frozen_32
TBI,Spatial Frequency,gradient,absolute_peak_localization_error,0.06666666666666667,0.0196078431372549,slices,30,REF-B_fixed_ten_diagnostic,not_applicable,frozen_32
TBI,Spatial Frequency,gradient,range_around_global_maximum,1.0333333333333334,0.0,slices,30,not_reference_dependent,not_applicable,frozen_32
TBI,Spatial Frequency,gradient,false_maxima_count,0.7666666666666667,0.4680851063829788,dimensionless,30,not_reference_dependent,not_applicable,frozen_32
TBI,Spatial Frequency,gradient,fwhm,2.3,0.1101694915254237,slices,30,not_reference_dependent,not_applicable,frozen_32
TBI,Spatial Frequency,gradient,noise_level,0.3130313873540409,0.5692752994940288,dimensionless,30,not_reference_dependent,not_applicable,frozen_32
TBI,Spatial Frequency,gradient,steep_to_gradual_slope_ratio,4.304041287523185,0.1480567229327932,dimensionless,30,not_reference_dependent,not_applicable,frozen_32
TBI,Spatial Frequency,gradient,execution_time_per_slice,0.048479966,0.028607661934199075,seconds/slice,30,not_reference_dependent,r07b_corrected_native_kernel,frozen_32
TBI,Spatial Frequency,gradient,steep_slope_width,5.633333333333334,0.462962962962963,slices,30,not_reference_dependent,not_applicable,frozen_32
TBI,Spatial Frequency,gradient,curvature_at_peak,1.136965728976262,0.057297584102903906,dimensionless,30,not_reference_dependent,not_applicable,frozen_32
TBI,Spatial Frequency,gradient,rrmse_under_additive_noise,1.3318011384211028,0.9179850757563092,dimensionless,30,not_reference_dependent,not_applicable,frozen_32
TBI,Modified Tenengrad,gradient,absolute_peak_localization_error,0.0,0.0,slices,30,REF-B_fixed_ten_diagnostic,not_applicable,frozen_32
TBI,Modified Tenengrad,gradient,range_around_global_maximum,1.0333333333333334,0.0,slices,30,not_reference_dependent,not_applicable,frozen_32
TBI,Modified Tenengrad,gradient,false_maxima_count,0.4666666666666667,0.2765957446808511,dimensionless,30,not_reference_dependent,not_applicable,frozen_32
TBI,Modified Tenengrad,gradient,fwhm,1.5333333333333334,0.012711864406779672,slices,30,not_reference_dependent,not_applicable,frozen_32
TBI,Modified Tenengrad,gradient,noise_level,0.3531096471091751,0.6662920502142473,dimensionless,30,not_reference_dependent,not_applicable,frozen_32
TBI,Modified Tenengrad,gradient,steep_to_gradual_slope_ratio,10.196071567617475,0.014256129114314132,dimensionless,30,not_reference_dependent,not_applicable,frozen_32
TBI,Modified Tenengrad,gradient,execution_time_per_slice,0.378510835,0.2499234474918074,seconds/slice,30,not_reference_dependent,r07b_corrected_native_kernel,frozen_32
TBI,Modified Tenengrad,gradient,steep_slope_width,6.833333333333333,0.6851851851851851,slices,30,not_reference_dependent,not_applicable,frozen_32
TBI,Modified Tenengrad,gradient,curvature_at_peak,1.3438726090985829,0.0062702345039889786,dimensionless,30,not_reference_dependent,not_applicable,frozen_32
TBI,Modified Tenengrad,gradient,rrmse_under_additive_noise,1.3889662293439646,0.9575897525510624,dimensionless,30,not_reference_dependent,not_applicable,frozen_32
TBI,Absolute Central Moment 2,statistical,absolute_peak_localization_error,0.03333333333333333,0.00980392156862745,slices,30,REF-B_fixed_ten_diagnostic,not_applicable,frozen_32
TBI,Absolute Central Moment 2,statistical,range_around_global_maximum,1.0333333333333334,0.0,slices,30,not_reference_dependent,not_applicable,frozen_32
TBI,Absolute Central Moment 2,statistical,false_maxima_count,0.03333333333333333,0.0,dimensionless,30,not_reference_dependent,not_applicable,frozen_32
TBI,Absolute Central Moment 2,statistical,fwhm,3.066666666666667,0.2076271186440678,slices,30,not_reference_dependent,not_applicable,frozen_32
TBI,Absolute Central Moment 2,statistical,noise_level,0.12138438633644874,0.10535871634898908,dimensionless,30,not_reference_dependent,not_applicable,frozen_32
TBI,Absolute Central Moment 2,statistical,steep_to_gradual_slope_ratio,2.9094271767787316,0.2590438244746048,dimensionless,30,not_reference_dependent,not_applicable,frozen_32
TBI,Absolute Central Moment 2,statistical,execution_time_per_slice,0.030440099,0.016510286471845662,seconds/slice,30,not_reference_dependent,r07b_corrected_native_kernel,frozen_32
TBI,Absolute Central Moment 2,statistical,steep_slope_width,8.533333333333333,1.0,slices,30,not_reference_dependent,not_applicable,frozen_32
TBI,Absolute Central Moment 2,statistical,curvature_at_peak,0.7524688759220434,0.22664962309286782,dimensionless,30,not_reference_dependent,not_applicable,frozen_32
TBI,Absolute Central Moment 2,statistical,rrmse_under_additive_noise,0.5781467170067568,0.3958440401489506,dimensionless,30,not_reference_dependent,not_applicable,frozen_32
TBI,Absolute Central Moment 4,statistical,absolute_peak_localization_error,0.1,0.029411764705882356,slices,30,REF-B_fixed_ten_diagnostic,not_applicable,frozen_32
TBI,Absolute Central Moment 4,statistical,range_around_global_maximum,1.1,0.06451612903225805,slices,30,not_reference_dependent,not_applicable,frozen_32
TBI,Absolute Central Moment 4,statistical,false_maxima_count,0.03333333333333333,0.0,dimensionless,30,not_reference_dependent,not_applicable,frozen_32
TBI,Absolute Central Moment 4,statistical,fwhm,2.7,0.1610169491525424,slices,30,not_reference_dependent,not_applicable,frozen_32
TBI,Absolute Central Moment 4,statistical,noise_level,0.2261165461074617,0.35888204542998364,dimensionless,30,not_reference_dependent,not_applicable,frozen_32
TBI,Absolute Central Moment 4,statistical,steep_to_gradual_slope_ratio,8.38957964173498,0.035301923506891014,dimensionless,30,not_reference_dependent,not_applicable,frozen_32
TBI,Absolute Central Moment 4,statistical,execution_time_per_slice,0.103120812,0.06524933061405308,seconds/slice,30,not_reference_dependent,r07b_corrected_native_kernel,frozen_32
TBI,Absolute Central Moment 4,statistical,steep_slope_width,8.5,0.9938271604938271,slices,30,not_reference_dependent,not_applicable,frozen_32
TBI,Absolute Central Moment 4,statistical,curvature_at_peak,0.9483098076273693,0.1232311220279795,dimensionless,30,not_reference_dependent,not_applicable,frozen_32
TBI,Absolute Central Moment 4,statistical,rrmse_under_additive_noise,0.3678036014634406,0.2501157473638367,dimensionless,30,not_reference_dependent,not_applicable,frozen_32
TBI,Image Power,statistical,absolute_peak_localization_error,3.3,0.9705882352941176,slices,30,REF-B_fixed_ten_diagnostic,not_applicable,frozen_32
TBI,Image Power,statistical,range_around_global_maximum,1.1333333333333333,0.09677419354838696,slices,30,not_reference_dependent,not_applicable,frozen_32
TBI,Image Power,statistical,false_maxima_count,1.4666666666666666,0.9148936170212765,dimensionless,30,not_reference_dependent,not_applicable,frozen_32
TBI,Image Power,statistical,fwhm,8.7,0.9237288135593219,slices,30,not_reference_dependent,not_applicable,frozen_32
TBI,Image Power,statistical,noise_level,0.4473586765620802,0.8944390469132165,dimensionless,30,not_reference_dependent,not_applicable,frozen_32
TBI,Image Power,statistical,steep_to_gradual_slope_ratio,2.0213351758436207,0.4095362036330838,dimensionless,30,not_reference_dependent,not_applicable,frozen_32
TBI,Image Power,statistical,execution_time_per_slice,0.015392909,0.006419773771094059,seconds/slice,30,not_reference_dependent,r07b_corrected_native_kernel,frozen_32
TBI,Image Power,statistical,steep_slope_width,3.5,0.06790123456790123,slices,30,not_reference_dependent,not_applicable,frozen_32
TBI,Image Power,statistical,curvature_at_peak,0.6500027476163771,0.30559199091439565,dimensionless,30,not_reference_dependent,not_applicable,frozen_32
TBI,Image Power,statistical,rrmse_under_additive_noise,0.7620760369899051,0.523272531093554,dimensionless,30,not_reference_dependent,not_applicable,frozen_32
PBS,Tenengrad,gradient,absolute_peak_localization_error,0.4675324675324675,0.030769230769230767,slices,77,REF-B_fixed_ten_diagnostic,not_applicable,frozen_32
PBS,Tenengrad,gradient,range_around_global_maximum,1.1688311688311688,0.21739130434782608,slices,77,not_reference_dependent,not_applicable,frozen_32
PBS,Tenengrad,gradient,false_maxima_count,0.37662337662337664,0.13714285714285715,dimensionless,77,not_reference_dependent,not_applicable,frozen_32
PBS,Tenengrad,gradient,fwhm,3.896103896103896,0.10889570552147236,slices,77,not_reference_dependent,not_applicable,frozen_32
PBS,Tenengrad,gradient,noise_level,0.08688721657073921,0.3680578773838257,dimensionless,77,not_reference_dependent,not_applicable,frozen_32
PBS,Tenengrad,gradient,steep_to_gradual_slope_ratio,2.3494709832162735,0.10584057751174109,dimensionless,77,not_reference_dependent,not_applicable,frozen_32
PBS,Tenengrad,gradient,execution_time_per_slice,0.020188651,0.010089636160745966,seconds/slice,77,not_reference_dependent,r07b_corrected_native_kernel,frozen_32
PBS,Tenengrad,gradient,steep_slope_width,11.077922077922079,0.9317073170731708,slices,77,not_reference_dependent,not_applicable,frozen_32
PBS,Tenengrad,gradient,curvature_at_peak,0.5589063049611277,0.003566284300963227,dimensionless,77,not_reference_dependent,not_applicable,frozen_32
PBS,Tenengrad,gradient,rrmse_under_additive_noise,0.12941351299377377,0.12950955684989665,dimensionless,77,not_reference_dependent,not_applicable,frozen_32
PBS,Brenner Gradient,gradient,absolute_peak_localization_error,0.23376623376623376,0.0,slices,77,REF-B_fixed_ten_diagnostic,not_applicable,frozen_32
PBS,Brenner Gradient,gradient,range_around_global_maximum,1.1688311688311688,0.21739130434782608,slices,77,not_reference_dependent,not_applicable,frozen_32
PBS,Brenner Gradient,gradient,false_maxima_count,0.5194805194805194,0.19999999999999998,dimensionless,77,not_reference_dependent,not_applicable,frozen_32
PBS,Brenner Gradient,gradient,fwhm,3.8701298701298703,0.10582822085889569,slices,77,not_reference_dependent,not_applicable,frozen_32
PBS,Brenner Gradient,gradient,noise_level,0.09343927961261209,0.39977403677371387,dimensionless,77,not_reference_dependent,not_applicable,frozen_32
PBS,Brenner Gradient,gradient,steep_to_gradual_slope_ratio,2.2289958759414974,0.12213760745366775,dimensionless,77,not_reference_dependent,not_applicable,frozen_32
PBS,Brenner Gradient,gradient,execution_time_per_slice,0.013171295000000001,0.00509202766607778,seconds/slice,77,not_reference_dependent,r07b_corrected_native_kernel,frozen_32
PBS,Brenner Gradient,gradient,steep_slope_width,10.714285714285714,0.8861788617886177,slices,77,not_reference_dependent,not_applicable,frozen_32
PBS,Brenner Gradient,gradient,curvature_at_peak,0.5031187033986619,0.005556519933433496,dimensionless,77,not_reference_dependent,not_applicable,frozen_32
PBS,Brenner Gradient,gradient,rrmse_under_additive_noise,0.15360678977618444,0.15449330010125165,dimensionless,77,not_reference_dependent,not_applicable,frozen_32
PBS,Variance of Laplacian,laplacian,absolute_peak_localization_error,5.935064935064935,0.7504273504273504,slices,77,REF-B_fixed_ten_diagnostic,not_applicable,frozen_32
PBS,Variance of Laplacian,laplacian,range_around_global_maximum,1.155844155844156,0.19565217391304365,slices,77,not_reference_dependent,not_applicable,frozen_32
PBS,Variance of Laplacian,laplacian,false_maxima_count,2.3376623376623376,1.0,dimensionless,77,not_reference_dependent,not_applicable,frozen_32
PBS,Variance of Laplacian,laplacian,fwhm,8.922077922077921,0.7024539877300613,slices,77,not_reference_dependent,not_applicable,frozen_32
PBS,Variance of Laplacian,laplacian,noise_level,0.17852226640712857,0.81162989855298,dimensionless,77,not_reference_dependent,not_applicable,frozen_32
PBS,Variance of Laplacian,laplacian,steep_to_gradual_slope_ratio,1.5417368412334647,0.26381202468444725,dimensionless,77,not_reference_dependent,not_applicable,frozen_32
PBS,Variance of Laplacian,laplacian,execution_time_per_slice,0.018094058,0.00859791253012604,seconds/slice,77,not_reference_dependent,r07b_corrected_native_kernel,frozen_32
PBS,Variance of Laplacian,laplacian,steep_slope_width,3.6363636363636362,0.0,slices,77,not_reference_dependent,not_applicable,frozen_32
PBS,Variance of Laplacian,laplacian,curvature_at_peak,0.3382024323074022,0.015279347767289947,dimensionless,77,not_reference_dependent,not_applicable,frozen_32
PBS,Variance of Laplacian,laplacian,rrmse_under_additive_noise,0.39272747398522634,0.4014267698456409,dimensionless,77,not_reference_dependent,not_applicable,frozen_32
PBS,Sum Modified Laplacian,laplacian,absolute_peak_localization_error,5.1688311688311686,0.6495726495726495,slices,77,REF-B_fixed_ten_diagnostic,not_applicable,frozen_32
PBS,Sum Modified Laplacian,laplacian,range_around_global_maximum,1.155844155844156,0.19565217391304365,slices,77,not_reference_dependent,not_applicable,frozen_32
PBS,Sum Modified Laplacian,laplacian,false_maxima_count,2.2337662337662336,0.9542857142857143,dimensionless,77,not_reference_dependent,not_applicable,frozen_32
PBS,Sum Modified Laplacian,laplacian,fwhm,9.077922077922079,0.7208588957055215,slices,77,not_reference_dependent,not_applicable,frozen_32
PBS,Sum Modified Laplacian,laplacian,noise_level,0.18046177302753605,0.8210183462399857,dimensionless,77,not_reference_dependent,not_applicable,frozen_32
PBS,Sum Modified Laplacian,laplacian,steep_to_gradual_slope_ratio,1.5987185584816528,0.24743466983704396,dimensionless,77,not_reference_dependent,not_applicable,frozen_32
PBS,Sum Modified Laplacian,laplacian,execution_time_per_slice,0.032019553,0.018515347544746843,seconds/slice,77,not_reference_dependent,r07b_corrected_native_kernel,frozen_32
PBS,Sum Modified Laplacian,laplacian,steep_slope_width,3.909090909090909,0.03414634146341466,slices,77,not_reference_dependent,not_applicable,frozen_32
PBS,Sum Modified Laplacian,laplacian,curvature_at_peak,0.37170840197657246,0.012605606588267641,dimensionless,77,not_reference_dependent,not_applicable,frozen_32
PBS,Sum Modified Laplacian,laplacian,rrmse_under_additive_noise,0.4374554521270976,0.4476161443606785,dimensionless,77,not_reference_dependent,not_applicable,frozen_32
PBS,Normalized Variance,statistical,absolute_peak_localization_error,2.103896103896104,0.24615384615384614,slices,77,REF-B_fixed_ten_diagnostic,not_applicable,frozen_32
PBS,Normalized Variance,statistical,range_around_global_maximum,1.3246753246753247,0.4782608695652174,slices,77,not_reference_dependent,not_applicable,frozen_32
PBS,Normalized Variance,statistical,false_maxima_count,1.1688311688311688,0.48571428571428577,dimensionless,77,not_reference_dependent,not_applicable,frozen_32
PBS,Normalized Variance,statistical,fwhm,7.688311688311688,0.5567484662576686,slices,77,not_reference_dependent,not_applicable,frozen_32
PBS,Normalized Variance,statistical,noise_level,0.06494375196285675,0.26183752867499643,dimensionless,77,not_reference_dependent,not_applicable,frozen_32
PBS,Normalized Variance,statistical,steep_to_gradual_slope_ratio,1.148178596793742,0.42131175328004455,dimensionless,77,not_reference_dependent,not_applicable,frozen_32
PBS,Normalized Variance,statistical,execution_time_per_slice,0.018029136,0.008551676492123858,seconds/slice,77,not_reference_dependent,r07b_corrected_native_kernel,frozen_32
PBS,Normalized Variance,statistical,steep_slope_width,7.857142857142857,0.5284552845528455,slices,77,not_reference_dependent,not_applicable,frozen_32
PBS,Normalized Variance,statistical,curvature_at_peak,0.3124489183865858,0.017724224798300853,dimensionless,77,not_reference_dependent,not_applicable,frozen_32
PBS,Normalized Variance,statistical,rrmse_under_additive_noise,0.29535788023320303,0.3008758212218516,dimensionless,77,not_reference_dependent,not_applicable,frozen_32
PBS,Energy of Gradient,gradient,absolute_peak_localization_error,0.4675324675324675,0.030769230769230767,slices,77,REF-B_fixed_ten_diagnostic,not_applicable,frozen_32
PBS,Energy of Gradient,gradient,range_around_global_maximum,1.1688311688311688,0.21739130434782608,slices,77,not_reference_dependent,not_applicable,frozen_32
PBS,Energy of Gradient,gradient,false_maxima_count,0.37662337662337664,0.13714285714285715,dimensionless,77,not_reference_dependent,not_applicable,frozen_32
PBS,Energy of Gradient,gradient,fwhm,3.896103896103896,0.10889570552147236,slices,77,not_reference_dependent,not_applicable,frozen_32
PBS,Energy of Gradient,gradient,noise_level,0.08688721657073921,0.3680578773838257,dimensionless,77,not_reference_dependent,not_applicable,frozen_32
PBS,Energy of Gradient,gradient,steep_to_gradual_slope_ratio,2.3494709832162735,0.10584057751174109,dimensionless,77,not_reference_dependent,not_applicable,frozen_32
PBS,Energy of Gradient,gradient,execution_time_per_slice,0.031759956,0.01833046820096118,seconds/slice,77,not_reference_dependent,r07b_corrected_native_kernel,frozen_32
PBS,Energy of Gradient,gradient,steep_slope_width,11.077922077922079,0.9317073170731708,slices,77,not_reference_dependent,not_applicable,frozen_32
PBS,Energy of Gradient,gradient,curvature_at_peak,0.5589063049611277,0.003566284300963227,dimensionless,77,not_reference_dependent,not_applicable,frozen_32
PBS,Energy of Gradient,gradient,rrmse_under_additive_noise,0.12941351299377377,0.12950955684989665,dimensionless,77,not_reference_dependent,not_applicable,frozen_32
PBS,Histogram Entropy,entropy,absolute_peak_localization_error,7.207792207792208,0.9179487179487179,slices,77,REF-B_fixed_ten_diagnostic,not_applicable,frozen_32
PBS,Histogram Entropy,entropy,range_around_global_maximum,1.6363636363636365,1.0,slices,77,not_reference_dependent,not_applicable,frozen_32
PBS,Histogram Entropy,entropy,false_maxima_count,0.5974025974025974,0.2342857142857143,dimensionless,77,not_reference_dependent,not_applicable,frozen_32
PBS,Histogram Entropy,entropy,fwhm,11.441558441558442,1.0,slices,77,not_reference_dependent,not_applicable,frozen_32
PBS,Histogram Entropy,entropy,noise_level,0.04844869951167181,0.18199096594461034,dimensionless,77,not_reference_dependent,not_applicable,frozen_32
PBS,Histogram Entropy,entropy,steep_to_gradual_slope_ratio,0.5924813133435584,1.0,dimensionless,77,not_reference_dependent,not_applicable,frozen_32
PBS,Histogram Entropy,entropy,execution_time_per_slice,0.054797551,0.0347373428797897,seconds/slice,77,not_reference_dependent,r07b_corrected_native_kernel,frozen_32
PBS,Histogram Entropy,entropy,steep_slope_width,5.922077922077922,0.28617886178861796,slices,77,not_reference_dependent,not_applicable,frozen_32
PBS,Histogram Entropy,entropy,curvature_at_peak,0.06725884561012259,0.13476864810819658,dimensionless,77,not_reference_dependent,not_applicable,frozen_32
PBS,Histogram Entropy,entropy,rrmse_under_additive_noise,0.12429621307079237,0.12422505948454196,dimensionless,77,not_reference_dependent,not_applicable,frozen_32
PBS,GLCM Contrast,texture,absolute_peak_localization_error,0.7792207792207793,0.0717948717948718,slices,77,REF-B_fixed_ten_diagnostic,not_applicable,frozen_32
PBS,GLCM Contrast,texture,range_around_global_maximum,1.1688311688311688,0.21739130434782608,slices,77,not_reference_dependent,not_applicable,frozen_32
PBS,GLCM Contrast,texture,false_maxima_count,1.3636363636363635,0.5714285714285715,dimensionless,77,not_reference_dependent,not_applicable,frozen_32
PBS,GLCM Contrast,texture,fwhm,5.090909090909091,0.24999999999999994,slices,77,not_reference_dependent,not_applicable,frozen_32
PBS,GLCM Contrast,texture,noise_level,0.11120326980470957,0.4857630666002533,dimensionless,77,not_reference_dependent,not_applicable,frozen_32
PBS,GLCM Contrast,texture,steep_to_gradual_slope_ratio,2.127201404987559,0.1373464724877437,dimensionless,77,not_reference_dependent,not_applicable,frozen_32
PBS,GLCM Contrast,texture,execution_time_per_slice,1.410164164,1.0,seconds/slice,77,not_reference_dependent,r07b_corrected_native_kernel,frozen_32
PBS,GLCM Contrast,texture,steep_slope_width,7.0519480519480515,0.4276422764227642,slices,77,not_reference_dependent,not_applicable,frozen_32
PBS,GLCM Contrast,texture,curvature_at_peak,0.5230397095445297,0.004797099246717559,dimensionless,77,not_reference_dependent,not_applicable,frozen_32
PBS,GLCM Contrast,texture,rrmse_under_additive_noise,0.17961364780836322,0.18134987970781338,dimensionless,77,not_reference_dependent,not_applicable,frozen_32
PBS,Variance of Gradient,gradient,absolute_peak_localization_error,0.5194805194805194,0.037606837606837605,slices,77,REF-B_fixed_ten_diagnostic,not_applicable,frozen_32
PBS,Variance of Gradient,gradient,range_around_global_maximum,1.1428571428571428,0.17391304347826086,slices,77,not_reference_dependent,not_applicable,frozen_32
PBS,Variance of Gradient,gradient,false_maxima_count,0.19480519480519481,0.057142857142857155,dimensionless,77,not_reference_dependent,not_applicable,frozen_32
PBS,Variance of Gradient,gradient,fwhm,2.9740259740259742,0.0,slices,77,not_reference_dependent,not_applicable,frozen_32
PBS,Variance of Gradient,gradient,noise_level,0.08294302792702475,0.3489654915370502,dimensionless,77,not_reference_dependent,not_applicable,frozen_32
PBS,Variance of Gradient,gradient,steep_to_gradual_slope_ratio,2.9334319374421436,0.04581612599879934,dimensionless,77,not_reference_dependent,not_applicable,frozen_32
PBS,Variance of Gradient,gradient,execution_time_per_slice,0.037479928999999995,0.022404108708022907,seconds/slice,77,not_reference_dependent,r07b_corrected_native_kernel,frozen_32
PBS,Variance of Gradient,gradient,steep_slope_width,11.623376623376624,1.0,slices,77,not_reference_dependent,not_applicable,frozen_32
PBS,Variance of Gradient,gradient,curvature_at_peak,0.6193516787580303,0.0018145710390258956,dimensionless,77,not_reference_dependent,not_applicable,frozen_32
PBS,Variance of Gradient,gradient,rrmse_under_additive_noise,0.08890354569465214,0.08767600816508742,dimensionless,77,not_reference_dependent,not_applicable,frozen_32
PBS,Fourier Transform Sharpness Index,frequency,absolute_peak_localization_error,0.2987012987012987,0.008547008547008546,slices,77,REF-B_fixed_ten_diagnostic,not_applicable,frozen_32
PBS,Fourier Transform Sharpness Index,frequency,range_around_global_maximum,1.3246753246753247,0.4782608695652174,slices,77,not_reference_dependent,not_applicable,frozen_32
PBS,Fourier Transform Sharpness Index,frequency,false_maxima_count,0.5454545454545454,0.2114285714285714,dimensionless,77,not_reference_dependent,not_applicable,frozen_32
PBS,Fourier Transform Sharpness Index,frequency,fwhm,4.857142857142857,0.22239263803680973,slices,77,not_reference_dependent,not_applicable,frozen_32
PBS,Fourier Transform Sharpness Index,frequency,noise_level,0.0821871320884188,0.34530647410297394,dimensionless,77,not_reference_dependent,not_applicable,frozen_32
PBS,Fourier Transform Sharpness Index,frequency,steep_to_gradual_slope_ratio,1.5767537297454701,0.25360747302668807,dimensionless,77,not_reference_dependent,not_applicable,frozen_32
PBS,Fourier Transform Sharpness Index,frequency,execution_time_per_slice,0.200761044,0.1386893716108731,seconds/slice,77,not_reference_dependent,r07b_corrected_native_kernel,frozen_32
PBS,Fourier Transform Sharpness Index,frequency,steep_slope_width,10.506493506493506,0.8601626016260161,slices,77,not_reference_dependent,not_applicable,frozen_32
PBS,Fourier Transform Sharpness Index,frequency,curvature_at_peak,0.41542942349114614,0.00976528870695037,dimensionless,77,not_reference_dependent,not_applicable,frozen_32
PBS,Fourier Transform Sharpness Index,frequency,rrmse_under_additive_noise,0.15496161586813448,0.15589239240015534,dimensionless,77,not_reference_dependent,not_applicable,frozen_32
PBS,Fourier High Frequency Energy Ratio,frequency,absolute_peak_localization_error,1.6883116883116882,0.19145299145299144,slices,77,REF-B_fixed_ten_diagnostic,not_applicable,frozen_32
PBS,Fourier High Frequency Energy Ratio,frequency,range_around_global_maximum,1.12987012987013,0.15217391304347844,slices,77,not_reference_dependent,not_applicable,frozen_32
PBS,Fourier High Frequency Energy Ratio,frequency,false_maxima_count,0.8961038961038961,0.3657142857142857,dimensionless,77,not_reference_dependent,not_applicable,frozen_32
PBS,Fourier High Frequency Energy Ratio,frequency,fwhm,7.064935064935065,0.4831288343558281,slices,77,not_reference_dependent,not_applicable,frozen_32
PBS,Fourier High Frequency Energy Ratio,frequency,noise_level,0.14152816572214688,0.632554882590517,dimensionless,77,not_reference_dependent,not_applicable,frozen_32
PBS,Fourier High Frequency Energy Ratio,frequency,steep_to_gradual_slope_ratio,3.620251448452088,0.0,dimensionless,77,not_reference_dependent,not_applicable,frozen_32
PBS,Fourier High Frequency Energy Ratio,frequency,execution_time_per_slice,0.213452743,0.14772812391789183,seconds/slice,77,not_reference_dependent,r07b_corrected_native_kernel,frozen_32
PBS,Fourier High Frequency Energy Ratio,frequency,steep_slope_width,6.1558441558441555,0.3154471544715447,slices,77,not_reference_dependent,not_applicable,frozen_32
PBS,Fourier High Frequency Energy Ratio,frequency,curvature_at_peak,0.6974918083971133,0.0,dimensionless,77,not_reference_dependent,not_applicable,frozen_32
PBS,Fourier High Frequency Energy Ratio,frequency,rrmse_under_additive_noise,0.364990293084331,0.3727833325644134,dimensionless,77,not_reference_dependent,not_applicable,frozen_32
PBS,Roberts Focus Measure,gradient,absolute_peak_localization_error,0.4155844155844156,0.023931623931623937,slices,77,REF-B_fixed_ten_diagnostic,not_applicable,frozen_32
PBS,Roberts Focus Measure,gradient,range_around_global_maximum,1.1688311688311688,0.21739130434782608,slices,77,not_reference_dependent,not_applicable,frozen_32
PBS,Roberts Focus Measure,gradient,false_maxima_count,0.7662337662337663,0.3085714285714286,dimensionless,77,not_reference_dependent,not_applicable,frozen_32
PBS,Roberts Focus Measure,gradient,fwhm,3.7532467532467533,0.09202453987730058,slices,77,not_reference_dependent,not_applicable,frozen_32
PBS,Roberts Focus Measure,gradient,noise_level,0.08689441320306325,0.3680927136691913,dimensionless,77,not_reference_dependent,not_applicable,frozen_32
PBS,Roberts Focus Measure,gradient,steep_to_gradual_slope_ratio,2.1772972114302855,0.12968405982876074,dimensionless,77,not_reference_dependent,not_applicable,frozen_32
PBS,Roberts Focus Measure,gradient,execution_time_per_slice,0.023077801999999998,0.012147226737592727,seconds/slice,77,not_reference_dependent,r07b_corrected_native_kernel,frozen_32
PBS,Roberts Focus Measure,gradient,steep_slope_width,9.688311688311689,0.7577235772357724,slices,77,not_reference_dependent,not_applicable,frozen_32
PBS,Roberts Focus Measure,gradient,curvature_at_peak,0.4681848827496606,0.0070442855425325085,dimensionless,77,not_reference_dependent,not_applicable,frozen_32
PBS,Roberts Focus Measure,gradient,rrmse_under_additive_noise,0.20491651727703739,0.20747946934601844,dimensionless,77,not_reference_dependent,not_applicable,frozen_32
PBS,Wavelet W1,wavelet,absolute_peak_localization_error,0.8441558441558441,0.08034188034188033,slices,77,REF-B_fixed_ten_diagnostic,not_applicable,frozen_32
PBS,Wavelet W1,wavelet,range_around_global_maximum,1.2337662337662338,0.3260869565217393,slices,77,not_reference_dependent,not_applicable,frozen_32
PBS,Wavelet W1,wavelet,false_maxima_count,1.1688311688311688,0.48571428571428577,dimensionless,77,not_reference_dependent,not_applicable,frozen_32
PBS,Wavelet W1,wavelet,fwhm,6.090909090909091,0.3680981595092024,slices,77,not_reference_dependent,not_applicable,frozen_32
PBS,Wavelet W1,wavelet,noise_level,0.09039379660083258,0.3850319587437098,dimensionless,77,not_reference_dependent,not_applicable,frozen_32
PBS,Wavelet W1,wavelet,steep_to_gradual_slope_ratio,1.3598175777717172,0.32528415732055166,dimensionless,77,not_reference_dependent,not_applicable,frozen_32
PBS,Wavelet W1,wavelet,execution_time_per_slice,0.137357247,0.09353456480309288,seconds/slice,77,not_reference_dependent,r07b_corrected_native_kernel,frozen_32
PBS,Wavelet W1,wavelet,steep_slope_width,8.168831168831169,0.5674796747967479,slices,77,not_reference_dependent,not_applicable,frozen_32
PBS,Wavelet W1,wavelet,curvature_at_peak,0.347431206192155,0.014491441177195185,dimensionless,77,not_reference_dependent,not_applicable,frozen_32
PBS,Wavelet W1,wavelet,rrmse_under_additive_noise,0.298099560157386,0.3037070800016867,dimensionless,77,not_reference_dependent,not_applicable,frozen_32
PBS,Wavelet W2,wavelet,absolute_peak_localization_error,0.8441558441558441,0.08034188034188033,slices,77,REF-B_fixed_ten_diagnostic,not_applicable,frozen_32
PBS,Wavelet W2,wavelet,range_around_global_maximum,1.2337662337662338,0.3260869565217393,slices,77,not_reference_dependent,not_applicable,frozen_32
PBS,Wavelet W2,wavelet,false_maxima_count,1.1688311688311688,0.48571428571428577,dimensionless,77,not_reference_dependent,not_applicable,frozen_32
PBS,Wavelet W2,wavelet,fwhm,6.090909090909091,0.3680981595092024,slices,77,not_reference_dependent,not_applicable,frozen_32
PBS,Wavelet W2,wavelet,noise_level,0.09039379660083258,0.3850319587437098,dimensionless,77,not_reference_dependent,not_applicable,frozen_32
PBS,Wavelet W2,wavelet,steep_to_gradual_slope_ratio,1.3598175777717172,0.32528415732055166,dimensionless,77,not_reference_dependent,not_applicable,frozen_32
PBS,Wavelet W2,wavelet,execution_time_per_slice,0.160647298,0.1101212331606417,seconds/slice,77,not_reference_dependent,r07b_corrected_native_kernel,frozen_32
PBS,Wavelet W2,wavelet,steep_slope_width,8.168831168831169,0.5674796747967479,slices,77,not_reference_dependent,not_applicable,frozen_32
PBS,Wavelet W2,wavelet,curvature_at_peak,0.347431206192155,0.014491441177195185,dimensionless,77,not_reference_dependent,not_applicable,frozen_32
PBS,Wavelet W2,wavelet,rrmse_under_additive_noise,0.298099560157386,0.3037070800016867,dimensionless,77,not_reference_dependent,not_applicable,frozen_32
PBS,Wavelet W3,wavelet,absolute_peak_localization_error,0.8441558441558441,0.08034188034188033,slices,77,REF-B_fixed_ten_diagnostic,not_applicable,frozen_32
PBS,Wavelet W3,wavelet,range_around_global_maximum,1.2337662337662338,0.3260869565217393,slices,77,not_reference_dependent,not_applicable,frozen_32
PBS,Wavelet W3,wavelet,false_maxima_count,1.1688311688311688,0.48571428571428577,dimensionless,77,not_reference_dependent,not_applicable,frozen_32
PBS,Wavelet W3,wavelet,fwhm,6.090909090909091,0.3680981595092024,slices,77,not_reference_dependent,not_applicable,frozen_32
PBS,Wavelet W3,wavelet,noise_level,0.09039379660083258,0.3850319587437098,dimensionless,77,not_reference_dependent,not_applicable,frozen_32
PBS,Wavelet W3,wavelet,steep_to_gradual_slope_ratio,1.3598175777717172,0.32528415732055166,dimensionless,77,not_reference_dependent,not_applicable,frozen_32
PBS,Wavelet W3,wavelet,execution_time_per_slice,0.155032809,0.10612271606679309,seconds/slice,77,not_reference_dependent,r07b_corrected_native_kernel,frozen_32
PBS,Wavelet W3,wavelet,steep_slope_width,8.168831168831169,0.5674796747967479,slices,77,not_reference_dependent,not_applicable,frozen_32
PBS,Wavelet W3,wavelet,curvature_at_peak,0.347431206192155,0.014491441177195185,dimensionless,77,not_reference_dependent,not_applicable,frozen_32
PBS,Wavelet W3,wavelet,rrmse_under_additive_noise,0.298099560157386,0.3037070800016867,dimensionless,77,not_reference_dependent,not_applicable,frozen_32
PBS,Wavelet Detail Energy (db1),wavelet,absolute_peak_localization_error,0.8441558441558441,0.08034188034188033,slices,77,REF-B_fixed_ten_diagnostic,not_applicable,frozen_32
PBS,Wavelet Detail Energy (db1),wavelet,range_around_global_maximum,1.2337662337662338,0.3260869565217393,slices,77,not_reference_dependent,not_applicable,frozen_32
PBS,Wavelet Detail Energy (db1),wavelet,false_maxima_count,1.1688311688311688,0.48571428571428577,dimensionless,77,not_reference_dependent,not_applicable,frozen_32
PBS,Wavelet Detail Energy (db1),wavelet,fwhm,6.090909090909091,0.3680981595092024,slices,77,not_reference_dependent,not_applicable,frozen_32
PBS,Wavelet Detail Energy (db1),wavelet,noise_level,0.09039349671277651,0.3850305070944622,dimensionless,77,not_reference_dependent,not_applicable,frozen_32
PBS,Wavelet Detail Energy (db1),wavelet,steep_to_gradual_slope_ratio,1.3598161764111407,0.32528469420340506,dimensionless,77,not_reference_dependent,not_applicable,frozen_32
PBS,Wavelet Detail Energy (db1),wavelet,execution_time_per_slice,0.147040853,0.10043101862482003,seconds/slice,77,not_reference_dependent,r07b_corrected_native_kernel,frozen_32
PBS,Wavelet Detail Energy (db1),wavelet,steep_slope_width,8.168831168831169,0.5674796747967479,slices,77,not_reference_dependent,not_applicable,frozen_32
PBS,Wavelet Detail Energy (db1),wavelet,curvature_at_peak,0.34743060439364853,0.014491491191068297,dimensionless,77,not_reference_dependent,not_applicable,frozen_32
PBS,Wavelet Detail Energy (db1),wavelet,rrmse_under_additive_noise,0.29809929444116007,0.30370680560371965,dimensionless,77,not_reference_dependent,not_applicable,frozen_32
PBS,Curvelet Transform Sharpness Index,wavelet_alias,absolute_peak_localization_error,0.8441558441558441,0.08034188034188033,slices,77,REF-B_fixed_ten_diagnostic,not_applicable,frozen_32
PBS,Curvelet Transform Sharpness Index,wavelet_alias,range_around_global_maximum,1.2337662337662338,0.3260869565217393,slices,77,not_reference_dependent,not_applicable,frozen_32
PBS,Curvelet Transform Sharpness Index,wavelet_alias,false_maxima_count,1.1688311688311688,0.48571428571428577,dimensionless,77,not_reference_dependent,not_applicable,frozen_32
PBS,Curvelet Transform Sharpness Index,wavelet_alias,fwhm,6.090909090909091,0.3680981595092024,slices,77,not_reference_dependent,not_applicable,frozen_32
PBS,Curvelet Transform Sharpness Index,wavelet_alias,noise_level,0.09039349671277651,0.3850305070944622,dimensionless,77,not_reference_dependent,not_applicable,frozen_32
PBS,Curvelet Transform Sharpness Index,wavelet_alias,steep_to_gradual_slope_ratio,1.3598161764111407,0.32528469420340506,dimensionless,77,not_reference_dependent,not_applicable,frozen_32
PBS,Curvelet Transform Sharpness Index,wavelet_alias,execution_time_per_slice,0.142915936,0.09749334234916844,seconds/slice,77,not_reference_dependent,r07b_corrected_native_kernel,frozen_32
PBS,Curvelet Transform Sharpness Index,wavelet_alias,steep_slope_width,8.168831168831169,0.5674796747967479,slices,77,not_reference_dependent,not_applicable,frozen_32
PBS,Curvelet Transform Sharpness Index,wavelet_alias,curvature_at_peak,0.34743060439364853,0.014491491191068297,dimensionless,77,not_reference_dependent,not_applicable,frozen_32
PBS,Curvelet Transform Sharpness Index,wavelet_alias,rrmse_under_additive_noise,0.29809929444116007,0.30370680560371965,dimensionless,77,not_reference_dependent,not_applicable,frozen_32
PBS,DCT Focus Measure,frequency,absolute_peak_localization_error,0.5324675324675324,0.039316239316239315,slices,77,REF-B_fixed_ten_diagnostic,not_applicable,frozen_32
PBS,DCT Focus Measure,frequency,range_around_global_maximum,1.2987012987012987,0.43478260869565216,slices,77,not_reference_dependent,not_applicable,frozen_32
PBS,DCT Focus Measure,frequency,false_maxima_count,0.5194805194805194,0.19999999999999998,dimensionless,77,not_reference_dependent,not_applicable,frozen_32
PBS,DCT Focus Measure,frequency,fwhm,5.701298701298701,0.3220858895705521,slices,77,not_reference_dependent,not_applicable,frozen_32
PBS,DCT Focus Measure,frequency,noise_level,0.07663077902454112,0.31841018536548577,dimensionless,77,not_reference_dependent,not_applicable,frozen_32
PBS,DCT Focus Measure,frequency,steep_to_gradual_slope_ratio,1.483186714780585,0.2819509792365243,dimensionless,77,not_reference_dependent,not_applicable,frozen_32
PBS,DCT Focus Measure,frequency,execution_time_per_slice,0.076034694,0.049861974758132914,seconds/slice,77,not_reference_dependent,r07b_corrected_native_kernel,frozen_32
PBS,DCT Focus Measure,frequency,steep_slope_width,10.662337662337663,0.8796747967479676,slices,77,not_reference_dependent,not_applicable,frozen_32
PBS,DCT Focus Measure,frequency,curvature_at_peak,0.3932369479122417,0.011128083480454617,dimensionless,77,not_reference_dependent,not_applicable,frozen_32
PBS,DCT Focus Measure,frequency,rrmse_under_additive_noise,0.20245852789646074,0.20494117012548743,dimensionless,77,not_reference_dependent,not_applicable,frozen_32
PBS,Intensity Skewness Index,statistical,absolute_peak_localization_error,7.8311688311688314,1.0,slices,77,REF-B_fixed_ten_diagnostic,not_applicable,frozen_32
PBS,Intensity Skewness Index,statistical,range_around_global_maximum,1.0389610389610389,0.0,slices,77,not_reference_dependent,not_applicable,frozen_32
PBS,Intensity Skewness Index,statistical,false_maxima_count,0.06493506493506493,0.0,dimensionless,77,not_reference_dependent,not_applicable,frozen_32
PBS,Intensity Skewness Index,statistical,fwhm,9.194805194805195,0.7346625766871165,slices,77,not_reference_dependent,not_applicable,frozen_32
PBS,Intensity Skewness Index,statistical,noise_level,0.010852209115025711,0.0,dimensionless,77,not_reference_dependent,not_applicable,frozen_32
PBS,Intensity Skewness Index,statistical,steep_to_gradual_slope_ratio,1.0034702076353867,0.5102872193418898,dimensionless,77,not_reference_dependent,not_applicable,frozen_32
PBS,Intensity Skewness Index,statistical,execution_time_per_slice,0.054850034,0.03477472013222291,seconds/slice,77,not_reference_dependent,r07b_corrected_native_kernel,frozen_32
PBS,Intensity Skewness Index,statistical,steep_slope_width,8.402597402597403,0.5967479674796747,slices,77,not_reference_dependent,not_applicable,frozen_32
PBS,Intensity Skewness Index,statistical,curvature_at_peak,0.009889503547145545,1.0,dimensionless,77,not_reference_dependent,not_applicable,frozen_32
PBS,Intensity Skewness Index,statistical,rrmse_under_additive_noise,0.004001539162872106,0.0,dimensionless,77,not_reference_dependent,not_applicable,frozen_32
PBS,Squared Gradient,gradient,absolute_peak_localization_error,0.4675324675324675,0.030769230769230767,slices,77,REF-B_fixed_ten_diagnostic,not_applicable,frozen_32
PBS,Squared Gradient,gradient,range_around_global_maximum,1.1688311688311688,0.21739130434782608,slices,77,not_reference_dependent,not_applicable,frozen_32
PBS,Squared Gradient,gradient,false_maxima_count,0.37662337662337664,0.13714285714285715,dimensionless,77,not_reference_dependent,not_applicable,frozen_32
PBS,Squared Gradient,gradient,fwhm,3.896103896103896,0.10889570552147236,slices,77,not_reference_dependent,not_applicable,frozen_32
PBS,Squared Gradient,gradient,noise_level,0.08688721657073921,0.3680578773838257,dimensionless,77,not_reference_dependent,not_applicable,frozen_32
PBS,Squared Gradient,gradient,steep_to_gradual_slope_ratio,2.3494709832162735,0.10584057751174109,dimensionless,77,not_reference_dependent,not_applicable,frozen_32
PBS,Squared Gradient,gradient,execution_time_per_slice,0.028874737,0.016275677909093695,seconds/slice,77,not_reference_dependent,r07b_corrected_native_kernel,frozen_32
PBS,Squared Gradient,gradient,steep_slope_width,11.077922077922079,0.9317073170731708,slices,77,not_reference_dependent,not_applicable,frozen_32
PBS,Squared Gradient,gradient,curvature_at_peak,0.5589063049611277,0.003566284300963227,dimensionless,77,not_reference_dependent,not_applicable,frozen_32
PBS,Squared Gradient,gradient,rrmse_under_additive_noise,0.12941351299377377,0.12950955684989665,dimensionless,77,not_reference_dependent,not_applicable,frozen_32
PBS,Gradient Squared Energy,gradient,absolute_peak_localization_error,0.4675324675324675,0.030769230769230767,slices,77,REF-B_fixed_ten_diagnostic,not_applicable,frozen_32
PBS,Gradient Squared Energy,gradient,range_around_global_maximum,1.1688311688311688,0.21739130434782608,slices,77,not_reference_dependent,not_applicable,frozen_32
PBS,Gradient Squared Energy,gradient,false_maxima_count,0.37662337662337664,0.13714285714285715,dimensionless,77,not_reference_dependent,not_applicable,frozen_32
PBS,Gradient Squared Energy,gradient,fwhm,3.896103896103896,0.10889570552147236,slices,77,not_reference_dependent,not_applicable,frozen_32
PBS,Gradient Squared Energy,gradient,noise_level,0.08688721657073921,0.3680578773838257,dimensionless,77,not_reference_dependent,not_applicable,frozen_32
PBS,Gradient Squared Energy,gradient,steep_to_gradual_slope_ratio,2.3494709832162735,0.10584057751174109,dimensionless,77,not_reference_dependent,not_applicable,frozen_32
PBS,Gradient Squared Energy,gradient,execution_time_per_slice,0.033474542,0.019551559101642173,seconds/slice,77,not_reference_dependent,r07b_corrected_native_kernel,frozen_32
PBS,Gradient Squared Energy,gradient,steep_slope_width,11.077922077922079,0.9317073170731708,slices,77,not_reference_dependent,not_applicable,frozen_32
PBS,Gradient Squared Energy,gradient,curvature_at_peak,0.5589063049611277,0.003566284300963227,dimensionless,77,not_reference_dependent,not_applicable,frozen_32
PBS,Gradient Squared Energy,gradient,rrmse_under_additive_noise,0.12941351299377377,0.12950955684989665,dimensionless,77,not_reference_dependent,not_applicable,frozen_32
PBS,Mean Intensity,statistical,absolute_peak_localization_error,2.2337662337662336,0.2632478632478632,slices,77,REF-B_fixed_ten_diagnostic,not_applicable,frozen_32
PBS,Mean Intensity,statistical,range_around_global_maximum,1.4155844155844155,0.6304347826086955,slices,77,not_reference_dependent,not_applicable,frozen_32
PBS,Mean Intensity,statistical,false_maxima_count,1.896103896103896,0.8057142857142858,dimensionless,77,not_reference_dependent,not_applicable,frozen_32
PBS,Mean Intensity,statistical,fwhm,7.688311688311688,0.5567484662576686,slices,77,not_reference_dependent,not_applicable,frozen_32
PBS,Mean Intensity,statistical,noise_level,0.15172305385205503,0.6819046362213702,dimensionless,77,not_reference_dependent,not_applicable,frozen_32
PBS,Mean Intensity,statistical,steep_to_gradual_slope_ratio,1.2870501412528257,0.35473864347655315,dimensionless,77,not_reference_dependent,not_applicable,frozen_32
PBS,Mean Intensity,statistical,execution_time_per_slice,0.006474804,0.0003229322537787493,seconds/slice,77,not_reference_dependent,r07b_corrected_native_kernel,frozen_32
PBS,Mean Intensity,statistical,steep_slope_width,5.454545454545454,0.2276422764227642,slices,77,not_reference_dependent,not_applicable,frozen_32
PBS,Mean Intensity,statistical,curvature_at_peak,0.41711041881479916,0.00966797041171302,dimensionless,77,not_reference_dependent,not_applicable,frozen_32
PBS,Mean Intensity,statistical,rrmse_under_additive_noise,0.3362230092052329,0.3430761357701057,dimensionless,77,not_reference_dependent,not_applicable,frozen_32
PBS,Intensity Variance,statistical,absolute_peak_localization_error,1.5584415584415585,0.17435897435897435,slices,77,REF-B_fixed_ten_diagnostic,not_applicable,frozen_32
PBS,Intensity Variance,statistical,range_around_global_maximum,1.2857142857142858,0.41304347826086973,slices,77,not_reference_dependent,not_applicable,frozen_32
PBS,Intensity Variance,statistical,false_maxima_count,1.6883116883116882,0.7142857142857143,dimensionless,77,not_reference_dependent,not_applicable,frozen_32
PBS,Intensity Variance,statistical,fwhm,7.766233766233766,0.5659509202453987,slices,77,not_reference_dependent,not_applicable,frozen_32
PBS,Intensity Variance,statistical,noise_level,0.12493541944876353,0.5522354195207339,dimensionless,77,not_reference_dependent,not_applicable,frozen_32
PBS,Intensity Variance,statistical,steep_to_gradual_slope_ratio,1.251578300080246,0.3703385046076326,dimensionless,77,not_reference_dependent,not_applicable,frozen_32
PBS,Intensity Variance,statistical,execution_time_per_slice,0.021645194,0.011126954442681426,seconds/slice,77,not_reference_dependent,r07b_corrected_native_kernel,frozen_32
PBS,Intensity Variance,statistical,steep_slope_width,6.714285714285714,0.3853658536585366,slices,77,not_reference_dependent,not_applicable,frozen_32
PBS,Intensity Variance,statistical,curvature_at_peak,0.37781463703622986,0.01216942368401225,dimensionless,77,not_reference_dependent,not_applicable,frozen_32
PBS,Intensity Variance,statistical,rrmse_under_additive_noise,0.41980635441049813,0.429390398012413,dimensionless,77,not_reference_dependent,not_applicable,frozen_32
PBS,Intensity Range Index,statistical,absolute_peak_localization_error,1.6363636363636365,0.18461538461538463,slices,77,REF-B_fixed_ten_diagnostic,not_applicable,frozen_32
PBS,Intensity Range Index,statistical,range_around_global_maximum,1.2597402597402598,0.36956521739130455,slices,77,not_reference_dependent,not_applicable,frozen_32
PBS,Intensity Range Index,statistical,false_maxima_count,1.5844155844155845,0.6685714285714287,dimensionless,77,not_reference_dependent,not_applicable,frozen_32
PBS,Intensity Range Index,statistical,fwhm,7.441558441558442,0.5276073619631902,slices,77,not_reference_dependent,not_applicable,frozen_32
PBS,Intensity Range Index,statistical,noise_level,0.1726518582369734,0.7832133830190998,dimensionless,77,not_reference_dependent,not_applicable,frozen_32
PBS,Intensity Range Index,statistical,steep_to_gradual_slope_ratio,1.5239094821661916,0.2691873912108464,dimensionless,77,not_reference_dependent,not_applicable,frozen_32
PBS,Intensity Range Index,statistical,execution_time_per_slice,0.010780621,0.0033894415794687525,seconds/slice,77,not_reference_dependent,r07b_corrected_native_kernel,frozen_32
PBS,Intensity Range Index,statistical,steep_slope_width,4.5064935064935066,0.10894308943089433,slices,77,not_reference_dependent,not_applicable,frozen_32
PBS,Intensity Range Index,statistical,curvature_at_peak,0.41127249189030984,0.010009363113152548,dimensionless,77,not_reference_dependent,not_applicable,frozen_32
PBS,Intensity Range Index,statistical,rrmse_under_additive_noise,0.9408440663431455,0.9674519651277396,dimensionless,77,not_reference_dependent,not_applicable,frozen_32
PBS,Maximal Intensity,statistical,absolute_peak_localization_error,1.7792207792207793,0.20341880341880342,slices,77,REF-B_fixed_ten_diagnostic,not_applicable,frozen_32
PBS,Maximal Intensity,statistical,range_around_global_maximum,1.2857142857142858,0.41304347826086973,slices,77,not_reference_dependent,not_applicable,frozen_32
PBS,Maximal Intensity,statistical,false_maxima_count,1.8311688311688312,0.7771428571428572,dimensionless,77,not_reference_dependent,not_applicable,frozen_32
PBS,Maximal Intensity,statistical,fwhm,7.896103896103896,0.5812883435582821,slices,77,not_reference_dependent,not_applicable,frozen_32
PBS,Maximal Intensity,statistical,noise_level,0.21743658654004983,1.0,dimensionless,77,not_reference_dependent,not_applicable,frozen_32
PBS,Maximal Intensity,statistical,steep_to_gradual_slope_ratio,1.5331697344624993,0.266379605866554,dimensionless,77,not_reference_dependent,not_applicable,frozen_32
PBS,Maximal Intensity,statistical,execution_time_per_slice,0.006021360999999999,0.0,seconds/slice,77,not_reference_dependent,r07b_corrected_native_kernel,frozen_32
PBS,Maximal Intensity,statistical,steep_slope_width,4.038961038961039,0.05040650406504071,slices,77,not_reference_dependent,not_applicable,frozen_32
PBS,Maximal Intensity,statistical,curvature_at_peak,0.49190730883802175,0.006010965820550376,dimensionless,77,not_reference_dependent,not_applicable,frozen_32
PBS,Maximal Intensity,statistical,rrmse_under_additive_noise,0.972362306362901,1.0,dimensionless,77,not_reference_dependent,not_applicable,frozen_32
PBS,Laplacian Energy,laplacian,absolute_peak_localization_error,5.935064935064935,0.7504273504273504,slices,77,REF-B_fixed_ten_diagnostic,not_applicable,frozen_32
PBS,Laplacian Energy,laplacian,range_around_global_maximum,1.155844155844156,0.19565217391304365,slices,77,not_reference_dependent,not_applicable,frozen_32
PBS,Laplacian Energy,laplacian,false_maxima_count,2.3376623376623376,1.0,dimensionless,77,not_reference_dependent,not_applicable,frozen_32
PBS,Laplacian Energy,laplacian,fwhm,8.922077922077921,0.7024539877300613,slices,77,not_reference_dependent,not_applicable,frozen_32
PBS,Laplacian Energy,laplacian,noise_level,0.1785223189826947,0.8116301530522155,dimensionless,77,not_reference_dependent,not_applicable,frozen_32
PBS,Laplacian Energy,laplacian,steep_to_gradual_slope_ratio,1.5417343941095878,0.263812754018742,dimensionless,77,not_reference_dependent,not_applicable,frozen_32
PBS,Laplacian Energy,laplacian,execution_time_per_slice,0.159329742,0.10918289840068353,seconds/slice,77,not_reference_dependent,r07b_corrected_native_kernel,frozen_32
PBS,Laplacian Energy,laplacian,steep_slope_width,3.6363636363636362,0.0,slices,77,not_reference_dependent,not_applicable,frozen_32
PBS,Laplacian Energy,laplacian,curvature_at_peak,0.3382013468758179,0.01527944296503766,dimensionless,77,not_reference_dependent,not_applicable,frozen_32
PBS,Laplacian Energy,laplacian,rrmse_under_additive_noise,0.3927254359115985,0.4014246651820724,dimensionless,77,not_reference_dependent,not_applicable,frozen_32
PBS,Mean Absolute Laplacian,laplacian,absolute_peak_localization_error,5.2727272727272725,0.6632478632478632,slices,77,REF-B_fixed_ten_diagnostic,not_applicable,frozen_32
PBS,Mean Absolute Laplacian,laplacian,range_around_global_maximum,1.155844155844156,0.19565217391304365,slices,77,not_reference_dependent,not_applicable,frozen_32
PBS,Mean Absolute Laplacian,laplacian,false_maxima_count,2.2467532467532467,0.9600000000000001,dimensionless,77,not_reference_dependent,not_applicable,frozen_32
PBS,Mean Absolute Laplacian,laplacian,fwhm,9.155844155844155,0.7300613496932514,slices,77,not_reference_dependent,not_applicable,frozen_32
PBS,Mean Absolute Laplacian,laplacian,noise_level,0.17940348009503246,0.8158955342166628,dimensionless,77,not_reference_dependent,not_applicable,frozen_32
PBS,Mean Absolute Laplacian,laplacian,steep_to_gradual_slope_ratio,1.491508757241668,0.2792859695898398,dimensionless,77,not_reference_dependent,not_applicable,frozen_32
PBS,Mean Absolute Laplacian,laplacian,execution_time_per_slice,0.162633992,0.11153611346751317,seconds/slice,77,not_reference_dependent,r07b_corrected_native_kernel,frozen_32
PBS,Mean Absolute Laplacian,laplacian,steep_slope_width,3.948051948051948,0.03902439024390245,slices,77,not_reference_dependent,not_applicable,frozen_32
PBS,Mean Absolute Laplacian,laplacian,curvature_at_peak,0.3489057835976025,0.014369411107109575,dimensionless,77,not_reference_dependent,not_applicable,frozen_32
PBS,Mean Absolute Laplacian,laplacian,rrmse_under_additive_noise,0.42309389303340156,0.43278535032177723,dimensionless,77,not_reference_dependent,not_applicable,frozen_32
PBS,Spatial Frequency,gradient,absolute_peak_localization_error,0.45454545454545453,0.029059829059829057,slices,77,REF-B_fixed_ten_diagnostic,not_applicable,frozen_32
PBS,Spatial Frequency,gradient,range_around_global_maximum,1.2207792207792207,0.30434782608695654,slices,77,not_reference_dependent,not_applicable,frozen_32
PBS,Spatial Frequency,gradient,false_maxima_count,0.974025974025974,0.4,dimensionless,77,not_reference_dependent,not_applicable,frozen_32
PBS,Spatial Frequency,gradient,fwhm,4.194805194805195,0.14417177914110427,slices,77,not_reference_dependent,not_applicable,frozen_32
PBS,Spatial Frequency,gradient,noise_level,0.08078633057805704,0.3385257023533282,dimensionless,77,not_reference_dependent,not_applicable,frozen_32
PBS,Spatial Frequency,gradient,steep_to_gradual_slope_ratio,1.8548470140807942,0.18624639460101974,dimensionless,77,not_reference_dependent,not_applicable,frozen_32
PBS,Spatial Frequency,gradient,execution_time_per_slice,0.048251134,0.03007512691000845,seconds/slice,77,not_reference_dependent,r07b_corrected_native_kernel,frozen_32
PBS,Spatial Frequency,gradient,steep_slope_width,8.896103896103897,0.6585365853658537,slices,77,not_reference_dependent,not_applicable,frozen_32
PBS,Spatial Frequency,gradient,curvature_at_peak,0.4287815280722133,0.009013332267122398,dimensionless,77,not_reference_dependent,not_applicable,frozen_32
PBS,Spatial Frequency,gradient,rrmse_under_additive_noise,0.280330330965548,0.2853572771247931,dimensionless,77,not_reference_dependent,not_applicable,frozen_32
PBS,Modified Tenengrad,gradient,absolute_peak_localization_error,0.4935064935064935,0.034188034188034185,slices,77,REF-B_fixed_ten_diagnostic,not_applicable,frozen_32
PBS,Modified Tenengrad,gradient,range_around_global_maximum,1.1428571428571428,0.17391304347826086,slices,77,not_reference_dependent,not_applicable,frozen_32
PBS,Modified Tenengrad,gradient,false_maxima_count,0.3246753246753247,0.11428571428571428,dimensionless,77,not_reference_dependent,not_applicable,frozen_32
PBS,Modified Tenengrad,gradient,fwhm,3.844155844155844,0.10276073619631898,slices,77,not_reference_dependent,not_applicable,frozen_32
PBS,Modified Tenengrad,gradient,noise_level,0.08595263203073997,0.3635338927938563,dimensionless,77,not_reference_dependent,not_applicable,frozen_32
PBS,Modified Tenengrad,gradient,steep_to_gradual_slope_ratio,2.4444367462769803,0.09412648457606813,dimensionless,77,not_reference_dependent,not_applicable,frozen_32
PBS,Modified Tenengrad,gradient,execution_time_per_slice,0.34321651400000003,0.2401430625713929,seconds/slice,77,not_reference_dependent,r07b_corrected_native_kernel,frozen_32
PBS,Modified Tenengrad,gradient,steep_slope_width,11.233766233766234,0.9512195121951219,slices,77,not_reference_dependent,not_applicable,frozen_32
PBS,Modified Tenengrad,gradient,curvature_at_peak,0.570873304051057,0.003190028856440942,dimensionless,77,not_reference_dependent,not_applicable,frozen_32
PBS,Modified Tenengrad,gradient,rrmse_under_additive_noise,0.12388907173649849,0.12380461562923056,dimensionless,77,not_reference_dependent,not_applicable,frozen_32
PBS,Absolute Central Moment 2,statistical,absolute_peak_localization_error,1.5584415584415585,0.17435897435897435,slices,77,REF-B_fixed_ten_diagnostic,not_applicable,frozen_32
PBS,Absolute Central Moment 2,statistical,range_around_global_maximum,1.2857142857142858,0.41304347826086973,slices,77,not_reference_dependent,not_applicable,frozen_32
PBS,Absolute Central Moment 2,statistical,false_maxima_count,1.6883116883116882,0.7142857142857143,dimensionless,77,not_reference_dependent,not_applicable,frozen_32
PBS,Absolute Central Moment 2,statistical,fwhm,7.766233766233766,0.5659509202453987,slices,77,not_reference_dependent,not_applicable,frozen_32
PBS,Absolute Central Moment 2,statistical,noise_level,0.12493541944876353,0.5522354195207339,dimensionless,77,not_reference_dependent,not_applicable,frozen_32
PBS,Absolute Central Moment 2,statistical,steep_to_gradual_slope_ratio,1.251578300080246,0.3703385046076326,dimensionless,77,not_reference_dependent,not_applicable,frozen_32
PBS,Absolute Central Moment 2,statistical,execution_time_per_slice,0.030468139999999998,0.017410464909814446,seconds/slice,77,not_reference_dependent,r07b_corrected_native_kernel,frozen_32
PBS,Absolute Central Moment 2,statistical,steep_slope_width,6.714285714285714,0.3853658536585366,slices,77,not_reference_dependent,not_applicable,frozen_32
PBS,Absolute Central Moment 2,statistical,curvature_at_peak,0.37781463703622986,0.01216942368401225,dimensionless,77,not_reference_dependent,not_applicable,frozen_32
PBS,Absolute Central Moment 2,statistical,rrmse_under_additive_noise,0.41980635441049813,0.429390398012413,dimensionless,77,not_reference_dependent,not_applicable,frozen_32
PBS,Absolute Central Moment 4,statistical,absolute_peak_localization_error,1.5324675324675325,0.17094017094017094,slices,77,REF-B_fixed_ten_diagnostic,not_applicable,frozen_32
PBS,Absolute Central Moment 4,statistical,range_around_global_maximum,1.2987012987012987,0.43478260869565216,slices,77,not_reference_dependent,not_applicable,frozen_32
PBS,Absolute Central Moment 4,statistical,false_maxima_count,1.6623376623376624,0.7028571428571431,dimensionless,77,not_reference_dependent,not_applicable,frozen_32
PBS,Absolute Central Moment 4,statistical,fwhm,7.246753246753247,0.5046012269938651,slices,77,not_reference_dependent,not_applicable,frozen_32
PBS,Absolute Central Moment 4,statistical,noise_level,0.13356645175398632,0.5940151146400091,dimensionless,77,not_reference_dependent,not_applicable,frozen_32
PBS,Absolute Central Moment 4,statistical,steep_to_gradual_slope_ratio,1.4849962212893173,0.28136897054980065,dimensionless,77,not_reference_dependent,not_applicable,frozen_32
PBS,Absolute Central Moment 4,statistical,execution_time_per_slice,0.096638436,0.06453551220459447,seconds/slice,77,not_reference_dependent,r07b_corrected_native_kernel,frozen_32
PBS,Absolute Central Moment 4,statistical,steep_slope_width,6.324675324675325,0.33658536585365856,slices,77,not_reference_dependent,not_applicable,frozen_32
PBS,Absolute Central Moment 4,statistical,curvature_at_peak,0.44940203429690645,0.007939826209430245,dimensionless,77,not_reference_dependent,not_applicable,frozen_32
PBS,Absolute Central Moment 4,statistical,rrmse_under_additive_noise,0.45228566652726254,0.4629309060719009,dimensionless,77,not_reference_dependent,not_applicable,frozen_32
PBS,Image Power,statistical,absolute_peak_localization_error,1.948051948051948,0.22564102564102562,slices,77,REF-B_fixed_ten_diagnostic,not_applicable,frozen_32
PBS,Image Power,statistical,range_around_global_maximum,1.2987012987012987,0.43478260869565216,slices,77,not_reference_dependent,not_applicable,frozen_32
PBS,Image Power,statistical,false_maxima_count,1.9090909090909092,0.8114285714285716,dimensionless,77,not_reference_dependent,not_applicable,frozen_32
PBS,Image Power,statistical,fwhm,7.402597402597403,0.5230061349693251,slices,77,not_reference_dependent,not_applicable,frozen_32
PBS,Image Power,statistical,noise_level,0.14888833766035653,0.6681828038784221,dimensionless,77,not_reference_dependent,not_applicable,frozen_32
PBS,Image Power,statistical,steep_to_gradual_slope_ratio,1.4410316834556676,0.2959233645136396,dimensionless,77,not_reference_dependent,not_applicable,frozen_32
PBS,Image Power,statistical,execution_time_per_slice,0.015444026,0.0067106173103391965,seconds/slice,77,not_reference_dependent,r07b_corrected_native_kernel,frozen_32
PBS,Image Power,statistical,steep_slope_width,5.3896103896103895,0.21951219512195122,slices,77,not_reference_dependent,not_applicable,frozen_32
PBS,Image Power,statistical,curvature_at_peak,0.4593481351422891,0.007456486869065937,dimensionless,77,not_reference_dependent,not_applicable,frozen_32
PBS,Image Power,statistical,rrmse_under_additive_noise,0.3495965121367042,0.35688659090671776,dimensionless,77,not_reference_dependent,not_applicable,frozen_32
BMA,Tenengrad,gradient,absolute_peak_localization_error,0.02631578947368421,0.0038610038610038607,slices,38,REF-B_fixed_ten_diagnostic,not_applicable,frozen_32
BMA,Tenengrad,gradient,range_around_global_maximum,1.368421052631579,0.19512195121951217,slices,38,not_reference_dependent,not_applicable,frozen_32
BMA,Tenengrad,gradient,false_maxima_count,0.02631578947368421,0.0,dimensionless,38,not_reference_dependent,not_applicable,frozen_32
BMA,Tenengrad,gradient,fwhm,3.973684210526316,0.09536082474226805,slices,38,not_reference_dependent,not_applicable,frozen_32
BMA,Tenengrad,gradient,noise_level,0.05259232715809527,0.16320618343260898,dimensionless,38,not_reference_dependent,not_applicable,frozen_32
BMA,Tenengrad,gradient,steep_to_gradual_slope_ratio,2.379652692366589,0.2980313474299065,dimensionless,38,not_reference_dependent,not_applicable,frozen_32
BMA,Tenengrad,gradient,execution_time_per_slice,0.033831881,0.02030543789939897,seconds/slice,38,not_reference_dependent,r07b_corrected_native_kernel,frozen_32
BMA,Tenengrad,gradient,steep_slope_width,12.578947368421053,0.9965635738831616,slices,38,not_reference_dependent,not_applicable,frozen_32
BMA,Tenengrad,gradient,curvature_at_peak,0.5626648606434367,0.027042338202439373,dimensionless,38,not_reference_dependent,not_applicable,frozen_32
BMA,Tenengrad,gradient,rrmse_under_additive_noise,0.1114814161763925,0.06690990041495035,dimensionless,38,not_reference_dependent,not_applicable,frozen_32
BMA,Brenner Gradient,gradient,absolute_peak_localization_error,0.02631578947368421,0.0038610038610038607,slices,38,REF-B_fixed_ten_diagnostic,not_applicable,frozen_32
BMA,Brenner Gradient,gradient,range_around_global_maximum,1.368421052631579,0.19512195121951217,slices,38,not_reference_dependent,not_applicable,frozen_32
BMA,Brenner Gradient,gradient,false_maxima_count,0.02631578947368421,0.0,dimensionless,38,not_reference_dependent,not_applicable,frozen_32
BMA,Brenner Gradient,gradient,fwhm,3.9210526315789473,0.09020618556701031,slices,38,not_reference_dependent,not_applicable,frozen_32
BMA,Brenner Gradient,gradient,noise_level,0.053175423142763314,0.1689597017740733,dimensionless,38,not_reference_dependent,not_applicable,frozen_32
BMA,Brenner Gradient,gradient,steep_to_gradual_slope_ratio,2.432676540627154,0.2886288989195982,dimensionless,38,not_reference_dependent,not_applicable,frozen_32
BMA,Brenner Gradient,gradient,execution_time_per_slice,0.014977719,0.006634306035119847,seconds/slice,38,not_reference_dependent,r07b_corrected_native_kernel,frozen_32
BMA,Brenner Gradient,gradient,steep_slope_width,12.578947368421053,0.9965635738831616,slices,38,not_reference_dependent,not_applicable,frozen_32
BMA,Brenner Gradient,gradient,curvature_at_peak,0.5722261014893623,0.025668332390006123,dimensionless,38,not_reference_dependent,not_applicable,frozen_32
BMA,Brenner Gradient,gradient,rrmse_under_additive_noise,0.12250390359969889,0.07379168447362981,dimensionless,38,not_reference_dependent,not_applicable,frozen_32
BMA,Variance of Laplacian,laplacian,absolute_peak_localization_error,0.0,0.0,slices,38,REF-B_fixed_ten_diagnostic,not_applicable,frozen_32
BMA,Variance of Laplacian,laplacian,range_around_global_maximum,1.263157894736842,0.09756097560975599,slices,38,not_reference_dependent,not_applicable,frozen_32
BMA,Variance of Laplacian,laplacian,false_maxima_count,0.9473684210526315,0.813953488372093,dimensionless,38,not_reference_dependent,not_applicable,frozen_32
BMA,Variance of Laplacian,laplacian,fwhm,3.0526315789473686,0.0051546391752577475,slices,38,not_reference_dependent,not_applicable,frozen_32
BMA,Variance of Laplacian,laplacian,noise_level,0.09600882561507766,0.5916049835660273,dimensionless,38,not_reference_dependent,not_applicable,frozen_32
BMA,Variance of Laplacian,laplacian,steep_to_gradual_slope_ratio,4.06572373004662,0.11913886493947223,dimensionless,38,not_reference_dependent,not_applicable,frozen_32
BMA,Variance of Laplacian,laplacian,execution_time_per_slice,0.016623458,0.007827629550807623,seconds/slice,38,not_reference_dependent,r07b_corrected_native_kernel,frozen_32
BMA,Variance of Laplacian,laplacian,steep_slope_width,10.0,0.6597938144329897,slices,38,not_reference_dependent,not_applicable,frozen_32
BMA,Variance of Laplacian,laplacian,curvature_at_peak,0.8139585082395335,0.0016547632436251538,dimensionless,38,not_reference_dependent,not_applicable,frozen_32
BMA,Variance of Laplacian,laplacian,rrmse_under_additive_noise,1.6060028658165117,1.0,dimensionless,38,not_reference_dependent,not_applicable,frozen_32
BMA,Sum Modified Laplacian,laplacian,absolute_peak_localization_error,0.0,0.0,slices,38,REF-B_fixed_ten_diagnostic,not_applicable,frozen_32
BMA,Sum Modified Laplacian,laplacian,range_around_global_maximum,1.263157894736842,0.09756097560975599,slices,38,not_reference_dependent,not_applicable,frozen_32
BMA,Sum Modified Laplacian,laplacian,false_maxima_count,1.0263157894736843,0.8837209302325582,dimensionless,38,not_reference_dependent,not_applicable,frozen_32
BMA,Sum Modified Laplacian,laplacian,fwhm,3.0526315789473686,0.0051546391752577475,slices,38,not_reference_dependent,not_applicable,frozen_32
BMA,Sum Modified Laplacian,laplacian,noise_level,0.09602726899206146,0.5917869678542834,dimensionless,38,not_reference_dependent,not_applicable,frozen_32
BMA,Sum Modified Laplacian,laplacian,steep_to_gradual_slope_ratio,4.051827094512891,0.12000480645727513,dimensionless,38,not_reference_dependent,not_applicable,frozen_32
BMA,Sum Modified Laplacian,laplacian,execution_time_per_slice,0.031709979,0.01876684912281597,seconds/slice,38,not_reference_dependent,r07b_corrected_native_kernel,frozen_32
BMA,Sum Modified Laplacian,laplacian,steep_slope_width,9.789473684210526,0.6323024054982818,slices,38,not_reference_dependent,not_applicable,frozen_32
BMA,Sum Modified Laplacian,laplacian,curvature_at_peak,0.8131923898461956,0.0017083172647450679,dimensionless,38,not_reference_dependent,not_applicable,frozen_32
BMA,Sum Modified Laplacian,laplacian,rrmse_under_additive_noise,1.6020935827536718,0.9975592767013883,dimensionless,38,not_reference_dependent,not_applicable,frozen_32
BMA,Normalized Variance,statistical,absolute_peak_localization_error,0.10526315789473684,0.015444015444015443,slices,38,REF-B_fixed_ten_diagnostic,not_applicable,frozen_32
BMA,Normalized Variance,statistical,range_around_global_maximum,2.0789473684210527,0.8536585365853658,slices,38,not_reference_dependent,not_applicable,frozen_32
BMA,Normalized Variance,statistical,false_maxima_count,0.05263157894736842,0.023255813953488372,dimensionless,38,not_reference_dependent,not_applicable,frozen_32
BMA,Normalized Variance,statistical,fwhm,7.657894736842105,0.45618556701030927,slices,38,not_reference_dependent,not_applicable,frozen_32
BMA,Normalized Variance,statistical,noise_level,0.03605203570778057,0.0,dimensionless,38,not_reference_dependent,not_applicable,frozen_32
BMA,Normalized Variance,statistical,steep_to_gradual_slope_ratio,1.0385156427707953,0.8551070346687506,dimensionless,38,not_reference_dependent,not_applicable,frozen_32
BMA,Normalized Variance,statistical,execution_time_per_slice,0.018461117000000003,0.009160114044712965,seconds/slice,38,not_reference_dependent,r07b_corrected_native_kernel,frozen_32
BMA,Normalized Variance,statistical,steep_slope_width,12.447368421052632,0.9793814432989691,slices,38,not_reference_dependent,not_applicable,frozen_32
BMA,Normalized Variance,statistical,curvature_at_peak,0.23656789269933207,0.140395316383267,dimensionless,38,not_reference_dependent,not_applicable,frozen_32
BMA,Normalized Variance,statistical,rrmse_under_additive_noise,0.5907615865775107,0.36614386727197173,dimensionless,38,not_reference_dependent,not_applicable,frozen_32
BMA,Energy of Gradient,gradient,absolute_peak_localization_error,0.02631578947368421,0.0038610038610038607,slices,38,REF-B_fixed_ten_diagnostic,not_applicable,frozen_32
BMA,Energy of Gradient,gradient,range_around_global_maximum,1.368421052631579,0.19512195121951217,slices,38,not_reference_dependent,not_applicable,frozen_32
BMA,Energy of Gradient,gradient,false_maxima_count,0.02631578947368421,0.0,dimensionless,38,not_reference_dependent,not_applicable,frozen_32
BMA,Energy of Gradient,gradient,fwhm,3.973684210526316,0.09536082474226805,slices,38,not_reference_dependent,not_applicable,frozen_32
BMA,Energy of Gradient,gradient,noise_level,0.05259232715809527,0.16320618343260898,dimensionless,38,not_reference_dependent,not_applicable,frozen_32
BMA,Energy of Gradient,gradient,steep_to_gradual_slope_ratio,2.379652692366589,0.2980313474299065,dimensionless,38,not_reference_dependent,not_applicable,frozen_32
BMA,Energy of Gradient,gradient,execution_time_per_slice,0.030576370000000002,0.017944870499659264,seconds/slice,38,not_reference_dependent,r07b_corrected_native_kernel,frozen_32
BMA,Energy of Gradient,gradient,steep_slope_width,12.578947368421053,0.9965635738831616,slices,38,not_reference_dependent,not_applicable,frozen_32
BMA,Energy of Gradient,gradient,curvature_at_peak,0.5626648606434367,0.027042338202439373,dimensionless,38,not_reference_dependent,not_applicable,frozen_32
BMA,Energy of Gradient,gradient,rrmse_under_additive_noise,0.1114814161763925,0.06690990041495035,dimensionless,38,not_reference_dependent,not_applicable,frozen_32
BMA,Histogram Entropy,entropy,absolute_peak_localization_error,5.105263157894737,0.7490347490347491,slices,38,REF-B_fixed_ten_diagnostic,not_applicable,frozen_32
BMA,Histogram Entropy,entropy,range_around_global_maximum,1.631578947368421,0.43902439024390233,slices,38,not_reference_dependent,not_applicable,frozen_32
BMA,Histogram Entropy,entropy,false_maxima_count,0.8157894736842105,0.6976744186046512,dimensionless,38,not_reference_dependent,not_applicable,frozen_32
BMA,Histogram Entropy,entropy,fwhm,10.894736842105264,0.7731958762886598,slices,38,not_reference_dependent,not_applicable,frozen_32
BMA,Histogram Entropy,entropy,noise_level,0.08076985913177959,0.4412392196574835,dimensionless,38,not_reference_dependent,not_applicable,frozen_32
BMA,Histogram Entropy,entropy,steep_to_gradual_slope_ratio,2.661977956639948,0.25228047548824606,dimensionless,38,not_reference_dependent,not_applicable,frozen_32
BMA,Histogram Entropy,entropy,execution_time_per_slice,0.055068638999999996,0.03570418746927031,seconds/slice,38,not_reference_dependent,r07b_corrected_native_kernel,frozen_32
BMA,Histogram Entropy,entropy,steep_slope_width,7.0,0.26804123711340205,slices,38,not_reference_dependent,not_applicable,frozen_32
BMA,Histogram Entropy,entropy,curvature_at_peak,0.2869600886962105,0.10604919072486217,dimensionless,38,not_reference_dependent,not_applicable,frozen_32
BMA,Histogram Entropy,entropy,rrmse_under_additive_noise,0.4414046428303564,0.27289429527800024,dimensionless,38,not_reference_dependent,not_applicable,frozen_32
BMA,GLCM Contrast,texture,absolute_peak_localization_error,0.3157894736842105,0.04633204633204633,slices,38,REF-B_fixed_ten_diagnostic,not_applicable,frozen_32
BMA,GLCM Contrast,texture,range_around_global_maximum,1.3421052631578947,0.17073170731707307,slices,38,not_reference_dependent,not_applicable,frozen_32
BMA,GLCM Contrast,texture,false_maxima_count,0.5789473684210527,0.48837209302325585,dimensionless,38,not_reference_dependent,not_applicable,frozen_32
BMA,GLCM Contrast,texture,fwhm,3.9210526315789473,0.09020618556701031,slices,38,not_reference_dependent,not_applicable,frozen_32
BMA,GLCM Contrast,texture,noise_level,0.07121288511521907,0.3469387498566459,dimensionless,38,not_reference_dependent,not_applicable,frozen_32
BMA,GLCM Contrast,texture,steep_to_gradual_slope_ratio,2.436759492614831,0.28792185742345544,dimensionless,38,not_reference_dependent,not_applicable,frozen_32
BMA,GLCM Contrast,texture,execution_time_per_slice,1.3849504400000001,1.0,seconds/slice,38,not_reference_dependent,r07b_corrected_native_kernel,frozen_32
BMA,GLCM Contrast,texture,steep_slope_width,10.473684210526315,0.7216494845360825,slices,38,not_reference_dependent,not_applicable,frozen_32
BMA,GLCM Contrast,texture,curvature_at_peak,0.578652569912092,0.02477032771616743,dimensionless,38,not_reference_dependent,not_applicable,frozen_32
BMA,GLCM Contrast,texture,rrmse_under_additive_noise,0.06539127233986476,0.03813396219561543,dimensionless,38,not_reference_dependent,not_applicable,frozen_32
BMA,Variance of Gradient,gradient,absolute_peak_localization_error,0.05263157894736842,0.007722007722007721,slices,38,REF-B_fixed_ten_diagnostic,not_applicable,frozen_32
BMA,Variance of Gradient,gradient,range_around_global_maximum,1.368421052631579,0.19512195121951217,slices,38,not_reference_dependent,not_applicable,frozen_32
BMA,Variance of Gradient,gradient,false_maxima_count,0.02631578947368421,0.0,dimensionless,38,not_reference_dependent,not_applicable,frozen_32
BMA,Variance of Gradient,gradient,fwhm,3.789473684210526,0.07731958762886595,slices,38,not_reference_dependent,not_applicable,frozen_32
BMA,Variance of Gradient,gradient,noise_level,0.05360052590040415,0.1731542710686741,dimensionless,38,not_reference_dependent,not_applicable,frozen_32
BMA,Variance of Gradient,gradient,steep_to_gradual_slope_ratio,2.373706667212667,0.29911191960312744,dimensionless,38,not_reference_dependent,not_applicable,frozen_32
BMA,Variance of Gradient,gradient,execution_time_per_slice,0.035426966,0.021462032256110958,seconds/slice,38,not_reference_dependent,r07b_corrected_native_kernel,frozen_32
BMA,Variance of Gradient,gradient,steep_slope_width,12.605263157894736,1.0,slices,38,not_reference_dependent,not_applicable,frozen_32
BMA,Variance of Gradient,gradient,curvature_at_peak,0.5626484543248441,0.027044736019170727,dimensionless,38,not_reference_dependent,not_applicable,frozen_32
BMA,Variance of Gradient,gradient,rrmse_under_additive_noise,0.09604985192615911,0.05727535162579067,dimensionless,38,not_reference_dependent,not_applicable,frozen_32
BMA,Fourier Transform Sharpness Index,frequency,absolute_peak_localization_error,0.0,0.0,slices,38,REF-B_fixed_ten_diagnostic,not_applicable,frozen_32
BMA,Fourier Transform Sharpness Index,frequency,range_around_global_maximum,1.4473684210526316,0.2682926829268293,slices,38,not_reference_dependent,not_applicable,frozen_32
BMA,Fourier Transform Sharpness Index,frequency,false_maxima_count,0.02631578947368421,0.0,dimensionless,38,not_reference_dependent,not_applicable,frozen_32
BMA,Fourier Transform Sharpness Index,frequency,fwhm,4.842105263157895,0.18041237113402062,slices,38,not_reference_dependent,not_applicable,frozen_32
BMA,Fourier Transform Sharpness Index,frequency,noise_level,0.03989985838472129,0.037967193958785506,dimensionless,38,not_reference_dependent,not_applicable,frozen_32
BMA,Fourier Transform Sharpness Index,frequency,steep_to_gradual_slope_ratio,1.7168583320039428,0.4645636285307968,dimensionless,38,not_reference_dependent,not_applicable,frozen_32
BMA,Fourier Transform Sharpness Index,frequency,execution_time_per_slice,0.19867978,0.1398364658378651,seconds/slice,38,not_reference_dependent,r07b_corrected_native_kernel,frozen_32
BMA,Fourier Transform Sharpness Index,frequency,steep_slope_width,12.605263157894736,1.0,slices,38,not_reference_dependent,not_applicable,frozen_32
BMA,Fourier Transform Sharpness Index,frequency,curvature_at_peak,0.42032773423694997,0.054888934748071404,dimensionless,38,not_reference_dependent,not_applicable,frozen_32
BMA,Fourier Transform Sharpness Index,frequency,rrmse_under_additive_noise,0.12744090463593594,0.0768740536090231,dimensionless,38,not_reference_dependent,not_applicable,frozen_32
BMA,Fourier High Frequency Energy Ratio,frequency,absolute_peak_localization_error,0.2894736842105263,0.04247104247104247,slices,38,REF-B_fixed_ten_diagnostic,not_applicable,frozen_32
BMA,Fourier High Frequency Energy Ratio,frequency,range_around_global_maximum,1.2894736842105263,0.12195121951219509,slices,38,not_reference_dependent,not_applicable,frozen_32
BMA,Fourier High Frequency Energy Ratio,frequency,false_maxima_count,0.05263157894736842,0.023255813953488372,dimensionless,38,not_reference_dependent,not_applicable,frozen_32
BMA,Fourier High Frequency Energy Ratio,frequency,fwhm,3.0,0.0,slices,38,not_reference_dependent,not_applicable,frozen_32
BMA,Fourier High Frequency Energy Ratio,frequency,noise_level,0.10967592443514712,0.726460832008614,dimensionless,38,not_reference_dependent,not_applicable,frozen_32
BMA,Fourier High Frequency Energy Ratio,frequency,steep_to_gradual_slope_ratio,4.830857295232893,0.07914965306197627,dimensionless,38,not_reference_dependent,not_applicable,frozen_32
BMA,Fourier High Frequency Energy Ratio,frequency,execution_time_per_slice,0.209766243,0.1478752478097953,seconds/slice,38,not_reference_dependent,r07b_corrected_native_kernel,frozen_32
BMA,Fourier High Frequency Energy Ratio,frequency,steep_slope_width,12.394736842105264,0.9725085910652922,slices,38,not_reference_dependent,not_applicable,frozen_32
BMA,Fourier High Frequency Energy Ratio,frequency,curvature_at_peak,0.8383635034894956,0.0,dimensionless,38,not_reference_dependent,not_applicable,frozen_32
BMA,Fourier High Frequency Energy Ratio,frequency,rrmse_under_additive_noise,0.22830893267916158,0.13985003722870606,dimensionless,38,not_reference_dependent,not_applicable,frozen_32
BMA,Roberts Focus Measure,gradient,absolute_peak_localization_error,0.02631578947368421,0.0038610038610038607,slices,38,REF-B_fixed_ten_diagnostic,not_applicable,frozen_32
BMA,Roberts Focus Measure,gradient,range_around_global_maximum,1.368421052631579,0.19512195121951217,slices,38,not_reference_dependent,not_applicable,frozen_32
BMA,Roberts Focus Measure,gradient,false_maxima_count,0.02631578947368421,0.0,dimensionless,38,not_reference_dependent,not_applicable,frozen_32
BMA,Roberts Focus Measure,gradient,fwhm,3.9210526315789473,0.09020618556701031,slices,38,not_reference_dependent,not_applicable,frozen_32
BMA,Roberts Focus Measure,gradient,noise_level,0.05362888274747386,0.17343407344085915,dimensionless,38,not_reference_dependent,not_applicable,frozen_32
BMA,Roberts Focus Measure,gradient,steep_to_gradual_slope_ratio,2.4235569235594983,0.290216738687529,dimensionless,38,not_reference_dependent,not_applicable,frozen_32
BMA,Roberts Focus Measure,gradient,execution_time_per_slice,0.03193455,0.018929685304763123,seconds/slice,38,not_reference_dependent,r07b_corrected_native_kernel,frozen_32
BMA,Roberts Focus Measure,gradient,steep_slope_width,12.578947368421053,0.9965635738831616,slices,38,not_reference_dependent,not_applicable,frozen_32
BMA,Roberts Focus Measure,gradient,curvature_at_peak,0.5708294306683485,0.02586617134490367,dimensionless,38,not_reference_dependent,not_applicable,frozen_32
BMA,Roberts Focus Measure,gradient,rrmse_under_additive_noise,0.14789527709752107,0.08964454441845646,dimensionless,38,not_reference_dependent,not_applicable,frozen_32
BMA,Wavelet W1,wavelet,absolute_peak_localization_error,0.02631578947368421,0.0038610038610038607,slices,38,REF-B_fixed_ten_diagnostic,not_applicable,frozen_32
BMA,Wavelet W1,wavelet,range_around_global_maximum,1.394736842105263,0.21951219512195108,slices,38,not_reference_dependent,not_applicable,frozen_32
BMA,Wavelet W1,wavelet,false_maxima_count,0.02631578947368421,0.0,dimensionless,38,not_reference_dependent,not_applicable,frozen_32
BMA,Wavelet W1,wavelet,fwhm,4.342105263157895,0.13144329896907214,slices,38,not_reference_dependent,not_applicable,frozen_32
BMA,Wavelet W1,wavelet,noise_level,0.0452694384134926,0.09094985546533658,dimensionless,38,not_reference_dependent,not_applicable,frozen_32
BMA,Wavelet W1,wavelet,steep_to_gradual_slope_ratio,2.1197217304816895,0.3509286162051174,dimensionless,38,not_reference_dependent,not_applicable,frozen_32
BMA,Wavelet W1,wavelet,execution_time_per_slice,0.13682038900000001,0.09498229032982602,seconds/slice,38,not_reference_dependent,r07b_corrected_native_kernel,frozen_32
BMA,Wavelet W1,wavelet,steep_slope_width,12.578947368421053,0.9965635738831616,slices,38,not_reference_dependent,not_applicable,frozen_32
BMA,Wavelet W1,wavelet,curvature_at_peak,0.5080232684954332,0.03588700989006851,dimensionless,38,not_reference_dependent,not_applicable,frozen_32
BMA,Wavelet W1,wavelet,rrmse_under_additive_noise,0.20454790663096248,0.12501506904079823,dimensionless,38,not_reference_dependent,not_applicable,frozen_32
BMA,Wavelet W2,wavelet,absolute_peak_localization_error,0.02631578947368421,0.0038610038610038607,slices,38,REF-B_fixed_ten_diagnostic,not_applicable,frozen_32
BMA,Wavelet W2,wavelet,range_around_global_maximum,1.394736842105263,0.21951219512195108,slices,38,not_reference_dependent,not_applicable,frozen_32
BMA,Wavelet W2,wavelet,false_maxima_count,0.02631578947368421,0.0,dimensionless,38,not_reference_dependent,not_applicable,frozen_32
BMA,Wavelet W2,wavelet,fwhm,4.342105263157895,0.13144329896907214,slices,38,not_reference_dependent,not_applicable,frozen_32
BMA,Wavelet W2,wavelet,noise_level,0.0452694384134926,0.09094985546533658,dimensionless,38,not_reference_dependent,not_applicable,frozen_32
BMA,Wavelet W2,wavelet,steep_to_gradual_slope_ratio,2.1197217304816895,0.3509286162051174,dimensionless,38,not_reference_dependent,not_applicable,frozen_32
BMA,Wavelet W2,wavelet,execution_time_per_slice,0.150194681,0.10467997456121075,seconds/slice,38,not_reference_dependent,r07b_corrected_native_kernel,frozen_32
BMA,Wavelet W2,wavelet,steep_slope_width,12.578947368421053,0.9965635738831616,slices,38,not_reference_dependent,not_applicable,frozen_32
BMA,Wavelet W2,wavelet,curvature_at_peak,0.5080232684954332,0.03588700989006851,dimensionless,38,not_reference_dependent,not_applicable,frozen_32
BMA,Wavelet W2,wavelet,rrmse_under_additive_noise,0.20454790663096248,0.12501506904079823,dimensionless,38,not_reference_dependent,not_applicable,frozen_32
BMA,Wavelet W3,wavelet,absolute_peak_localization_error,0.02631578947368421,0.0038610038610038607,slices,38,REF-B_fixed_ten_diagnostic,not_applicable,frozen_32
BMA,Wavelet W3,wavelet,range_around_global_maximum,1.394736842105263,0.21951219512195108,slices,38,not_reference_dependent,not_applicable,frozen_32
BMA,Wavelet W3,wavelet,false_maxima_count,0.02631578947368421,0.0,dimensionless,38,not_reference_dependent,not_applicable,frozen_32
BMA,Wavelet W3,wavelet,fwhm,4.342105263157895,0.13144329896907214,slices,38,not_reference_dependent,not_applicable,frozen_32
BMA,Wavelet W3,wavelet,noise_level,0.0452694384134926,0.09094985546533658,dimensionless,38,not_reference_dependent,not_applicable,frozen_32
BMA,Wavelet W3,wavelet,steep_to_gradual_slope_ratio,2.1197217304816895,0.3509286162051174,dimensionless,38,not_reference_dependent,not_applicable,frozen_32
BMA,Wavelet W3,wavelet,execution_time_per_slice,0.151906284,0.10592105598993168,seconds/slice,38,not_reference_dependent,r07b_corrected_native_kernel,frozen_32
BMA,Wavelet W3,wavelet,steep_slope_width,12.578947368421053,0.9965635738831616,slices,38,not_reference_dependent,not_applicable,frozen_32
BMA,Wavelet W3,wavelet,curvature_at_peak,0.5080232684954332,0.03588700989006851,dimensionless,38,not_reference_dependent,not_applicable,frozen_32
BMA,Wavelet W3,wavelet,rrmse_under_additive_noise,0.20454790663096248,0.12501506904079823,dimensionless,38,not_reference_dependent,not_applicable,frozen_32
BMA,Wavelet Detail Energy (db1),wavelet,absolute_peak_localization_error,0.02631578947368421,0.0038610038610038607,slices,38,REF-B_fixed_ten_diagnostic,not_applicable,frozen_32
BMA,Wavelet Detail Energy (db1),wavelet,range_around_global_maximum,1.394736842105263,0.21951219512195108,slices,38,not_reference_dependent,not_applicable,frozen_32
BMA,Wavelet Detail Energy (db1),wavelet,false_maxima_count,0.02631578947368421,0.0,dimensionless,38,not_reference_dependent,not_applicable,frozen_32
BMA,Wavelet Detail Energy (db1),wavelet,fwhm,4.342105263157895,0.13144329896907214,slices,38,not_reference_dependent,not_applicable,frozen_32
BMA,Wavelet Detail Energy (db1),wavelet,noise_level,0.045269438946059205,0.09094986072027195,dimensionless,38,not_reference_dependent,not_applicable,frozen_32
BMA,Wavelet Detail Energy (db1),wavelet,steep_to_gradual_slope_ratio,2.119721724580971,0.3509286175531949,dimensionless,38,not_reference_dependent,not_applicable,frozen_32
BMA,Wavelet Detail Energy (db1),wavelet,execution_time_per_slice,0.142629525,0.0991944883725463,seconds/slice,38,not_reference_dependent,r07b_corrected_native_kernel,frozen_32
BMA,Wavelet Detail Energy (db1),wavelet,steep_slope_width,12.578947368421053,0.9965635738831616,slices,38,not_reference_dependent,not_applicable,frozen_32
BMA,Wavelet Detail Energy (db1),wavelet,curvature_at_peak,0.5080232660387443,0.03588701033049633,dimensionless,38,not_reference_dependent,not_applicable,frozen_32
BMA,Wavelet Detail Energy (db1),wavelet,rrmse_under_additive_noise,0.2045473952211576,0.12501474974700297,dimensionless,38,not_reference_dependent,not_applicable,frozen_32
BMA,Curvelet Transform Sharpness Index,wavelet_alias,absolute_peak_localization_error,0.02631578947368421,0.0038610038610038607,slices,38,REF-B_fixed_ten_diagnostic,not_applicable,frozen_32
BMA,Curvelet Transform Sharpness Index,wavelet_alias,range_around_global_maximum,1.394736842105263,0.21951219512195108,slices,38,not_reference_dependent,not_applicable,frozen_32
BMA,Curvelet Transform Sharpness Index,wavelet_alias,false_maxima_count,0.02631578947368421,0.0,dimensionless,38,not_reference_dependent,not_applicable,frozen_32
BMA,Curvelet Transform Sharpness Index,wavelet_alias,fwhm,4.342105263157895,0.13144329896907214,slices,38,not_reference_dependent,not_applicable,frozen_32
BMA,Curvelet Transform Sharpness Index,wavelet_alias,noise_level,0.045269438946059205,0.09094986072027195,dimensionless,38,not_reference_dependent,not_applicable,frozen_32
BMA,Curvelet Transform Sharpness Index,wavelet_alias,steep_to_gradual_slope_ratio,2.119721724580971,0.3509286175531949,dimensionless,38,not_reference_dependent,not_applicable,frozen_32
BMA,Curvelet Transform Sharpness Index,wavelet_alias,execution_time_per_slice,0.141960149,0.09870912458057379,seconds/slice,38,not_reference_dependent,r07b_corrected_native_kernel,frozen_32
BMA,Curvelet Transform Sharpness Index,wavelet_alias,steep_slope_width,12.578947368421053,0.9965635738831616,slices,38,not_reference_dependent,not_applicable,frozen_32
BMA,Curvelet Transform Sharpness Index,wavelet_alias,curvature_at_peak,0.5080232660387443,0.03588701033049633,dimensionless,38,not_reference_dependent,not_applicable,frozen_32
BMA,Curvelet Transform Sharpness Index,wavelet_alias,rrmse_under_additive_noise,0.2045473952211576,0.12501474974700297,dimensionless,38,not_reference_dependent,not_applicable,frozen_32
BMA,DCT Focus Measure,frequency,absolute_peak_localization_error,0.02631578947368421,0.0038610038610038607,slices,38,REF-B_fixed_ten_diagnostic,not_applicable,frozen_32
BMA,DCT Focus Measure,frequency,range_around_global_maximum,1.5,0.31707317073170727,slices,38,not_reference_dependent,not_applicable,frozen_32
BMA,DCT Focus Measure,frequency,false_maxima_count,0.02631578947368421,0.0,dimensionless,38,not_reference_dependent,not_applicable,frozen_32
BMA,DCT Focus Measure,frequency,fwhm,5.394736842105263,0.23453608247422675,slices,38,not_reference_dependent,not_applicable,frozen_32
BMA,DCT Focus Measure,frequency,noise_level,0.037655512238648714,0.015821806140046597,dimensionless,38,not_reference_dependent,not_applicable,frozen_32
BMA,DCT Focus Measure,frequency,steep_to_gradual_slope_ratio,1.661926210909903,0.48432639937273486,dimensionless,38,not_reference_dependent,not_applicable,frozen_32
BMA,DCT Focus Measure,frequency,execution_time_per_slice,0.075193206,0.050296488583927115,seconds/slice,38,not_reference_dependent,r07b_corrected_native_kernel,frozen_32
BMA,DCT Focus Measure,frequency,steep_slope_width,12.552631578947368,0.993127147766323,slices,38,not_reference_dependent,not_applicable,frozen_32
BMA,DCT Focus Measure,frequency,curvature_at_peak,0.4014139175128737,0.060075626911896024,dimensionless,38,not_reference_dependent,not_applicable,frozen_32
BMA,DCT Focus Measure,frequency,rrmse_under_additive_noise,0.19281314283185216,0.11768858207431439,dimensionless,38,not_reference_dependent,not_applicable,frozen_32
BMA,Intensity Skewness Index,statistical,absolute_peak_localization_error,6.815789473684211,1.0,slices,38,REF-B_fixed_ten_diagnostic,not_applicable,frozen_32
BMA,Intensity Skewness Index,statistical,range_around_global_maximum,1.1578947368421053,0.0,slices,38,not_reference_dependent,not_applicable,frozen_32
BMA,Intensity Skewness Index,statistical,false_maxima_count,0.2631578947368421,0.20930232558139533,dimensionless,38,not_reference_dependent,not_applicable,frozen_32
BMA,Intensity Skewness Index,statistical,fwhm,13.210526315789474,1.0,slices,38,not_reference_dependent,not_applicable,frozen_32
BMA,Intensity Skewness Index,statistical,noise_level,0.04385096367153413,0.07695349695944138,dimensionless,38,not_reference_dependent,not_applicable,frozen_32
BMA,Intensity Skewness Index,statistical,steep_to_gradual_slope_ratio,4.5470626347701675,0.09241188866415224,dimensionless,38,not_reference_dependent,not_applicable,frozen_32
BMA,Intensity Skewness Index,statistical,execution_time_per_slice,0.053179802000000005,0.034334593864572875,seconds/slice,38,not_reference_dependent,r07b_corrected_native_kernel,frozen_32
BMA,Intensity Skewness Index,statistical,steep_slope_width,6.184210526315789,0.16151202749140892,slices,38,not_reference_dependent,not_applicable,frozen_32
BMA,Intensity Skewness Index,statistical,curvature_at_peak,0.04384914747398825,1.0,dimensionless,38,not_reference_dependent,not_applicable,frozen_32
BMA,Intensity Skewness Index,statistical,rrmse_under_additive_noise,0.004312471389712852,0.0,dimensionless,38,not_reference_dependent,not_applicable,frozen_32
BMA,Squared Gradient,gradient,absolute_peak_localization_error,0.02631578947368421,0.0038610038610038607,slices,38,REF-B_fixed_ten_diagnostic,not_applicable,frozen_32
BMA,Squared Gradient,gradient,range_around_global_maximum,1.368421052631579,0.19512195121951217,slices,38,not_reference_dependent,not_applicable,frozen_32
BMA,Squared Gradient,gradient,false_maxima_count,0.02631578947368421,0.0,dimensionless,38,not_reference_dependent,not_applicable,frozen_32
BMA,Squared Gradient,gradient,fwhm,3.973684210526316,0.09536082474226805,slices,38,not_reference_dependent,not_applicable,frozen_32
BMA,Squared Gradient,gradient,noise_level,0.05259232715809527,0.16320618343260898,dimensionless,38,not_reference_dependent,not_applicable,frozen_32
BMA,Squared Gradient,gradient,steep_to_gradual_slope_ratio,2.379652692366589,0.2980313474299065,dimensionless,38,not_reference_dependent,not_applicable,frozen_32
BMA,Squared Gradient,gradient,execution_time_per_slice,0.033661639,0.02018199561483397,seconds/slice,38,not_reference_dependent,r07b_corrected_native_kernel,frozen_32
BMA,Squared Gradient,gradient,steep_slope_width,12.578947368421053,0.9965635738831616,slices,38,not_reference_dependent,not_applicable,frozen_32
BMA,Squared Gradient,gradient,curvature_at_peak,0.5626648606434367,0.027042338202439373,dimensionless,38,not_reference_dependent,not_applicable,frozen_32
BMA,Squared Gradient,gradient,rrmse_under_additive_noise,0.1114814161763925,0.06690990041495035,dimensionless,38,not_reference_dependent,not_applicable,frozen_32
BMA,Gradient Squared Energy,gradient,absolute_peak_localization_error,0.02631578947368421,0.0038610038610038607,slices,38,REF-B_fixed_ten_diagnostic,not_applicable,frozen_32
BMA,Gradient Squared Energy,gradient,range_around_global_maximum,1.368421052631579,0.19512195121951217,slices,38,not_reference_dependent,not_applicable,frozen_32
BMA,Gradient Squared Energy,gradient,false_maxima_count,0.02631578947368421,0.0,dimensionless,38,not_reference_dependent,not_applicable,frozen_32
BMA,Gradient Squared Energy,gradient,fwhm,3.973684210526316,0.09536082474226805,slices,38,not_reference_dependent,not_applicable,frozen_32
BMA,Gradient Squared Energy,gradient,noise_level,0.05259232715809527,0.16320618343260898,dimensionless,38,not_reference_dependent,not_applicable,frozen_32
BMA,Gradient Squared Energy,gradient,steep_to_gradual_slope_ratio,2.379652692366589,0.2980313474299065,dimensionless,38,not_reference_dependent,not_applicable,frozen_32
BMA,Gradient Squared Energy,gradient,execution_time_per_slice,0.033677977,0.020193842280434835,seconds/slice,38,not_reference_dependent,r07b_corrected_native_kernel,frozen_32
BMA,Gradient Squared Energy,gradient,steep_slope_width,12.578947368421053,0.9965635738831616,slices,38,not_reference_dependent,not_applicable,frozen_32
BMA,Gradient Squared Energy,gradient,curvature_at_peak,0.5626648606434367,0.027042338202439373,dimensionless,38,not_reference_dependent,not_applicable,frozen_32
BMA,Gradient Squared Energy,gradient,rrmse_under_additive_noise,0.1114814161763925,0.06690990041495035,dimensionless,38,not_reference_dependent,not_applicable,frozen_32
BMA,Mean Intensity,statistical,absolute_peak_localization_error,4.894736842105263,0.718146718146718,slices,38,REF-B_fixed_ten_diagnostic,not_applicable,frozen_32
BMA,Mean Intensity,statistical,range_around_global_maximum,1.736842105263158,0.5365853658536586,slices,38,not_reference_dependent,not_applicable,frozen_32
BMA,Mean Intensity,statistical,false_maxima_count,0.4473684210526316,0.37209302325581395,dimensionless,38,not_reference_dependent,not_applicable,frozen_32
BMA,Mean Intensity,statistical,fwhm,7.842105263157895,0.4742268041237113,slices,38,not_reference_dependent,not_applicable,frozen_32
BMA,Mean Intensity,statistical,noise_level,0.07413036809957659,0.3757261061457945,dimensionless,38,not_reference_dependent,not_applicable,frozen_32
BMA,Mean Intensity,statistical,steep_to_gradual_slope_ratio,7.698359370907289,0.0,dimensionless,38,not_reference_dependent,not_applicable,frozen_32
BMA,Mean Intensity,statistical,execution_time_per_slice,0.009492729,0.0026571458959287033,seconds/slice,38,not_reference_dependent,r07b_corrected_native_kernel,frozen_32
BMA,Mean Intensity,statistical,steep_slope_width,9.736842105263158,0.6254295532646048,slices,38,not_reference_dependent,not_applicable,frozen_32
BMA,Mean Intensity,statistical,curvature_at_peak,0.7143244984728067,0.00958345558014945,dimensionless,38,not_reference_dependent,not_applicable,frozen_32
BMA,Mean Intensity,statistical,rrmse_under_additive_noise,0.7566649445852451,0.4697240339415151,dimensionless,38,not_reference_dependent,not_applicable,frozen_32
BMA,Intensity Variance,statistical,absolute_peak_localization_error,0.10526315789473684,0.015444015444015443,slices,38,REF-B_fixed_ten_diagnostic,not_applicable,frozen_32
BMA,Intensity Variance,statistical,range_around_global_maximum,2.0526315789473686,0.8292682926829269,slices,38,not_reference_dependent,not_applicable,frozen_32
BMA,Intensity Variance,statistical,false_maxima_count,0.05263157894736842,0.023255813953488372,dimensionless,38,not_reference_dependent,not_applicable,frozen_32
BMA,Intensity Variance,statistical,fwhm,7.657894736842105,0.45618556701030927,slices,38,not_reference_dependent,not_applicable,frozen_32
BMA,Intensity Variance,statistical,noise_level,0.03670653393989877,0.006458057818888571,dimensionless,38,not_reference_dependent,not_applicable,frozen_32
BMA,Intensity Variance,statistical,steep_to_gradual_slope_ratio,1.0287463606438871,0.8644936487173728,dimensionless,38,not_reference_dependent,not_applicable,frozen_32
BMA,Intensity Variance,statistical,execution_time_per_slice,0.023667493,0.012935251482856227,seconds/slice,38,not_reference_dependent,r07b_corrected_native_kernel,frozen_32
BMA,Intensity Variance,statistical,steep_slope_width,12.447368421052632,0.9793814432989691,slices,38,not_reference_dependent,not_applicable,frozen_32
BMA,Intensity Variance,statistical,curvature_at_peak,0.23556818621144426,0.14122534265825384,dimensionless,38,not_reference_dependent,not_applicable,frozen_32
BMA,Intensity Variance,statistical,rrmse_under_additive_noise,0.7311445487701277,0.4537906201532339,dimensionless,38,not_reference_dependent,not_applicable,frozen_32
BMA,Intensity Range Index,statistical,absolute_peak_localization_error,1.5263157894736843,0.22393822393822393,slices,38,REF-B_fixed_ten_diagnostic,not_applicable,frozen_32
BMA,Intensity Range Index,statistical,range_around_global_maximum,1.605263157894737,0.41463414634146345,slices,38,not_reference_dependent,not_applicable,frozen_32
BMA,Intensity Range Index,statistical,false_maxima_count,0.7631578947368421,0.6511627906976745,dimensionless,38,not_reference_dependent,not_applicable,frozen_32
BMA,Intensity Range Index,statistical,fwhm,5.842105263157895,0.2783505154639175,slices,38,not_reference_dependent,not_applicable,frozen_32
BMA,Intensity Range Index,statistical,noise_level,0.10350546591935295,0.6655757510282031,dimensionless,38,not_reference_dependent,not_applicable,frozen_32
BMA,Intensity Range Index,statistical,steep_to_gradual_slope_ratio,2.389018459569654,0.2963402137448552,dimensionless,38,not_reference_dependent,not_applicable,frozen_32
BMA,Intensity Range Index,statistical,execution_time_per_slice,0.008578853,0.0019944954263082593,seconds/slice,38,not_reference_dependent,r07b_corrected_native_kernel,frozen_32
BMA,Intensity Range Index,statistical,steep_slope_width,6.578947368421052,0.2130584192439862,slices,38,not_reference_dependent,not_applicable,frozen_32
BMA,Intensity Range Index,statistical,curvature_at_peak,0.543095747726143,0.03000537273096164,dimensionless,38,not_reference_dependent,not_applicable,frozen_32
BMA,Intensity Range Index,statistical,rrmse_under_additive_noise,1.2149970401090346,0.7558792716320138,dimensionless,38,not_reference_dependent,not_applicable,frozen_32
BMA,Maximal Intensity,statistical,absolute_peak_localization_error,1.9473684210526316,0.2857142857142857,slices,38,REF-B_fixed_ten_diagnostic,not_applicable,frozen_32
BMA,Maximal Intensity,statistical,range_around_global_maximum,2.236842105263158,1.0,slices,38,not_reference_dependent,not_applicable,frozen_32
BMA,Maximal Intensity,statistical,false_maxima_count,1.131578947368421,0.9767441860465116,dimensionless,38,not_reference_dependent,not_applicable,frozen_32
BMA,Maximal Intensity,statistical,fwhm,6.0,0.2938144329896907,slices,38,not_reference_dependent,not_applicable,frozen_32
BMA,Maximal Intensity,statistical,noise_level,0.13739802090536044,1.0,dimensionless,38,not_reference_dependent,not_applicable,frozen_32
BMA,Maximal Intensity,statistical,steep_to_gradual_slope_ratio,2.3960342285465197,0.2950820695440191,dimensionless,38,not_reference_dependent,not_applicable,frozen_32
BMA,Maximal Intensity,statistical,execution_time_per_slice,0.0058281999999999995,0.0,seconds/slice,38,not_reference_dependent,r07b_corrected_native_kernel,frozen_32
BMA,Maximal Intensity,statistical,steep_slope_width,4.947368421052632,0.0,slices,38,not_reference_dependent,not_applicable,frozen_32
BMA,Maximal Intensity,statistical,curvature_at_peak,0.5740520705401171,0.025411135193833263,dimensionless,38,not_reference_dependent,not_applicable,frozen_32
BMA,Maximal Intensity,statistical,rrmse_under_additive_noise,1.2611269032645374,0.7846800082263113,dimensionless,38,not_reference_dependent,not_applicable,frozen_32
BMA,Laplacian Energy,laplacian,absolute_peak_localization_error,0.0,0.0,slices,38,REF-B_fixed_ten_diagnostic,not_applicable,frozen_32
BMA,Laplacian Energy,laplacian,range_around_global_maximum,1.263157894736842,0.09756097560975599,slices,38,not_reference_dependent,not_applicable,frozen_32
BMA,Laplacian Energy,laplacian,false_maxima_count,0.9473684210526315,0.813953488372093,dimensionless,38,not_reference_dependent,not_applicable,frozen_32
BMA,Laplacian Energy,laplacian,fwhm,3.0526315789473686,0.0051546391752577475,slices,38,not_reference_dependent,not_applicable,frozen_32
BMA,Laplacian Energy,laplacian,noise_level,0.09600884386019401,0.5916051635940404,dimensionless,38,not_reference_dependent,not_applicable,frozen_32
BMA,Laplacian Energy,laplacian,steep_to_gradual_slope_ratio,4.065712069894471,0.11913958903755514,dimensionless,38,not_reference_dependent,not_applicable,frozen_32
BMA,Laplacian Energy,laplacian,execution_time_per_slice,0.157066966,0.10966306075957415,seconds/slice,38,not_reference_dependent,r07b_corrected_native_kernel,frozen_32
BMA,Laplacian Energy,laplacian,steep_slope_width,10.0,0.6597938144329897,slices,38,not_reference_dependent,not_applicable,frozen_32
BMA,Laplacian Energy,laplacian,curvature_at_peak,0.813956593239381,0.0016548969823165808,dimensionless,38,not_reference_dependent,not_applicable,frozen_32
BMA,Laplacian Energy,laplacian,rrmse_under_additive_noise,1.6060017591893923,0.9999993090879964,dimensionless,38,not_reference_dependent,not_applicable,frozen_32
BMA,Mean Absolute Laplacian,laplacian,absolute_peak_localization_error,0.07894736842105263,0.011583011583011582,slices,38,REF-B_fixed_ten_diagnostic,not_applicable,frozen_32
BMA,Mean Absolute Laplacian,laplacian,range_around_global_maximum,1.2894736842105263,0.12195121951219509,slices,38,not_reference_dependent,not_applicable,frozen_32
BMA,Mean Absolute Laplacian,laplacian,false_maxima_count,1.1578947368421053,1.0,dimensionless,38,not_reference_dependent,not_applicable,frozen_32
BMA,Mean Absolute Laplacian,laplacian,fwhm,3.210526315789474,0.020618556701030948,slices,38,not_reference_dependent,not_applicable,frozen_32
BMA,Mean Absolute Laplacian,laplacian,noise_level,0.0900821869748899,0.5331257194034319,dimensionless,38,not_reference_dependent,not_applicable,frozen_32
BMA,Mean Absolute Laplacian,laplacian,steep_to_gradual_slope_ratio,3.6169969172589482,0.15046188880669292,dimensionless,38,not_reference_dependent,not_applicable,frozen_32
BMA,Mean Absolute Laplacian,laplacian,execution_time_per_slice,0.157855428,0.11023477367749503,seconds/slice,38,not_reference_dependent,r07b_corrected_native_kernel,frozen_32
BMA,Mean Absolute Laplacian,laplacian,steep_slope_width,8.973684210526315,0.5257731958762886,slices,38,not_reference_dependent,not_applicable,frozen_32
BMA,Mean Absolute Laplacian,laplacian,curvature_at_peak,0.7614579760494011,0.005574052054698523,dimensionless,38,not_reference_dependent,not_applicable,frozen_32
BMA,Mean Absolute Laplacian,laplacian,rrmse_under_additive_noise,1.5955111625925733,0.9934496059535319,dimensionless,38,not_reference_dependent,not_applicable,frozen_32
BMA,Spatial Frequency,gradient,absolute_peak_localization_error,0.0,0.0,slices,38,REF-B_fixed_ten_diagnostic,not_applicable,frozen_32
BMA,Spatial Frequency,gradient,range_around_global_maximum,1.394736842105263,0.21951219512195108,slices,38,not_reference_dependent,not_applicable,frozen_32
BMA,Spatial Frequency,gradient,false_maxima_count,0.02631578947368421,0.0,dimensionless,38,not_reference_dependent,not_applicable,frozen_32
BMA,Spatial Frequency,gradient,fwhm,4.2368421052631575,0.12113402061855666,slices,38,not_reference_dependent,not_applicable,frozen_32
BMA,Spatial Frequency,gradient,noise_level,0.04602585077410128,0.0984135192615295,dimensionless,38,not_reference_dependent,not_applicable,frozen_32
BMA,Spatial Frequency,gradient,steep_to_gradual_slope_ratio,2.126240753849194,0.3494438471365209,dimensionless,38,not_reference_dependent,not_applicable,frozen_32
BMA,Spatial Frequency,gradient,execution_time_per_slice,0.049425438999999995,0.03161230943531155,seconds/slice,38,not_reference_dependent,r07b_corrected_native_kernel,frozen_32
BMA,Spatial Frequency,gradient,steep_slope_width,12.578947368421053,0.9965635738831616,slices,38,not_reference_dependent,not_applicable,frozen_32
BMA,Spatial Frequency,gradient,curvature_at_peak,0.5121027588624669,0.03516147723969356,dimensionless,38,not_reference_dependent,not_applicable,frozen_32
BMA,Spatial Frequency,gradient,rrmse_under_additive_noise,0.1859814317392437,0.113423268929914,dimensionless,38,not_reference_dependent,not_applicable,frozen_32
BMA,Modified Tenengrad,gradient,absolute_peak_localization_error,0.02631578947368421,0.0038610038610038607,slices,38,REF-B_fixed_ten_diagnostic,not_applicable,frozen_32
BMA,Modified Tenengrad,gradient,range_around_global_maximum,1.368421052631579,0.19512195121951217,slices,38,not_reference_dependent,not_applicable,frozen_32
BMA,Modified Tenengrad,gradient,false_maxima_count,0.02631578947368421,0.0,dimensionless,38,not_reference_dependent,not_applicable,frozen_32
BMA,Modified Tenengrad,gradient,fwhm,3.9210526315789473,0.09020618556701031,slices,38,not_reference_dependent,not_applicable,frozen_32
BMA,Modified Tenengrad,gradient,noise_level,0.05307982452354093,0.16801641212095078,dimensionless,38,not_reference_dependent,not_applicable,frozen_32
BMA,Modified Tenengrad,gradient,steep_to_gradual_slope_ratio,2.392428004055693,0.2957278553974451,dimensionless,38,not_reference_dependent,not_applicable,frozen_32
BMA,Modified Tenengrad,gradient,execution_time_per_slice,0.353477765,0.25208031232967426,seconds/slice,38,not_reference_dependent,r07b_corrected_native_kernel,frozen_32
BMA,Modified Tenengrad,gradient,steep_slope_width,12.578947368421053,0.9965635738831616,slices,38,not_reference_dependent,not_applicable,frozen_32
BMA,Modified Tenengrad,gradient,curvature_at_peak,0.5651699757229519,0.02667784404222788,dimensionless,38,not_reference_dependent,not_applicable,frozen_32
BMA,Modified Tenengrad,gradient,rrmse_under_additive_noise,0.10929072362912377,0.06554216258316249,dimensionless,38,not_reference_dependent,not_applicable,frozen_32
BMA,Absolute Central Moment 2,statistical,absolute_peak_localization_error,0.10526315789473684,0.015444015444015443,slices,38,REF-B_fixed_ten_diagnostic,not_applicable,frozen_32
BMA,Absolute Central Moment 2,statistical,range_around_global_maximum,2.0526315789473686,0.8292682926829269,slices,38,not_reference_dependent,not_applicable,frozen_32
BMA,Absolute Central Moment 2,statistical,false_maxima_count,0.05263157894736842,0.023255813953488372,dimensionless,38,not_reference_dependent,not_applicable,frozen_32
BMA,Absolute Central Moment 2,statistical,fwhm,7.657894736842105,0.45618556701030927,slices,38,not_reference_dependent,not_applicable,frozen_32
BMA,Absolute Central Moment 2,statistical,noise_level,0.03670653393989877,0.006458057818888571,dimensionless,38,not_reference_dependent,not_applicable,frozen_32
BMA,Absolute Central Moment 2,statistical,steep_to_gradual_slope_ratio,1.0287463606438871,0.8644936487173728,dimensionless,38,not_reference_dependent,not_applicable,frozen_32
BMA,Absolute Central Moment 2,statistical,execution_time_per_slice,0.029329687,0.0170409020450573,seconds/slice,38,not_reference_dependent,r07b_corrected_native_kernel,frozen_32
BMA,Absolute Central Moment 2,statistical,steep_slope_width,12.447368421052632,0.9793814432989691,slices,38,not_reference_dependent,not_applicable,frozen_32
BMA,Absolute Central Moment 2,statistical,curvature_at_peak,0.23556818621144426,0.14122534265825384,dimensionless,38,not_reference_dependent,not_applicable,frozen_32
BMA,Absolute Central Moment 2,statistical,rrmse_under_additive_noise,0.7311445487701277,0.4537906201532339,dimensionless,38,not_reference_dependent,not_applicable,frozen_32
BMA,Absolute Central Moment 4,statistical,absolute_peak_localization_error,0.4473684210526316,0.06563706563706563,slices,38,REF-B_fixed_ten_diagnostic,not_applicable,frozen_32
BMA,Absolute Central Moment 4,statistical,range_around_global_maximum,1.9736842105263157,0.7560975609756097,slices,38,not_reference_dependent,not_applicable,frozen_32
BMA,Absolute Central Moment 4,statistical,false_maxima_count,0.05263157894736842,0.023255813953488372,dimensionless,38,not_reference_dependent,not_applicable,frozen_32
BMA,Absolute Central Moment 4,statistical,fwhm,7.368421052631579,0.42783505154639173,slices,38,not_reference_dependent,not_applicable,frozen_32
BMA,Absolute Central Moment 4,statistical,noise_level,0.037645815081454835,0.01572612245632717,dimensionless,38,not_reference_dependent,not_applicable,frozen_32
BMA,Absolute Central Moment 4,statistical,steep_to_gradual_slope_ratio,0.9057459153916362,1.0,dimensionless,38,not_reference_dependent,not_applicable,frozen_32
BMA,Absolute Central Moment 4,statistical,execution_time_per_slice,0.096272017,0.06558071096003788,seconds/slice,38,not_reference_dependent,r07b_corrected_native_kernel,frozen_32
BMA,Absolute Central Moment 4,statistical,steep_slope_width,12.394736842105264,0.9725085910652922,slices,38,not_reference_dependent,not_applicable,frozen_32
BMA,Absolute Central Moment 4,statistical,curvature_at_peak,0.20798367139598192,0.1672755533649804,dimensionless,38,not_reference_dependent,not_applicable,frozen_32
BMA,Absolute Central Moment 4,statistical,rrmse_under_additive_noise,0.7842212766024738,0.48692856492522635,dimensionless,38,not_reference_dependent,not_applicable,frozen_32
BMA,Image Power,statistical,absolute_peak_localization_error,0.3157894736842105,0.04633204633204633,slices,38,REF-B_fixed_ten_diagnostic,not_applicable,frozen_32
BMA,Image Power,statistical,range_around_global_maximum,2.0789473684210527,0.8536585365853658,slices,38,not_reference_dependent,not_applicable,frozen_32
BMA,Image Power,statistical,false_maxima_count,0.10526315789473684,0.06976744186046512,dimensionless,38,not_reference_dependent,not_applicable,frozen_32
BMA,Image Power,statistical,fwhm,8.078947368421053,0.49742268041237114,slices,38,not_reference_dependent,not_applicable,frozen_32
BMA,Image Power,statistical,noise_level,0.037376699927299306,0.01307071234184781,dimensionless,38,not_reference_dependent,not_applicable,frozen_32
BMA,Image Power,statistical,steep_to_gradual_slope_ratio,1.8982677935576806,0.40742423083124013,dimensionless,38,not_reference_dependent,not_applicable,frozen_32
BMA,Image Power,statistical,execution_time_per_slice,0.017511363,0.008471448477257533,seconds/slice,38,not_reference_dependent,r07b_corrected_native_kernel,frozen_32
BMA,Image Power,statistical,steep_slope_width,12.394736842105264,0.9725085910652922,slices,38,not_reference_dependent,not_applicable,frozen_32
BMA,Image Power,statistical,curvature_at_peak,0.25385978565643486,0.1270728510966323,dimensionless,38,not_reference_dependent,not_applicable,frozen_32
BMA,Image Power,statistical,rrmse_under_additive_noise,0.8174841940959042,0.5076959476910663,dimensionless,38,not_reference_dependent,not_applicable,frozen_32
TBF,Tenengrad,gradient,absolute_peak_localization_error,0.01098901098901099,0.0007770007770007771,slices,182,REF-B_fixed_ten_diagnostic,not_applicable,frozen_32
TBF,Tenengrad,gradient,range_around_global_maximum,1.1813186813186813,0.20645161290322583,slices,182,not_reference_dependent,not_applicable,frozen_32
TBF,Tenengrad,gradient,false_maxima_count,0.005494505494505495,0.0020491803278688526,dimensionless,182,not_reference_dependent,not_applicable,frozen_32
TBF,Tenengrad,gradient,fwhm,2.730769230769231,0.005819592628516022,slices,182,not_reference_dependent,not_applicable,frozen_32
TBF,Tenengrad,gradient,noise_level,0.06766441910183837,0.4037165980368422,dimensionless,182,not_reference_dependent,not_applicable,frozen_32
TBF,Tenengrad,gradient,steep_to_gradual_slope_ratio,2.802245503794162,0.07974267562554267,dimensionless,182,not_reference_dependent,not_applicable,frozen_32
TBF,Tenengrad,gradient,execution_time_per_slice,0.027969027,0.015621926742541136,seconds/slice,182,not_reference_dependent,r07b_corrected_native_kernel,frozen_32
TBF,Tenengrad,gradient,steep_slope_width,12.95054945054945,0.994578313253012,slices,182,not_reference_dependent,not_applicable,frozen_32
TBF,Tenengrad,gradient,curvature_at_peak,0.6414290880929131,0.004190525080330019,dimensionless,182,not_reference_dependent,not_applicable,frozen_32
TBF,Tenengrad,gradient,rrmse_under_additive_noise,0.4554947590497199,0.22677425567171938,dimensionless,182,not_reference_dependent,not_applicable,frozen_32
TBF,Brenner Gradient,gradient,absolute_peak_localization_error,0.02197802197802198,0.002331002331002331,slices,182,REF-B_fixed_ten_diagnostic,not_applicable,frozen_32
TBF,Brenner Gradient,gradient,range_around_global_maximum,1.1593406593406594,0.1806451612903227,slices,182,not_reference_dependent,not_applicable,frozen_32
TBF,Brenner Gradient,gradient,false_maxima_count,0.054945054945054944,0.020491803278688527,dimensionless,182,not_reference_dependent,not_applicable,frozen_32
TBF,Brenner Gradient,gradient,fwhm,2.7142857142857144,0.004364694471387026,slices,182,not_reference_dependent,not_applicable,frozen_32
TBF,Brenner Gradient,gradient,noise_level,0.06922934260275526,0.4140075195983265,dimensionless,182,not_reference_dependent,not_applicable,frozen_32
TBF,Brenner Gradient,gradient,steep_to_gradual_slope_ratio,2.8808650665541027,0.0732410677272773,dimensionless,182,not_reference_dependent,not_applicable,frozen_32
TBF,Brenner Gradient,gradient,execution_time_per_slice,0.013352227,0.005227939309575076,seconds/slice,182,not_reference_dependent,r07b_corrected_native_kernel,frozen_32
TBF,Brenner Gradient,gradient,steep_slope_width,12.741758241758241,0.9716867469879518,slices,182,not_reference_dependent,not_applicable,frozen_32
TBF,Brenner Gradient,gradient,curvature_at_peak,0.6544187885325566,0.0038659815065390925,dimensionless,182,not_reference_dependent,not_applicable,frozen_32
TBF,Brenner Gradient,gradient,rrmse_under_additive_noise,1.0062974425157303,0.5122552132369779,dimensionless,182,not_reference_dependent,not_applicable,frozen_32
TBF,Variance of Laplacian,laplacian,absolute_peak_localization_error,5.417582417582418,0.7653457653457654,slices,182,REF-B_fixed_ten_diagnostic,not_applicable,frozen_32
TBF,Variance of Laplacian,laplacian,range_around_global_maximum,1.6153846153846154,0.7161290322580645,slices,182,not_reference_dependent,not_applicable,frozen_32
TBF,Variance of Laplacian,laplacian,false_maxima_count,1.456043956043956,0.5430327868852459,dimensionless,182,not_reference_dependent,not_applicable,frozen_32
TBF,Variance of Laplacian,laplacian,fwhm,9.571428571428571,0.6096023278370514,slices,182,not_reference_dependent,not_applicable,frozen_32
TBF,Variance of Laplacian,laplacian,noise_level,0.014361831713565164,0.053199307245633425,dimensionless,182,not_reference_dependent,not_applicable,frozen_32
TBF,Variance of Laplacian,laplacian,steep_to_gradual_slope_ratio,0.7811143832205846,0.6961856707140164,dimensionless,182,not_reference_dependent,not_applicable,frozen_32
TBF,Variance of Laplacian,laplacian,execution_time_per_slice,0.014830777,0.006279334287888521,seconds/slice,182,not_reference_dependent,r07b_corrected_native_kernel,frozen_32
TBF,Variance of Laplacian,laplacian,steep_slope_width,5.648351648351649,0.19397590361445788,slices,182,not_reference_dependent,not_applicable,frozen_32
TBF,Variance of Laplacian,laplacian,curvature_at_peak,0.07990194903051379,0.11909660687128015,dimensionless,182,not_reference_dependent,not_applicable,frozen_32
TBF,Variance of Laplacian,laplacian,rrmse_under_additive_noise,0.6553342443630407,0.33035103432427976,dimensionless,182,not_reference_dependent,not_applicable,frozen_32
TBF,Sum Modified Laplacian,laplacian,absolute_peak_localization_error,4.961538461538462,0.7008547008547009,slices,182,REF-B_fixed_ten_diagnostic,not_applicable,frozen_32
TBF,Sum Modified Laplacian,laplacian,range_around_global_maximum,1.8186813186813187,0.9548387096774192,slices,182,not_reference_dependent,not_applicable,frozen_32
TBF,Sum Modified Laplacian,laplacian,false_maxima_count,1.2857142857142858,0.47950819672131156,dimensionless,182,not_reference_dependent,not_applicable,frozen_32
TBF,Sum Modified Laplacian,laplacian,fwhm,9.917582417582418,0.6401551891367605,slices,182,not_reference_dependent,not_applicable,frozen_32
TBF,Sum Modified Laplacian,laplacian,noise_level,0.009801574705218119,0.023211101978339133,dimensionless,182,not_reference_dependent,not_applicable,frozen_32
TBF,Sum Modified Laplacian,laplacian,steep_to_gradual_slope_ratio,0.7009191286044468,0.793973627490213,dimensionless,182,not_reference_dependent,not_applicable,frozen_32
TBF,Sum Modified Laplacian,laplacian,execution_time_per_slice,0.032844627,0.019088959549186182,seconds/slice,182,not_reference_dependent,r07b_corrected_native_kernel,frozen_32
TBF,Sum Modified Laplacian,laplacian,steep_slope_width,6.0,0.23253012048192773,slices,182,not_reference_dependent,not_applicable,frozen_32
TBF,Sum Modified Laplacian,laplacian,curvature_at_peak,0.08377728086675827,0.11302500129272461,dimensionless,182,not_reference_dependent,not_applicable,frozen_32
TBF,Sum Modified Laplacian,laplacian,rrmse_under_additive_noise,0.6582544950981335,0.33186459989178735,dimensionless,182,not_reference_dependent,not_applicable,frozen_32
TBF,Normalized Variance,statistical,absolute_peak_localization_error,0.18681318681318682,0.02564102564102564,slices,182,REF-B_fixed_ten_diagnostic,not_applicable,frozen_32
TBF,Normalized Variance,statistical,range_around_global_maximum,1.5,0.5806451612903225,slices,182,not_reference_dependent,not_applicable,frozen_32
TBF,Normalized Variance,statistical,false_maxima_count,0.01098901098901099,0.004098360655737705,dimensionless,182,not_reference_dependent,not_applicable,frozen_32
TBF,Normalized Variance,statistical,fwhm,6.576923076923077,0.3452958292919495,slices,182,not_reference_dependent,not_applicable,frozen_32
TBF,Normalized Variance,statistical,noise_level,0.007372791262249758,0.007239445928203178,dimensionless,182,not_reference_dependent,not_applicable,frozen_32
TBF,Normalized Variance,statistical,steep_to_gradual_slope_ratio,0.7525704704170577,0.7286025307825449,dimensionless,182,not_reference_dependent,not_applicable,frozen_32
TBF,Normalized Variance,statistical,execution_time_per_slice,0.018807624000000002,0.009107265007391339,seconds/slice,182,not_reference_dependent,r07b_corrected_native_kernel,frozen_32
TBF,Normalized Variance,statistical,steep_slope_width,12.945054945054945,0.9939759036144579,slices,182,not_reference_dependent,not_applicable,frozen_32
TBF,Normalized Variance,statistical,curvature_at_peak,0.2141160451402119,0.03682123886771559,dimensionless,182,not_reference_dependent,not_applicable,frozen_32
TBF,Normalized Variance,statistical,rrmse_under_additive_noise,0.9843782276603638,0.5008944870934299,dimensionless,182,not_reference_dependent,not_applicable,frozen_32
TBF,Energy of Gradient,gradient,absolute_peak_localization_error,0.01098901098901099,0.0007770007770007771,slices,182,REF-B_fixed_ten_diagnostic,not_applicable,frozen_32
TBF,Energy of Gradient,gradient,range_around_global_maximum,1.1813186813186813,0.20645161290322583,slices,182,not_reference_dependent,not_applicable,frozen_32
TBF,Energy of Gradient,gradient,false_maxima_count,0.005494505494505495,0.0020491803278688526,dimensionless,182,not_reference_dependent,not_applicable,frozen_32
TBF,Energy of Gradient,gradient,fwhm,2.730769230769231,0.005819592628516022,slices,182,not_reference_dependent,not_applicable,frozen_32
TBF,Energy of Gradient,gradient,noise_level,0.06766441910183837,0.4037165980368422,dimensionless,182,not_reference_dependent,not_applicable,frozen_32
TBF,Energy of Gradient,gradient,steep_to_gradual_slope_ratio,2.802245503794162,0.07974267562554267,dimensionless,182,not_reference_dependent,not_applicable,frozen_32
TBF,Energy of Gradient,gradient,execution_time_per_slice,0.030602985,0.017494930844051754,seconds/slice,182,not_reference_dependent,r07b_corrected_native_kernel,frozen_32
TBF,Energy of Gradient,gradient,steep_slope_width,12.95054945054945,0.994578313253012,slices,182,not_reference_dependent,not_applicable,frozen_32
TBF,Energy of Gradient,gradient,curvature_at_peak,0.6414290880929131,0.004190525080330019,dimensionless,182,not_reference_dependent,not_applicable,frozen_32
TBF,Energy of Gradient,gradient,rrmse_under_additive_noise,0.4554947590497199,0.22677425567171938,dimensionless,182,not_reference_dependent,not_applicable,frozen_32
TBF,Histogram Entropy,entropy,absolute_peak_localization_error,0.4230769230769231,0.059052059052059055,slices,182,REF-B_fixed_ten_diagnostic,not_applicable,frozen_32
TBF,Histogram Entropy,entropy,range_around_global_maximum,1.2252747252747254,0.25806451612903236,slices,182,not_reference_dependent,not_applicable,frozen_32
TBF,Histogram Entropy,entropy,false_maxima_count,0.0,0.0,dimensionless,182,not_reference_dependent,not_applicable,frozen_32
TBF,Histogram Entropy,entropy,fwhm,5.093406593406593,0.21435499515033946,slices,182,not_reference_dependent,not_applicable,frozen_32
TBF,Histogram Entropy,entropy,noise_level,0.01607343041547784,0.06445476348729742,dimensionless,182,not_reference_dependent,not_applicable,frozen_32
TBF,Histogram Entropy,entropy,steep_to_gradual_slope_ratio,1.2809201943098445,0.3626948824032388,dimensionless,182,not_reference_dependent,not_applicable,frozen_32
TBF,Histogram Entropy,entropy,execution_time_per_slice,0.054214248,0.034284869195705774,seconds/slice,182,not_reference_dependent,r07b_corrected_native_kernel,frozen_32
TBF,Histogram Entropy,entropy,steep_slope_width,12.989010989010989,0.9987951807228915,slices,182,not_reference_dependent,not_applicable,frozen_32
TBF,Histogram Entropy,entropy,curvature_at_peak,0.34137155291512167,0.018562182214026043,dimensionless,182,not_reference_dependent,not_applicable,frozen_32
TBF,Histogram Entropy,entropy,rrmse_under_additive_noise,0.87679857979715,0.44513596991761667,dimensionless,182,not_reference_dependent,not_applicable,frozen_32
TBF,GLCM Contrast,texture,absolute_peak_localization_error,7.043956043956044,0.9953379953379954,slices,182,REF-B_fixed_ten_diagnostic,not_applicable,frozen_32
TBF,GLCM Contrast,texture,range_around_global_maximum,1.5164835164835164,0.5999999999999999,slices,182,not_reference_dependent,not_applicable,frozen_32
TBF,GLCM Contrast,texture,false_maxima_count,1.6593406593406594,0.6188524590163935,dimensionless,182,not_reference_dependent,not_applicable,frozen_32
TBF,GLCM Contrast,texture,fwhm,13.994505494505495,1.0,slices,182,not_reference_dependent,not_applicable,frozen_32
TBF,GLCM Contrast,texture,noise_level,0.09055135607994101,0.5542208706650524,dimensionless,182,not_reference_dependent,not_applicable,frozen_32
TBF,GLCM Contrast,texture,steep_to_gradual_slope_ratio,0.5762680545446738,1.0,dimensionless,182,not_reference_dependent,not_applicable,frozen_32
TBF,GLCM Contrast,texture,execution_time_per_slice,1.412274859,1.0,seconds/slice,182,not_reference_dependent,r07b_corrected_native_kernel,frozen_32
TBF,GLCM Contrast,texture,steep_slope_width,4.065934065934066,0.02048192771084335,slices,182,not_reference_dependent,not_applicable,frozen_32
TBF,GLCM Contrast,texture,curvature_at_peak,0.036073376434801296,0.2785711801439798,dimensionless,182,not_reference_dependent,not_applicable,frozen_32
TBF,GLCM Contrast,texture,rrmse_under_additive_noise,0.017959906882085184,0.0,dimensionless,182,not_reference_dependent,not_applicable,frozen_32
TBF,Variance of Gradient,gradient,absolute_peak_localization_error,0.04945054945054945,0.006216006216006216,slices,182,REF-B_fixed_ten_diagnostic,not_applicable,frozen_32
TBF,Variance of Gradient,gradient,range_around_global_maximum,1.1703296703296704,0.19354838709677427,slices,182,not_reference_dependent,not_applicable,frozen_32
TBF,Variance of Gradient,gradient,false_maxima_count,0.01098901098901099,0.004098360655737705,dimensionless,182,not_reference_dependent,not_applicable,frozen_32
TBF,Variance of Gradient,gradient,fwhm,2.6648351648351647,0.0,slices,182,not_reference_dependent,not_applicable,frozen_32
TBF,Variance of Gradient,gradient,noise_level,0.07295715717560892,0.43852159159131426,dimensionless,182,not_reference_dependent,not_applicable,frozen_32
TBF,Variance of Gradient,gradient,steep_to_gradual_slope_ratio,2.9843945692123106,0.06520202720385145,dimensionless,182,not_reference_dependent,not_applicable,frozen_32
TBF,Variance of Gradient,gradient,execution_time_per_slice,0.035493064,0.02097225964872933,seconds/slice,182,not_reference_dependent,r07b_corrected_native_kernel,frozen_32
TBF,Variance of Gradient,gradient,steep_slope_width,12.923076923076923,0.991566265060241,slices,182,not_reference_dependent,not_applicable,frozen_32
TBF,Variance of Gradient,gradient,curvature_at_peak,0.6671198110825897,0.003560870848547751,dimensionless,182,not_reference_dependent,not_applicable,frozen_32
TBF,Variance of Gradient,gradient,rrmse_under_additive_noise,0.31451568773574823,0.15370482176461842,dimensionless,182,not_reference_dependent,not_applicable,frozen_32
TBF,Fourier Transform Sharpness Index,frequency,absolute_peak_localization_error,0.02197802197802198,0.002331002331002331,slices,182,REF-B_fixed_ten_diagnostic,not_applicable,frozen_32
TBF,Fourier Transform Sharpness Index,frequency,range_around_global_maximum,1.2747252747252746,0.3161290322580644,slices,182,not_reference_dependent,not_applicable,frozen_32
TBF,Fourier Transform Sharpness Index,frequency,false_maxima_count,0.0,0.0,dimensionless,182,not_reference_dependent,not_applicable,frozen_32
TBF,Fourier Transform Sharpness Index,frequency,fwhm,3.681318681318681,0.08971871968962172,slices,182,not_reference_dependent,not_applicable,frozen_32
TBF,Fourier Transform Sharpness Index,frequency,noise_level,0.029576518975127496,0.15325094114308338,dimensionless,182,not_reference_dependent,not_applicable,frozen_32
TBF,Fourier Transform Sharpness Index,frequency,steep_to_gradual_slope_ratio,1.5575253453478881,0.27013510174212185,dimensionless,182,not_reference_dependent,not_applicable,frozen_32
TBF,Fourier Transform Sharpness Index,frequency,execution_time_per_slice,0.196044564,0.13514022208536733,seconds/slice,182,not_reference_dependent,r07b_corrected_native_kernel,frozen_32
TBF,Fourier Transform Sharpness Index,frequency,steep_slope_width,13.0,1.0,slices,182,not_reference_dependent,not_applicable,frozen_32
TBF,Fourier Transform Sharpness Index,frequency,curvature_at_peak,0.4169206708397541,0.012995109021124348,dimensionless,182,not_reference_dependent,not_applicable,frozen_32
TBF,Fourier Transform Sharpness Index,frequency,rrmse_under_additive_noise,0.32486610526331006,0.1590694417922021,dimensionless,182,not_reference_dependent,not_applicable,frozen_32
TBF,Fourier High Frequency Energy Ratio,frequency,absolute_peak_localization_error,5.0054945054945055,0.7070707070707071,slices,182,REF-B_fixed_ten_diagnostic,not_applicable,frozen_32
TBF,Fourier High Frequency Energy Ratio,frequency,range_around_global_maximum,1.2032967032967032,0.23225806451612896,slices,182,not_reference_dependent,not_applicable,frozen_32
TBF,Fourier High Frequency Energy Ratio,frequency,false_maxima_count,2.681318681318681,1.0,dimensionless,182,not_reference_dependent,not_applicable,frozen_32
TBF,Fourier High Frequency Energy Ratio,frequency,fwhm,9.934065934065934,0.6416100872938895,slices,182,not_reference_dependent,not_applicable,frozen_32
TBF,Fourier High Frequency Energy Ratio,frequency,noise_level,0.1583402544353095,1.0,dimensionless,182,not_reference_dependent,not_applicable,frozen_32
TBF,Fourier High Frequency Energy Ratio,frequency,steep_to_gradual_slope_ratio,1.3462084207542406,0.3374182190526628,dimensionless,182,not_reference_dependent,not_applicable,frozen_32
TBF,Fourier High Frequency Energy Ratio,frequency,execution_time_per_slice,0.210582471,0.1454781088088382,seconds/slice,182,not_reference_dependent,r07b_corrected_native_kernel,frozen_32
TBF,Fourier High Frequency Energy Ratio,frequency,steep_slope_width,3.879120879120879,0.0,slices,182,not_reference_dependent,not_applicable,frozen_32
TBF,Fourier High Frequency Energy Ratio,frequency,curvature_at_peak,0.3359340933346045,0.019059452971478392,dimensionless,182,not_reference_dependent,not_applicable,frozen_32
TBF,Fourier High Frequency Energy Ratio,frequency,rrmse_under_additive_noise,0.6137744586612771,0.3088106029238969,dimensionless,182,not_reference_dependent,not_applicable,frozen_32
TBF,Roberts Focus Measure,gradient,absolute_peak_localization_error,3.9945054945054945,0.5641025641025641,slices,182,REF-B_fixed_ten_diagnostic,not_applicable,frozen_32
TBF,Roberts Focus Measure,gradient,range_around_global_maximum,1.8571428571428572,1.0,slices,182,not_reference_dependent,not_applicable,frozen_32
TBF,Roberts Focus Measure,gradient,false_maxima_count,1.2032967032967032,0.4487704918032787,dimensionless,182,not_reference_dependent,not_applicable,frozen_32
TBF,Roberts Focus Measure,gradient,fwhm,9.928571428571429,0.6411251212415131,slices,182,not_reference_dependent,not_applicable,frozen_32
TBF,Roberts Focus Measure,gradient,noise_level,0.009294560276710016,0.019876980079562196,dimensionless,182,not_reference_dependent,not_applicable,frozen_32
TBF,Roberts Focus Measure,gradient,steep_to_gradual_slope_ratio,0.6946170637579734,0.8026151199617345,dimensionless,182,not_reference_dependent,not_applicable,frozen_32
TBF,Roberts Focus Measure,gradient,execution_time_per_slice,0.031928749,0.0184376798968594,seconds/slice,182,not_reference_dependent,r07b_corrected_native_kernel,frozen_32
TBF,Roberts Focus Measure,gradient,steep_slope_width,6.906593406593407,0.3319277108433735,slices,182,not_reference_dependent,not_applicable,frozen_32
TBF,Roberts Focus Measure,gradient,curvature_at_peak,0.09920751835276795,0.09355436911277445,dimensionless,182,not_reference_dependent,not_applicable,frozen_32
TBF,Roberts Focus Measure,gradient,rrmse_under_additive_noise,0.672059911716087,0.3390199454882906,dimensionless,182,not_reference_dependent,not_applicable,frozen_32
TBF,Wavelet W1,wavelet,absolute_peak_localization_error,7.071428571428571,0.9992229992229992,slices,182,REF-B_fixed_ten_diagnostic,not_applicable,frozen_32
TBF,Wavelet W1,wavelet,range_around_global_maximum,1.2912087912087913,0.335483870967742,slices,182,not_reference_dependent,not_applicable,frozen_32
TBF,Wavelet W1,wavelet,false_maxima_count,1.5,0.5594262295081968,dimensionless,182,not_reference_dependent,not_applicable,frozen_32
TBF,Wavelet W1,wavelet,fwhm,6.049450549450549,0.2987390882638215,slices,182,not_reference_dependent,not_applicable,frozen_32
TBF,Wavelet W1,wavelet,noise_level,0.012364839612699142,0.04006710681738553,dimensionless,182,not_reference_dependent,not_applicable,frozen_32
TBF,Wavelet W1,wavelet,steep_to_gradual_slope_ratio,1.1279090540634795,0.4333992341214032,dimensionless,182,not_reference_dependent,not_applicable,frozen_32
TBF,Wavelet W1,wavelet,execution_time_per_slice,0.137234059,0.09332014861536105,seconds/slice,182,not_reference_dependent,r07b_corrected_native_kernel,frozen_32
TBF,Wavelet W1,wavelet,steep_slope_width,7.170329670329671,0.36084337349397594,slices,182,not_reference_dependent,not_applicable,frozen_32
TBF,Wavelet W1,wavelet,curvature_at_peak,0.010367116456734696,0.999466843981808,dimensionless,182,not_reference_dependent,not_applicable,frozen_32
TBF,Wavelet W1,wavelet,rrmse_under_additive_noise,0.7700602003516749,0.38981348205080046,dimensionless,182,not_reference_dependent,not_applicable,frozen_32
TBF,Wavelet W2,wavelet,absolute_peak_localization_error,7.071428571428571,0.9992229992229992,slices,182,REF-B_fixed_ten_diagnostic,not_applicable,frozen_32
TBF,Wavelet W2,wavelet,range_around_global_maximum,1.2912087912087913,0.335483870967742,slices,182,not_reference_dependent,not_applicable,frozen_32
TBF,Wavelet W2,wavelet,false_maxima_count,1.5,0.5594262295081968,dimensionless,182,not_reference_dependent,not_applicable,frozen_32
TBF,Wavelet W2,wavelet,fwhm,6.049450549450549,0.2987390882638215,slices,182,not_reference_dependent,not_applicable,frozen_32
TBF,Wavelet W2,wavelet,noise_level,0.012364839612699142,0.04006710681738553,dimensionless,182,not_reference_dependent,not_applicable,frozen_32
TBF,Wavelet W2,wavelet,steep_to_gradual_slope_ratio,1.1279090540634795,0.4333992341214032,dimensionless,182,not_reference_dependent,not_applicable,frozen_32
TBF,Wavelet W2,wavelet,execution_time_per_slice,0.154766537,0.10578747087473069,seconds/slice,182,not_reference_dependent,r07b_corrected_native_kernel,frozen_32
TBF,Wavelet W2,wavelet,steep_slope_width,7.170329670329671,0.36084337349397594,slices,182,not_reference_dependent,not_applicable,frozen_32
TBF,Wavelet W2,wavelet,curvature_at_peak,0.010367116456734696,0.999466843981808,dimensionless,182,not_reference_dependent,not_applicable,frozen_32
TBF,Wavelet W2,wavelet,rrmse_under_additive_noise,0.7700602003516749,0.38981348205080046,dimensionless,182,not_reference_dependent,not_applicable,frozen_32
TBF,Wavelet W3,wavelet,absolute_peak_localization_error,7.071428571428571,0.9992229992229992,slices,182,REF-B_fixed_ten_diagnostic,not_applicable,frozen_32
TBF,Wavelet W3,wavelet,range_around_global_maximum,1.2912087912087913,0.335483870967742,slices,182,not_reference_dependent,not_applicable,frozen_32
TBF,Wavelet W3,wavelet,false_maxima_count,1.5,0.5594262295081968,dimensionless,182,not_reference_dependent,not_applicable,frozen_32
TBF,Wavelet W3,wavelet,fwhm,6.049450549450549,0.2987390882638215,slices,182,not_reference_dependent,not_applicable,frozen_32
TBF,Wavelet W3,wavelet,noise_level,0.012364839612699142,0.04006710681738553,dimensionless,182,not_reference_dependent,not_applicable,frozen_32
TBF,Wavelet W3,wavelet,steep_to_gradual_slope_ratio,1.1279090540634795,0.4333992341214032,dimensionless,182,not_reference_dependent,not_applicable,frozen_32
TBF,Wavelet W3,wavelet,execution_time_per_slice,0.152089718,0.1038839883719719,seconds/slice,182,not_reference_dependent,r07b_corrected_native_kernel,frozen_32
TBF,Wavelet W3,wavelet,steep_slope_width,7.170329670329671,0.36084337349397594,slices,182,not_reference_dependent,not_applicable,frozen_32
TBF,Wavelet W3,wavelet,curvature_at_peak,0.010367116456734696,0.999466843981808,dimensionless,182,not_reference_dependent,not_applicable,frozen_32
TBF,Wavelet W3,wavelet,rrmse_under_additive_noise,0.7700602003516749,0.38981348205080046,dimensionless,182,not_reference_dependent,not_applicable,frozen_32
TBF,Wavelet Detail Energy (db1),wavelet,absolute_peak_localization_error,7.071428571428571,0.9992229992229992,slices,182,REF-B_fixed_ten_diagnostic,not_applicable,frozen_32
TBF,Wavelet Detail Energy (db1),wavelet,range_around_global_maximum,1.2912087912087913,0.335483870967742,slices,182,not_reference_dependent,not_applicable,frozen_32
TBF,Wavelet Detail Energy (db1),wavelet,false_maxima_count,1.5,0.5594262295081968,dimensionless,182,not_reference_dependent,not_applicable,frozen_32
TBF,Wavelet Detail Energy (db1),wavelet,fwhm,6.049450549450549,0.2987390882638215,slices,182,not_reference_dependent,not_applicable,frozen_32
TBF,Wavelet Detail Energy (db1),wavelet,noise_level,0.012364639678988465,0.040065792055269125,dimensionless,182,not_reference_dependent,not_applicable,frozen_32
TBF,Wavelet Detail Energy (db1),wavelet,steep_to_gradual_slope_ratio,1.1279786940196626,0.43336269124253435,dimensionless,182,not_reference_dependent,not_applicable,frozen_32
TBF,Wavelet Detail Energy (db1),wavelet,execution_time_per_slice,0.137928267,0.09381379901954422,seconds/slice,182,not_reference_dependent,r07b_corrected_native_kernel,frozen_32
TBF,Wavelet Detail Energy (db1),wavelet,steep_slope_width,7.170329670329671,0.36084337349397594,slices,182,not_reference_dependent,not_applicable,frozen_32
TBF,Wavelet Detail Energy (db1),wavelet,curvature_at_peak,0.010361655570159917,1.0,dimensionless,182,not_reference_dependent,not_applicable,frozen_32
TBF,Wavelet Detail Energy (db1),wavelet,rrmse_under_additive_noise,0.7700685907502091,0.38981783079324456,dimensionless,182,not_reference_dependent,not_applicable,frozen_32
TBF,Curvelet Transform Sharpness Index,wavelet_alias,absolute_peak_localization_error,7.071428571428571,0.9992229992229992,slices,182,REF-B_fixed_ten_diagnostic,not_applicable,frozen_32
TBF,Curvelet Transform Sharpness Index,wavelet_alias,range_around_global_maximum,1.2912087912087913,0.335483870967742,slices,182,not_reference_dependent,not_applicable,frozen_32
TBF,Curvelet Transform Sharpness Index,wavelet_alias,false_maxima_count,1.5,0.5594262295081968,dimensionless,182,not_reference_dependent,not_applicable,frozen_32
TBF,Curvelet Transform Sharpness Index,wavelet_alias,fwhm,6.049450549450549,0.2987390882638215,slices,182,not_reference_dependent,not_applicable,frozen_32
TBF,Curvelet Transform Sharpness Index,wavelet_alias,noise_level,0.012364639678988465,0.040065792055269125,dimensionless,182,not_reference_dependent,not_applicable,frozen_32
TBF,Curvelet Transform Sharpness Index,wavelet_alias,steep_to_gradual_slope_ratio,1.1279786940196626,0.43336269124253435,dimensionless,182,not_reference_dependent,not_applicable,frozen_32
TBF,Curvelet Transform Sharpness Index,wavelet_alias,execution_time_per_slice,0.139887981,0.09520734909125675,seconds/slice,182,not_reference_dependent,r07b_corrected_native_kernel,frozen_32
TBF,Curvelet Transform Sharpness Index,wavelet_alias,steep_slope_width,7.170329670329671,0.36084337349397594,slices,182,not_reference_dependent,not_applicable,frozen_32
TBF,Curvelet Transform Sharpness Index,wavelet_alias,curvature_at_peak,0.010361655570159917,1.0,dimensionless,182,not_reference_dependent,not_applicable,frozen_32
TBF,Curvelet Transform Sharpness Index,wavelet_alias,rrmse_under_additive_noise,0.7700685907502091,0.38981783079324456,dimensionless,182,not_reference_dependent,not_applicable,frozen_32
TBF,DCT Focus Measure,frequency,absolute_peak_localization_error,3.28021978021978,0.4630924630924631,slices,182,REF-B_fixed_ten_diagnostic,not_applicable,frozen_32
TBF,DCT Focus Measure,frequency,range_around_global_maximum,1.6428571428571428,0.7483870967741935,slices,182,not_reference_dependent,not_applicable,frozen_32
TBF,DCT Focus Measure,frequency,false_maxima_count,1.401098901098901,0.5225409836065574,dimensionless,182,not_reference_dependent,not_applicable,frozen_32
TBF,DCT Focus Measure,frequency,fwhm,9.802197802197803,0.6299709020368575,slices,182,not_reference_dependent,not_applicable,frozen_32
TBF,DCT Focus Measure,frequency,noise_level,0.012971777954424557,0.04405832738739684,dimensionless,182,not_reference_dependent,not_applicable,frozen_32
TBF,DCT Focus Measure,frequency,steep_to_gradual_slope_ratio,0.8206061553827683,0.6550539890299683,dimensionless,182,not_reference_dependent,not_applicable,frozen_32
TBF,DCT Focus Measure,frequency,execution_time_per_slice,0.074807845,0.048928949187055974,seconds/slice,182,not_reference_dependent,r07b_corrected_native_kernel,frozen_32
TBF,DCT Focus Measure,frequency,steep_slope_width,6.8901098901098905,0.33012048192771093,slices,182,not_reference_dependent,not_applicable,frozen_32
TBF,DCT Focus Measure,frequency,curvature_at_peak,0.13181591372893986,0.06740294846181095,dimensionless,182,not_reference_dependent,not_applicable,frozen_32
TBF,DCT Focus Measure,frequency,rrmse_under_additive_noise,0.6947384673774392,0.3507742378705632,dimensionless,182,not_reference_dependent,not_applicable,frozen_32
TBF,Intensity Skewness Index,statistical,absolute_peak_localization_error,7.076923076923077,1.0,slices,182,REF-B_fixed_ten_diagnostic,not_applicable,frozen_32
TBF,Intensity Skewness Index,statistical,range_around_global_maximum,1.0054945054945055,0.0,slices,182,not_reference_dependent,not_applicable,frozen_32
TBF,Intensity Skewness Index,statistical,false_maxima_count,0.07692307692307693,0.02868852459016394,dimensionless,182,not_reference_dependent,not_applicable,frozen_32
TBF,Intensity Skewness Index,statistical,fwhm,10.510989010989011,0.6925315227934045,slices,182,not_reference_dependent,not_applicable,frozen_32
TBF,Intensity Skewness Index,statistical,noise_level,0.006271900637539934,0.0,dimensionless,182,not_reference_dependent,not_applicable,frozen_32
TBF,Intensity Skewness Index,statistical,steep_to_gradual_slope_ratio,1.0929408497229942,0.4523366989181597,dimensionless,182,not_reference_dependent,not_applicable,frozen_32
TBF,Intensity Skewness Index,statistical,execution_time_per_slice,0.053750292000000005,0.03395495068868309,seconds/slice,182,not_reference_dependent,r07b_corrected_native_kernel,frozen_32
TBF,Intensity Skewness Index,statistical,steep_slope_width,8.115384615384615,0.4644578313253011,slices,182,not_reference_dependent,not_applicable,frozen_32
TBF,Intensity Skewness Index,statistical,curvature_at_peak,0.010590911393429834,0.9780903127591402,dimensionless,182,not_reference_dependent,not_applicable,frozen_32
TBF,Intensity Skewness Index,statistical,rrmse_under_additive_noise,0.024951940257877992,0.003623969968499173,dimensionless,182,not_reference_dependent,not_applicable,frozen_32
TBF,Squared Gradient,gradient,absolute_peak_localization_error,0.01098901098901099,0.0007770007770007771,slices,182,REF-B_fixed_ten_diagnostic,not_applicable,frozen_32
TBF,Squared Gradient,gradient,range_around_global_maximum,1.1813186813186813,0.20645161290322583,slices,182,not_reference_dependent,not_applicable,frozen_32
TBF,Squared Gradient,gradient,false_maxima_count,0.005494505494505495,0.0020491803278688526,dimensionless,182,not_reference_dependent,not_applicable,frozen_32
TBF,Squared Gradient,gradient,fwhm,2.730769230769231,0.005819592628516022,slices,182,not_reference_dependent,not_applicable,frozen_32
TBF,Squared Gradient,gradient,noise_level,0.06766441910183837,0.4037165980368422,dimensionless,182,not_reference_dependent,not_applicable,frozen_32
TBF,Squared Gradient,gradient,steep_to_gradual_slope_ratio,2.802245503794162,0.07974267562554267,dimensionless,182,not_reference_dependent,not_applicable,frozen_32
TBF,Squared Gradient,gradient,execution_time_per_slice,0.031189576,0.017912054939769762,seconds/slice,182,not_reference_dependent,r07b_corrected_native_kernel,frozen_32
TBF,Squared Gradient,gradient,steep_slope_width,12.95054945054945,0.994578313253012,slices,182,not_reference_dependent,not_applicable,frozen_32
TBF,Squared Gradient,gradient,curvature_at_peak,0.6414290880929131,0.004190525080330019,dimensionless,182,not_reference_dependent,not_applicable,frozen_32
TBF,Squared Gradient,gradient,rrmse_under_additive_noise,0.4554947590497199,0.22677425567171938,dimensionless,182,not_reference_dependent,not_applicable,frozen_32
TBF,Gradient Squared Energy,gradient,absolute_peak_localization_error,0.01098901098901099,0.0007770007770007771,slices,182,REF-B_fixed_ten_diagnostic,not_applicable,frozen_32
TBF,Gradient Squared Energy,gradient,range_around_global_maximum,1.1813186813186813,0.20645161290322583,slices,182,not_reference_dependent,not_applicable,frozen_32
TBF,Gradient Squared Energy,gradient,false_maxima_count,0.005494505494505495,0.0020491803278688526,dimensionless,182,not_reference_dependent,not_applicable,frozen_32
TBF,Gradient Squared Energy,gradient,fwhm,2.730769230769231,0.005819592628516022,slices,182,not_reference_dependent,not_applicable,frozen_32
TBF,Gradient Squared Energy,gradient,noise_level,0.06766441910183837,0.4037165980368422,dimensionless,182,not_reference_dependent,not_applicable,frozen_32
TBF,Gradient Squared Energy,gradient,steep_to_gradual_slope_ratio,2.802245503794162,0.07974267562554267,dimensionless,182,not_reference_dependent,not_applicable,frozen_32
TBF,Gradient Squared Energy,gradient,execution_time_per_slice,0.029121718999999997,0.016441604521677505,seconds/slice,182,not_reference_dependent,r07b_corrected_native_kernel,frozen_32
TBF,Gradient Squared Energy,gradient,steep_slope_width,12.95054945054945,0.994578313253012,slices,182,not_reference_dependent,not_applicable,frozen_32
TBF,Gradient Squared Energy,gradient,curvature_at_peak,0.6414290880929131,0.004190525080330019,dimensionless,182,not_reference_dependent,not_applicable,frozen_32
TBF,Gradient Squared Energy,gradient,rrmse_under_additive_noise,0.4554947590497199,0.22677425567171938,dimensionless,182,not_reference_dependent,not_applicable,frozen_32
TBF,Mean Intensity,statistical,absolute_peak_localization_error,6.895604395604396,0.9743589743589745,slices,182,REF-B_fixed_ten_diagnostic,not_applicable,frozen_32
TBF,Mean Intensity,statistical,range_around_global_maximum,1.379120879120879,0.4387096774193548,slices,182,not_reference_dependent,not_applicable,frozen_32
TBF,Mean Intensity,statistical,false_maxima_count,1.3076923076923077,0.4877049180327869,dimensionless,182,not_reference_dependent,not_applicable,frozen_32
TBF,Mean Intensity,statistical,fwhm,7.71978021978022,0.4461687681862269,slices,182,not_reference_dependent,not_applicable,frozen_32
TBF,Mean Intensity,statistical,noise_level,0.014553645108898332,0.05446067024814382,dimensionless,182,not_reference_dependent,not_applicable,frozen_32
TBF,Mean Intensity,statistical,steep_to_gradual_slope_ratio,0.9959370173859239,0.5118315809431544,dimensionless,182,not_reference_dependent,not_applicable,frozen_32
TBF,Mean Intensity,statistical,execution_time_per_slice,0.009260698,0.002318458369313446,seconds/slice,182,not_reference_dependent,r07b_corrected_native_kernel,frozen_32
TBF,Mean Intensity,statistical,steep_slope_width,6.384615384615385,0.27469879518072293,slices,182,not_reference_dependent,not_applicable,frozen_32
TBF,Mean Intensity,statistical,curvature_at_peak,0.033405471140601925,0.3017902224343016,dimensionless,182,not_reference_dependent,not_applicable,frozen_32
TBF,Mean Intensity,statistical,rrmse_under_additive_noise,0.7980707620925035,0.4043313524747306,dimensionless,182,not_reference_dependent,not_applicable,frozen_32
TBF,Intensity Variance,statistical,absolute_peak_localization_error,0.17582417582417584,0.024087024087024088,slices,182,REF-B_fixed_ten_diagnostic,not_applicable,frozen_32
TBF,Intensity Variance,statistical,range_around_global_maximum,1.4615384615384615,0.5354838709677419,slices,182,not_reference_dependent,not_applicable,frozen_32
TBF,Intensity Variance,statistical,false_maxima_count,0.016483516483516484,0.006147540983606558,dimensionless,182,not_reference_dependent,not_applicable,frozen_32
TBF,Intensity Variance,statistical,fwhm,6.71978021978022,0.3579049466537342,slices,182,not_reference_dependent,not_applicable,frozen_32
TBF,Intensity Variance,statistical,noise_level,0.007547855857965745,0.008390668989043306,dimensionless,182,not_reference_dependent,not_applicable,frozen_32
TBF,Intensity Variance,statistical,steep_to_gradual_slope_ratio,0.7770191707896097,0.7006901989601949,dimensionless,182,not_reference_dependent,not_applicable,frozen_32
TBF,Intensity Variance,statistical,execution_time_per_slice,0.020900033000000002,0.010595174320690083,seconds/slice,182,not_reference_dependent,r07b_corrected_native_kernel,frozen_32
TBF,Intensity Variance,statistical,steep_slope_width,12.934065934065934,0.9927710843373494,slices,182,not_reference_dependent,not_applicable,frozen_32
TBF,Intensity Variance,statistical,curvature_at_peak,0.2180216761051733,0.035943792446649366,dimensionless,182,not_reference_dependent,not_applicable,frozen_32
TBF,Intensity Variance,statistical,rrmse_under_additive_noise,1.0098228843451054,0.5140824492681413,dimensionless,182,not_reference_dependent,not_applicable,frozen_32
TBF,Intensity Range Index,statistical,absolute_peak_localization_error,0.6208791208791209,0.08702408702408704,slices,182,REF-B_fixed_ten_diagnostic,not_applicable,frozen_32
TBF,Intensity Range Index,statistical,range_around_global_maximum,1.0714285714285714,0.07741935483870965,slices,182,not_reference_dependent,not_applicable,frozen_32
TBF,Intensity Range Index,statistical,false_maxima_count,1.2967032967032968,0.4836065573770492,dimensionless,182,not_reference_dependent,not_applicable,frozen_32
TBF,Intensity Range Index,statistical,fwhm,2.7967032967032965,0.011639185257032005,slices,182,not_reference_dependent,not_applicable,frozen_32
TBF,Intensity Range Index,statistical,noise_level,0.10744458186612778,0.6653105574032444,dimensionless,182,not_reference_dependent,not_applicable,frozen_32
TBF,Intensity Range Index,statistical,steep_to_gradual_slope_ratio,3.9995354029276955,0.008424070465287807,dimensionless,182,not_reference_dependent,not_applicable,frozen_32
TBF,Intensity Range Index,statistical,execution_time_per_slice,0.00966453,0.0026056227782832305,seconds/slice,182,not_reference_dependent,r07b_corrected_native_kernel,frozen_32
TBF,Intensity Range Index,statistical,steep_slope_width,8.791208791208792,0.53855421686747,slices,182,not_reference_dependent,not_applicable,frozen_32
TBF,Intensity Range Index,statistical,curvature_at_peak,0.8032456564289112,0.0008966718854981131,dimensionless,182,not_reference_dependent,not_applicable,frozen_32
TBF,Intensity Range Index,statistical,rrmse_under_additive_noise,1.8105799019436353,0.9291147049620001,dimensionless,182,not_reference_dependent,not_applicable,frozen_32
TBF,Maximal Intensity,statistical,absolute_peak_localization_error,0.6153846153846154,0.08624708624708625,slices,182,REF-B_fixed_ten_diagnostic,not_applicable,frozen_32
TBF,Maximal Intensity,statistical,range_around_global_maximum,1.0604395604395604,0.06451612903225809,slices,182,not_reference_dependent,not_applicable,frozen_32
TBF,Maximal Intensity,statistical,false_maxima_count,1.4725274725274726,0.5491803278688525,dimensionless,182,not_reference_dependent,not_applicable,frozen_32
TBF,Maximal Intensity,statistical,fwhm,2.6868131868131866,0.0019398642095053277,slices,182,not_reference_dependent,not_applicable,frozen_32
TBF,Maximal Intensity,statistical,noise_level,0.12535463537325636,0.783086893240657,dimensionless,182,not_reference_dependent,not_applicable,frozen_32
TBF,Maximal Intensity,statistical,steep_to_gradual_slope_ratio,4.212110323537057,0.0,dimensionless,182,not_reference_dependent,not_applicable,frozen_32
TBF,Maximal Intensity,statistical,execution_time_per_slice,0.006000309,0.0,seconds/slice,182,not_reference_dependent,r07b_corrected_native_kernel,frozen_32
TBF,Maximal Intensity,statistical,steep_slope_width,8.131868131868131,0.46626506024096376,slices,182,not_reference_dependent,not_applicable,frozen_32
TBF,Maximal Intensity,statistical,curvature_at_peak,0.8624769397125593,0.0,dimensionless,182,not_reference_dependent,not_applicable,frozen_32
TBF,Maximal Intensity,statistical,rrmse_under_additive_noise,1.947344928438564,1.0,dimensionless,182,not_reference_dependent,not_applicable,frozen_32
TBF,Laplacian Energy,laplacian,absolute_peak_localization_error,5.417582417582418,0.7653457653457654,slices,182,REF-B_fixed_ten_diagnostic,not_applicable,frozen_32
TBF,Laplacian Energy,laplacian,range_around_global_maximum,1.6153846153846154,0.7161290322580645,slices,182,not_reference_dependent,not_applicable,frozen_32
TBF,Laplacian Energy,laplacian,false_maxima_count,1.456043956043956,0.5430327868852459,dimensionless,182,not_reference_dependent,not_applicable,frozen_32
TBF,Laplacian Energy,laplacian,fwhm,9.571428571428571,0.6096023278370514,slices,182,not_reference_dependent,not_applicable,frozen_32
TBF,Laplacian Energy,laplacian,noise_level,0.014362912576490153,0.0532064149896051,dimensionless,182,not_reference_dependent,not_applicable,frozen_32
TBF,Laplacian Energy,laplacian,steep_to_gradual_slope_ratio,0.781165182559907,0.6961300905531193,dimensionless,182,not_reference_dependent,not_applicable,frozen_32
TBF,Laplacian Energy,laplacian,execution_time_per_slice,0.15635301799999998,0.10691561544650009,seconds/slice,182,not_reference_dependent,r07b_corrected_native_kernel,frozen_32
TBF,Laplacian Energy,laplacian,steep_slope_width,5.648351648351649,0.19397590361445788,slices,182,not_reference_dependent,not_applicable,frozen_32
TBF,Laplacian Energy,laplacian,curvature_at_peak,0.07990273842478104,0.11909531013034685,dimensionless,182,not_reference_dependent,not_applicable,frozen_32
TBF,Laplacian Energy,laplacian,rrmse_under_additive_noise,0.6553368017612943,0.33035235982345434,dimensionless,182,not_reference_dependent,not_applicable,frozen_32
TBF,Mean Absolute Laplacian,laplacian,absolute_peak_localization_error,6.906593406593407,0.975912975912976,slices,182,REF-B_fixed_ten_diagnostic,not_applicable,frozen_32
TBF,Mean Absolute Laplacian,laplacian,range_around_global_maximum,1.3131868131868132,0.36129032258064514,slices,182,not_reference_dependent,not_applicable,frozen_32
TBF,Mean Absolute Laplacian,laplacian,false_maxima_count,1.6483516483516483,0.6147540983606558,dimensionless,182,not_reference_dependent,not_applicable,frozen_32
TBF,Mean Absolute Laplacian,laplacian,fwhm,6.461538461538462,0.3351115421920466,slices,182,not_reference_dependent,not_applicable,frozen_32
TBF,Mean Absolute Laplacian,laplacian,noise_level,0.017138563276663233,0.07145906671400216,dimensionless,182,not_reference_dependent,not_applicable,frozen_32
TBF,Mean Absolute Laplacian,laplacian,steep_to_gradual_slope_ratio,1.1023670031472474,0.447113568269518,dimensionless,182,not_reference_dependent,not_applicable,frozen_32
TBF,Mean Absolute Laplacian,laplacian,execution_time_per_slice,0.156655491,0.10713070360265,seconds/slice,182,not_reference_dependent,r07b_corrected_native_kernel,frozen_32
TBF,Mean Absolute Laplacian,laplacian,steep_slope_width,6.335164835164835,0.2692771084337349,slices,182,not_reference_dependent,not_applicable,frozen_32
TBF,Mean Absolute Laplacian,laplacian,curvature_at_peak,0.026922247536135938,0.37739345673304814,dimensionless,182,not_reference_dependent,not_applicable,frozen_32
TBF,Mean Absolute Laplacian,laplacian,rrmse_under_additive_noise,0.748961497705789,0.3788780272762708,dimensionless,182,not_reference_dependent,not_applicable,frozen_32
TBF,Spatial Frequency,gradient,absolute_peak_localization_error,4.961538461538462,0.7008547008547009,slices,182,REF-B_fixed_ten_diagnostic,not_applicable,frozen_32
TBF,Spatial Frequency,gradient,range_around_global_maximum,1.6703296703296704,0.7806451612903226,slices,182,not_reference_dependent,not_applicable,frozen_32
TBF,Spatial Frequency,gradient,false_maxima_count,1.39010989010989,0.5184426229508197,dimensionless,182,not_reference_dependent,not_applicable,frozen_32
TBF,Spatial Frequency,gradient,fwhm,9.846153846153847,0.6338506304558682,slices,182,not_reference_dependent,not_applicable,frozen_32
TBF,Spatial Frequency,gradient,noise_level,0.011602079020151512,0.035051200657435916,dimensionless,182,not_reference_dependent,not_applicable,frozen_32
TBF,Spatial Frequency,gradient,steep_to_gradual_slope_ratio,0.7705801924169677,0.7078695739793313,dimensionless,182,not_reference_dependent,not_applicable,frozen_32
TBF,Spatial Frequency,gradient,execution_time_per_slice,0.050459131,0.03161461039026838,seconds/slice,182,not_reference_dependent,r07b_corrected_native_kernel,frozen_32
TBF,Spatial Frequency,gradient,steep_slope_width,5.862637362637362,0.21746987951807226,slices,182,not_reference_dependent,not_applicable,frozen_32
TBF,Spatial Frequency,gradient,curvature_at_peak,0.09301828038114968,0.1005883725723566,dimensionless,182,not_reference_dependent,not_applicable,frozen_32
TBF,Spatial Frequency,gradient,rrmse_under_additive_noise,0.6644923312404215,0.33509766953449444,dimensionless,182,not_reference_dependent,not_applicable,frozen_32
TBF,Modified Tenengrad,gradient,absolute_peak_localization_error,0.005494505494505495,0.0,slices,182,REF-B_fixed_ten_diagnostic,not_applicable,frozen_32
TBF,Modified Tenengrad,gradient,range_around_global_maximum,1.164835164835165,0.18709677419354848,slices,182,not_reference_dependent,not_applicable,frozen_32
TBF,Modified Tenengrad,gradient,false_maxima_count,0.005494505494505495,0.0020491803278688526,dimensionless,182,not_reference_dependent,not_applicable,frozen_32
TBF,Modified Tenengrad,gradient,fwhm,2.7362637362637363,0.006304558680892354,slices,182,not_reference_dependent,not_applicable,frozen_32
TBF,Modified Tenengrad,gradient,noise_level,0.06822433589817932,0.4073986053865473,dimensionless,182,not_reference_dependent,not_applicable,frozen_32
TBF,Modified Tenengrad,gradient,steep_to_gradual_slope_ratio,2.8341598289689327,0.07705996150525327,dimensionless,182,not_reference_dependent,not_applicable,frozen_32
TBF,Modified Tenengrad,gradient,execution_time_per_slice,0.36492705799999997,0.25523234349935436,seconds/slice,182,not_reference_dependent,r07b_corrected_native_kernel,frozen_32
TBF,Modified Tenengrad,gradient,steep_slope_width,12.95054945054945,0.994578313253012,slices,182,not_reference_dependent,not_applicable,frozen_32
TBF,Modified Tenengrad,gradient,curvature_at_peak,0.64674905953033,0.0040560310114104705,dimensionless,182,not_reference_dependent,not_applicable,frozen_32
TBF,Modified Tenengrad,gradient,rrmse_under_additive_noise,0.44331686016941446,0.22046245230212483,dimensionless,182,not_reference_dependent,not_applicable,frozen_32
TBF,Absolute Central Moment 2,statistical,absolute_peak_localization_error,0.17582417582417584,0.024087024087024088,slices,182,REF-B_fixed_ten_diagnostic,not_applicable,frozen_32
TBF,Absolute Central Moment 2,statistical,range_around_global_maximum,1.4615384615384615,0.5354838709677419,slices,182,not_reference_dependent,not_applicable,frozen_32
TBF,Absolute Central Moment 2,statistical,false_maxima_count,0.016483516483516484,0.006147540983606558,dimensionless,182,not_reference_dependent,not_applicable,frozen_32
TBF,Absolute Central Moment 2,statistical,fwhm,6.71978021978022,0.3579049466537342,slices,182,not_reference_dependent,not_applicable,frozen_32
TBF,Absolute Central Moment 2,statistical,noise_level,0.007547855857965745,0.008390668989043306,dimensionless,182,not_reference_dependent,not_applicable,frozen_32
TBF,Absolute Central Moment 2,statistical,steep_to_gradual_slope_ratio,0.7770191707896097,0.7006901989601949,dimensionless,182,not_reference_dependent,not_applicable,frozen_32
TBF,Absolute Central Moment 2,statistical,execution_time_per_slice,0.031600324,0.018204137307327364,seconds/slice,182,not_reference_dependent,r07b_corrected_native_kernel,frozen_32
TBF,Absolute Central Moment 2,statistical,steep_slope_width,12.934065934065934,0.9927710843373494,slices,182,not_reference_dependent,not_applicable,frozen_32
TBF,Absolute Central Moment 2,statistical,curvature_at_peak,0.2180216761051733,0.035943792446649366,dimensionless,182,not_reference_dependent,not_applicable,frozen_32
TBF,Absolute Central Moment 2,statistical,rrmse_under_additive_noise,1.0098228843451054,0.5140824492681413,dimensionless,182,not_reference_dependent,not_applicable,frozen_32
TBF,Absolute Central Moment 4,statistical,absolute_peak_localization_error,0.23076923076923078,0.031857031857031856,slices,182,REF-B_fixed_ten_diagnostic,not_applicable,frozen_32
TBF,Absolute Central Moment 4,statistical,range_around_global_maximum,1.4065934065934067,0.47096774193548396,slices,182,not_reference_dependent,not_applicable,frozen_32
TBF,Absolute Central Moment 4,statistical,false_maxima_count,0.016483516483516484,0.006147540983606558,dimensionless,182,not_reference_dependent,not_applicable,frozen_32
TBF,Absolute Central Moment 4,statistical,fwhm,6.28021978021978,0.31910766246362754,slices,182,not_reference_dependent,not_applicable,frozen_32
TBF,Absolute Central Moment 4,statistical,noise_level,0.008755288084415377,0.01633073144316413,dimensionless,182,not_reference_dependent,not_applicable,frozen_32
TBF,Absolute Central Moment 4,statistical,steep_to_gradual_slope_ratio,0.8860178447928984,0.5949923229257846,dimensionless,182,not_reference_dependent,not_applicable,frozen_32
TBF,Absolute Central Moment 4,statistical,execution_time_per_slice,0.09685182299999999,0.0646043932175264,seconds/slice,182,not_reference_dependent,r07b_corrected_native_kernel,frozen_32
TBF,Absolute Central Moment 4,statistical,steep_slope_width,12.934065934065934,0.9927710843373494,slices,182,not_reference_dependent,not_applicable,frozen_32
TBF,Absolute Central Moment 4,statistical,curvature_at_peak,0.24857199320293477,0.030031687396229648,dimensionless,182,not_reference_dependent,not_applicable,frozen_32
TBF,Absolute Central Moment 4,statistical,rrmse_under_additive_noise,1.0574387206477718,0.5387617308893149,dimensionless,182,not_reference_dependent,not_applicable,frozen_32
TBF,Image Power,statistical,absolute_peak_localization_error,3.2252747252747254,0.45532245532245536,slices,182,REF-B_fixed_ten_diagnostic,not_applicable,frozen_32
TBF,Image Power,statistical,range_around_global_maximum,1.7087912087912087,0.8258064516129031,slices,182,not_reference_dependent,not_applicable,frozen_32
TBF,Image Power,statistical,false_maxima_count,1.3736263736263736,0.5122950819672132,dimensionless,182,not_reference_dependent,not_applicable,frozen_32
TBF,Image Power,statistical,fwhm,9.93956043956044,0.6420950533462658,slices,182,not_reference_dependent,not_applicable,frozen_32
TBF,Image Power,statistical,noise_level,0.01358342128004059,0.04808048788523083,dimensionless,182,not_reference_dependent,not_applicable,frozen_32
TBF,Image Power,statistical,steep_to_gradual_slope_ratio,0.7949689155665616,0.6812904707749357,dimensionless,182,not_reference_dependent,not_applicable,frozen_32
TBF,Image Power,statistical,execution_time_per_slice,0.017484758,0.00816657671860733,seconds/slice,182,not_reference_dependent,r07b_corrected_native_kernel,frozen_32
TBF,Image Power,statistical,steep_slope_width,6.906593406593407,0.3319277108433735,slices,182,not_reference_dependent,not_applicable,frozen_32
TBF,Image Power,statistical,curvature_at_peak,0.13706479150928844,0.0643560990162244,dimensionless,182,not_reference_dependent,not_applicable,frozen_32
TBF,Image Power,statistical,rrmse_under_additive_noise,0.7164897443021607,0.36204792180699924,dimensionless,182,not_reference_dependent,not_applicable,frozen_32
